Process Name,Submission Status,Request Status,Amount Awarded,Student Status,Gender,GPA,High School Name,High School Name Other,State of Residence,State of Residence  Other,CityTown of Residence,Other CityTown,Residence Zip Code,Current Age,RaceEthnicity,HispanicLatino,Intended Field of Study,Intended Major,Other Major,Career Industry,Top Choice CollegeUniversity You Plan to Attend,AP Courses,Class Rank,Your ACT Score,Your SAT Score,Adjusted  Household Gross Income,Family Household Size,Household Members Currently in College,Public Benefits,CollegeUniversity Attending,Other CollegeUniversity,Major,Out of Pocket Costs,fake_first,fake_last
2022 GWCF Scholarship Application,Complete; Assigned,Application Submitted, , , , , , , , , , , , , , , , , , , , , , , , , , , , , , , ,Kabowd,Macias
2022 GWCF Scholarship Application,Complete; Assigned,Application Submitted, , , , , , , , , , , , , , , , , , , , , , , , , , , , , , , ,Yadira,Mathewes
2022 GWCF Scholarship Application,Submitted; Assigned; Assigned; Assigned; Assigned; Assigned; Assigned; Assigned; Assigned; Assigned; Assigned; Assigned; Complete; Complete; Complete; Complete; Complete; Complete,Application Submitted, , , , , , , , , , , , , , , , , , , , , , , , , , , ,Suffolk University, , , ,Nabeel,Tagawa
2022 GWCF Scholarship Application,Submitted; Assigned; Assigned; Assigned; Assigned,Application Submitted, , , , , , , , , , , , , , , , , , , , , , , , , , , , , , , ,Tammassha,Vazquez
2022 GWCF Scholarship Application,Submitted; Assigned; Assigned; Complete; Complete; Complete; Complete; Complete; Complete; Complete,Application Submitted, , , , , , , , , , , , , , , , , , , , , , , , , , , ,Franklin Pierce University, , , ,Urwa,Srinivasan
2022 GWCF Scholarship Application,Complete; Assigned; Assigned; Assigned; Assigned; Assigned; Assigned; Assigned; Assigned; Assigned; Assigned; Complete; Complete; Complete; Complete; Complete,Application Submitted, , , , , , , , , , , , , , , , , , , , , , , , , , , , , , , ,Fawz,al-Basha
2022 GWCF Scholarship Application,Submitted; Assigned; Assigned; Complete; Complete; Complete; Complete; Complete; Complete,Application Submitted, , , , , , , , , , , , , , , , , , , , , , , , , , , ,University of Massachusetts at Amherst, , , ,Sushmita,Srinivasan
2022 GWCF Scholarship Application,Submitted; Assigned; Assigned; Assigned; Assigned; Assigned; Assigned; Assigned; Assigned; Assigned; Assigned; Assigned; Assigned,Application Submitted, , , , , , , , , , , , , , , , , , , , , , , , , , , , , , , ,Zaamil,Buasri
2022 GWCF Scholarship Application,Submitted; Assigned,Application Submitted, , , , , , , , , , , , , , , , , , , , , , , , , , , , , , , ,Tatiyana,el-Safi
2022 GWCF Scholarship Application,Submitted; Assigned,Application Submitted, , , , , , , , , , , , , , , , , , , , , , , , , , , , , , , ,Khongmong,Doria
2022 GWCF Scholarship Application,Submitted; Assigned; Assigned; Assigned; Assigned; Assigned; Assigned,Application Submitted, , , , , , , , , , , , , , , , , , , , , , , , , , , , , , , ,Michel,Coyhis
2022 GWCF Scholarship Application,Submitted; Assigned; Assigned; Assigned; Assigned,Application Submitted, , , , , , , , , , , , , , , , , , , , , , , , , , , , , , , ,Jason,Parrilla
2022 GWCF Scholarship Application,Complete; Assigned; Assigned; Assigned; Assigned; Assigned; Assigned; Assigned; Assigned,Application Submitted, , , , , , , , , , , , , , , , , , , , , , , , , , , , , , , ,Marisah,Starbird
2022 GWCF Scholarship Application,Submitted; Assigned,Application Submitted, , , , , , , , , , , , , , , , , , , , , , , , , , , , , , , ,Careese,Munguia
2022 GWCF Scholarship Application,Submitted; Assigned; Assigned; Assigned; Assigned; Assigned; Assigned; Assigned; Assigned; Assigned; Assigned,Application Submitted, , , , , , , , , , , , , , , , , , , , , , , , , , , , , , , ,Jyotshal,al-Hariri
2022 GWCF Scholarship Application,Submitted; Assigned,Application Submitted, , , , , , , , , , , , , , , , , , , , , , , , , , , , , , , ,Lianne,Jimenez-Sierra
2022 GWCF Scholarship Application,Complete; Assigned; Assigned; Assigned; Assigned; Assigned; Assigned; Assigned; Assigned; Assigned; Assigned; Complete; Complete; Complete; Complete; Complete; Complete; Complete,Application Submitted, , , , , , , , , , , , , , , , , , , , , , , , , , , ,Boston University, , , ,Yadira,Graves
2022 GWCF Scholarship Application,Complete; Assigned,Application Submitted, , , , , , , , , , , , , , , , , , , , , , , , , , , , , , , ,Kameel,Oneill
2022 GWCF Scholarship Application,Submitted; Assigned; Assigned; Assigned; Assigned,Application Submitted, , , , , , , , , , , , , , , , , , , , , , , , , , , , , , , ,Jumail,Landin
2022 GWCF Scholarship Application,Submitted; Assigned; Assigned; Assigned; Assigned; Assigned; Assigned; Assigned; Assigned; Assigned; Assigned; Assigned; Assigned; Assigned; Assigned; Assigned; Assigned; Assigned; Assigned; Complete,Application Submitted, , , , , , , , , , , , , , , , , , , , , , , , , , , , , , , ,Ari,Brehe
2022 GWCF Scholarship Application,Submitted; Assigned; Assigned; Complete; Complete; Complete; Complete; Complete; Complete,Application Submitted, , , , , , , , , , , , , , , , , , , , , , , , , , , ,University of Massachusetts at Amherst, , , ,Ethan,Gallemore
2022 GWCF Scholarship Application,Submitted; Assigned; Assigned; Assigned; Assigned; Assigned; Assigned; Assigned; Assigned; Assigned; Assigned; Assigned; Complete,Application Submitted, , , , , , , , , , , , , , , , , , , , , , , , , , , , , , , ,Schyeler,el-Ghanem
2022 GWCF Scholarship Application,Submitted; Assigned,Application Submitted, , , , , , , , , , , , , , , , , , , , , , , , , , , , , , , ,Thomas,Kemp
2022 GWCF Scholarship Application,Submitted; Assigned; Assigned; Assigned; Assigned; Assigned; Assigned; Assigned; Assigned; Assigned,Application Submitted, , , , , , , , , , , , , , , , , , , , , , , , , , , , , , , ,Izzaddeen,Hasan
2022 GWCF Scholarship Application,Submitted; Assigned; Assigned; Assigned; Assigned; Assigned; Assigned; Assigned; Assigned; Assigned; Assigned; Assigned,Application Submitted, , , , , , , , , , , , , , , , , , , , , , , , , , , , , , , ,Armonno,Botts
2022 GWCF Scholarship Application,Submitted; Assigned; Assigned; Assigned; Assigned; Assigned; Assigned; Assigned; Assigned; Assigned; Complete,Application Submitted, , , , , , , , , , , , , , , , , , , , , , , , , , , , , , , ,Thomas,Kellum
2022 GWCF Scholarship Application,Submitted; Assigned,Application Submitted, , , , , , , , , , , , , , , , , , , , , , , , , , , , , , , ,Cheyanne,el-Hamed
2022 GWCF Scholarship Application,Submitted; Assigned,Application Submitted, , , , , , , , , , , , , , , , , , , , , , , , , , , , , , , ,Abdul Hakeem,Wethington
2022 GWCF Scholarship Application,Submitted; Assigned; Assigned; Assigned; Assigned; Assigned,Application Submitted, , , , , , , , , , , , , , , , , , , , , , , , , , , , , , , ,Shaakira,Shazier
2022 GWCF Scholarship Application,Complete; Assigned,Application Submitted, , , , , , , , , , , , , , , , , , , , , , , , , , , , , , , ,Tercell,Newton
2022 GWCF Scholarship Application,Submitted; Assigned; Assigned; Assigned; Assigned; Assigned; Assigned; Assigned; Assigned; Assigned; Assigned; Assigned; Complete,Application Submitted, , , , , , , , , , , , , , , , , , , , , , , , , , , , , , , ,Zvi,Gast
2022 GWCF Scholarship Application,Submitted; Assigned; Assigned; Assigned; Assigned; Assigned; Assigned; Complete,Application Submitted, , , , , , , , , , , , , , , , , , , , , , , , , , , , , , , ,Leonardo,Golden
2022 GWCF Scholarship Application,Submitted; Assigned; Assigned; Complete; Complete; Complete; Complete; Complete; Complete,Application Submitted, , , , , , , , , , , , , , , , , , , , , , , , , , , ,Boston University, , , ,Shania,Bryant-Townsell
2022 GWCF Scholarship Application,Complete; Assigned; Assigned; Assigned; Assigned; Assigned; Assigned; Complete; Complete; Complete; Complete,Application Submitted, , , , , , , , , , , , , , , , , , , , , , , , , , , ,Boston University, , , ,Essence,Farris
2022 GWCF Scholarship Application,Complete; Assigned,Application Submitted, , , , , , , , , , , , , , , , , , , , , , , , , , , , , , , ,Aimee,Aldret
2022 GWCF Scholarship Application,Submitted; Assigned; Assigned; Assigned; Assigned; Assigned; Assigned,Application Submitted, , , , , , , , , , , , , , , , , , , , , , , , , , , , , , , ,Ian,al-Sadiq
2022 GWCF Scholarship Application,Complete; Assigned,Application Submitted, , , , , , , , , , , , , , , , , , , , , , , , , , , , , , , ,Haamida,Gold
2022 GWCF Scholarship Application,Submitted; Assigned,Application Submitted, , , , , , , , , , , , , , , , , , , , , , , , , , , , , , , ,Kezia,Asebedo
2022 GWCF Scholarship Application,Submitted; Assigned; Assigned; Assigned; Assigned; Assigned; Assigned; Complete,Application Submitted, , , , , , , , , , , , , , , , , , , , , , , , , , , , , , , ,Teresa,al-Hariri
2022 GWCF Scholarship Application,Submitted; Assigned,Application Submitted, , , , , , , , , , , , , , , , , , , , , , , , , , , , , , , ,Norma,Kamp
2022 GWCF Scholarship Application,Submitted,Application Submitted, , , , , , , , , , , , , , , , , , , , , , , , , , , , , , , ,Saara,Spalsbury
2022 GWCF Scholarship Application,Submitted; Assigned; Assigned; Assigned; Assigned; Assigned; Assigned,Application Submitted, , , , , , , , , , , , , , , , , , , , , , , , , , , , , , , ,Freddy,Aptidon
2022 GWCF Scholarship Application,Submitted; Assigned; Assigned; Assigned; Assigned; Assigned; Assigned; Assigned; Assigned; Assigned; Assigned; Assigned; Complete; Complete; Complete; Complete; Complete; Complete,Application Submitted, , , , , , , , , , , , , , , , , , , , , , , , , , , ,Brandeis University, , , ,Picabo,Penny
2022 GWCF Scholarship Application,Submitted; Assigned; Assigned; Assigned; Assigned; Assigned; Assigned; Assigned; Assigned; Assigned; Assigned; Assigned; Complete,Application Submitted, , , , , , , , , , , , , , , , , , , , , , , , , , , , , , , ,Kelsey,Trinh
2022 GWCF Scholarship Application,Submitted; Assigned; Assigned; Assigned; Assigned; Assigned; Assigned; Assigned; Assigned; Assigned; Assigned; Complete; Complete,Application Submitted, , , , , , , , , , , , , , , , , , , , , , , , , , , , , , , ,Lavies,Abdullah
2022 GWCF Scholarship Application,Submitted; Assigned,Application Submitted, , , , , , , , , , , , , , , , , , , , , , , , , , , , , , , ,Habeeba,Strobel
2022 GWCF Scholarship Application,Submitted; Assigned; Assigned; Assigned; Assigned; Assigned,Application Submitted, , , , , , , , , , , , , , , , , , , , , , , , , , , , , , , ,Keren,Ramdas
2022 GWCF Scholarship Application,Submitted; Assigned; Assigned; Assigned; Assigned; Assigned; Assigned; Assigned; Assigned; Assigned; Assigned; Assigned; Assigned; Assigned; Complete,Application Submitted, , , , , , , , , , , , , , , , , , , , , , , , , , , , , , , ,Ramon,Deleon-Rodriguez
2022 GWCF Scholarship Application,Submitted; Assigned; Assigned; Assigned; Assigned; Assigned; Assigned; Assigned; Assigned; Assigned; Assigned; Assigned; Assigned; Assigned; Assigned; Assigned; Assigned; Assigned; Assigned; Assigned; Assigned; Complete; Complete; Complete; Complete; Complete; Complete,Application Submitted, , , , , , , , , , , , , , , , , , , , , , , , , , , ,University of Massachusetts at Amherst, , , ,Rasheeq,Lalonde
2022 GWCF Scholarship Application,Submitted; Assigned; Assigned; Assigned; Assigned; Assigned; Assigned; Assigned,Application Submitted, , , , , , , , , , , , , , , , , , , , , , , , , , , , , , , ,Tuhfa,Vecellio
2022 GWCF Scholarship Application,Submitted; Assigned,Application Submitted, , , , , , , , , , , , , , , , , , , , , , , , , , , , , , , ,Roger,Higley
2022 GWCF Scholarship Application,Submitted; Assigned; Assigned; Assigned; Assigned; Assigned; Assigned; Assigned; Assigned; Assigned; Assigned,Application Submitted, , , , , , , , , , , , , , , , , , , , , , , , , , , , , , , ,Abiy,Rocha
2022 GWCF Scholarship Application,Submitted; Assigned; Assigned; Assigned; Assigned; Assigned; Assigned; Assigned; Assigned; Assigned; Assigned; Assigned; Assigned; Assigned; Assigned; Assigned; Complete; Complete,Application Submitted, , , , , , , , , , , , , , , , , , , , , , , , , , , , , , , ,Sultana,Caudillo
2022 GWCF Scholarship Application,Complete; Assigned; Assigned; Assigned; Assigned; Assigned; Assigned; Assigned; Assigned; Assigned; Complete; Complete; Complete; Complete; Complete; Complete,Application Submitted, , , , , , , , , , , , , , , , , , , , , , , , , , , ,University of Massachusetts at Boston, , , ,Armonno,Sotelo
2022 GWCF Scholarship Application,Submitted; Assigned; Assigned; Assigned; Assigned; Assigned; Assigned; Assigned,Application Submitted, , , , , , , , , , , , , , , , , , , , , , , , , , , , , , , ,Karissa,Deeming
2022 GWCF Scholarship Application,Complete; Assigned,Application Submitted, , , , , , , , , , , , , , , , , , , , , , , , , , , , , , , ,Johnny,Gayman
2022 GWCF Scholarship Application,Complete; Assigned,Application Submitted, , , , , , , , , , , , , , , , , , , , , , , , , , , , , , , ,Liang,Venable
2022 GWCF Scholarship Application,Submitted; Assigned; Assigned; Assigned; Assigned; Assigned,Application Submitted, , , , , , , , , , , , , , , , , , , , , , , , , , , , , , , ,Sundus,Basnet
2022 GWCF Scholarship Application,Submitted; Assigned; Assigned; Assigned; Assigned; Assigned; Assigned,Application Submitted, , , , , , , , , , , , , , , , , , , , , , , , , , , , , , , ,Sofia,Krabbe
2022 GWCF Scholarship Application,Complete; Assigned,Application Submitted, , , , , , , , , , , , , , , , , , , , , , , , , , , , , , , ,Wyleen,el-Allam
2022 GWCF Scholarship Application,Submitted; Assigned; Assigned; Assigned; Assigned; Assigned; Assigned; Assigned; Assigned; Assigned; Assigned; Assigned; Complete; Complete,Application Submitted, , , , , , , , , , , , , , , , , , , , , , , , , , , , , , , ,Kailey,Balogh
2022 GWCF Scholarship Application,Submitted; Assigned,Application Submitted, , , , , , , , , , , , , , , , , , , , , , , , , , , , , , , ,Barathwaj,Soto
2022 GWCF Scholarship Application,Submitted; Assigned; Assigned; Assigned; Assigned; Assigned; Assigned; Assigned; Assigned; Assigned; Assigned; Assigned; Complete; Complete; Complete; Complete; Complete; Complete,Application Submitted, , , , , , , , , , , , , , , , , , , , , , , , , , , ,Assumption University, , , ,Pornchai,el-Pashia
2022 GWCF Scholarship Application,Complete; Assigned,Application Submitted, , , , , , , , , , , , , , , , , , , , , , , , , , , , , , , ,Marcanthony,el-Soliman
2022 GWCF Scholarship Application,Submitted; Assigned; Assigned; Assigned; Assigned; Assigned,Application Submitted, , , , , , , , , , , , , , , , , , , , , , , , , , , , , , , ,Musheera,Neff
2022 GWCF Scholarship Application,Submitted; Assigned,Application Submitted, , , , , , , , , , , , , , , , , , , , , , , , , , , , , , , ,Samira,Graves
2022 GWCF Scholarship Application,Submitted; Assigned; Assigned; Assigned; Assigned; Assigned; Assigned; Assigned; Assigned; Assigned; Assigned; Assigned; Assigned; Assigned; Assigned; Assigned; Assigned,Application Submitted, , , , , , , , , , , , , , , , , , , , , , , , , , , , , , , ,Saamyya,Peterman
2022 GWCF Scholarship Application,Submitted; Assigned; Assigned; Assigned; Assigned; Assigned; Assigned,Application Submitted, , , , , , , , , , , , , , , , , , , , , , , , , , , , , , , ,Eduardo,al-Malak
2022 GWCF Scholarship Application,Submitted; Assigned; Assigned; Assigned; Assigned; Assigned; Assigned; Assigned; Assigned; Assigned; Assigned; Assigned; Complete; Complete; Complete; Complete; Complete,Application Submitted, , , , , , , , , , , , , , , , , , , , , , , , , , , , , , , ,Tien,Herrera
2022 GWCF Scholarship Application,Submitted; Assigned; Assigned; Assigned; Assigned; Assigned; Assigned; Complete; Complete; Complete; Complete; Complete; Complete,Application Submitted, , , , , , , , , , , , , , , , , , , , , , , , , , , ,University of Massachusetts at Amherst, , , ,Roger,el-Kassem
2022 GWCF Scholarship Application,Submitted; Assigned; Assigned; Assigned; Assigned; Assigned; Assigned; Assigned; Assigned; Assigned,Application Submitted, , , , , , , , , , , , , , , , , , , , , , , , , , , , , , , ,Trina,Powell
2022 GWCF Scholarship Application,Submitted; Assigned,Application Submitted, , , , , , , , , , , , , , , , , , , , , , , , , , , , , , , ,Elisah,Clyde
2022 GWCF Scholarship Application,Submitted; Assigned,Application Submitted, , , , , , , , , , , , , , , , , , , , , , , , , , , , , , , ,Isaiah,O'Neal
2022 GWCF Scholarship Application,Complete; Assigned,Application Submitted, , , , , , , , , , , , , , , , , , , , , , , , , , , , , , , ,Abdul Noor,el-Sawaya
2022 GWCF Scholarship Application,Complete; Assigned; Assigned; Assigned; Assigned; Assigned; Assigned; Assigned; Assigned; Assigned; Assigned; Assigned; Assigned; Assigned; Assigned; Assigned; Assigned; Assigned; Complete; Complete,Application Submitted, , , , , , , , , , , , , , , , , , , , , , , , , , , , , , , ,Taeler,Van Lue
2022 GWCF Scholarship Application,Submitted; Assigned,Application Submitted, , , , , , , , , , , , , , , , , , , , , , , , , , , , , , , ,Shawqi,Kinchlow
2022 GWCF Scholarship Application,Submitted; Assigned,Application Submitted, , , , , , , , , , , , , , , , , , , , , , , , , , , , , , , ,Jalaal,Farrell
2022 GWCF Scholarship Application,Complete; Assigned; Assigned; Assigned; Assigned; Assigned; Assigned; Assigned; Complete,Application Submitted, , , , , , , , , , , , , , , , , , , , , , , , , , , , , , , ,Cheyanne,Savoian
2022 GWCF Scholarship Application,Submitted; Assigned,Application Submitted, , , , , , , , , , , , , , , , , , , , , , , , , , , , , , , ,Al Lyn,Orr
2022 GWCF Scholarship Application,Submitted; Assigned; Assigned; Assigned; Assigned; Assigned; Assigned; Assigned; Complete; Complete; Complete; Complete; Complete; Complete,Application Submitted, , , , , , , , , , , , , , , , , , , , , , , , , , , ,University of Massachusetts at Amherst, , , ,Faatin,Carrillo
2022 GWCF Scholarship Application,Submitted; Assigned; Assigned; Assigned; Assigned; Assigned; Assigned,Application Submitted, , , , , , , , , , , , , , , , , , , , , , , , , , , , , , , ,Camrey,Carrillo
2022 GWCF Scholarship Application,Submitted; Assigned,Application Submitted, , , , , , , , , , , , , , , , , , , , , , , , , , , , , , , ,Tyrelle,Agripino-Alvarado
2022 GWCF Scholarship Application,Submitted; Assigned; Assigned; Assigned; Assigned; Assigned; Assigned; Assigned; Assigned,Application Submitted, , , , , , , , , , , , , , , , , , , , , , , , , , , , , , , ,Juanita,Smalldon
2022 GWCF Scholarship Application,Submitted; Assigned; Assigned; Assigned; Assigned,Application Submitted, , , , , , , , , , , , , , , , , , , , , , , , , , , , , , , ,Muhammad,Gaulden-Meyer
2022 GWCF Scholarship Application,Submitted; Assigned,Application Submitted, , , , , , , , , , , , , , , , , , , , , , , , , , , , , , , ,Mutadi,Oliva
2022 GWCF Scholarship Application,Submitted; Assigned; Assigned; Assigned; Assigned; Assigned,Application Submitted, , , , , , , , , , , , , , , , , , , , , , , , , , , , , , , ,Shafee'a,Lee Graham
2022 GWCF Scholarship Application,Submitted; Assigned,Application Submitted, , , , , , , , , , , , , , , , , , , , , , , , , , , , , , , ,Nusaiba,Mattice
2022 GWCF Scholarship Application,Submitted; Assigned,Application Submitted, , , , , , , , , , , , , , , , , , , , , , , , , , , , , , , ,Raja,Charleston
2022 GWCF Scholarship Application,Submitted; Assigned,Application Submitted, , , , , , , , , , , , , , , , , , , , , , , , , , , , , , , ,Cheyane,al-Mahdi
2022 GWCF Scholarship Application,Submitted; Assigned; Assigned; Complete; Complete; Complete; Complete; Complete; Complete,Application Submitted, , , , , , , , , , , , , , , , , , , , , , , , , , , ,Worcester Polytechnic Institute, , , ,Maisara,Schippers
2022 GWCF Scholarship Application,Submitted; Assigned; Assigned; Assigned; Assigned; Assigned,Application Submitted, , , , , , , , , , , , , , , , , , , , , , , , , , , , , , , ,Lana,Harshberger
2022 GWCF Scholarship Application,Submitted; Assigned; Assigned; Assigned; Assigned; Assigned,Application Submitted, , , , , , , , , , , , , , , , , , , , , , , , , , , , , , , ,Zaamil,Randolph
2022 GWCF Scholarship Application,Submitted; Assigned; Assigned; Assigned; Assigned; Assigned,Application Submitted, , , , , , , , , , , , , , , , , , , , , , , , , , , , , , , ,Cheyanne,Riner
2022 GWCF Scholarship Application,Submitted; Assigned,Application Submitted, , , , , , , , , , , , , , , , , , , , , , , , , , , , , , , ,Colette,Cannady
2022 GWCF Scholarship Application,Submitted; Assigned,Application Submitted, , , , , , , , , , , , , , , , , , , , , , , , , , , , , , , ,Armonno,Lyon
2022 GWCF Scholarship Application,Submitted; Assigned,Application Submitted, , , , , , , , , , , , , , , , , , , , , , , , , , , , , , , ,Yaasmeen,He
2022 GWCF Scholarship Application,Submitted; Assigned; Assigned; Complete,Application Submitted, , , , , , , , , , , , , , , , , , , , , , , , , , , , , , , ,Desare,Mungia
2022 GWCF Scholarship Application,Submitted; Assigned; Assigned; Complete,Application Submitted, , , , , , , , , , , , , , , , , , , , , , , , , , , , , , , ,Marina,Vong Vi Chith
2022 GWCF Scholarship Application,Submitted; Assigned,Application Submitted, , , , , , , , , , , , , , , , , , , , , , , , , , , , , , , ,Naaji,Beram
2022 GWCF Scholarship Application,Submitted; Assigned,Application Submitted, , , , , , , , , , , , , , , , , , , , , , , , , , , , , , , ,Xai,Lundquist
2022 GWCF Scholarship Application,Submitted; Assigned; Assigned; Assigned; Assigned; Assigned; Assigned; Assigned; Complete; Complete; Complete,Application Submitted, , , , , , , , , , , , , , , , , , , , , , , , , , , , , , , ,Hakeema,Redd
2022 GWCF Scholarship Application,Complete; Assigned; Assigned; Assigned; Assigned; Assigned; Assigned; Assigned; Assigned; Assigned,Application Submitted, , , , , , , , , , , , , , , , , , , , , , , , , , , , , , , ,Azamat,Ablan
2022 GWCF Scholarship Application,Submitted; Assigned; Assigned; Assigned; Assigned; Assigned; Assigned; Assigned; Assigned; Assigned; Assigned; Assigned,Application Submitted, , , , , , , , , , , , , , , , , , , , , , , , , , , , , , , ,Jonet,el-Fadel
2022 GWCF Scholarship Application,Submitted; Assigned,Application Submitted, , , , , , , , , , , , , , , , , , , , , , , , , , , , , , , ,Kailee,Torres
2022 GWCF Scholarship Application,Submitted; Assigned,Application Submitted, , , , , , , , , , , , , , , , , , , , , , , , , , , , , , , ,Gi Hun,Botello
2022 GWCF Scholarship Application,Submitted; Assigned,Application Submitted, , , , , , , , , , , , , , , , , , , , , , , , , , , , , , , ,Patricia,Caster
2022 GWCF Scholarship Application,Submitted; Assigned,Application Submitted, , , , , , , , , , , , , , , , , , , , , , , , , , , , , , , ,Arnold,Verde
2022 GWCF Scholarship Application,Submitted; Assigned,Application Submitted, , , , , , , , , , , , , , , , , , , , , , , , , , , , , , , ,Aasiya,Caso
2022 GWCF Scholarship Application,Complete; Assigned,Application Submitted, , , , , , , , , , , , , , , , , , , , , , , , , , , , , , , ,Xai,Rauer
2022 GWCF Scholarship Application,Complete; Assigned; Assigned; Assigned; Assigned; Assigned; Assigned; Assigned; Complete; Complete,Application Submitted, , , , , , , , , , , , , , , , , , , , , , , , , , , , , , , ,Mubeena,Seiler
2022 GWCF Scholarship Application,Complete; Assigned; Assigned; Assigned; Assigned; Assigned; Assigned; Assigned; Assigned; Assigned; Assigned; Assigned; Complete; Complete; Complete; Complete; Complete; Complete; Complete,Application Submitted, , , , , , , , , , , , , , , , , , , , , , , , , , , ,Harvard University, , , ,Kaitlyn,Arviso-Aguirre
2022 GWCF Scholarship Application,Complete; Assigned,Application Submitted, , , , , , , , , , , , , , , , , , , , , , , , , , , , , , , ,Faatin,Quimby
2022 GWCF Scholarship Application,Submitted; Assigned; Assigned; Assigned; Assigned; Assigned; Assigned,Application Submitted, , , , , , , , , , , , , , , , , , , , , , , , , , , , , , , ,Logan,Holst
2022 GWCF Scholarship Application,Submitted; Assigned; Assigned; Assigned; Assigned; Assigned; Assigned; Assigned; Assigned,Application Submitted, , , , , , , , , , , , , , , , , , , , , , , , , , , , , , , ,Chykeiljah,Longwing
2022 GWCF Scholarship Application,Submitted; Assigned,Application Submitted, , , , , , , , , , , , , , , , , , , , , , , , , , , , , , , ,Clayton,el-Hashmi
2022 GWCF Scholarship Application,Submitted; Assigned,Application Submitted, , , , , , , , , , , , , , , , , , , , , , , , , , , , , , , ,Roger,Tipton
2022 GWCF Scholarship Application,Complete; Assigned,Application Submitted, , , , , , , , , , , , , , , , , , , , , , , , , , , , , , , ,Alexandria,Basak
2022 GWCF Scholarship Application,Submitted; Assigned; Assigned; Complete,Application Submitted, , , , , , , , , , , , , , , , , , , , , , , , , , , , , , , ,Leonardo,el-Syed
2022 GWCF Scholarship Application,Submitted; Assigned; Assigned; Assigned; Assigned; Assigned,Application Submitted, , , , , , , , , , , , , , , , , , , , , , , , , , , , , , , ,Shafaaa,el-Salih
2022 GWCF Scholarship Application,Submitted; Assigned; Assigned; Assigned; Assigned; Assigned; Complete,Application Submitted, , , , , , , , , , , , , , , , , , , , , , , , , , , , , , , ,Alton,Barnabas
2022 GWCF Scholarship Application,Submitted; Assigned; Assigned; Assigned; Assigned,Application Submitted, , , , , , , , , , , , , , , , , , , , , , , , , , , , , , , ,Davis,Atkins
2022 GWCF Scholarship Application,Submitted; Assigned,Application Submitted, , , , , , , , , , , , , , , , , , , , , , , , , , , , , , , ,Derrick,Roybal
2022 GWCF Scholarship Application,Complete; Assigned,Application Submitted, , , , , , , , , , , , , , , , , , , , , , , , , , , , , , , ,Josiah,al-Sattar
2022 GWCF Scholarship Application,Submitted,Application Submitted, , , , , , , , , , , , , , , , , , , , , , , , , , , , , , , ,Mandy,al-Kabir
2022 GWCF Scholarship Application,Submitted; Assigned,Application Submitted, , , , , , , , , , , , , , , , , , , , , , , , , , , , , , , ,Garen,Miller
2022 GWCF Scholarship Application,Submitted,Application Submitted, , , , , , , , , , , , , , , , , , , , , , , , , , , , , , , ,Abhaya,Hopson
2022 GWCF Scholarship Application,Submitted; Assigned; Assigned; Assigned; Assigned; Assigned; Complete,Application Submitted, , , , , , , , , , , , , , , , , , , , , , , , , , , , , , , ,Brenna,Yun
2022 GWCF Scholarship Application,Submitted; Assigned; Assigned; Assigned; Assigned,Application Submitted, , , , , , , , , , , , , , , , , , , , , , , , , , , , , , , ,Fawz,al-Hoque
2022 GWCF Scholarship Application,Submitted; Assigned,Application Submitted, , , , , , , , , , , , , , , , , , , , , , , , , , , , , , , ,Ismael,Medina Perez
2022 GWCF Scholarship Application,Complete; Assigned,Application Submitted, , , , , , , , , , , , , , , , , , , , , , , , , , , , , , , ,Sydney,Devine
2022 GWCF Scholarship Application,Submitted; Assigned,Application Submitted, , , , , , , , , , , , , , , , , , , , , , , , , , , , , , , ,Monique,el-Ramin
2022 GWCF Scholarship Application,Submitted; Assigned,Application Submitted, , , , , , , , , , , , , , , , , , , , , , , , , , , , , , , ,Brenna,Briggs
2022 GWCF Scholarship Application,Submitted; Assigned; Assigned; Assigned; Assigned; Assigned; Assigned; Assigned; Assigned; Assigned; Assigned; Assigned; Assigned; Assigned; Assigned; Assigned; Assigned; Complete; Complete; Complete; Complete; Complete; Complete,Application Submitted, , , , , , , , , , , , , , , , , , , , , , , , , , , ,Westfield State University, , , ,Colette,Villano
2022 GWCF Scholarship Application,Submitted; Assigned,Application Submitted, , , , , , , , , , , , , , , , , , , , , , , , , , , , , , , ,Shawnia,Briceno
2022 GWCF Scholarship Application,Submitted; Assigned,Application Submitted, , , , , , , , , , , , , , , , , , , , , , , , , , , , , , , ,Ma Chalah,Montgomery
2022 GWCF Scholarship Application,Complete; Assigned,Application Submitted, , , , , , , , , , , , , , , , , , , , , , , , , , , , , , , ,Qamraaa,San Pedro
2022 GWCF Scholarship Application,Submitted; Assigned; Assigned; Assigned; Assigned; Assigned; Complete; Complete; Complete; Complete; Complete; Complete,Application Submitted, , , , , , , , , , , , , , , , , , , , , , , , , , , ,University of Rhode Island, , , ,Meghin,al-Mahfouz
2022 GWCF Scholarship Application,Submitted; Assigned,Application Submitted, , , , , , , , , , , , , , , , , , , , , , , , , , , , , , , ,Fareeda,Ogsbury
2022 GWCF Scholarship Application,Submitted; Assigned; Assigned; Assigned; Assigned; Assigned; Assigned; Assigned; Assigned; Assigned; Assigned; Assigned; Assigned; Assigned; Assigned; Assigned; Assigned; Assigned; Assigned; Assigned; Assigned,Application Submitted, , , , , , , , , , , , , , , , , , , , , , , , , , , , , , , ,Shawnia,Saeed
2022 GWCF Scholarship Application,Submitted; Assigned; Assigned; Assigned; Assigned; Assigned; Assigned; Assigned; Assigned; Assigned; Assigned; Assigned; Complete; Complete; Complete; Complete; Complete; Complete,Application Submitted, , , , , , , , , , , , , , , , , , , , , , , , , , , ,Boston University, , , ,Mutammam,al-Ammar
2022 GWCF Scholarship Application,Submitted; Assigned,Application Submitted, , , , , , , , , , , , , , , , , , , , , , , , , , , , , , , ,Judy,Lopez-Carrizales
2022 GWCF Scholarship Application,Complete; Assigned; Assigned; Assigned; Assigned; Assigned; Assigned; Complete; Complete; Complete; Complete; Complete; Complete; Complete,Application Submitted, , , , , , , , , , , , , , , , , , , , , , , , , , , ,Brandeis University, , , ,Aeneva,Murphy
2022 GWCF Scholarship Application,Submitted; Assigned,Application Submitted, , , , , , , , , , , , , , , , , , , , , , , , , , , , , , , ,Sahel,Yao
2022 GWCF Scholarship Application,Complete; Assigned; Assigned; Complete,Application Submitted, , , , , , , , , , , , , , , , , , , , , , , , , , , , , , , ,Khaalida,al-Amir
2022 GWCF Scholarship Application,Submitted; Assigned; Assigned; Assigned; Assigned; Assigned; Assigned; Assigned; Assigned; Assigned; Assigned; Assigned; Assigned; Assigned; Assigned,Application Submitted, , , , , , , , , , , , , , , , , , , , , , , , , , , , , , , ,Haaniya,Viswaroopan
2022 GWCF Scholarship Application,Submitted; Assigned,Application Submitted, , , , , , , , , , , , , , , , , , , , , , , , , , , , , , , ,Abdul Majeed,Del Rio
2022 GWCF Scholarship Application,Submitted; Assigned,Application Submitted, , , , , , , , , , , , , , , , , , , , , , , , , , , , , , , ,Quan,Headley
2022 GWCF Scholarship Application,Submitted; Assigned; Assigned; Assigned; Assigned,Application Submitted, , , , , , , , , , , , , , , , , , , , , , , , , , , , , , , ,Abiy,al-Sadiq
2022 GWCF Scholarship Application,Submitted; Assigned,Application Submitted, , , , , , , , , , , , , , , , , , , , , , , , , , , , , , , ,Xavier,Reeder
2022 GWCF Scholarship Application,Submitted; Assigned,Application Submitted, , , , , , , , , , , , , , , , , , , , , , , , , , , , , , , ,D'Mitri,Pickett
2022 GWCF Scholarship Application,Submitted; Assigned; Assigned; Assigned; Assigned; Assigned; Assigned; Assigned; Assigned,Application Submitted, , , , , , , , , , , , , , , , , , , , , , , , , , , , , , , ,Mutadi,Kennon
2022 GWCF Scholarship Application,Submitted; Assigned,Application Submitted, , , , , , , , , , , , , , , , , , , , , , , , , , , , , , , ,Alex,Coyhis
2022 GWCF Scholarship Application,Complete; Assigned,Application Submitted, , , , , , , , , , , , , , , , , , , , , , , , , , , , , , , ,Kianna,Arens
2022 GWCF Scholarship Application,Submitted; Assigned,Application Submitted, , , , , , , , , , , , , , , , , , , , , , , , , , , , , , , ,Armonno,Chanthavongsa
2022 GWCF Scholarship Application,Submitted; Assigned,Application Submitted, , , , , , , , , , , , , , , , , , , , , , , , , , , , , , , ,Darel,al-Hariri
2022 GWCF Scholarship Application,Submitted; Assigned,Application Submitted, , , , , , , , , , , , , , , , , , , , , , , , , , , , , , , ,Yadira,Weber
2022 GWCF Scholarship Application,Submitted; Assigned,Application Submitted, , , , , , , , , , , , , , , , , , , , , , , , , , , , , , , ,Howard,Trinh
2022 GWCF Scholarship Application,Complete; Assigned,Application Submitted, , , , , , , , , , , , , , , , , , , , , , , , , , , , , , , ,Cheyenne,Noah
2022 GWCF Scholarship Application,Submitted; Assigned,Application Submitted, , , , , , , , , , , , , , , , , , , , , , , , , , , , , , , ,Vanya,Victoria
2022 GWCF Scholarship Application,Complete; Assigned; Assigned; Assigned; Assigned; Assigned; Assigned,Application Submitted, , , , , , , , , , , , , , , , , , , , , , , , , , , , , , , ,Aubrianna,el-Shaikh
2022 GWCF Scholarship Application,Submitted; Assigned; Assigned; Assigned; Assigned; Assigned; Assigned; Assigned; Assigned; Assigned; Assigned; Assigned; Assigned; Assigned; Assigned; Assigned; Assigned; Complete; Complete,Application Submitted, , , , , , , , , , , , , , , , , , , , , , , , , , , , , , , ,Whitney,Sok
2022 GWCF Scholarship Application,Complete; Assigned; Assigned; Assigned; Assigned; Assigned; Assigned; Assigned; Assigned; Assigned,Application Submitted, , , , , , , , , , , , , , , , , , , , , , , , , , , , , , , ,Linda,Eastman
2022 GWCF Scholarship Application,Submitted; Assigned,Application Submitted, , , , , , , , , , , , , , , , , , , , , , , , , , , , , , , ,Qaasim,Mateo
2022 GWCF Scholarship Application,Complete; Assigned,Application Submitted, , , , , , , , , , , , , , , , , , , , , , , , , , , , , , , ,Trizton,Oakley
2022 GWCF Scholarship Application,Submitted; Assigned,Application Submitted, , , , , , , , , , , , , , , , , , , , , , , , , , , , , , , ,Parnia,Battumur
2022 GWCF Scholarship Application,Submitted; Assigned,Application Submitted, , , , , , , , , , , , , , , , , , , , , , , , , , , , , , , ,Cyra,Farrell
2022 GWCF Scholarship Application,Submitted; Assigned,Application Submitted, , , , , , , , , , , , , , , , , , , , , , , , , , , , , , , ,Adiam,Hall
2022 GWCF Scholarship Application,Submitted; Assigned; Assigned; Assigned; Assigned; Assigned; Assigned; Assigned; Complete,Application Submitted, , , , , , , , , , , , , , , , , , , , , , , , , , , , , , , ,Lance,Chay
2022 GWCF Scholarship Application,Submitted; Assigned; Assigned; Complete,Application Submitted, , , , , , , , , , , , , , , , , , , , , , , , , , , , , , , ,Najeem,Gregory
2022 GWCF Scholarship Application,Submitted; Assigned; Assigned; Assigned; Assigned; Assigned; Assigned,Application Submitted, , , , , , , , , , , , , , , , , , , , , , , , , , , , , , , ,Khongmong,Neighbors
2022 GWCF Scholarship Application,Complete; Assigned; Assigned; Assigned; Assigned; Assigned; Assigned; Assigned; Assigned; Assigned; Assigned; Assigned; Assigned; Assigned; Assigned; Complete; Complete; Complete; Complete; Complete; Complete,Application Submitted, , , , , , , , , , , , , , , , , , , , , , , , , , , ,Worcester State University, , , ,Sahel,Bugarin Jr
2022 GWCF Scholarship Application,Submitted; Assigned; Assigned; Assigned; Assigned; Assigned,Application Submitted, , , , , , , , , , , , , , , , , , , , , , , , , , , , , , , ,Andres,Quick Bear
2022 GWCF Scholarship Application,Submitted; Assigned,Application Submitted, , , , , , , , , , , , , , , , , , , , , , , , , , , , , , , ,Salwa,Carmichael
2022 GWCF Scholarship Application,Complete; Assigned,Application Submitted, , , , , , , , , , , , , , , , , , , , , , , , , , , , , , , ,Jyotshal,Wenner
2022 GWCF Scholarship Application,Complete; Assigned,Application Submitted, , , , , , , , , , , , , , , , , , , , , , , , , , , , , , , ,Shakeel,al-Jamil
2022 GWCF Scholarship Application,Submitted; Assigned,Application Submitted, , , , , , , , , , , , , , , , , , , , , , , , , , , , , , , ,Howard,Amgalanbayar
2022 GWCF Scholarship Application,Submitted; Assigned; Assigned; Assigned; Assigned; Assigned; Assigned; Assigned; Assigned; Assigned; Complete,Application Submitted, , , , , , , , , , , , , , , , , , , , , , , , , , , , , , , ,Shanice,Gellatly
2022 GWCF Scholarship Application,Submitted,Application Submitted, , , , , , , , , , , , , , , , , , , , , , , , , , , , , , , ,Sarena,Anders
2022 GWCF Scholarship Application,Submitted; Assigned,Application Submitted, , , , , , , , , , , , , , , , , , , , , , , , , , , , , , , ,Sushmita,Kyle
2022 GWCF Scholarship Application,Submitted; Assigned,Application Submitted, , , , , , , , , , , , , , , , , , , , , , , , , , , , , , , ,Nazeema,Samake
2022 GWCF Scholarship Application,Submitted; Assigned; Assigned; Assigned; Assigned; Assigned; Assigned; Assigned; Assigned; Assigned; Assigned; Assigned; Assigned; Complete,Application Submitted, , , , , , , , , , , , , , , , , , , , , , , , , , , , , , , ,Emilio,Music
2022 GWCF Scholarship Application,Submitted; Assigned,Application Submitted, , , , , , , , , , , , , , , , , , , , , , , , , , , , , , , ,Brendan,el-Kaleel
2022 GWCF Scholarship Application,Submitted; Assigned,Application Submitted, , , , , , , , , , , , , , , , , , , , , , , , , , , , , , , ,Samir,Brandon
2022 GWCF Scholarship Application,Complete; Assigned; Assigned; Complete; Complete; Complete; Complete; Complete; Complete,Application Submitted, , , , , , , , , , , , , , , , , , , , , , , , , , , ,University of Massachusetts Lowell, , , ,Jamekia,Hotsenpiller
2022 GWCF Scholarship Application,Submitted; Assigned; Assigned; Assigned; Assigned; Assigned; Assigned; Assigned; Assigned; Complete,Application Submitted, , , , , , , , , , , , , , , , , , , , , , , , , , , , , , , ,Nabeela,Desmond
2022 GWCF Scholarship Application,Submitted; Assigned,Application Submitted, , , , , , , , , , , , , , , , , , , , , , , , , , , , , , , ,Shakoora,Villano
2022 GWCF Scholarship Application,Submitted; Assigned; Assigned; Assigned; Assigned; Assigned,Application Submitted, , , , , , , , , , , , , , , , , , , , , , , , , , , , , , , ,Haaritha,Boyce
2022 GWCF Scholarship Application,Complete; Assigned,Application Submitted, , , , , , , , , , , , , , , , , , , , , , , , , , , , , , , ,Luwai,Daniel
2022 GWCF Scholarship Application,Submitted; Assigned,Application Submitted, , , , , , , , , , , , , , , , , , , , , , , , , , , , , , , ,Maajid,Turman
2022 GWCF Scholarship Application,Submitted; Assigned,Application Submitted, , , , , , , , , , , , , , , , , , , , , , , , , , , , , , , ,Ohitike,O'Rell
2022 GWCF Scholarship Application,Complete; Assigned; Assigned; Complete,Application Submitted, , , , , , , , , , , , , , , , , , , , , , , , , , , , , , , ,Fareeda,al-Jamail
2022 GWCF Scholarship Application,Submitted; Assigned,Application Submitted, , , , , , , , , , , , , , , , , , , , , , , , , , , , , , , ,Beau,Fuino
2022 GWCF Scholarship Application,Submitted; Assigned; Assigned; Complete,Application Submitted, , , , , , , , , , , , , , , , , , , , , , , , , , , , , , , ,Eleazar,Freeman
2022 GWCF Scholarship Application,Submitted; Assigned,Application Submitted, , , , , , , , , , , , , , , , , , , , , , , , , , , , , , , ,Qaasim,Elizondo
2022 GWCF Scholarship Application,Submitted; Assigned; Assigned; Assigned; Assigned; Assigned,Application Submitted, , , , , , , , , , , , , , , , , , , , , , , , , , , , , , , ,Maleeka,Chhoeun
2022 GWCF Scholarship Application,Submitted; Assigned; Assigned; Assigned; Assigned; Assigned; Assigned; Assigned; Assigned,Application Submitted, , , , , , , , , , , , , , , , , , , , , , , , , , , , , , , ,Asiah,Sedillo
2022 GWCF Scholarship Application,Submitted; Assigned; Assigned; Assigned; Assigned; Assigned; Assigned; Assigned; Assigned; Assigned; Assigned; Assigned; Assigned; Assigned; Assigned; Assigned; Assigned; Complete,Application Submitted, , , , , , , , , , , , , , , , , , , , , , , , , , , , , , , ,Shawnquelle,Malone-Rogers
2022 GWCF Scholarship Application,Submitted; Assigned; Assigned; Assigned; Assigned; Assigned; Assigned; Complete; Complete; Complete; Complete; Complete; Complete,Application Submitted, , , , , , , , , , , , , , , , , , , , , , , , , , , , , , , ,Macella,el-Kader
2022 GWCF Scholarship Application,Submitted; Assigned; Assigned; Assigned; Assigned; Assigned; Assigned,Application Submitted, , , , , , , , , , , , , , , , , , , , , , , , , , , , , , , ,Rawda,el-Latif
2022 GWCF Scholarship Application,Submitted; Assigned; Assigned; Assigned; Assigned; Assigned; Assigned,Application Submitted, , , , , , , , , , , , , , , , , , , , , , , , , , , , , , , ,Khaleela,al-Agha
2022 GWCF Scholarship Application,Submitted; Assigned; Assigned; Assigned; Assigned; Assigned; Assigned,Application Submitted, , , , , , , , , , , , , , , , , , , , , , , , , , , , , , , ,Shawnia,Velasquez
2022 GWCF Scholarship Application,Submitted; Assigned,Application Submitted, , , , , , , , , , , , , , , , , , , , , , , , , , , , , , , ,Jason,Flowers
2022 GWCF Scholarship Application,Submitted; Assigned,Application Submitted, , , , , , , , , , , , , , , , , , , , , , , , , , , , , , , ,Desiree,Almdale
2022 GWCF Scholarship Application,Submitted; Assigned,Application Submitted, , , , , , , , , , , , , , , , , , , , , , , , , , , , , , , ,Denice,al-Hamad
2022 GWCF Scholarship Application,Submitted; Assigned; Assigned; Assigned; Assigned; Assigned; Assigned; Assigned; Assigned; Assigned; Assigned; Assigned; Assigned,Application Submitted, , , , , , , , , , , , , , , , , , , , , , , , , , , , , , , ,Saajid,Kerr
2022 GWCF Scholarship Application,Complete; Assigned,Application Submitted, , , , , , , , , , , , , , , , , , , , , , , , , , , , , , , ,Xai,Balsiger
2022 GWCF Scholarship Application,Submitted; Assigned,Application Submitted, , , , , , , , , , , , , , , , , , , , , , , , , , , , , , , ,Arafaat,Penny
2022 GWCF Scholarship Application,Complete; Assigned; Assigned; Assigned; Assigned; Assigned,Application Submitted, , , , , , , , , , , , , , , , , , , , , , , , , , , , , , , ,Dalene,al-Amini
2022 GWCF Scholarship Application,Submitted; Assigned,Application Submitted, , , , , , , , , , , , , , , , , , , , , , , , , , , , , , , ,Roderick,Bellitt
2022 GWCF Scholarship Application,Submitted; Assigned; Assigned; Assigned; Assigned; Assigned; Assigned; Assigned; Complete,Application Submitted, , , , , , , , , , , , , , , , , , , , , , , , , , , , , , , ,Mytruc,Hsu
2022 GWCF Scholarship Application,Submitted; Assigned,Application Submitted, , , , , , , , , , , , , , , , , , , , , , , , , , , , , , , ,Atit,Roda
2022 GWCF Scholarship Application,Complete; Assigned; Assigned; Assigned,Application Submitted, , , , , , , , , , , , , , , , , , , , , , , , , , , , , , , ,Sushmita,Sanni
2022 GWCF Scholarship Application,Submitted; Assigned,Application Submitted, , , , , , , , , , , , , , , , , , , , , , , , , , , , , , , ,Khongmong,Halsey
2022 GWCF Scholarship Application,Submitted; Assigned; Assigned; Assigned; Assigned; Assigned; Assigned; Complete; Complete; Complete; Complete; Complete,Application Submitted, , , , , , , , , , , , , , , , , , , , , , , , , , , , , , , ,"Jam,Aan",Carbajal
2022 GWCF Scholarship Application,Submitted; Assigned,Application Submitted, , , , , , , , , , , , , , , , , , , , , , , , , , , , , , , ,Kianna,Fels
2022 GWCF Scholarship Application,Submitted; Assigned,Application Submitted, , , , , , , , , , , , , , , , , , , , , , , , , , , , , , , ,Karah,Peebles
2022 GWCF Scholarship Application,Submitted; Assigned; Assigned; Assigned; Assigned; Assigned; Assigned; Assigned; Assigned,Application Submitted, , , , , , , , , , , , , , , , , , , , , , , , , , , , , , , ,Daylamae,Whitley
2022 GWCF Scholarship Application,Submitted; Assigned,Application Submitted, , , , , , , , , , , , , , , , , , , , , , , , , , , , , , , ,Xai,Reda-Arefaine
2022 GWCF Scholarship Application,Submitted; Assigned,Application Submitted, , , , , , , , , , , , , , , , , , , , , , , , , , , , , , , ,Cole,Gutierrez Grimaldo
2022 GWCF Scholarship Application,Submitted; Assigned; Assigned; Assigned; Assigned; Assigned; Assigned; Assigned; Assigned; Assigned; Assigned,Application Submitted, , , , , , , , , , , , , , , , , , , , , , , , , , , , , , , ,Shelby,Hume
2022 GWCF Scholarship Application,Submitted; Assigned,Application Submitted, , , , , , , , , , , , , , , , , , , , , , , , , , , , , , , ,Russell,Lee
2022 GWCF Scholarship Application,Submitted; Assigned,Application Submitted, , , , , , , , , , , , , , , , , , , , , , , , , , , , , , , ,Keren,Bigback
2022 GWCF Scholarship Application,Submitted; Assigned; Assigned; Assigned; Assigned; Assigned; Assigned; Complete,Application Submitted, , , , , , , , , , , , , , , , , , , , , , , , , , , , , , , ,Julianna,Woods
2022 GWCF Scholarship Application,Complete; Assigned,Application Submitted, , , , , , , , , , , , , , , , , , , , , , , , , , , , , , , ,Jaden,Quint
2022 GWCF Scholarship Application,Submitted; Assigned; Assigned; Assigned; Assigned; Assigned,Application Submitted, , , , , , , , , , , , , , , , , , , , , , , , , , , , , , , ,Kentorra,Vidal
2022 GWCF Scholarship Application,Submitted; Assigned,Application Submitted, , , , , , , , , , , , , , , , , , , , , , , , , , , , , , , ,Joo,Norman
2022 GWCF Scholarship Application,Submitted; Assigned; Assigned; Assigned; Assigned; Assigned; Complete; Complete; Complete; Complete; Complete; Complete,Application Submitted, , , , , , , , , , , , , , , , , , , , , , , , , , , ,College of the Holy Cross, , , ,Markangelo,el-Fadel
2022 GWCF Scholarship Application,Submitted; Assigned,Application Submitted, , , , , , , , , , , , , , , , , , , , , , , , , , , , , , , ,Javier-Luis,Melchor-Candelario
2022 GWCF Scholarship Application,Complete; Assigned; Assigned; Assigned; Assigned; Assigned; Assigned,Application Submitted, , , , , , , , , , , , , , , , , , , , , , , , , , , , , , , ,Vanya,Carrillo
2022 GWCF Scholarship Application,Submitted; Assigned,Application Submitted, , , , , , , , , , , , , , , , , , , , , , , , , , , , , , , ,Kiduse,Paine
2022 GWCF Scholarship Application,Submitted; Assigned,Application Submitted, , , , , , , , , , , , , , , , , , , , , , , , , , , , , , , ,Daizha,Burleson
2022 GWCF Scholarship Application,Complete; Assigned,Application Submitted, , , , , , , , , , , , , , , , , , , , , , , , , , , , , , , ,Suhaib,Ellingsen
2022 GWCF Scholarship Application,Complete; Assigned,Application Submitted, , , , , , , , , , , , , , , , , , , , , , , , , , , , , , , ,Derrick,al-Shahid
2022 GWCF Scholarship Application,Submitted; Assigned; Assigned; Complete,Application Submitted, , , , , , , , , , , , , , , , , , , , , , , , , , , , , , , ,Celia,Santiago
2022 GWCF Scholarship Application,Submitted; Assigned,Application Submitted, , , , , , , , , , , , , , , , , , , , , , , , , , , , , , , ,Humaidaan,Burns
2022 GWCF Scholarship Application,Submitted; Assigned,Application Submitted, , , , , , , , , , , , , , , , , , , , , , , , , , , , , , , ,Armonno,Sitinjak
2022 GWCF Scholarship Application,Submitted; Assigned,Application Submitted, , , , , , , , , , , , , , , , , , , , , , , , , , , , , , , ,Alex,Nweke
2022 GWCF Scholarship Application,Submitted; Assigned,Application Submitted, , , , , , , , , , , , , , , , , , , , , , , , , , , , , , , ,Yonathan,Brink
2022 GWCF Scholarship Application,Submitted; Assigned,Application Submitted, , , , , , , , , , , , , , , , , , , , , , , , , , , , , , , ,Norma,Lopez-Carrizales
2022 GWCF Scholarship Application,Submitted; Assigned; Assigned; Assigned; Assigned,Application Submitted, , , , , , , , , , , , , , , , , , , , , , , , , , , , , , , ,Ramza,al-Azzi
2022 GWCF Scholarship Application,Submitted; Assigned; Assigned; Assigned; Assigned; Assigned; Assigned; Complete; Complete; Complete; Complete; Complete; Complete,Application Submitted, , , , , , , , , , , , , , , , , , , , , , , , , , , ,Drexel University, , , ,Jourdan,Perea
2022 GWCF Scholarship Application,Complete; Assigned; Assigned; Assigned; Assigned,Application Submitted, , , , , , , , , , , , , , , , , , , , , , , , , , , , , , , ,Xai,Kearns
2022 GWCF Scholarship Application,Submitted; Assigned; Assigned; Assigned; Assigned; Assigned; Assigned; Complete,Application Submitted, , , , , , , , , , , , , , , , , , , , , , , , , , , , , , , ,Karlos,al-Farra
2022 GWCF Scholarship Application,Submitted; Assigned; Assigned; Assigned; Assigned; Assigned; Assigned; Assigned,Application Submitted, , , , , , , , , , , , , , , , , , , , , , , , , , , , , , , ,Priscilla,Hoots
2022 GWCF Scholarship Application,Submitted; Assigned; Assigned; Assigned; Assigned; Assigned; Assigned,Application Submitted, , , , , , , , , , , , , , , , , , , , , , , , , , , , , , , ,Khawla,Payton
2022 GWCF Scholarship Application,Submitted; Assigned; Assigned; Assigned; Assigned,Application Submitted, , , , , , , , , , , , , , , , , , , , , , , , , , , , , , , ,Tyrelle,el-Salahuddin
2022 GWCF Scholarship Application,Submitted; Assigned,Application Submitted, , , , , , , , , , , , , , , , , , , , , , , , , , , , , , , ,Tu,Meza Barrera
2022 GWCF Scholarship Application,Submitted; Assigned; Assigned; Complete,Application Submitted, , , , , , , , , , , , , , , , , , , , , , , , , , , , , , , ,Sonya,Mason
2022 GWCF Scholarship Application,Complete; Assigned,Application Submitted, , , , , , , , , , , , , , , , , , , , , , , , , , , , , , , ,Munisa,Arrick
2022 GWCF Scholarship Application,Submitted,Application Submitted, , , , , , , , , , , , , , , , , , , , , , , , , , , , , , , ,Kent,Hiromasa
2022 GWCF Scholarship Application,Submitted; Assigned; Assigned; Assigned; Assigned; Assigned; Assigned; Complete,Application Submitted, , , , , , , , , , , , , , , , , , , , , , , , , , , , , , , ,Andres,Sajopha
2022 GWCF Scholarship Application,Submitted; Assigned,Application Submitted, , , , , , , , , , , , , , , , , , , , , , , , , , , , , , , ,Ationa,Halpine
2022 GWCF Scholarship Application,Submitted; Assigned,Application Submitted, , , , , , , , , , , , , , , , , , , , , , , , , , , , , , , ,Nam,Lopez Cruz
2022 GWCF Scholarship Application,Submitted; Assigned,Application Submitted, , , , , , , , , , , , , , , , , , , , , , , , , , , , , , , ,Armonno,Duong
2022 GWCF Scholarship Application,Submitted; Assigned; Assigned; Assigned; Assigned; Assigned; Assigned; Assigned; Complete,Application Submitted, , , , , , , , , , , , , , , , , , , , , , , , , , , , , , , ,Karlos,Espino Aguilar
2022 GWCF Scholarship Application,Submitted; Assigned,Application Submitted, , , , , , , , , , , , , , , , , , , , , , , , , , , , , , , ,Dale,Amgalanbayar
2022 GWCF Scholarship Application,Submitted; Assigned,Application Submitted, , , , , , , , , , , , , , , , , , , , , , , , , , , , , , , ,Gericko,Gutierrez-Garcia
2022 GWCF Scholarship Application,Submitted; Assigned,Application Submitted, , , , , , , , , , , , , , , , , , , , , , , , , , , , , , , ,Demetrius,Grant
2022 GWCF Scholarship Application,Submitted; Assigned,Application Submitted, , , , , , , , , , , , , , , , , , , , , , , , , , , , , , , ,Brice,el-Javed
2022 GWCF Scholarship Application,Submitted,Application Submitted, , , , , , , , , , , , , , , , , , , , , , , , , , , , , , , ,Arafaat,Harris-Williams
2022 GWCF Scholarship Application,Submitted; Assigned,Application Submitted, , , , , , , , , , , , , , , , , , , , , , , , , , , , , , , ,Dhaafir,Cather
2022 GWCF Scholarship Application,Submitted; Assigned; Assigned; Assigned; Assigned; Assigned; Assigned,Application Submitted, , , , , , , , , , , , , , , , , , , , , , , , , , , , , , , ,Yadira,Lohr
2022 GWCF Scholarship Application,Submitted; Assigned; Assigned; Assigned; Assigned; Assigned; Assigned; Complete,Application Submitted, , , , , , , , , , , , , , , , , , , , , , , , , , , , , , , ,Heroki,Prince
2022 GWCF Scholarship Application,Complete; Assigned; Assigned; Assigned; Assigned; Assigned,Application Submitted, , , , , , , , , , , , , , , , , , , , , , , , , , , , , , , ,Rahma,Randel
2022 GWCF Scholarship Application,Submitted; Assigned,Application Submitted, , , , , , , , , , , , , , , , , , , , , , , , , , , , , , , ,Cheyane,el-Radwan
2022 GWCF Scholarship Application,Submitted; Assigned; Assigned; Assigned; Assigned; Assigned; Assigned,Application Submitted, , , , , , , , , , , , , , , , , , , , , , , , , , , , , , , ,Safwaan,al-Shaheen
2022 GWCF Scholarship Application,Submitted; Assigned; Assigned; Assigned; Assigned; Assigned; Assigned; Assigned; Assigned; Assigned; Assigned; Assigned; Assigned; Assigned; Assigned; Assigned; Assigned; Assigned; Assigned; Assigned; Assigned; Complete,Application Submitted, , , , , , , , , , , , , , , , , , , , , , , , , , , , , , , ,Ciera,Jarrett
2022 GWCF Scholarship Application,Submitted; Assigned,Application Submitted, , , , , , , , , , , , , , , , , , , , , , , , , , , , , , , ,Qaasim,Bron
2022 GWCF Scholarship Application,Submitted; Assigned; Assigned; Assigned; Assigned,Application Submitted, , , , , , , , , , , , , , , , , , , , , , , , , , , , , , , ,Masroora,el-Dia
2022 GWCF Scholarship Application,Submitted; Assigned,Application Submitted, , , , , , , , , , , , , , , , , , , , , , , , , , , , , , , ,Ohitike,Dion
2022 GWCF Scholarship Application,Submitted; Assigned; Assigned; Assigned; Assigned; Assigned; Assigned; Assigned; Assigned; Assigned; Complete,Application Submitted, , , , , , , , , , , , , , , , , , , , , , , , , , , , , , , ,Nikki,Woolum
2022 GWCF Scholarship Application,Submitted; Assigned; Assigned; Assigned; Assigned; Assigned; Assigned; Assigned; Assigned; Assigned; Assigned; Assigned; Assigned; Assigned; Assigned; Complete,Application Submitted, , , , , , , , , , , , , , , , , , , , , , , , , , , , , , , ,Trent,Busby
2022 GWCF Scholarship Application,Submitted; Assigned; Assigned; Complete,Application Submitted, , , , , , , , , , , , , , , , , , , , , , , , , , , , , , , ,Vandross,el-Hares
2022 GWCF Scholarship Application,Submitted; Assigned,Application Submitted, , , , , , , , , , , , , , , , , , , , , , , , , , , , , , , ,Karlos,Kraft
2022 GWCF Scholarship Application,Submitted; Assigned; Assigned; Assigned; Assigned; Assigned,Application Submitted, , , , , , , , , , , , , , , , , , , , , , , , , , , , , , , ,Christine,Mcguire
2022 GWCF Scholarship Application,Submitted; Assigned,Application Submitted, , , , , , , , , , , , , , , , , , , , , , , , , , , , , , , ,Idrianna,Srinivasan
2022 GWCF Scholarship Application,Complete; Assigned,Application Submitted, , , , , , , , , , , , , , , , , , , , , , , , , , , , , , , ,Talia,Yamasaki
2022 GWCF Scholarship Application,Complete; Assigned; Complete,Application Submitted, , , , , , , , , , , , , , , , , , , , , , , , , , , , , , , ,Taijeona,Addie
2022 GWCF Scholarship Application,Submitted; Assigned,Application Submitted, , , , , , , , , , , , , , , , , , , , , , , , , , , , , , , ,Saamyya,Guthrie
2022 GWCF Scholarship Application,Submitted; Assigned,Application Submitted, , , , , , , , , , , , , , , , , , , , , , , , , , , , , , , ,Nabeel,el-Gaber
2022 GWCF Scholarship Application,Submitted; Assigned; Assigned; Assigned; Assigned; Assigned; Assigned; Complete,Application Submitted, , , , , , , , , , , , , , , , , , , , , , , , , , , , , , , ,Johnny,Botts
2022 GWCF Scholarship Application,Submitted; Assigned,Application Submitted, , , , , , , , , , , , , , , , , , , , , , , , , , , , , , , ,Kianna,Victorino
2022 GWCF Scholarship Application,Submitted; Assigned; Assigned; Assigned; Assigned; Assigned,Application Submitted, , , , , , , , , , , , , , , , , , , , , , , , , , , , , , , ,Debonair,Donels
2022 GWCF Scholarship Application,Complete; Assigned,Application Submitted, , , , , , , , , , , , , , , , , , , , , , , , , , , , , , , ,Munisa,Gellatly
2022 GWCF Scholarship Application,Submitted; Assigned,Application Submitted, , , , , , , , , , , , , , , , , , , , , , , , , , , , , , , ,Adiam,Yang
2022 GWCF Scholarship Application,Submitted; Assigned; Assigned; Assigned; Assigned; Assigned; Complete,Application Submitted, , , , , , , , , , , , , , , , , , , , , , , , , , , , , , , ,Kent,al-Amer
2022 GWCF Scholarship Application,Complete; Assigned,Application Submitted, , , , , , , , , , , , , , , , , , , , , , , , , , , , , , , ,Sydnee,Harville
2022 GWCF Scholarship Application,Complete; Assigned,Application Submitted, , , , , , , , , , , , , , , , , , , , , , , , , , , , , , , ,Alex,Olguin Aguilar
2022 GWCF Scholarship Application,Submitted; Assigned,Application Submitted, , , , , , , , , , , , , , , , , , , , , , , , , , , , , , , ,Sankeerth,Majalca
2022 GWCF Scholarship Application,Submitted; Assigned,Application Submitted, , , , , , , , , , , , , , , , , , , , , , , , , , , , , , , ,Derrick,Lopez Cruz
2022 GWCF Scholarship Application,Complete; Assigned,Application Submitted, , , , , , , , , , , , , , , , , , , , , , , , , , , , , , , ,Alexa,Burge
2022 GWCF Scholarship Application,Complete; Assigned,Application Submitted, , , , , , , , , , , , , , , , , , , , , , , , , , , , , , , ,Waseem,Son
2022 GWCF Scholarship Application,Submitted; Assigned; Assigned; Assigned; Assigned; Assigned; Assigned; Assigned; Assigned; Assigned; Assigned; Complete; Complete; Complete; Complete; Complete; Complete; Complete,Application Submitted, , , , , , , , , , , , , , , , , , , , , , , , , , , ,Howard University, , , ,Gregg,al-Khalifa
2022 GWCF Scholarship Application,Submitted; Assigned; Assigned; Assigned; Assigned; Assigned; Assigned; Complete,Application Submitted, , , , , , , , , , , , , , , , , , , , , , , , , , , , , , , ,Fat'hiyaa,Bunting
2022 GWCF Scholarship Application,Submitted; Assigned; Assigned; Assigned; Assigned; Assigned; Assigned; Complete,Application Submitted, , , , , , , , , , , , , , , , , , , , , , , , , , , , , , , ,Dhaafir,el-Jan
2022 GWCF Scholarship Application,Submitted,Application Submitted, , , , , , , , , , , , , , , , , , , , , , , , , , , , , , , ,Jeovoni,Taase
2022 GWCF Scholarship Application,Submitted; Assigned; Assigned; Assigned; Assigned; Assigned,Application Submitted, , , , , , , , , , , , , , , , , , , , , , , , , , , , , , , ,Taeler,Duran
2022 GWCF Scholarship Application,Submitted; Assigned; Assigned; Assigned; Assigned; Assigned,Application Submitted, , , , , , , , , , , , , , , , , , , , , , , , , , , , , , , ,"Jam,Aan",Wommack
2022 GWCF Scholarship Application,Submitted; Assigned; Assigned; Assigned; Assigned; Assigned; Assigned; Assigned,Application Submitted, , , , , , , , , , , , , , , , , , , , , , , , , , , , , , , ,Yadira,el-Tamer
2022 GWCF Scholarship Application,Complete; Assigned; Assigned; Assigned; Assigned; Assigned; Assigned; Assigned; Assigned,Application Submitted, , , , , , , , , , , , , , , , , , , , , , , , , , , , , , , ,Camrey,Niblet
2022 GWCF Scholarship Application,Submitted; Assigned; Assigned; Assigned; Assigned; Assigned; Assigned; Assigned; Assigned; Assigned,Application Submitted, , , , , , , , , , , , , , , , , , , , , , , , , , , , , , , ,Josaphina,Rolston
2022 GWCF Scholarship Application,Submitted; Assigned; Assigned; Assigned; Assigned; Assigned; Assigned; Complete,Application Submitted, , , , , , , , , , , , , , , , , , , , , , , , , , , , , , , ,Se Ra,el-Hosseini
2022 GWCF Scholarship Application,Submitted; Assigned; Assigned; Assigned; Assigned; Assigned; Assigned; Assigned,Application Submitted, , , , , , , , , , , , , , , , , , , , , , , , , , , , , , , ,Kimberley,Reddell
2022 GWCF Scholarship Application,Submitted; Assigned; Assigned; Assigned; Assigned; Assigned; Assigned; Assigned; Complete; Complete; Complete; Complete; Complete; Complete,Application Submitted, , , , , , , , , , , , , , , , , , , , , , , , , , , ,University of New Haven, , , ,Russell,Pettit
2022 GWCF Scholarship Application,Submitted; Assigned; Assigned; Assigned; Assigned; Assigned; Assigned; Assigned; Assigned; Assigned; Assigned,Application Submitted, , , , , , , , , , , , , , , , , , , , , , , , , , , , , , , ,Vishnu,Dishmon
2022 GWCF Scholarship Application,Submitted; Assigned,Application Submitted, , , , , , , , , , , , , , , , , , , , , , , , , , , , , , , ,Monique,Malecha
2022 GWCF Scholarship Application,Submitted; Assigned,Application Submitted, , , , , , , , , , , , , , , , , , , , , , , , , , , , , , , ,Armonno,el-Sadiq
2022 GWCF Scholarship Application,Submitted; Assigned; Assigned; Assigned; Assigned,Application Submitted, , , , , , , , , , , , , , , , , , , , , , , , , , , , , , , ,Tyrelle,Sharp
2022 GWCF Scholarship Application,Submitted; Assigned; Assigned; Assigned; Assigned; Assigned; Assigned; Assigned; Assigned; Assigned; Complete,Application Submitted, , , , , , , , , , , , , , , , , , , , , , , , , , , , , , , ,Xavier,Ewing-Rhodes
2022 GWCF Scholarship Application,Submitted; Assigned,Application Submitted, , , , , , , , , , , , , , , , , , , , , , , , , , , , , , , ,Angel,Paiz
2022 GWCF Scholarship Application,Complete; Assigned; Complete; Complete; Complete; Complete; Complete; Complete,Application Submitted, , , , , , , , , , , , , , , , , , , , , , , , , , , ,Stonehill College, , , ,Brenna,Armijo
2022 GWCF Scholarship Application,Submitted; Assigned,Application Submitted, , , , , , , , , , , , , , , , , , , , , , , , , , , , , , , ,Muneefa,Benson
2022 GWCF Scholarship Application,Submitted; Assigned; Assigned; Assigned; Assigned; Assigned; Assigned; Assigned; Assigned; Assigned; Assigned; Assigned; Assigned; Assigned; Complete,Application Submitted, , , , , , , , , , , , , , , , , , , , , , , , , , , , , , , ,Xai,Robertson
2022 GWCF Scholarship Application,Submitted; Assigned,Application Submitted, , , , , , , , , , , , , , , , , , , , , , , , , , , , , , , ,Cheyanne,Botts
2022 GWCF Scholarship Application,Submitted; Assigned,Application Submitted, , , , , , , , , , , , , , , , , , , , , , , , , , , , , , , ,Pierre,Braun
2022 GWCF Scholarship Application,Submitted; Assigned; Assigned; Assigned; Assigned; Assigned,Application Submitted, , , , , , , , , , , , , , , , , , , , , , , , , , , , , , , ,Picabo,Colten
2022 GWCF Scholarship Application,Submitted; Assigned; Assigned; Assigned; Assigned; Assigned; Assigned; Assigned; Assigned; Assigned; Assigned; Complete; Complete; Complete; Complete; Complete; Complete,Application Submitted, , , , , , , , , , , , , , , , , , , , , , , , , , , ,University of Massachusetts at Amherst, , , ,Alexxis,Cellars
2022 GWCF Scholarship Application,Submitted; Assigned,Application Submitted, , , , , , , , , , , , , , , , , , , , , , , , , , , , , , , ,Khaiir,Jarrell
2022 GWCF Scholarship Application,Submitted; Assigned; Assigned; Assigned; Assigned; Assigned; Assigned,Application Submitted, , , , , , , , , , , , , , , , , , , , , , , , , , , , , , , ,Khongmong,Booker
2022 GWCF Scholarship Application,Complete; Assigned,Application Submitted, , , , , , , , , , , , , , , , , , , , , , , , , , , , , , , ,Hameeda,Willingham
2022 GWCF Scholarship Application,Submitted; Assigned; Assigned; Assigned; Assigned; Assigned; Assigned; Assigned; Assigned; Assigned; Complete,Application Submitted, , , , , , , , , , , , , , , , , , , , , , , , , , , , , , , ,Marshall,al-Shahin
2022 GWCF Scholarship Application,Submitted; Assigned; Assigned; Assigned; Assigned; Assigned,Application Submitted, , , , , , , , , , , , , , , , , , , , , , , , , , , , , , , ,Jeni,Payne
2022 GWCF Scholarship Application,Submitted; Assigned; Assigned; Assigned; Assigned; Assigned; Assigned; Assigned,Application Submitted, , , , , , , , , , , , , , , , , , , , , , , , , , , , , , , ,Kiduse,Caffrey
2022 GWCF Scholarship Application,Submitted; Assigned; Assigned; Assigned; Assigned; Assigned,Application Submitted, , , , , , , , , , , , , , , , , , , , , , , , , , , , , , , ,Abhisaar,Kijprachakorn
2022 GWCF Scholarship Application,Submitted,Application Submitted, , , , , , , , , , , , , , , , , , , , , , , , , , , , , , , ,Monique,Biano
2022 GWCF Scholarship Application,Submitted,Application Submitted, , , , , , , , , , , , , , , , , , , , , , , , , , , , , , , ,Karlos,Finley
2022 GWCF Scholarship Application,Complete; Assigned,Application Submitted, , , , , , , , , , , , , , , , , , , , , , , , , , , , , , , ,Mikala,Willingham
2022 GWCF Scholarship Application,Submitted; Assigned; Assigned; Assigned; Assigned; Assigned; Assigned; Assigned; Assigned; Assigned; Assigned; Complete,Application Submitted, , , , , , , , , , , , , , , , , , , , , , , , , , , , , , , ,Xai,Sargent
2022 GWCF Scholarship Application,Submitted; Assigned,Application Submitted, , , , , , , , , , , , , , , , , , , , , , , , , , , , , , , ,May,el-Alam
2022 GWCF Scholarship Application,Complete; Assigned,Application Submitted, , , , , , , , , , , , , , , , , , , , , , , , , , , , , , , ,Lateefa,Phanthavongsa
2022 GWCF Scholarship Application,Submitted; Assigned; Assigned; Assigned; Assigned; Assigned,Application Submitted, , , , , , , , , , , , , , , , , , , , , , , , , , , , , , , ,"Jam,Aan",Espinoza
2022 GWCF Scholarship Application,Complete; Assigned,Application Submitted, , , , , , , , , , , , , , , , , , , , , , , , , , , , , , , ,Kent,Gates
2022 GWCF Scholarship Application,Submitted; Assigned; Assigned; Assigned; Assigned; Assigned; Assigned; Assigned,Application Submitted, , , , , , , , , , , , , , , , , , , , , , , , , , , , , , , ,Uthmaa N,Roberson
2022 GWCF Scholarship Application,Complete; Assigned,Application Submitted, , , , , , , , , , , , , , , , , , , , , , , , , , , , , , , ,Fahmi,Hobley
2022 GWCF Scholarship Application,Submitted; Assigned; Assigned; Assigned; Assigned; Assigned; Assigned; Assigned; Assigned; Assigned; Assigned; Assigned; Complete,Application Submitted, , , , , , , , , , , , , , , , , , , , , , , , , , , , , , , ,Saamyya,Gang
2022 GWCF Scholarship Application,Submitted; Assigned; Assigned; Assigned; Assigned; Assigned; Assigned; Assigned; Assigned; Assigned; Assigned; Assigned; Assigned; Complete,Application Submitted, , , , , , , , , , , , , , , , , , , , , , , , , , , , , , , ,Jerald,Forte
2022 GWCF Scholarship Application,Complete; Assigned,Application Submitted, , , , , , , , , , , , , , , , , , , , , , , , , , , , , , , ,Picabo,Olave
2022 GWCF Scholarship Application,Complete; Assigned,Application Submitted, , , , , , , , , , , , , , , , , , , , , , , , , , , , , , , ,Kameel,Ewing
2022 GWCF Scholarship Application,Submitted; Assigned; Assigned; Assigned; Assigned; Assigned; Assigned; Assigned; Assigned; Assigned; Assigned; Assigned; Assigned; Assigned; Assigned; Assigned; Complete; Complete; Complete; Complete; Complete; Complete,Application Submitted, , , , , , , , , , , , , , , , , , , , , , , , , , , ,College of the Holy Cross, , , ,Lydia,Bonstead
2022 GWCF Scholarship Application,Submitted; Assigned,Application Submitted, , , , , , , , , , , , , , , , , , , , , , , , , , , , , , , ,Dhaafir,Niblet
2022 GWCF Scholarship Application,Submitted; Assigned,Application Submitted, , , , , , , , , , , , , , , , , , , , , , , , , , , , , , , ,Bonnie,al-Hashem
2022 GWCF Scholarship Application,Submitted; Assigned; Assigned; Assigned; Assigned; Assigned; Assigned; Assigned,Application Submitted, , , , , , , , , , , , , , , , , , , , , , , , , , , , , , , ,Pedro,Turner
2022 GWCF Scholarship Application,Submitted; Assigned,Application Submitted, , , , , , , , , , , , , , , , , , , , , , , , , , , , , , , ,Sajiyya,Lum
2022 GWCF Scholarship Application,Submitted; Assigned; Assigned; Complete,Application Submitted, , , , , , , , , , , , , , , , , , , , , , , , , , , , , , , ,Thomas,el-Sinai
2022 GWCF Scholarship Application,Submitted; Assigned; Assigned; Assigned; Assigned; Assigned,Application Submitted, , , , , , , , , , , , , , , , , , , , , , , , , , , , , , , ,Binh,Kumar
2022 GWCF Scholarship Application,Submitted; Assigned; Assigned; Complete,Application Submitted, , , , , , , , , , , , , , , , , , , , , , , , , , , , , , , ,Ohitike,el-Sinai
2022 GWCF Scholarship Application,Submitted; Assigned; Assigned; Assigned; Assigned; Assigned; Assigned; Assigned,Application Submitted, , , , , , , , , , , , , , , , , , , , , , , , , , , , , , , ,Cheyane,Meza Chavez
2022 GWCF Scholarship Application,Submitted,Application Submitted, , , , , , , , , , , , , , , , , , , , , , , , , , , , , , , ,Myneshia,Niblet
2022 GWCF Scholarship Application,Submitted; Assigned,Application Submitted, , , , , , , , , , , , , , , , , , , , , , , , , , , , , , , ,Roger,Sato
2022 GWCF Scholarship Application,Complete; Assigned,Application Submitted, , , , , , , , , , , , , , , , , , , , , , , , , , , , , , , ,My,Johnson Jr
2022 GWCF Scholarship Application,Submitted; Assigned,Application Submitted, , , , , , , , , , , , , , , , , , , , , , , , , , , , , , , ,Areli,al-Farha
2022 GWCF Scholarship Application,Submitted; Assigned; Assigned; Assigned; Assigned; Assigned; Assigned; Assigned; Assigned; Assigned; Assigned; Assigned,Application Submitted, , , , , , , , , , , , , , , , , , , , , , , , , , , , , , , ,Xai,Jones-Robnett
2022 GWCF Scholarship Application,Submitted; Assigned,Application Submitted, , , , , , , , , , , , , , , , , , , , , , , , , , , , , , , ,Kentorra,Abila
2022 GWCF Scholarship Application,Submitted; Assigned; Assigned; Assigned; Assigned; Assigned; Assigned; Complete; Complete; Complete,Application Submitted, , , , , , , , , , , , , , , , , , , , , , , , , , , , , , , ,Karim,Niblet
2022 GWCF Scholarship Application,Submitted; Assigned,Application Submitted, , , , , , , , , , , , , , , , , , , , , , , , , , , , , , , ,Madison,Frandsen
2022 GWCF Scholarship Application,Complete; Assigned,Application Submitted, , , , , , , , , , , , , , , , , , , , , , , , , , , , , , , ,Emilio,Yao
2022 GWCF Scholarship Application,Submitted; Assigned,Application Submitted, , , , , , , , , , , , , , , , , , , , , , , , , , , , , , , ,Colette,Hazel
2022 GWCF Scholarship Application,Submitted; Assigned; Assigned; Assigned; Assigned; Assigned; Assigned; Complete; Complete; Complete; Complete; Complete,Application Submitted, , , , , , , , , , , , , , , , , , , , , , , , , , , ,University of Massachusetts at Amherst, , , ,Saajida,Costello
2022 GWCF Scholarship Application,Submitted; Assigned,Application Submitted, , , , , , , , , , , , , , , , , , , , , , , , , , , , , , , ,Davis,Townsend
2022 GWCF Scholarship Application,Complete; Assigned,Application Submitted, , , , , , , , , , , , , , , , , , , , , , , , , , , , , , , ,Abdul Noor,al-Kassem
2022 GWCF Scholarship Application,Submitted,Application Submitted, , , , , , , , , , , , , , , , , , , , , , , , , , , , , , , ,Ryann,Stiltner
2022 GWCF Scholarship Application,Complete; Assigned,Application Submitted, , , , , , , , , , , , , , , , , , , , , , , , , , , , , , , ,Khongmong,Mcneil
2022 GWCF Scholarship Application,Submitted; Assigned,Application Submitted, , , , , , , , , , , , , , , , , , , , , , , , , , , , , , , ,Mikala,el-Mir
2022 GWCF Scholarship Application,Submitted; Assigned,Application Submitted, , , , , , , , , , , , , , , , , , , , , , , , , , , , , , , ,Alisha,Dhakal
2022 GWCF Scholarship Application,Submitted; Assigned,Application Submitted, , , , , , , , , , , , , , , , , , , , , , , , , , , , , , , ,Mareeon,el-Laham
2022 GWCF Scholarship Application,Submitted; Assigned; Assigned; Complete; Complete; Complete; Complete; Complete; Complete,Application Submitted, , , , , , , , , , , , , , , , , , , , , , , , , , , ,Salem State University, , , ,Lavies,Um
2022 GWCF Scholarship Application,Submitted; Assigned; Assigned; Assigned; Assigned; Assigned,Application Submitted, , , , , , , , , , , , , , , , , , , , , , , , , , , , , , , ,Monique,Case
2022 GWCF Scholarship Application,Submitted; Assigned; Assigned; Assigned; Assigned; Assigned; Assigned; Assigned; Assigned; Assigned; Assigned,Application Submitted, , , , , , , , , , , , , , , , , , , , , , , , , , , , , , , ,Tione,Simmons
2022 GWCF Scholarship Application,Submitted; Assigned; Assigned; Assigned; Assigned; Assigned; Assigned,Application Submitted, , , , , , , , , , , , , , , , , , , , , , , , , , , , , , , ,Yadira,al-Ramadan
2022 GWCF Scholarship Application,Submitted; Assigned,Application Submitted, , , , , , , , , , , , , , , , , , , , , , , , , , , , , , , ,Azmi,Daly
2022 GWCF Scholarship Application,Submitted; Assigned; Assigned; Assigned; Assigned; Assigned; Assigned; Assigned; Assigned; Assigned; Assigned,Application Submitted, , , , , , , , , , , , , , , , , , , , , , , , , , , , , , , ,Phillips,Munn
2022 GWCF Scholarship Application,Submitted; Assigned; Assigned; Assigned; Assigned; Assigned; Complete; Complete; Complete,Application Submitted, , , , , , , , , , , , , , , , , , , , , , , , , , , , , , , ,Letyraial,Untalan
2022 GWCF Scholarship Application,Complete; Assigned,Application Submitted, , , , , , , , , , , , , , , , , , , , , , , , , , , , , , , ,Tione,Stott
2022 GWCF Scholarship Application,Submitted; Assigned; Assigned; Assigned; Assigned; Assigned; Assigned; Assigned,Application Submitted, , , , , , , , , , , , , , , , , , , , , , , , , , , , , , , ,Roderick,Bajwa
2022 GWCF Scholarship Application,Submitted; Assigned; Assigned; Assigned; Assigned; Assigned; Assigned; Assigned; Assigned; Assigned; Assigned; Assigned; Assigned; Assigned; Assigned; Assigned; Assigned; Assigned; Assigned; Assigned; Complete,Application Submitted, , , , , , , , , , , , , , , , , , , , , , , , , , , , , , , ,Alex,Joyner
2022 GWCF Scholarship Application,Submitted; Assigned; Assigned; Assigned; Assigned; Assigned,Application Submitted, , , , , , , , , , , , , , , , , , , , , , , , , , , , , , , ,Shakoora,Saidy
2022 GWCF Scholarship Application,Submitted; Assigned,Application Submitted, , , , , , , , , , , , , , , , , , , , , , , , , , , , , , , ,Adriea,Halliburton
2022 GWCF Scholarship Application,Complete; Assigned,Application Submitted, , , , , , , , , , , , , , , , , , , , , , , , , , , , , , , ,Najee,Munoz
2022 GWCF Scholarship Application,Submitted; Assigned; Assigned; Assigned; Assigned; Assigned; Assigned; Assigned; Assigned; Assigned; Complete,Application Submitted, , , , , , , , , , , , , , , , , , , , , , , , , , , , , , , ,Marqus,Daly
2022 GWCF Scholarship Application,Submitted; Assigned; Assigned; Assigned; Assigned; Assigned,Application Submitted, , , , , , , , , , , , , , , , , , , , , , , , , , , , , , , ,Keanna,Thapa
2022 GWCF Scholarship Application,Submitted; Assigned,Application Submitted, , , , , , , , , , , , , , , , , , , , , , , , , , , , , , , ,Kaalim,Urresti
2022 GWCF Scholarship Application,Submitted; Assigned; Assigned; Assigned; Assigned; Assigned; Assigned; Assigned,Application Submitted, , , , , , , , , , , , , , , , , , , , , , , , , , , , , , , ,Mishaari,Gustafson
2022 GWCF Scholarship Application,Submitted; Assigned; Assigned; Assigned; Assigned; Assigned; Assigned; Assigned; Assigned; Assigned; Assigned; Assigned; Complete; Complete; Complete; Complete; Complete; Assigned,Application Submitted, , , , , , , , , , , , , , , , , , , , , , , , , , , , , , , ,Alysha,Span
2022 GWCF Scholarship Application,Submitted; Assigned; Assigned; Assigned; Assigned; Assigned; Assigned; Assigned,Application Submitted, , , , , , , , , , , , , , , , , , , , , , , , , , , , , , , ,Emoni,Glenn-Bracey
2022 GWCF Scholarship Application,Submitted; Assigned,Application Submitted, , , , , , , , , , , , , , , , , , , , , , , , , , , , , , , ,Kent,Hillstrom
2022 GWCF Scholarship Application,Submitted; Assigned,Application Submitted, , , , , , , , , , , , , , , , , , , , , , , , , , , , , , , ,Yadira,Stansberry
2022 GWCF Scholarship Application,Submitted; Assigned; Assigned; Assigned; Assigned; Assigned; Assigned; Assigned; Assigned; Assigned; Assigned; Assigned; Assigned; Assigned; Assigned; Assigned; Assigned; Assigned; Assigned; Assigned; Assigned; Assigned; Assigned; Assigned; Complete,Application Submitted, , , , , , , , , , , , , , , , , , , , , , , , , , , , , , , ,Jorden,Wendelin
2022 GWCF Scholarship Application,Complete; Assigned,Application Submitted, , , , , , , , , , , , , , , , , , , , , , , , , , , , , , , ,Kabao,al-Farran
2022 GWCF Scholarship Application,Submitted; Assigned,Application Submitted, , , , , , , , , , , , , , , , , , , , , , , , , , , , , , , ,Teale,Brown
2022 GWCF Scholarship Application,Submitted,Application Submitted, , , , , , , , , , , , , , , , , , , , , , , , , , , , , , , ,Emilio,Hamid
2022 GWCF Scholarship Application,Submitted; Assigned; Assigned; Assigned; Assigned; Assigned; Assigned; Complete,Application Submitted, , , , , , , , , , , , , , , , , , , , , , , , , , , , , , , ,Yadira,Palmer
2022 GWCF Scholarship Application,Submitted; Assigned; Assigned; Assigned; Assigned; Assigned; Assigned; Assigned; Assigned; Assigned; Complete,Application Submitted, , , , , , , , , , , , , , , , , , , , , , , , , , , , , , , ,Qaasim,Mendiola
2022 GWCF Scholarship Application,Submitted; Assigned; Assigned; Assigned; Assigned; Assigned,Application Submitted, , , , , , , , , , , , , , , , , , , , , , , , , , , , , , , ,Shaunae,Renkel
2022 GWCF Scholarship Application,Submitted; Assigned; Assigned; Assigned; Assigned; Assigned; Assigned; Assigned,Application Submitted, , , , , , , , , , , , , , , , , , , , , , , , , , , , , , , ,Nuha,Crummett
2022 GWCF Scholarship Application,Submitted; Assigned; Assigned; Assigned; Assigned; Assigned; Complete,Application Submitted, , , , , , , , , , , , , , , , , , , , , , , , , , , , , , , ,Musheera,Folsom
2022 GWCF Scholarship Application,Submitted; Assigned,Application Submitted, , , , , , , , , , , , , , , , , , , , , , , , , , , , , , , ,Benjamin,Peacock
2022 GWCF Scholarship Application,Submitted; Assigned; Assigned; Assigned; Assigned; Assigned,Application Submitted, , , , , , , , , , , , , , , , , , , , , , , , , , , , , , , ,Vincente,Chacon Jr
2022 GWCF Scholarship Application,Submitted; Assigned; Assigned; Assigned; Assigned; Assigned; Assigned; Assigned; Assigned; Assigned; Assigned; Assigned; Assigned; Assigned; Assigned; Complete,Application Submitted, , , , , , , , , , , , , , , , , , , , , , , , , , , , , , , ,Natasha,Worker
2022 GWCF Scholarship Application,Complete; Assigned,Application Submitted, , , , , , , , , , , , , , , , , , , , , , , , , , , , , , , ,Shadi,el-Dib
2022 GWCF Scholarship Application,Submitted,Application Submitted, , , , , , , , , , , , , , , , , , , , , , , , , , , , , , , ,Cyra,Sauer
2022 GWCF Scholarship Application,Complete; Assigned,Application Submitted, , , , , , , , , , , , , , , , , , , , , , , , , , , , , , , ,Shaamikh,Bak
2022 GWCF Scholarship Application,Submitted; Assigned; Assigned; Assigned; Assigned; Assigned; Assigned; Assigned; Assigned; Complete,Application Submitted, , , , , , , , , , , , , , , , , , , , , , , , , , , , , , , ,Katherin,Bilal
2022 GWCF Scholarship Application,Submitted,Application Submitted, , , , , , , , , , , , , , , , , , , , , , , , , , , , , , , ,Dahlia,Degeorge
2022 GWCF Scholarship Application,Submitted; Assigned; Assigned; Assigned; Assigned; Assigned; Assigned; Assigned; Assigned; Assigned; Assigned; Assigned; Complete,Application Submitted, , , , , , , , , , , , , , , , , , , , , , , , , , , , , , , ,Jessiah,O'Malley
2022 GWCF Scholarship Application,Submitted; Assigned; Assigned; Complete,Application Submitted, , , , , , , , , , , , , , , , , , , , , , , , , , , , , , , ,Toryn,Johnson-Hayward
2022 GWCF Scholarship Application,Complete; Assigned,Application Submitted, , , , , , , , , , , , , , , , , , , , , , , , , , , , , , , ,Rahma,Cordero
2022 GWCF Scholarship Application,Complete; Assigned,Application Submitted, , , , , , , , , , , , , , , , , , , , , , , , , , , , , , , ,Craig,Spalsbury
2022 GWCF Scholarship Application,Submitted; Assigned,Application Submitted, , , , , , , , , , , , , , , , , , , , , , , , , , , , , , , ,Cormac,Rothey
2022 GWCF Scholarship Application,Submitted; Assigned,Application Submitted, , , , , , , , , , , , , , , , , , , , , , , , , , , , , , , ,Jennis,Jasper
2022 GWCF Scholarship Application,Submitted; Assigned,Application Submitted, , , , , , , , , , , , , , , , , , , , , , , , , , , , , , , ,Molly,Jasper
2022 GWCF Scholarship Application,Complete; Assigned,Application Submitted, , , , , , , , , , , , , , , , , , , , , , , , , , , , , , , ,Allegra,Trout
2022 GWCF Scholarship Application,Submitted; Assigned,Application Submitted, , , , , , , , , , , , , , , , , , , , , , , , , , , , , , , ,Ryker,Main
2022 GWCF Scholarship Application,Submitted; Assigned; Assigned; Assigned; Assigned; Assigned; Assigned,Application Submitted, , , , , , , , , , , , , , , , , , , , , , , , , , , , , , , ,Kelcee,Mitsuhashi
2022 GWCF Scholarship Application,Submitted; Assigned,Application Submitted, , , , , , , , , , , , , , , , , , , , , , , , , , , , , , , ,Kitana,Deden
2022 GWCF Scholarship Application,Submitted; Assigned,Application Submitted, , , , , , , , , , , , , , , , , , , , , , , , , , , , , , , ,Cheyane,Lalonde
2022 GWCF Scholarship Application,Submitted; Assigned; Assigned; Assigned; Assigned; Assigned; Assigned; Assigned; Assigned; Assigned; Assigned; Assigned; Assigned; Assigned; Assigned; Assigned; Complete,Application Submitted, , , , , , , , , , , , , , , , , , , , , , , , , , , , , , , ,Randy,el-Khalil
2022 GWCF Scholarship Application,Submitted,Application Submitted, , , , , , , , , , , , , , , , , , , , , , , , , , , , , , , ,"Jam,Aan",Houghton
2022 GWCF Scholarship Application,Submitted; Assigned,Application Submitted, , , , , , , , , , , , , , , , , , , , , , , , , , , , , , , ,Armonno,Field
2022 GWCF Scholarship Application,Complete; Assigned,Application Submitted, , , , , , , , , , , , , , , , , , , , , , , , , , , , , , , ,Barbra,Mikulic
2022 GWCF Scholarship Application,Submitted; Assigned,Application Submitted, , , , , , , , , , , , , , , , , , , , , , , , , , , , , , , ,Heroki,Baird
2022 GWCF Scholarship Application,Submitted; Assigned; Assigned; Assigned; Assigned; Assigned; Assigned; Assigned; Assigned; Assigned; Assigned; Assigned,Application Submitted, , , , , , , , , , , , , , , , , , , , , , , , , , , , , , , ,Ziyaad,Crespin
2022 GWCF Scholarship Application,Submitted; Assigned; Assigned; Assigned; Assigned; Assigned; Assigned; Assigned; Assigned; Assigned; Assigned; Assigned; Assigned; Complete,Application Submitted, , , , , , , , , , , , , , , , , , , , , , , , , , , , , , , ,Julia Isabel,Quintana Jr
2022 GWCF Scholarship Application,Submitted; Assigned; Assigned; Assigned; Assigned; Assigned; Assigned; Assigned; Assigned; Assigned; Assigned; Assigned; Assigned; Assigned; Complete,Application Submitted, , , , , , , , , , , , , , , , , , , , , , , , , , , , , , , ,Shawnia,Eriacho
2022 GWCF Scholarship Application,Submitted; Assigned,Application Submitted, , , , , , , , , , , , , , , , , , , , , , , , , , , , , , , ,Dustin,Jarvis
2022 GWCF Scholarship Application,Complete; Assigned; Assigned; Assigned; Assigned; Assigned; Assigned; Assigned; Complete,Application Submitted, , , , , , , , , , , , , , , , , , , , , , , , , , , , , , , ,Mahbooba,Hankins
2022 GWCF Scholarship Application,Submitted; Assigned; Assigned; Assigned; Assigned; Assigned; Assigned,Application Submitted, , , , , , , , , , , , , , , , , , , , , , , , , , , , , , , ,Abhaya,al-Maroun
2022 GWCF Scholarship Application,Submitted; Assigned,Application Submitted, , , , , , , , , , , , , , , , , , , , , , , , , , , , , , , ,Davis,Halaseh
2022 GWCF Scholarship Application,Submitted; Assigned; Assigned; Assigned; Assigned; Assigned,Application Submitted, , , , , , , , , , , , , , , , , , , , , , , , , , , , , , , ,Emilio,Honstein
2022 GWCF Scholarship Application,Submitted; Assigned,Application Submitted, , , , , , , , , , , , , , , , , , , , , , , , , , , , , , , ,Russell,Henz
2022 GWCF Scholarship Application,Submitted; Assigned,Application Submitted, , , , , , , , , , , , , , , , , , , , , , , , , , , , , , , ,Maajid,Granillo
2022 GWCF Scholarship Application,Submitted; Assigned,Application Submitted, , , , , , , , , , , , , , , , , , , , , , , , , , , , , , , ,Karlos,Siren
2022 GWCF Scholarship Application,Submitted; Assigned; Assigned; Assigned; Assigned; Assigned; Complete; Complete; Complete; Complete; Complete; Complete,Application Submitted, , , , , , , , , , , , , , , , , , , , , , , , , , , ,Pacific University, , , ,Shayla,Ishii
2022 GWCF Scholarship Application,Submitted; Assigned,Application Submitted, , , , , , , , , , , , , , , , , , , , , , , , , , , , , , , ,Curtis,Yeturu
2022 GWCF Scholarship Application,Complete; Assigned; Assigned; Assigned; Assigned; Assigned; Assigned; Assigned; Assigned; Assigned; Assigned; Assigned; Complete,Application Submitted, , , , , , , , , , , , , , , , , , , , , , , , , , , , , , , ,Sitaara,Amgalanbayar
2022 GWCF Scholarship Application,Submitted; Assigned,Application Submitted, , , , , , , , , , , , , , , , , , , , , , , , , , , , , , , ,Zaamil,Oliva
2022 GWCF Scholarship Application,Submitted; Assigned; Assigned; Assigned; Assigned; Assigned; Assigned; Assigned; Assigned,Application Submitted, , , , , , , , , , , , , , , , , , , , , , , , , , , , , , , ,Isela,el-Jaffer
2022 GWCF Scholarship Application,Submitted; Assigned; Assigned; Assigned; Assigned; Assigned,Application Submitted, , , , , , , , , , , , , , , , , , , , , , , , , , , , , , , ,Sydnee,el-Assaf
2022 GWCF Scholarship Application,Submitted; Assigned; Assigned; Assigned; Assigned; Assigned; Complete,Application Submitted, , , , , , , , , , , , , , , , , , , , , , , , , , , , , , , ,Tione,Huh
2022 GWCF Scholarship Application,Complete; Assigned; Assigned; Assigned; Assigned; Assigned; Assigned; Complete,Application Submitted, , , , , , , , , , , , , , , , , , , , , , , , , , , , , , , ,Ashanti,Punzal
2022 GWCF Scholarship Application,Submitted; Assigned; Assigned; Assigned; Assigned; Assigned; Assigned,Application Submitted, , , , , , , , , , , , , , , , , , , , , , , , , , , , , , , ,"Jam,Aan",Largo
2022 GWCF Scholarship Application,Submitted; Assigned; Assigned; Assigned; Assigned; Assigned; Assigned; Assigned; Complete,Application Submitted, , , , , , , , , , , , , , , , , , , , , , , , , , , , , , , ,Jessiah,Otgontulga
2022 GWCF Scholarship Application,Submitted; Assigned; Assigned; Assigned; Assigned; Assigned; Assigned; Complete,Application Submitted, , , , , , , , , , , , , , , , , , , , , , , , , , , , , , , ,Gericko,Stoops
2022 GWCF Scholarship Application,Submitted; Assigned; Assigned; Assigned; Assigned; Assigned; Assigned; Assigned; Assigned,Application Submitted, , , , , , , , , , , , , , , , , , , , , , , , , , , , , , , ,Haibaa,Grant
2022 GWCF Scholarship Application,Submitted; Assigned,Application Submitted, , , , , , , , , , , , , , , , , , , , , , , , , , , , , , , ,Kabowd,al-Sahli
2022 GWCF Scholarship Application,Complete; Assigned,Application Submitted, , , , , , , , , , , , , , , , , , , , , , , , , , , , , , , ,Tashavay,Santio
2022 GWCF Scholarship Application,Submitted; Assigned; Assigned; Assigned; Assigned; Assigned; Assigned; Assigned; Assigned; Assigned; Assigned; Assigned; Assigned,Application Submitted, , , , , , , , , , , , , , , , , , , , , , , , , , , , , , , ,Sushmita,Berumen
2022 GWCF Scholarship Application,Submitted,Application Submitted, , , , , , , , , , , , , , , , , , , , , , , , , , , , , , , ,Heroki,Liggitt
2022 GWCF Scholarship Application,Submitted; Assigned; Assigned; Assigned; Assigned; Assigned; Assigned; Assigned; Assigned; Assigned; Assigned; Complete,Application Submitted, , , , , , , , , , , , , , , , , , , , , , , , , , , , , , , ,Carina,Phonthongsy
2022 GWCF Scholarship Application,Submitted; Assigned,Application Submitted, , , , , , , , , , , , , , , , , , , , , , , , , , , , , , , ,Sam,Dorrance
2022 GWCF Scholarship Application,Submitted; Assigned; Assigned; Assigned; Assigned; Assigned; Assigned; Assigned; Assigned; Complete,Application Submitted, , , , , , , , , , , , , , , , , , , , , , , , , , , , , , , ,Ricky,Reeder
2022 GWCF Scholarship Application,Complete; Assigned; Assigned; Assigned; Assigned; Assigned; Assigned; Assigned; Assigned; Assigned; Assigned; Assigned; Assigned; Complete; Complete; Complete; Complete; Complete; Complete,Application Submitted, , , , , , , , , , , , , , , , , , , , , , , , , , , ,College of the Holy Cross, , , ,Wisaam,Hunnell
2022 GWCF Scholarship Application,Complete; Assigned,Application Submitted, , , , , , , , , , , , , , , , , , , , , , , , , , , , , , , ,Yesenia,el-Burki
2022 GWCF Scholarship Application,Submitted; Assigned; Assigned; Assigned; Assigned; Assigned; Assigned; Assigned; Assigned; Assigned; Assigned; Assigned,Application Submitted, , , , , , , , , , , , , , , , , , , , , , , , , , , , , , , ,Qaasim,Boddiger
2022 GWCF Scholarship Application,Submitted; Assigned,Application Submitted, , , , , , , , , , , , , , , , , , , , , , , , , , , , , , , ,My,el-Irani
2022 GWCF Scholarship Application,Submitted; Assigned,Application Submitted, , , , , , , , , , , , , , , , , , , , , , , , , , , , , , , ,Greggory,Martzloff
2022 GWCF Scholarship Application,Submitted; Assigned,Application Submitted, , , , , , , , , , , , , , , , , , , , , , , , , , , , , , , ,Nabeeh,Michaelkovich
2022 GWCF Scholarship Application,Submitted; Assigned,Application Submitted, , , , , , , , , , , , , , , , , , , , , , , , , , , , , , , ,Rani,Mose
2022 GWCF Scholarship Application,Complete; Assigned,Application Submitted, , , , , , , , , , , , , , , , , , , , , , , , , , , , , , , ,Aiyana,Aquiningoc
2022 GWCF Scholarship Application,Submitted; Assigned; Assigned; Assigned; Assigned; Assigned; Assigned,Application Submitted, , , , , , , , , , , , , , , , , , , , , , , , , , , , , , , ,Carina,Rutherford
2022 GWCF Scholarship Application,Submitted; Assigned,Application Submitted, , , , , , , , , , , , , , , , , , , , , , , , , , , , , , , ,Picabo,al-Zaman
2022 GWCF Scholarship Application,Submitted; Assigned; Assigned; Assigned; Assigned; Assigned; Assigned; Assigned,Application Submitted, , , , , , , , , , , , , , , , , , , , , , , , , , , , , , , ,K'Sandra,al-Afzal
2022 GWCF Scholarship Application,Submitted; Assigned,Application Submitted, , , , , , , , , , , , , , , , , , , , , , , , , , , , , , , ,Treamon,Pammant
2022 GWCF Scholarship Application,Submitted; Assigned; Assigned; Assigned; Assigned; Assigned; Assigned; Complete; Complete; Complete; Complete; Complete; Complete,Application Submitted, , , , , , , , , , , , , , , , , , , , , , , , , , , ,University of Massachusetts at Amherst, , , ,Qaasim,Copeland
2022 GWCF Scholarship Application,Complete; Assigned; Assigned; Assigned; Assigned; Assigned; Assigned; Assigned; Assigned; Assigned; Assigned; Assigned; Assigned; Assigned; Complete,Application Submitted, , , , , , , , , , , , , , , , , , , , , , , , , , , , , , , ,Obdulia,Jacobs
2022 GWCF Scholarship Application,Complete; Assigned,Application Submitted, , , , , , , , , , , , , , , , , , , , , , , , , , , , , , , ,Emilio,Narciso Salgado
2022 GWCF Scholarship Application,Complete; Assigned,Application Submitted, , , , , , , , , , , , , , , , , , , , , , , , , , , , , , , ,"Jam,Aan",Ross-Whittiker
2022 GWCF Scholarship Application,Submitted,Application Submitted, , , , , , , , , , , , , , , , , , , , , , , , , , , , , , , ,Kent,al-Elbaz
2022 GWCF Scholarship Application,Submitted; Assigned; Assigned; Assigned; Assigned; Assigned; Assigned; Assigned; Assigned; Assigned; Assigned; Assigned; Assigned; Complete,Application Submitted, , , , , , , , , , , , , , , , , , , , , , , , , , , , , , , ,Kristie,Gregg
2022 GWCF Scholarship Application,Submitted; Assigned,Application Submitted, , , , , , , , , , , , , , , , , , , , , , , , , , , , , , , ,Toryn,el-Ashraf
2022 GWCF Scholarship Application,Complete; Assigned,Application Submitted, , , , , , , , , , , , , , , , , , , , , , , , , , , , , , , ,Arlinda,English
2022 GWCF Scholarship Application,Complete; Assigned,Application Submitted, , , , , , , , , , , , , , , , , , , , , , , , , , , , , , , ,Roderick,Oldham
2022 GWCF Scholarship Application,Submitted; Assigned,Application Submitted, , , , , , , , , , , , , , , , , , , , , , , , , , , , , , , ,Weston,Valles
2022 GWCF Scholarship Application,Submitted; Assigned,Application Submitted, , , , , , , , , , , , , , , , , , , , , , , , , , , , , , , ,Idrianna,el-Kader
2022 GWCF Scholarship Application,Submitted; Assigned,Application Submitted, , , , , , , , , , , , , , , , , , , , , , , , , , , , , , , ,Izaak,el-Chahine
2022 GWCF Scholarship Application,Submitted; Assigned,Application Submitted, , , , , , , , , , , , , , , , , , , , , , , , , , , , , , , ,Azhaar,Dewberry
2022 GWCF Scholarship Application,Submitted,Application Submitted, , , , , , , , , , , , , , , , , , , , , , , , , , , , , , , ,Maya,Balderas Rivera
2022 GWCF Scholarship Application,Submitted,Application Submitted, , , , , , , , , , , , , , , , , , , , , , , , , , , , , , , ,Alvina,Plummer
2022 GWCF Scholarship Application,Submitted; Assigned,Application Submitted, , , , , , , , , , , , , , , , , , , , , , , , , , , , , , , ,Starla,Yohannes
2022 GWCF Scholarship Application,Submitted; Assigned; Assigned; Assigned; Assigned; Assigned; Assigned; Assigned; Assigned; Assigned; Complete,Application Submitted, , , , , , , , , , , , , , , , , , , , , , , , , , , , , , , ,Saami,Mcgee
2022 GWCF Scholarship Application,Submitted,Application Submitted, , , , , , , , , , , , , , , , , , , , , , , , , , , , , , , ,Alex,Hopson
2022 GWCF Scholarship Application,Complete; Assigned,Application Submitted, , , , , , , , , , , , , , , , , , , , , , , , , , , , , , , ,Waleed,Mahamud
2022 GWCF Scholarship Application,Complete; Assigned,Application Submitted, , , , , , , , , , , , , , , , , , , , , , , , , , , , , , , ,Xiao Yun,al-Malik
2022 GWCF Scholarship Application,Submitted; Assigned,Application Submitted, , , , , , , , , , , , , , , , , , , , , , , , , , , , , , , ,Johnny,Acosta
2022 GWCF Scholarship Application,Submitted; Assigned; Assigned; Assigned; Assigned,Application Submitted, , , , , , , , , , , , , , , , , , , , , , , , , , , , , , , ,Myneshia,Koskovich
2022 GWCF Scholarship Application,Submitted; Assigned,Application Submitted, , , , , , , , , , , , , , , , , , , , , , , , , , , , , , , ,Crissela,Rosales-Bass
2022 GWCF Scholarship Application,Complete; Assigned,Application Submitted, , , , , , , , , , , , , , , , , , , , , , , , , , , , , , , ,Cheyane,Tran-Hoang
2022 GWCF Scholarship Application,Submitted; Assigned; Assigned; Assigned; Assigned; Assigned; Assigned; Assigned; Assigned; Assigned; Assigned,Application Submitted, , , , , , , , , , , , , , , , , , , , , , , , , , , , , , , ,Adiam,Babcock
2022 GWCF Scholarship Application,Submitted; Assigned,Application Submitted, , , , , , , , , , , , , , , , , , , , , , , , , , , , , , , ,Russell,Murrish
2022 GWCF Scholarship Application,Complete; Assigned; Assigned; Assigned; Assigned; Assigned; Assigned; Assigned,Application Submitted, , , , , , , , , , , , , , , , , , , , , , , , , , , , , , , ,Kameel,Jahner
2022 GWCF Scholarship Application,Submitted,Application Submitted, , , , , , , , , , , , , , , , , , , , , , , , , , , , , , , ,Harrison,Carbajal Zubiate
2022 GWCF Scholarship Application,Complete; Assigned; Assigned; Assigned; Assigned; Assigned; Assigned,Application Submitted, , , , , , , , , , , , , , , , , , , , , , , , , , , , , , , ,Kristian,Ball
2022 GWCF Scholarship Application,Submitted; Assigned; Assigned; Assigned; Assigned; Assigned; Assigned; Assigned; Complete,Application Submitted, , , , , , , , , , , , , , , , , , , , , , , , , , , , , , , ,Qaasim,Van Lue
2022 GWCF Scholarship Application,Submitted,Application Submitted, , , , , , , , , , , , , , , , , , , , , , , , , , , , , , , ,Sterling,Britton
2022 GWCF Scholarship Application,Complete; Assigned,Application Submitted, , , , , , , , , , , , , , , , , , , , , , , , , , , , , , , ,Abdul Khaliq,Kuhlmann Kazay
2022 GWCF Scholarship Application,Submitted; Assigned,Application Submitted, , , , , , , , , , , , , , , , , , , , , , , , , , , , , , , ,Olivya,al-Samad
2022 GWCF Scholarship Application,Submitted; Assigned,Application Submitted, , , , , , , , , , , , , , , , , , , , , , , , , , , , , , , ,Carina,Springfield
2022 GWCF Scholarship Application,Submitted; Assigned,Application Submitted, , , , , , , , , , , , , , , , , , , , , , , , , , , , , , , ,Norma,Lau
2022 GWCF Scholarship Application,Submitted; Assigned; Assigned; Assigned; Assigned; Assigned; Assigned; Complete; Complete; Complete; Complete; Complete; Complete,Application Submitted, , , , , , , , , , , , , , , , , , , , , , , , , , , ,Tuskegee University, , , ,Nooriyya,al-Kanan
2022 GWCF Scholarship Application,Submitted; Assigned,Application Submitted, , , , , , , , , , , , , , , , , , , , , , , , , , , , , , , ,Imtinaan,Sukkum
2022 GWCF Scholarship Application,Submitted; Assigned; Assigned; Assigned; Assigned; Assigned; Assigned; Assigned; Assigned; Assigned; Assigned; Assigned; Assigned; Assigned; Assigned; Assigned; Assigned; Assigned; Assigned; Complete,Application Submitted, , , , , , , , , , , , , , , , , , , , , , , , , , , , , , , ,Emmanuel,Ginsberg
2022 GWCF Scholarship Application,Submitted; Assigned; Assigned; Assigned; Assigned; Assigned; Assigned; Assigned; Assigned; Assigned; Assigned; Complete; Complete; Complete; Complete; Complete; Complete,Application Submitted, , , , , , , , , , , , , , , , , , , , , , , , , , , ,University of Connecticut, , , ,Trent,Anthony
2022 GWCF Scholarship Application,Complete; Assigned,Application Submitted, , , , , , , , , , , , , , , , , , , , , , , , , , , , , , , ,Gabrielle,Teske
2022 GWCF Scholarship Application,Submitted; Assigned,Application Submitted, , , , , , , , , , , , , , , , , , , , , , , , , , , , , , , ,Vincente,Melgares
2022 GWCF Scholarship Application,Submitted; Assigned; Assigned; Assigned; Assigned; Assigned; Assigned; Complete; Complete; Complete; Complete; Complete; Complete,Application Submitted, , , , , , , , , , , , , , , , , , , , , , , , , , , ,University of Massachusetts at Amherst, , , ,Haaroon,Ramos-Rangel
2022 GWCF Scholarship Application,Submitted; Assigned,Application Submitted, , , , , , , , , , , , , , , , , , , , , , , , , , , , , , , ,Larae,Bachler
2022 GWCF Scholarship Application,Submitted; Assigned,Application Submitted, , , , , , , , , , , , , , , , , , , , , , , , , , , , , , , ,Ronnie,Kijprachakorn
2022 GWCF Scholarship Application,Submitted; Assigned; Assigned; Assigned; Assigned; Assigned; Assigned; Assigned; Assigned; Assigned; Assigned,Application Submitted, , , , , , , , , , , , , , , , , , , , , , , , , , , , , , , ,Salena,Tisthammer
2022 GWCF Scholarship Application,Complete; Assigned,Application Submitted, , , , , , , , , , , , , , , , , , , , , , , , , , , , , , , ,Deondrey,Anchondo
2022 GWCF Scholarship Application,Submitted; Assigned,Application Submitted, , , , , , , , , , , , , , , , , , , , , , , , , , , , , , , ,Picabo,Skyhorse
2022 GWCF Scholarship Application,Submitted; Assigned,Application Submitted, , , , , , , , , , , , , , , , , , , , , , , , , , , , , , , ,Jamarian,Ham
2022 GWCF Scholarship Application,Submitted; Assigned; Assigned; Complete,Application Submitted, , , , , , , , , , , , , , , , , , , , , , , , , , , , , , , ,Khanh,al-Wali
2022 GWCF Scholarship Application,Submitted; Assigned,Application Submitted, , , , , , , , , , , , , , , , , , , , , , , , , , , , , , , ,Cole,Jefferson
2022 GWCF Scholarship Application,Complete; Assigned; Assigned; Assigned; Assigned; Assigned; Assigned,Application Submitted, , , , , , , , , , , , , , , , , , , , , , , , , , , , , , , ,Ignacio,Makaiwi
2022 GWCF Scholarship Application,Submitted; Assigned,Application Submitted, , , , , , , , , , , , , , , , , , , , , , , , , , , , , , , ,Jonet,el-Rahmani
2022 GWCF Scholarship Application,Complete; Assigned; Assigned; Assigned; Assigned; Assigned; Assigned; Assigned; Assigned,Application Submitted, , , , , , , , , , , , , , , , , , , , , , , , , , , , , , , ,Jimmy,Morris
2022 GWCF Scholarship Application,Submitted; Assigned,Application Submitted, , , , , , , , , , , , , , , , , , , , , , , , , , , , , , , ,Daizha,Caldwell-Kentris
2022 GWCF Scholarship Application,Submitted; Assigned,Application Submitted, , , , , , , , , , , , , , , , , , , , , , , , , , , , , , , ,Reyna,Asuega
2022 GWCF Scholarship Application,Submitted; Assigned; Assigned; Assigned; Assigned; Assigned; Assigned; Assigned; Complete,Application Submitted, , , , , , , , , , , , , , , , , , , , , , , , , , , , , , , ,Anjel,el-Sesay
2022 GWCF Scholarship Application,Submitted; Assigned,Application Submitted, , , , , , , , , , , , , , , , , , , , , , , , , , , , , , , ,Joy,Schuette
2022 GWCF Scholarship Application,Complete; Assigned,Application Submitted, , , , , , , , , , , , , , , , , , , , , , , , , , , , , , , ,Taeler,al-Sheikh
2022 GWCF Scholarship Application,Submitted; Assigned; Assigned; Complete,Application Submitted, , , , , , , , , , , , , , , , , , , , , , , , , , , , , , , ,Armonno,Mesa
2022 GWCF Scholarship Application,Complete; Assigned,Application Submitted, , , , , , , , , , , , , , , , , , , , , , , , , , , , , , , ,Lexis,al-Shariff
2022 GWCF Scholarship Application,Submitted; Assigned; Assigned; Assigned; Assigned; Assigned; Assigned; Assigned; Assigned; Assigned; Assigned; Assigned; Assigned; Assigned; Assigned; Complete,Application Submitted, , , , , , , , , , , , , , , , , , , , , , , , , , , , , , , ,Awda,Dionese
2022 GWCF Scholarship Application,Submitted; Assigned; Assigned; Assigned; Assigned; Assigned,Application Submitted, , , , , , , , , , , , , , , , , , , , , , , , , , , , , , , ,Mujaahida,Palacios
2022 GWCF Scholarship Application,Complete; Assigned,Application Submitted, , , , , , , , , , , , , , , , , , , , , , , , , , , , , , , ,Talia,Perkins
2022 GWCF Scholarship Application,Submitted,Application Submitted, , , , , , , , , , , , , , , , , , , , , , , , , , , , , , , ,Najimah,Otgontulga
2022 GWCF Scholarship Application,Complete; Assigned; Assigned; Assigned; Assigned; Assigned; Assigned; Complete,Application Submitted, , , , , , , , , , , , , , , , , , , , , , , , , , , , , , , ,Alizah,Carrasco Faudoa
2022 GWCF Scholarship Application,Complete; Assigned,Application Submitted, , , , , , , , , , , , , , , , , , , , , , , , , , , , , , , ,Monique,Hurd
2022 GWCF Scholarship Application,Submitted; Assigned; Assigned; Assigned; Assigned; Assigned; Assigned; Assigned; Assigned; Assigned; Assigned; Assigned; Complete; Complete; Complete; Complete; Complete; Complete,Application Submitted, , , , , , , , , , , , , , , , , , , , , , , , , , , ,Marymount University, , , ,Katelyn,Evison
2022 GWCF Scholarship Application,Submitted; Assigned; Assigned; Assigned; Assigned; Assigned; Assigned; Assigned; Assigned; Assigned; Assigned; Complete,Application Submitted, , , , , , , , , , , , , , , , , , , , , , , , , , , , , , , ,Melyzjah,Fresques
2022 GWCF Scholarship Application,Submitted; Assigned; Assigned; Assigned; Assigned; Assigned; Assigned; Assigned; Complete; Complete; Complete; Complete; Complete; Complete,Application Submitted, , , , , , , , , , , , , , , , , , , , , , , , , , , ,MCPHS University, , , ,Dahab,Heaton
2022 GWCF Scholarship Application,Complete; Assigned,Application Submitted, , , , , , , , , , , , , , , , , , , , , , , , , , , , , , , ,Corissa,Dickinson
2022 GWCF Scholarship Application,Submitted; Assigned; Assigned; Assigned; Assigned; Assigned; Assigned; Assigned; Complete; Complete; Complete; Complete; Complete,Application Submitted, , , , , , , , , , , , , , , , , , , , , , , , , , , , , , , ,Alexxis,Vollrath
2022 GWCF Scholarship Application,Submitted; Assigned; Assigned; Assigned; Assigned; Assigned; Assigned; Assigned; Assigned; Assigned; Assigned; Assigned; Assigned; Assigned; Complete,Application Submitted, , , , , , , , , , , , , , , , , , , , , , , , , , , , , , , ,Nabeel,Dye
2022 GWCF Scholarship Application,Submitted; Assigned,Application Submitted, , , , , , , , , , , , , , , , , , , , , , , , , , , , , , , ,Sushmita,Tennell
2022 GWCF Scholarship Application,Submitted; Assigned,Application Submitted, , , , , , , , , , , , , , , , , , , , , , , , , , , , , , , ,Monique,al-Amer
2022 GWCF Scholarship Application,Submitted; Assigned; Assigned; Assigned; Assigned; Assigned; Assigned; Assigned; Assigned; Complete,Application Submitted, , , , , , , , , , , , , , , , , , , , , , , , , , , , , , , ,Najeem,Dionese
2022 GWCF Scholarship Application,Submitted; Assigned; Assigned; Assigned; Assigned; Assigned; Assigned; Assigned; Complete,Application Submitted, , , , , , , , , , , , , , , , , , , , , , , , , , , , , , , ,Shabeeba,al-Obeid
2022 GWCF Scholarship Application,Complete; Assigned; Assigned; Assigned; Assigned; Assigned; Assigned,Application Submitted, , , , , , , , , , , , , , , , , , , , , , , , , , , , , , , ,Madison,Ghebre
2022 GWCF Scholarship Application,Complete; Assigned; Assigned; Assigned; Assigned; Assigned; Assigned,Application Submitted, , , , , , , , , , , , , , , , , , , , , , , , , , , , , , , ,Erik,Tat
2022 GWCF Scholarship Application,Submitted; Assigned,Application Submitted, , , , , , , , , , , , , , , , , , , , , , , , , , , , , , , ,Taeler,Ho
2022 GWCF Scholarship Application,Complete; Assigned,Application Submitted, , , , , , , , , , , , , , , , , , , , , , , , , , , , , , , ,Shajee'a,Ye
2022 GWCF Scholarship Application,Submitted; Assigned,Application Submitted, , , , , , , , , , , , , , , , , , , , , , , , , , , , , , , ,Heroki,Yoshimura
2022 GWCF Scholarship Application,Submitted; Assigned; Assigned; Assigned; Assigned; Assigned; Assigned; Complete; Complete; Complete; Complete; Complete; Complete; Complete,Application Submitted, , , , , , , , , , , , , , , , , , , , , , , , , , , ,Endicott College, , , ,Zaamil,Peterman
2022 GWCF Scholarship Application,Complete; Assigned,Application Submitted, , , , , , , , , , , , , , , , , , , , , , , , , , , , , , , ,Xai,Lamar
2022 GWCF Scholarship Application,Submitted; Assigned; Assigned; Assigned; Assigned; Assigned; Assigned; Assigned; Assigned; Assigned; Assigned; Assigned; Assigned; Assigned; Complete; Complete; Complete; Complete; Complete; Complete,Application Submitted, , , , , , , , , , , , , , , , , , , , , , , , , , , ,Harvard University, , , ,Rachael,Joiner
2022 GWCF Scholarship Application,Submitted; Assigned; Assigned; Assigned; Assigned; Assigned; Assigned; Assigned; Assigned; Assigned,Application Submitted, , , , , , , , , , , , , , , , , , , , , , , , , , , , , , , ,Mareeon,Field
2022 GWCF Scholarship Application,Submitted; Assigned; Assigned; Assigned; Assigned; Assigned,Application Submitted, , , , , , , , , , , , , , , , , , , , , , , , , , , , , , , ,Farhaana,Galvan
2022 GWCF Scholarship Application,Submitted; Assigned,Application Submitted, , , , , , , , , , , , , , , , , , , , , , , , , , , , , , , ,Jonet,Lujan
2022 GWCF Scholarship Application,Submitted; Assigned,Application Submitted, , , , , , , , , , , , , , , , , , , , , , , , , , , , , , , ,Kent,Aranda
2022 GWCF Scholarship Application,Submitted; Assigned; Assigned; Assigned; Assigned,Application Submitted, , , , , , , , , , , , , , , , , , , , , , , , , , , , , , , ,Trina,el-Nagi
2022 GWCF Scholarship Application,Submitted; Assigned,Application Submitted, , , , , , , , , , , , , , , , , , , , , , , , , , , , , , , ,Sheena,Holladay
2022 GWCF Scholarship Application,Complete; Assigned,Application Submitted, , , , , , , , , , , , , , , , , , , , , , , , , , , , , , , ,Obdulia,York
2022 GWCF Scholarship Application,Submitted; Assigned,Application Submitted, , , , , , , , , , , , , , , , , , , , , , , , , , , , , , , ,Ilea,al-Ahsan
2022 GWCF Scholarship Application,Complete; Assigned,Application Submitted, , , , , , , , , , , , , , , , , , , , , , , , , , , , , , , ,Xai,Clardy
2022 GWCF Scholarship Application,Complete; Assigned,Application Submitted, , , , , , , , , , , , , , , , , , , , , , , , , , , , , , , ,Felicia,Leyva
2022 GWCF Scholarship Application,Submitted,Application Submitted, , , , , , , , , , , , , , , , , , , , , , , , , , , , , , , ,Shafeeq,Higinbotham
2022 GWCF Scholarship Application,Submitted; Assigned; Assigned; Assigned; Assigned; Assigned; Assigned; Complete; Complete; Complete; Complete; Complete; Complete,Application Submitted, , , , , , , , , , , , , , , , , , , , , , , , , , , ,University of Massachusetts at Amherst, , , ,Cheyane,Doh
2022 GWCF Scholarship Application,Submitted; Assigned; Assigned; Assigned; Assigned; Assigned; Assigned; Assigned; Assigned; Assigned; Assigned,Application Submitted, , , , , , , , , , , , , , , , , , , , , , , , , , , , , , , ,Angelika,el-Saab
2022 GWCF Scholarship Application,Submitted; Assigned,Application Submitted, , , , , , , , , , , , , , , , , , , , , , , , , , , , , , , ,Kent,Gonzales
2022 GWCF Scholarship Application,Submitted; Assigned,Application Submitted, , , , , , , , , , , , , , , , , , , , , , , , , , , , , , , ,Keanu,Abfalter
2022 GWCF Scholarship Application,Submitted; Assigned,Application Submitted, , , , , , , , , , , , , , , , , , , , , , , , , , , , , , , ,Sarah,el-Fadel
2022 GWCF Scholarship Application,Complete; Assigned,Application Submitted, , , , , , , , , , , , , , , , , , , , , , , , , , , , , , , ,Marshall,Gavino
2022 GWCF Scholarship Application,Submitted; Assigned,Application Submitted, , , , , , , , , , , , , , , , , , , , , , , , , , , , , , , ,Tiandrea,Mathys
2022 GWCF Scholarship Application,Submitted; Assigned,Application Submitted, , , , , , , , , , , , , , , , , , , , , , , , , , , , , , , ,Daizha,Fryer
2022 GWCF Scholarship Application,Submitted; Assigned,Application Submitted, , , , , , , , , , , , , , , , , , , , , , , , , , , , , , , ,Katherin,Beyale
2022 GWCF Scholarship Application,Submitted; Assigned; Assigned; Complete,Application Submitted, , , , , , , , , , , , , , , , , , , , , , , , , , , , , , , ,Heroki,Absher
2022 GWCF Scholarship Application,Submitted; Assigned,Application Submitted, , , , , , , , , , , , , , , , , , , , , , , , , , , , , , , ,Samira,Schwartz
2022 GWCF Scholarship Application,Complete; Assigned,Application Submitted, , , , , , , , , , , , , , , , , , , , , , , , , , , , , , , ,Angel,el-Ghazi
2022 GWCF Scholarship Application,Submitted; Assigned; Assigned; Assigned; Assigned; Assigned; Assigned,Application Submitted, , , , , , , , , , , , , , , , , , , , , , , , , , , , , , , ,Souphakone,Woodard
2022 GWCF Scholarship Application,Submitted; Assigned,Application Submitted, , , , , , , , , , , , , , , , , , , , , , , , , , , , , , , ,Kennedy,el-Mahdi
2022 GWCF Scholarship Application,Submitted; Assigned,Application Submitted, , , , , , , , , , , , , , , , , , , , , , , , , , , , , , , ,Saood,al-Eid
2022 GWCF Scholarship Application,Submitted; Assigned; Assigned; Complete; Complete; Complete; Complete; Complete; Complete,Application Submitted, , , , , , , , , , , , , , , , , , , , , , , , , , , ,University of Massachusetts at Amherst, , , ,Shakoora,Kunimune
2022 GWCF Scholarship Application,Complete; Assigned; Assigned; Complete,Application Submitted, , , , , , , , , , , , , , , , , , , , , , , , , , , , , , , ,Whitnie,el-Bari
2022 GWCF Scholarship Application,Submitted; Assigned; Assigned; Assigned; Assigned; Assigned; Assigned,Application Submitted, , , , , , , , , , , , , , , , , , , , , , , , , , , , , , , ,Alex,Xiang
2022 GWCF Scholarship Application,Submitted; Assigned; Assigned; Assigned; Assigned; Assigned; Assigned; Assigned; Assigned,Application Submitted, , , , , , , , , , , , , , , , , , , , , , , , , , , , , , , ,Trina,Otgontulga
2022 GWCF Scholarship Application,Submitted,Application Submitted, , , , , , , , , , , , , , , , , , , , , , , , , , , , , , , ,Janay,Depperman
2022 GWCF Scholarship Application,Submitted; Assigned; Assigned; Assigned; Assigned; Assigned; Complete,Application Submitted, , , , , , , , , , , , , , , , , , , , , , , , , , , , , , , ,Aasim,Nash
2022 GWCF Scholarship Application,Submitted; Assigned,Application Submitted, , , , , , , , , , , , , , , , , , , , , , , , , , , , , , , ,Fuaad,Hoshmand
2022 GWCF Scholarship Application,Complete; Assigned,Application Submitted, , , , , , , , , , , , , , , , , , , , , , , , , , , , , , , ,Khongmong,Amgalanbayar
2022 GWCF Scholarship Application,Complete; Assigned,Application Submitted, , , , , , , , , , , , , , , , , , , , , , , , , , , , , , , ,Hilario,Secrist
2022 GWCF Scholarship Application,Submitted; Assigned,Application Submitted, , , , , , , , , , , , , , , , , , , , , , , , , , , , , , , ,Keyahna,Safar
2022 GWCF Scholarship Application,Complete; Assigned,Application Submitted, , , , , , , , , , , , , , , , , , , , , , , , , , , , , , , ,Jeffery,al-Naqvi
2022 GWCF Scholarship Application,Submitted; Assigned,Application Submitted, , , , , , , , , , , , , , , , , , , , , , , , , , , , , , , ,Jeremy,Covington
2022 GWCF Scholarship Application,Submitted; Assigned,Application Submitted, , , , , , , , , , , , , , , , , , , , , , , , , , , , , , , ,Thamra,Ryen
2022 GWCF Scholarship Application,Submitted; Assigned; Assigned; Assigned; Assigned; Assigned; Assigned; Complete; Complete; Complete; Complete,Application Submitted, , , , , , , , , , , , , , , , , , , , , , , , , , , ,Worcester Polytechnic Institute, , , ,Mubeena,Magwood
2022 GWCF Scholarship Application,Submitted; Assigned,Application Submitted, , , , , , , , , , , , , , , , , , , , , , , , , , , , , , , ,Junaid,Woo
2022 GWCF Scholarship Application,Submitted; Assigned,Application Submitted, , , , , , , , , , , , , , , , , , , , , , , , , , , , , , , ,L'Rae,Bertholf
2022 GWCF Scholarship Application,Submitted; Assigned,Application Submitted, , , , , , , , , , , , , , , , , , , , , , , , , , , , , , , ,Adrena,Varela-Hernandez
2022 GWCF Scholarship Application,Submitted; Assigned,Application Submitted, , , , , , , , , , , , , , , , , , , , , , , , , , , , , , , ,Jaime,Baumann
2022 GWCF Scholarship Application,Submitted; Assigned,Application Submitted, , , , , , , , , , , , , , , , , , , , , , , , , , , , , , , ,Harmann,Kawamoto
2022 GWCF Scholarship Application,Submitted,Application Submitted, , , , , , , , , , , , , , , , , , , , , , , , , , , , , , , ,Vanya,Shrader
2022 GWCF Scholarship Application,Submitted; Assigned; Assigned; Assigned; Assigned; Assigned; Assigned,Application Submitted, , , , , , , , , , , , , , , , , , , , , , , , , , , , , , , ,Valeria,al-Omer
2022 GWCF Scholarship Application,Submitted; Assigned,Application Submitted, , , , , , , , , , , , , , , , , , , , , , , , , , , , , , , ,Tasneem,Farley
2022 GWCF Scholarship Application,Submitted; Assigned,Application Submitted, , , , , , , , , , , , , , , , , , , , , , , , , , , , , , , ,Markus,Huger
2022 GWCF Scholarship Application,Submitted; Assigned,Application Submitted, , , , , , , , , , , , , , , , , , , , , , , , , , , , , , , ,Roger,Dragan
2022 GWCF Scholarship Application,Submitted; Assigned; Assigned; Assigned; Assigned; Assigned; Assigned; Assigned; Assigned; Assigned; Complete; Complete; Complete; Complete; Complete; Complete,Application Submitted, , , , , , , , , , , , , , , , , , , , , , , , , , , ,Virginia Polytechnic Institute and State University, , , ,Travonta,Two Crow
2022 GWCF Scholarship Application,Submitted; Assigned,Application Submitted, , , , , , , , , , , , , , , , , , , , , , , , , , , , , , , ,Tahvia,Bradley
2022 GWCF Scholarship Application,Submitted,Application Submitted, , , , , , , , , , , , , , , , , , , , , , , , , , , , , , , ,Rashawnya,al-Iman
2022 GWCF Scholarship Application,Submitted; Assigned; Assigned; Assigned; Assigned; Assigned,Application Submitted, , , , , , , , , , , , , , , , , , , , , , , , , , , , , , , ,Tione,Viruet
2022 GWCF Scholarship Application,Submitted; Assigned; Assigned; Assigned; Assigned; Assigned; Assigned; Complete; Complete; Complete; Complete; Complete; Complete,Application Submitted, , , , , , , , , , , , , , , , , , , , , , , , , , , ,University of Massachusetts at Boston, , , ,Elisah,Forney
2022 GWCF Scholarship Application,Submitted; Assigned; Assigned; Complete,Application Submitted, , , , , , , , , , , , , , , , , , , , , , , , , , , , , , , ,Ryker,Doucette
2022 GWCF Scholarship Application,Complete; Assigned; Complete; Complete,Application Submitted, , , , , , , , , , , , , , , , , , , , , , , , , , , , , , , ,Mutadi,Gonsales
2022 GWCF Scholarship Application,Complete; Assigned; Assigned; Complete,Application Submitted, , , , , , , , , , , , , , , , , , , , , , , , , , , , , , , ,Najimah,Weaver
2022 GWCF Scholarship Application,Submitted; Assigned; Assigned; Assigned; Assigned; Assigned; Assigned,Application Submitted, , , , , , , , , , , , , , , , , , , , , , , , , , , , , , , ,Aerial,Ousley-Gude
2022 GWCF Scholarship Application,Complete; Assigned,Application Submitted, , , , , , , , , , , , , , , , , , , , , , , , , , , , , , , ,Wanbli,el-Tabet
2022 GWCF Scholarship Application,Submitted; Assigned; Assigned; Assigned; Assigned; Assigned,Application Submitted, , , , , , , , , , , , , , , , , , , , , , , , , , , , , , , ,Markangelo,Collier
2022 GWCF Scholarship Application,Submitted; Assigned; Assigned; Assigned; Assigned; Assigned; Assigned; Assigned; Assigned; Assigned; Assigned,Application Submitted, , , , , , , , , , , , , , , , , , , , , , , , , , , , , , , ,Xai,Barron
2022 GWCF Scholarship Application,Submitted; Assigned,Application Submitted, , , , , , , , , , , , , , , , , , , , , , , , , , , , , , , ,Yadira,Otgontulga
2022 GWCF Scholarship Application,Submitted; Assigned; Assigned; Assigned; Assigned; Assigned; Assigned; Assigned,Application Submitted, , , , , , , , , , , , , , , , , , , , , , , , , , , , , , , ,Monique,Dougherty
2022 GWCF Scholarship Application,Submitted,Application Submitted, , , , , , , , , , , , , , , , , , , , , , , , , , , , , , , ,Shawnquelle,al-Akram
2022 GWCF Scholarship Application,Complete; Assigned,Application Submitted, , , , , , , , , , , , , , , , , , , , , , , , , , , , , , , ,Travonta,al-Hariri
2022 GWCF Scholarship Application,Submitted; Assigned,Application Submitted, , , , , , , , , , , , , , , , , , , , , , , , , , , , , , , ,Gabrielle,Powers
2022 GWCF Scholarship Application,Submitted; Assigned; Assigned; Assigned; Assigned; Assigned; Assigned; Complete; Complete,Application Submitted, , , , , , , , , , , , , , , , , , , , , , , , , , , , , , , ,Tonya,Schumacher
2022 GWCF Scholarship Application,Submitted; Assigned; Assigned; Assigned; Assigned; Assigned; Assigned; Assigned; Assigned; Assigned; Assigned; Assigned; Assigned,Application Submitted, , , , , , , , , , , , , , , , , , , , , , , , , , , , , , , ,Yadira,Laroche
2022 GWCF Scholarship Application,Complete; Assigned,Application Submitted, , , , , , , , , , , , , , , , , , , , , , , , , , , , , , , ,Behron,Prieto Perez
2022 GWCF Scholarship Application,Submitted; Assigned; Assigned; Assigned; Assigned; Assigned,Application Submitted, , , , , , , , , , , , , , , , , , , , , , , , , , , , , , , ,Sajiyya,al-Salek
2022 GWCF Scholarship Application,Submitted; Assigned,Application Submitted, , , , , , , , , , , , , , , , , , , , , , , , , , , , , , , ,Michalyn,Rodriquez
2022 GWCF Scholarship Application,Submitted; Assigned; Assigned; Assigned; Assigned; Assigned; Assigned; Complete,Application Submitted, , , , , , , , , , , , , , , , , , , , , , , , , , , , , , , ,Cheyanne,el-Khawaja
2022 GWCF Scholarship Application,Complete; Assigned,Application Submitted, , , , , , , , , , , , , , , , , , , , , , , , , , , , , , , ,Karlos,Brody
2022 GWCF Scholarship Application,Submitted,Application Submitted, , , , , , , , , , , , , , , , , , , , , , , , , , , , , , , ,Tawfeeq,Miskimon
2022 GWCF Scholarship Application,Submitted; Assigned,Application Submitted, , , , , , , , , , , , , , , , , , , , , , , , , , , , , , , ,Yongyee,al-Habib
2022 GWCF Scholarship Application,Submitted; Assigned; Assigned; Complete,Application Submitted, , , , , , , , , , , , , , , , , , , , , , , , , , , , , , , ,Tamikah,Amgalanbayar
2022 GWCF Scholarship Application,Submitted; Assigned,Application Submitted, , , , , , , , , , , , , , , , , , , , , , , , , , , , , , , ,Trina,Earnest
2022 GWCF Scholarship Application,Submitted; Assigned,Application Submitted, , , , , , , , , , , , , , , , , , , , , , , , , , , , , , , ,Jarvis,Bribiesca
2022 GWCF Scholarship Application,Complete; Assigned,Application Submitted, , , , , , , , , , , , , , , , , , , , , , , , , , , , , , , ,Monique,Ariza-Balter
2022 GWCF Scholarship Application,Submitted; Assigned,Application Submitted, , , , , , , , , , , , , , , , , , , , , , , , , , , , , , , ,Jovonni,Lytle
2022 GWCF Scholarship Application,Submitted; Assigned; Assigned; Assigned; Assigned; Assigned; Complete,Application Submitted, , , , , , , , , , , , , , , , , , , , , , , , , , , , , , , ,Norma,Wade
2022 GWCF Scholarship Application,Submitted,Application Submitted, , , , , , , , , , , , , , , , , , , , , , , , , , , , , , , ,Kameel,Yelland
2022 GWCF Scholarship Application,Complete; Assigned,Application Submitted, , , , , , , , , , , , , , , , , , , , , , , , , , , , , , , ,Doris,Pulling
2022 GWCF Scholarship Application,Submitted; Assigned,Application Submitted, , , , , , , , , , , , , , , , , , , , , , , , , , , , , , , ,Cheyanne,Rumsey
2022 GWCF Scholarship Application,Submitted; Assigned; Assigned; Assigned; Assigned; Assigned; Assigned; Assigned; Assigned; Complete; Complete; Complete; Complete; Complete; Complete,Application Submitted, , , , , , , , , , , , , , , , , , , , , , , , , , , ,Syracuse University, , , ,Qaasim,el-Zaidi
2022 GWCF Scholarship Application,Submitted; Assigned,Application Submitted, , , , , , , , , , , , , , , , , , , , , , , , , , , , , , , ,Samira,Anchondo
2022 GWCF Scholarship Application,Submitted; Assigned,Application Submitted, , , , , , , , , , , , , , , , , , , , , , , , , , , , , , , ,Kentorra,Baskerville
2022 GWCF Scholarship Application,Submitted; Assigned,Application Submitted, , , , , , , , , , , , , , , , , , , , , , , , , , , , , , , ,Carina,Cerdenola
2022 GWCF Scholarship Application,Submitted; Assigned; Assigned; Assigned; Assigned; Assigned; Assigned,Application Submitted, , , , , , , , , , , , , , , , , , , , , , , , , , , , , , , ,Saphire,Trebus
2022 GWCF Scholarship Application,Submitted; Assigned,Application Submitted, , , , , , , , , , , , , , , , , , , , , , , , , , , , , , , ,Jasper,James
2022 GWCF Scholarship Application,Submitted,Application Submitted, , , , , , , , , , , , , , , , , , , , , , , , , , , , , , , ,Sydney,Tuytschaevers
2022 GWCF Scholarship Application,Submitted; Assigned; Assigned; Assigned; Assigned; Assigned; Assigned; Assigned; Assigned; Assigned; Complete,Application Submitted, , , , , , , , , , , , , , , , , , , , , , , , , , , , , , , ,Roderick,al-Akbari
2022 GWCF Scholarship Application,Submitted; Assigned,Application Submitted, , , , , , , , , , , , , , , , , , , , , , , , , , , , , , , ,Michalyn,Berry
2022 GWCF Scholarship Application,Submitted; Assigned; Assigned; Assigned; Assigned; Assigned; Assigned; Assigned; Assigned; Assigned; Assigned; Assigned; Assigned; Assigned; Assigned; Assigned; Assigned; Assigned; Assigned; Assigned; Complete; Complete; Complete; Complete; Complete,Application Submitted, , , , , , , , , , , , , , , , , , , , , , , , , , , , , , , ,Alfonso,el-Dawood
2022 GWCF Scholarship Application,Submitted; Assigned,Application Submitted, , , , , , , , , , , , , , , , , , , , , , , , , , , , , , , ,Mahbooba,Ocampo
2022 GWCF Scholarship Application,Submitted; Assigned,Application Submitted, , , , , , , , , , , , , , , , , , , , , , , , , , , , , , , ,Hanoona,Adu
2022 GWCF Scholarship Application,Complete; Assigned,Application Submitted, , , , , , , , , , , , , , , , , , , , , , , , , , , , , , , ,Abdul Lateef,Guajardo
2022 GWCF Scholarship Application,Complete; Assigned,Application Submitted, , , , , , , , , , , , , , , , , , , , , , , , , , , , , , , ,Lateefa,al-Saade
2022 GWCF Scholarship Application,Submitted,Application Submitted, , , , , , , , , , , , , , , , , , , , , , , , , , , , , , , ,Darlene,Mears
2022 GWCF Scholarship Application,Complete; Assigned,Application Submitted, , , , , , , , , , , , , , , , , , , , , , , , , , , , , , , ,Anastasia,el-Azimi
2022 GWCF Scholarship Application,Submitted; Assigned,Application Submitted, , , , , , , , , , , , , , , , , , , , , , , , , , , , , , , ,Alex,Littles
2022 GWCF Scholarship Application,Complete; Assigned,Application Submitted, , , , , , , , , , , , , , , , , , , , , , , , , , , , , , , ,Tre,Yamaguchi
2022 GWCF Scholarship Application,Complete; Assigned; Assigned; Assigned; Assigned; Assigned; Assigned; Assigned; Assigned; Assigned; Assigned; Assigned; Assigned; Assigned; Assigned; Complete,Application Submitted, , , , , , , , , , , , , , , , , , , , , , , , , , , , , , , ,Samira,Slife
2022 GWCF Scholarship Application,Complete; Assigned; Complete; Complete; Complete; Complete; Complete; Complete; Complete,Application Submitted, , , , , , , , , , , , , , , , , , , , , , , , , , , ,University of New Hampshire, , , ,Hasan,Mahnken
2022 GWCF Scholarship Application,Submitted,Application Submitted, , , , , , , , , , , , , , , , , , , , , , , , , , , , , , , ,Aerial,Stark-Clark
2022 GWCF Scholarship Application,Submitted; Assigned; Assigned; Assigned; Assigned; Assigned; Assigned; Complete,Application Submitted, , , , , , , , , , , , , , , , , , , , , , , , , , , , , , , ,Camrey,Merlos Solorzano
2022 GWCF Scholarship Application,Complete; Assigned; Assigned; Assigned; Assigned; Assigned,Application Submitted, , , , , , , , , , , , , , , , , , , , , , , , , , , , , , , ,Aimee,el-Hannan
2022 GWCF Scholarship Application,Complete; Assigned,Application Submitted, , , , , , , , , , , , , , , , , , , , , , , , , , , , , , , ,Andres,Britton
2022 GWCF Scholarship Application,Submitted; Assigned,Application Submitted, , , , , , , , , , , , , , , , , , , , , , , , , , , , , , , ,Alex,Ferrie
2022 GWCF Scholarship Application,Submitted; Assigned,Application Submitted, , , , , , , , , , , , , , , , , , , , , , , , , , , , , , , ,Badruddeen,Eyre
2022 GWCF Scholarship Application,Submitted; Assigned; Assigned; Assigned; Assigned; Assigned,Application Submitted, , , , , , , , , , , , , , , , , , , , , , , , , , , , , , , ,"Jam,Aan",Lacuesta
2022 GWCF Scholarship Application,Submitted; Assigned; Assigned; Assigned; Assigned; Assigned; Assigned; Assigned,Application Submitted, , , , , , , , , , , , , , , , , , , , , , , , , , , , , , , ,Pedro,Holt
2022 GWCF Scholarship Application,Submitted; Assigned,Application Submitted, , , , , , , , , , , , , , , , , , , , , , , , , , , , , , , ,Alex,al-Kazemi
2022 GWCF Scholarship Application,Submitted; Assigned; Assigned; Assigned; Assigned; Assigned; Assigned; Assigned; Assigned; Assigned; Assigned; Complete,Application Submitted, , , , , , , , , , , , , , , , , , , , , , , , , , , , , , , ,Munisa,Kirbow
2022 GWCF Scholarship Application,Complete; Assigned; Assigned; Assigned; Assigned; Assigned; Assigned; Complete,Application Submitted, , , , , , , , , , , , , , , , , , , , , , , , , , , , , , , ,Catarina,Garman
2022 GWCF Scholarship Application,Submitted; Assigned,Application Submitted, , , , , , , , , , , , , , , , , , , , , , , , , , , , , , , ,Sahel,Petry
2022 GWCF Scholarship Application,Complete; Assigned,Application Submitted, , , , , , , , , , , , , , , , , , , , , , , , , , , , , , , ,Vincent,Simonson
2022 GWCF Scholarship Application,Submitted; Assigned,Application Submitted, , , , , , , , , , , , , , , , , , , , , , , , , , , , , , , ,Kent,Martinez Martin
2022 GWCF Scholarship Application,Complete; Assigned,Application Submitted, , , , , , , , , , , , , , , , , , , , , , , , , , , , , , , ,Kiduse,Flores
2022 GWCF Scholarship Application,Submitted; Assigned,Application Submitted, , , , , , , , , , , , , , , , , , , , , , , , , , , , , , , ,Taamira,Keele
2022 GWCF Scholarship Application,Submitted; Assigned; Assigned; Assigned; Assigned,Application Submitted, , , , , , , , , , , , , , , , , , , , , , , , , , , , , , , ,Sapphire,Esparza Medina
2022 GWCF Scholarship Application,Submitted; Assigned,Application Submitted, , , , , , , , , , , , , , , , , , , , , , , , , , , , , , , ,Cheyane,Omer
2022 GWCF Scholarship Application,Complete; Assigned; Assigned; Assigned; Assigned; Assigned; Assigned; Assigned,Application Submitted, , , , , , , , , , , , , , , , , , , , , , , , , , , , , , , ,Wisaam,al-Ismail
2022 GWCF Scholarship Application,Submitted; Assigned; Assigned; Assigned; Assigned; Assigned; Assigned; Assigned; Complete; Complete; Complete; Complete; Complete; Complete,Application Submitted, , , , , , , , , , , , , , , , , , , , , , , , , , , ,Massachusetts College of Art and Design, , , ,Musheera,Werth
2022 GWCF Scholarship Application,Complete; Assigned,Application Submitted, , , , , , , , , , , , , , , , , , , , , , , , , , , , , , , ,Samira,el-Saeed
2022 GWCF Scholarship Application,Submitted; Assigned,Application Submitted, , , , , , , , , , , , , , , , , , , , , , , , , , , , , , , ,Kent,al-Arif
2022 GWCF Scholarship Application,Complete; Assigned; Assigned; Complete,Application Submitted, , , , , , , , , , , , , , , , , , , , , , , , , , , , , , , ,Jolina,Trader-Bankston
2022 GWCF Scholarship Application,Submitted; Assigned; Assigned; Assigned; Assigned; Assigned; Assigned; Assigned; Assigned; Assigned; Assigned; Complete; Complete; Complete; Complete; Complete; Complete,Application Submitted, , , , , , , , , , , , , , , , , , , , , , , , , , , ,University of Massachusetts at Amherst, , , ,Kiduse,Rivera
2022 GWCF Scholarship Application,Submitted; Assigned,Application Submitted, , , , , , , , , , , , , , , , , , , , , , , , , , , , , , , ,Maa'iz,el-Abdoo
2022 GWCF Scholarship Application,Submitted; Assigned; Assigned; Assigned; Assigned; Assigned; Assigned; Assigned; Assigned; Assigned; Assigned; Assigned; Assigned; Assigned; Complete; Complete; Complete; Complete,Application Submitted, , , , , , , , , , , , , , , , , , , , , , , , , , , , , , , ,Emonie,Schetgen
2022 GWCF Scholarship Application,Submitted; Assigned,Application Submitted, , , , , , , , , , , , , , , , , , , , , , , , , , , , , , , ,L'Tazha,Lopez-Carrizales
2022 GWCF Scholarship Application,Submitted; Assigned,Application Submitted, , , , , , , , , , , , , , , , , , , , , , , , , , , , , , , ,Keren,Smoote'-Caesar
2022 GWCF Scholarship Application,Submitted; Assigned,Application Submitted, , , , , , , , , , , , , , , , , , , , , , , , , , , , , , , ,Maimoona,Fuqua
2022 GWCF Scholarship Application,Submitted; Assigned; Assigned; Assigned; Assigned; Assigned; Assigned; Assigned; Assigned; Assigned; Assigned; Assigned; Assigned; Assigned; Assigned; Assigned; Assigned; Complete,Application Submitted, , , , , , , , , , , , , , , , , , , , , , , , , , , , , , , ,Russell,Quijano
2022 GWCF Scholarship Application,Submitted; Assigned,Application Submitted, , , , , , , , , , , , , , , , , , , , , , , , , , , , , , , ,Cordero,al-Idris
2022 GWCF Scholarship Application,Submitted; Assigned,Application Submitted, , , , , , , , , , , , , , , , , , , , , , , , , , , , , , , ,Zahra,el-Salame
2022 GWCF Scholarship Application,Submitted; Assigned; Assigned; Assigned; Assigned; Assigned; Assigned; Assigned; Assigned; Assigned; Assigned; Assigned; Assigned; Assigned; Assigned; Assigned; Assigned; Assigned; Assigned; Assigned; Assigned; Assigned; Assigned; Assigned; Assigned; Assigned; Assigned; Assigned; Assigned; Complete; Complete; Complete; Complete; Complete; Complete,Application Submitted, , , , , , , , , , , , , , , , , , , , , , , , , , , ,Boston University, , , ,Colette,Forkell
2022 GWCF Scholarship Application,Submitted; Assigned; Assigned; Assigned; Assigned; Assigned; Assigned; Assigned; Assigned; Assigned; Assigned; Assigned; Assigned,Application Submitted, , , , , , , , , , , , , , , , , , , , , , , , , , , , , , , ,Shawnia,Rodri
2022 GWCF Scholarship Application,Submitted; Assigned,Application Submitted, , , , , , , , , , , , , , , , , , , , , , , , , , , , , , , ,Mutadi,Jibowu
2022 GWCF Scholarship Application,Submitted; Assigned,Application Submitted, , , , , , , , , , , , , , , , , , , , , , , , , , , , , , , ,Munisa,Dych
2022 GWCF Scholarship Application,Submitted; Assigned; Assigned; Assigned; Assigned; Assigned; Assigned; Assigned; Assigned; Assigned; Assigned; Assigned; Assigned; Complete,Application Submitted, , , , , , , , , , , , , , , , , , , , , , , , , , , , , , , ,Azamat,el-Jabbar
2022 GWCF Scholarship Application,Submitted; Assigned,Application Submitted, , , , , , , , , , , , , , , , , , , , , , , , , , , , , , , ,Yaasmeena,al-Abbas
2022 GWCF Scholarship Application,Submitted; Assigned,Application Submitted, , , , , , , , , , , , , , , , , , , , , , , , , , , , , , , ,Qaasim,Pinto
2022 GWCF Scholarship Application,Submitted; Assigned,Application Submitted, , , , , , , , , , , , , , , , , , , , , , , , , , , , , , , ,Alex,Maiden
2022 GWCF Scholarship Application,Submitted; Assigned,Application Submitted, , , , , , , , , , , , , , , , , , , , , , , , , , , , , , , ,Adham,al-Raad
2022 GWCF Scholarship Application,Submitted; Assigned,Application Submitted, , , , , , , , , , , , , , , , , , , , , , , , , , , , , , , ,Yadira,el-Fadel
2022 GWCF Scholarship Application,Complete; Assigned,Application Submitted, , , , , , , , , , , , , , , , , , , , , , , , , , , , , , , ,Tiana,el-Amin
2022 GWCF Scholarship Application,Submitted; Assigned,Application Submitted, , , , , , , , , , , , , , , , , , , , , , , , , , , , , , , ,Hasana,Quach
2022 GWCF Scholarship Application,Submitted; Assigned,Application Submitted, , , , , , , , , , , , , , , , , , , , , , , , , , , , , , , ,Vincente,Cruze
2022 GWCF Scholarship Application,Submitted,Application Submitted, , , , , , , , , , , , , , , , , , , , , , , , , , , , , , , ,Jaelyn,Emley
2022 GWCF Scholarship Application,Submitted; Assigned,Application Submitted, , , , , , , , , , , , , , , , , , , , , , , , , , , , , , , ,Manaahil,Blanton
2022 GWCF Scholarship Application,Submitted; Assigned,Application Submitted, , , , , , , , , , , , , , , , , , , , , , , , , , , , , , , ,Beatrice,al-Mahdavi
2022 GWCF Scholarship Application,Submitted; Assigned,Application Submitted, , , , , , , , , , , , , , , , , , , , , , , , , , , , , , , ,Vanya,Carrasco Faudoa
2022 GWCF Scholarship Application,Submitted; Assigned; Assigned; Assigned; Assigned; Assigned,Application Submitted, , , , , , , , , , , , , , , , , , , , , , , , , , , , , , , ,Howard,Dajani
2022 GWCF Scholarship Application,Complete; Assigned,Application Submitted, , , , , , , , , , , , , , , , , , , , , , , , , , , , , , , ,Bassil,Whitlock
2022 GWCF Scholarship Application,Complete; Assigned; Assigned; Assigned; Assigned; Assigned; Assigned; Assigned,Application Submitted, , , , , , , , , , , , , , , , , , , , , , , , , , , , , , , ,Corissa,Mckoy
2022 GWCF Scholarship Application,Submitted; Assigned,Application Submitted, , , , , , , , , , , , , , , , , , , , , , , , , , , , , , , ,Yadira,al-Jan
2022 GWCF Scholarship Application,Submitted,Application Submitted, , , , , , , , , , , , , , , , , , , , , , , , , , , , , , , ,Fawz,Mortimer
2022 GWCF Scholarship Application,Submitted; Assigned; Assigned; Assigned; Assigned; Assigned; Assigned; Assigned; Assigned; Assigned; Assigned,Application Submitted, , , , , , , , , , , , , , , , , , , , , , , , , , , , , , , ,Xavier,Lagunas
2022 GWCF Scholarship Application,Submitted; Assigned; Assigned; Assigned; Assigned; Assigned; Assigned; Assigned; Assigned; Assigned; Complete,Application Submitted, , , , , , , , , , , , , , , , , , , , , , , , , , , , , , , ,Mareeon,Graves
2022 GWCF Scholarship Application,Submitted,Application Submitted, , , , , , , , , , , , , , , , , , , , , , , , , , , , , , , ,Xavier,al-Elamin
2022 GWCF Scholarship Application,Complete; Assigned,Application Submitted, , , , , , , , , , , , , , , , , , , , , , , , , , , , , , , ,Shawnia,Cervantes
2022 GWCF Scholarship Application,Complete; Assigned,Application Submitted, , , , , , , , , , , , , , , , , , , , , , , , , , , , , , , ,Waheeda,Wiley
2022 GWCF Scholarship Application,Submitted; Assigned; Assigned; Assigned; Assigned; Assigned; Assigned; Assigned; Assigned; Assigned; Assigned; Assigned; Assigned; Complete; Complete; Complete; Complete; Complete,Application Submitted, , , , , , , , , , , , , , , , , , , , , , , , , , , ,Endicott College, , , ,Sushmita,Frost
2022 GWCF Scholarship Application,Submitted; Assigned,Application Submitted, , , , , , , , , , , , , , , , , , , , , , , , , , , , , , , ,Anh,Gerace
2022 GWCF Scholarship Application,Submitted; Assigned; Assigned; Assigned; Assigned; Assigned; Assigned; Assigned; Assigned; Assigned; Submitted,Application Submitted, , , , , , , , , , , , , , , , , , , , , , , , , , , , , , , ,Mareeon,Dion
2022 GWCF Scholarship Application,Complete; Assigned,Application Submitted, , , , , , , , , , , , , , , , , , , , , , , , , , , , , , , ,Jocilynn,Shaver
2022 GWCF Scholarship Application,Submitted; Assigned; Assigned; Assigned; Assigned; Assigned; Assigned; Assigned; Assigned,Application Submitted, , , , , , , , , , , , , , , , , , , , , , , , , , , , , , , ,Samira,Berrier
2022 GWCF Scholarship Application,Submitted; Assigned; Assigned; Assigned; Assigned; Assigned; Assigned; Assigned; Assigned; Assigned; Assigned; Assigned; Assigned; Assigned; Assigned; Assigned; Assigned; Assigned; Assigned; Assigned; Assigned; Assigned; Assigned; Assigned; Assigned; Assigned; Assigned; Assigned; Complete; Complete; Complete; Complete; Complete; Complete; Complete,Application Submitted, , , , , , , , , , , , , , , , , , , , , , , , , , , ,Howard University, , , ,Funmilayo,Willow
2022 GWCF Scholarship Application,Submitted; Assigned,Application Submitted, , , , , , , , , , , , , , , , , , , , , , , , , , , , , , , ,Idrees,el-Jalil
2022 GWCF Scholarship Application,Submitted; Assigned; Assigned; Assigned; Assigned; Assigned; Assigned; Assigned; Assigned; Assigned; Assigned; Assigned,Application Submitted, , , , , , , , , , , , , , , , , , , , , , , , , , , , , , , ,Aubree,Steele
Adolfo Arrastia Beacon of Light Scholarship 2022,Complete; Complete; Complete; Complete,Closed,600, , , , , , , , , , , , , , , , , , , , , , , , , , , , , , ,Mahbooba,Hankins
Andrew Sala Memorial Scholarship 2022,Complete; Complete; Complete,Closed,1500, , , , , , , , , , , , , , , , , , , , , , , , , , , , , , ,Keun,Cantrell
Andrew Sala Memorial Scholarship 2022,Complete; Complete; Complete,Closed,1500, , , , , , , , , , , , , , , , , , , , , , , , , , , , , , ,Rawda,Delarber
Anne Carey Murphy Memorial Scholarship 2022,Submitted; Complete; Complete; Complete,Closed,2000, , , , , , , , , , , , , , , , , , , , , , , , , , , , , , ,Vandross,el-Hares
Anthony E. Mickunas Memorial (Norwood) Scholarship 2022,Complete; Complete; Complete,Closed,1000, , , , , , , , , , , , , , , , , , , , , , , , , , , , , , ,Pedro,Ly Payia
Anthony E. Mickunas Memorial Scholarship 2022,Submitted; Complete; Complete; Complete; Complete; Complete; Complete; Complete; Complete; Complete; Complete,Closed,2000, , , , , , , , , , , , , , , , , , , , , , , , , , , , , , ,Hakeema,Redd
Arno and Roberta E. Wagner Scholarship 2022,Submitted; Complete; Complete; Complete; Complete; Complete; Complete; Complete; Complete; Complete; Complete; Complete; Complete,Closed,1000, , , , , , , , , , , , , , , , , , , , , , , , , , ,Harvard University, , , ,Rachael,Joiner
Arno and Roberta E. Wagner Scholarship 2022,Complete; Complete; Complete; Complete; Complete; Complete; Complete; Complete,Closed,1000, , , , , , , , , , , , , , , , , , , , , , , , , , , , , , ,Alizah,Carrasco Faudoa
Arno and Roberta E. Wagner Scholarship 2022,Submitted; Complete; Complete; Complete; Complete; Complete; Complete; Complete,Closed,1000, , , , , , , , , , , , , , , , , , , , , , , , , , , , , , ,Heroki,Prince
Arno and Roberta E. Wagner Scholarship 2022,Submitted; Complete; Complete; Complete; Complete; Complete; Complete; Complete; Complete; Complete,Closed,1000, , , , , , , , , , , , , , , , , , , , , , , , , , , , , , ,Karim,Niblet
Arno and Roberta E. Wagner Scholarship 2022,Complete; Complete; Complete; Complete; Complete; Complete; Complete; Complete,Closed,2000, , , , , , , , , , , , , , , , , , , , , , , , , , , , , , ,Catarina,Garman
Barbara Marks Rothschild Arts and Education Scholarship 2022,Complete; Complete; Complete; Complete; Complete; Complete; Complete; Complete,Closed,550, , , , , , , , , , , , , , , , , , , , , , , , , , , , , , ,Cheyanne,Savoian
Belmont Street Community School Scholarship 2022,Submitted; Complete; Complete; Complete,Closed,400, , , , , , , , , , , , , , , , , , , , , , , , , , , , , , ,Ari,Brehe
Ben P. Masterman Scholarship 2022,Submitted; Complete; Complete; Complete; Complete; Complete; Complete; Complete; Complete; Complete; Complete; Complete; Complete; Complete; Complete; Complete,Closed,1600, , , , , , , , , , , , , , , , , , , , , , , , , , ,Howard University, , , ,Funmilayo,Willow
Bradford J. Kemp Scholarship 2022,Submitted; Complete; Complete; Complete; Complete; Complete; Complete; Complete; Complete,Closed,1500, , , , , , , , , , , , , , , , , , , , , , , , , , , , , , ,Sultana,Caudillo
Bruce S. Bennett Fund for Community Journalism Scholarship 2022,Submitted; Complete; Complete; Complete,Closed,450, , , , , , , , , , , , , , , , , , , , , , , , , , , , , , ,Heroki,Absher
Catherine Burgholzer Memorial Scholarship 2022,Submitted; Complete; Complete; Complete; Complete; Complete; Complete,Closed,1000, , , , , , , , , , , , , , , , , , , , , , , , , , , , , , ,Saamyya,Gang
Charles Hugo Community Service Award 2022,Submitted; Complete; Complete; Complete,Closed,2000, , , , , , , , , , , , , , , , , , , , , , , , , , , , , , ,Jessiah,Otgontulga
Claudia Simonian Scholarship 2022,Submitted; Complete; Complete; Complete; Complete; Complete; Complete; Complete; Complete; Complete; Complete,Closed,2000, , , , , , , , , , , , , , , , , , , , , , , , , , , , , , ,Saami,Mcgee
Claudia Simonian Scholarship 2022,Submitted; Complete; Complete; Complete; Complete; Complete; Complete; Complete; Complete; Complete; Complete,Closed,2000, , , , , , , , , , , , , , , , , , , , , , , , , , , , , , ,Nikki,Woolum
Costantine Mina and Vasiliky Strates Moschos Scholarship 2022,Submitted; Complete; Complete; Complete; Complete; Complete; Complete; Complete; Complete,Closed,1450, , , , , , , , , , , , , , , , , , , , , , , , , , , , , , ,Emmanuel,Ginsberg
Cynthia and Harrison Taylor Scholarship 2022,Complete; Complete; Complete; Complete,Closed,3000, , , , , , , , , , , , , , , , , , , , , , , , , , , , , , ,Fareeda,al-Jamail
Daniel Ha Memorial Scholarship 2022,Submitted; Complete; Complete; Complete; Complete; Complete; Complete; Complete; Complete,Closed,1000, , , , , , , , , , , , , , , , , , , , , , , , , , , , , , ,Kelsey,Trinh
Daniel Stephen Lussier Athletic Scholarship 2022,Submitted; Complete; Complete; Complete; Complete; Complete; Complete; Complete; Complete; Complete,Closed,750, , , , , , , , , , , , , , , , , , , , , , , , , , , , , , ,Julia Isabel,Quintana Jr
Debbie Anne Johnson Memorial Scholarship 2022,Complete; Complete; Complete,Closed,1500, , , , , , , , , , , , , , , , , , , , , , , , , , , , , , ,Numair,Rodeback
December 3rd Scholarship 2022,Submitted; Complete; Complete; Complete; Complete; Complete; Complete; Complete,Closed,3000, , , , , , , , , , , , , , , , , , , , , , , , , , , , , , ,Julianna,Woods
Dennis Elroy Barry Memorial Scholarship 2022,Submitted; Complete; Complete; Complete; Complete; Complete; Complete; Complete,Closed,400, , , , , , , , , , , , , , , , , , , , , , , , , , , , , , ,Ari,Brehe
Derek Gaudette Memorial Scholarship 2022,Submitted; Complete; Complete; Complete,Closed,1000, , , , , , , , , , , , , , , , , , , , , , , , , , , , , , ,Qaasim,Mendiola
Derek Gaudette Memorial Scholarship 2022,Submitted; Complete; Complete; Complete,Closed,1000, , , , , , , , , , , , , , , , , , , , , , , , , , , , , , ,Musheera,Folsom
Doris Salzer Memorial Scholarship 2022,Submitted; Complete; Complete; Complete; Complete; Complete; Complete; Complete; Complete; Complete,Closed,1000, , , , , , , , , , , , , , , , , , , , , , , , , , , , , , ,Shawnia,Eriacho
Edward Carien Scholarship 2022,Submitted; Complete; Complete; Complete; Complete; Complete; Complete; Complete; Complete; Complete,Closed,700, , , , , , , , , , , , , , , , , , , , , , , , , , , , , , ,Najeem,Dionese
Elm Park Community School Scholarship 2022,Submitted; Complete; Complete; Complete; Complete; Complete; Complete; Complete,Closed,0, , , , , , , , , , , , , , , , , , , , , , , , , , , , , , ,Leonardo,Golden
Emanuel's Empowerment Scholarship 2022,Submitted; Complete; Complete; Complete,Closed,350, , , , , , , , , , , , , , , , , , , , , , , , , , , , , , ,Leonardo,el-Syed
Erin Coonan Schmidt Scholarship for Health & Wellness 2022,Submitted; Complete; Complete; Complete; Complete; Complete; Complete; Complete; Complete; Complete; Complete; Complete; Complete; Complete; Complete,Closed,1000, , , , , , , , , , , , , , , , , , , , , , , , , , ,Boston University, , , ,Colette,Forkell
"Francine ""Doc"" Smith Memorial Scholarship 2022",Submitted; Complete; Complete; Complete; Complete; Complete; Complete; Complete,Closed,500, , , , , , , , , , , , , , , , , , , , , , , , , , , , , , ,Trent,Busby
Fred and Leona Eppinger Scholarship 2022,Submitted; Complete; Complete; Complete; Complete; Complete; Complete,Closed,2000, , , , , , , , , , , , , , , , , , , , , , , , , , , , , , ,Musheera,Folsom
Friends of Rutland Heights Hospital Scholarship 2022,Complete; Complete; Complete; Complete; Complete; Complete; Complete; Complete; Complete; Complete; Complete,Closed,2000, , , , , , , , , , , , , , , , , , , , , , , , , , , , , , ,Samira,Slife
Grynsel Educational Scholarship 2022,Complete; Complete; Complete; Complete,Closed,600, , , , , , , , , , , , , , , , , , , , , , , , , , , , , , ,Jolina,Trader-Bankston
GWCF General Scholarship 2022,Complete; Complete; Complete; Complete,Closed,1000, , , , , , , , , , , , , , , , , , , , , , , , , , , , , , ,Whitnie,el-Bari
GWCF General Scholarship 2022,Submitted; Complete; Complete; Complete,Closed,1000, , , , , , , , , , , , , , , , , , , , , , , , , , , , , , ,Norma,Wade
GWCF General Scholarship 2022,Submitted; Complete; Complete; Complete,Closed,1000, , , , , , , , , , , , , , , , , , , , , , , , , , , , , , ,Najeem,Gregory
Harold R. Jensen Scholarship 2022,Submitted; Complete; Complete; Complete,Closed,4000, , , , , , , , , , , , , , , , , , , , , , , , , , , , , , ,Desare,Mungia
Harold R. Jensen Scholarship 2022,Submitted; Complete; Complete; Complete,Closed,1500, , , , , , , , , , , , , , , , , , , , , , , , , , , , , , ,Andres,Sajopha
Harold R. Jensen Scholarship 2022,Submitted; Complete; Complete; Complete; Complete,Closed,4000, , , , , , , , , , , , , , , , , , , , , , , , , , , , , , ,Whitney,Sok
Harold R. Jensen Scholarship 2022,Submitted; Complete; Complete; Complete,Closed,1500, , , , , , , , , , , , , , , , , , , , , , , , , , , , , , ,Marina,Vong Vi Chith
Harold R. Jensen Scholarship 2022,Submitted; Complete; Complete; Complete,Closed,4000, , , , , , , , , , , , , , , , , , , , , , , , , , , , , , ,Se Ra,el-Hosseini
Harold R. Jensen Scholarship 2022,Submitted; Complete; Complete; Complete; Complete; Complete; Complete; Complete; Complete,Closed,4000, , , , , , , , , , , , , , , , , , , , , , , , , , ,College of the Holy Cross, , , ,Lydia,Bonstead
Harold R. Jensen Scholarship 2022,Submitted; Complete; Complete; Complete,Closed,1600, , , , , , , , , , , , , , , , , , , , , , , , , , , , , , ,Qaasim,Van Lue
Harold R. Jensen Scholarship 2022,Complete; Complete; Complete; Complete,Closed,4000, , , , , , , , , , , , , , , , , , , , , , , , , , , , , , ,Ashanti,Punzal
Harold R. Jensen Scholarship 2022,Submitted; Complete; Complete; Complete,Closed,1500, , , , , , , , , , , , , , , , , , , , , , , , , , , , , , ,Kelsey,Trinh
Harold R. Jensen Scholarship 2022,Complete; Complete; Complete; Complete,Closed,1500, , , , , , , , , , , , , , , , , , , , , , , , , , , , , , ,Sitaara,Amgalanbayar
Harold R. Jensen Scholarship 2022,Submitted; Complete; Complete; Complete,Closed,1500, , , , , , , , , , , , , , , , , , , , , , , , , , , , , , ,Xavier,Ewing-Rhodes
Harold R. Jensen Scholarship 2022,Submitted; Complete; Complete; Complete,Closed,1500, , , , , , , , , , , , , , , , , , , , , , , , , , , , , , ,Tione,Huh
Harold R. Jensen Scholarship 2022,Submitted; Complete; Complete; Complete; Complete; Complete; Complete; Complete,Closed,1500, , , , , , , , , , , , , , , , , , , , , , , , , , , , , , ,Alfonso,el-Dawood
Harold R. Jensen Scholarship 2022,Submitted; Complete; Complete; Complete,Closed,1500, , , , , , , , , , , , , , , , , , , , , , , , , , , , , , ,Najeem,Dionese
Harold R. Jensen Scholarship 2022,Submitted; Complete; Complete; Complete,Closed,1500, , , , , , , , , , , , , , , , , , , , , , , , , , , , , , ,Ryker,Doucette
Harold R. Jensen Scholarship 2022,Submitted; Complete; Complete; Complete,Closed,1500, , , , , , , , , , , , , , , , , , , , , , , , , , , , , , ,Khanh,al-Wali
Harold R. Jensen Scholarship 2022,Submitted; Complete; Complete; Complete,Closed,1600, , , , , , , , , , , , , , , , , , , , , , , , , , , , , , ,Camrey,Merlos Solorzano
Harold R. Jensen Scholarship 2022,Submitted; Complete; Complete; Complete,Closed,4000, , , , , , , , , , , , , , , , , , , , , , , , , , , , , , ,Katherin,Bilal
Harold R. Jensen Scholarship 2022,Submitted; Complete; Complete; Complete,Closed,1600, , , , , , , , , , , , , , , , , , , , , , , , , , , , , , ,Kristie,Gregg
Harold R. Jensen Scholarship 2022,Submitted; Complete; Complete; Complete,Closed,1600, , , , , , , , , , , , , , , , , , , , , , , , , , , , , , ,Armonno,Mesa
Harold R. Jensen Scholarship 2022,Submitted; Complete; Complete; Complete,Closed,1600, , , , , , , , , , , , , , , , , , , , , , , , , , , , , , ,Aasim,Nash
Harold R. Jensen Scholarship 2022,Submitted; Complete; Complete; Complete; Complete; Complete; Complete; Complete; Complete,Closed,1500, , , , , , , , , , , , , , , , , , , , , , , , , , ,Tuskegee University, , , ,Nooriyya,al-Kanan
Harold R. Jensen Scholarship 2022,Submitted; Complete; Complete; Complete,Closed,4000, , , , , , , , , , , , , , , , , , , , , , , , , , , , , , ,Lance,Chay
Harold R. Jensen Scholarship 2022,Submitted; Complete; Complete; Complete; Complete; Complete; Complete; Complete; Complete,Closed,4000, , , , , , , , , , , , , , , , , , , , , , , , , , ,Boston University, , , ,Mutammam,al-Ammar
Harold R. Jensen Scholarship 2022,Submitted; Complete; Complete; Complete,Closed,4000, , , , , , , , , , , , , , , , , , , , , , , , , , , , , , ,Natasha,Worker
Harold R. Jensen Scholarship 2022,Submitted; Complete; Complete; Complete,Closed,1500, , , , , , , , , , , , , , , , , , , , , , , , , , , , , , ,Tamikah,Amgalanbayar
Harold R. Jensen Scholarship 2022,Submitted; Complete; Complete; Complete; Complete,Closed,4000, , , , , , , , , , , , , , , , , , , , , , , , , , , , , , ,Kailey,Balogh
Harold R. Jensen Scholarship 2022,Submitted; Complete; Complete; Complete; Complete; Complete; Complete,Closed,4000, , , , , , , , , , , , , , , , , , , , , , , , , , , , , , ,Emonie,Schetgen
Hedin Family Memorial Scholarship 2022,Submitted; Complete; Complete; Complete; Complete; Complete; Complete; Complete,Closed,1000, , , , , , , , , , , , , , , , , , , , , , , , , , , , , , ,Dhaafir,el-Jan
Helen and Chuck Arsenault Memorial Scholarship 2022,Complete; Complete; Complete,Closed,1000, , , , , , , , , , , , , , , , , , , , , , , , , , , , , , ,Cyra,Banks
Herbert D. Sherwin Memorial Scholarship 2022,Submitted; Complete; Complete; Complete; Complete; Complete; Complete; Complete; Complete,Closed,9000, , , , , , , , , , , , , , , , , , , , , , , , , , , , , , ,Letyraial,Untalan
Jeffrey S. Edinberg Memorial Scholarship 2022,Submitted; Complete; Complete; Complete; Complete; Complete; Complete,Closed,1000, , , , , , , , , , , , , , , , , , , , , , , , , , , , , , ,Schyeler,el-Ghanem
Jeffrey S. Edinberg Memorial Scholarship 2022,Submitted; Complete; Complete; Complete; Complete; Complete; Complete,Closed,1000, , , , , , , , , , , , , , , , , , , , , , , , , , , , , , ,Tione,Huh
Jeffrey S. Edinberg Memorial Scholarship 2022,Complete; Complete; Complete,Closed,2000, , , , , , , , , , , , , , , , , , , , , , , , , , , , , , ,Imtinaan,Michell
Jenica Lynn Junnila Memorial Scholarship 2022,Submitted; Complete; Complete; Complete,Closed,500, , , , , , , , , , , , , , , , , , , , , , , , , , , , , , ,Emilio,Music
John and Fran Duke Scholarship 2022,Complete; Complete; Complete; Complete; Complete; Complete; Complete; Complete; Complete; Complete; Complete; Complete; Complete; Complete; Complete,Closed,1000, , , , , , , , , , , , , , , , , , , , , , , , , , ,Harvard University, , , ,Kaitlyn,Arviso-Aguirre
John F. Freeland Memorial Scholarship 2022,Submitted; Complete; Complete; Complete; Complete; Complete; Complete; Complete; Complete; Complete; Complete,Closed,1800, , , , , , , , , , , , , , , , , , , , , , , , , , , , , , ,Emilio,Music
Kathleen Terry Memorial Scholarship 2022,Submitted; Complete; Complete; Complete; Complete; Complete; Complete; Complete; Complete,Closed,800, , , , , , , , , , , , , , , , , , , , , , , , , , , , , , ,Munisa,Kirbow
Kelly A. Davis Memorial Scholarship 2022,Submitted; Complete; Complete; Complete; Complete; Complete; Complete; Complete,Closed,650, , , , , , , , , , , , , , , , , , , , , , , , , , , , , , ,Ramon,Deleon-Rodriguez
Ken and Pat Jones Scholarship 2022,Submitted; Complete; Complete; Complete; Complete; Complete; Complete; Complete; Complete; Complete,Closed,2500, , , , , , , , , , , , , , , , , , , , , , , , , , , , , , ,Nabeela,Desmond
Ken and Pat Jones Scholarship 2022,Submitted; Complete; Complete; Complete; Complete; Complete; Complete; Complete; Complete; Complete,Closed,2500, , , , , , , , , , , , , , , , , , , , , , , , , , , , , , ,Ricky,Reeder
Laurie C. Tinsley Scholarship 2022,Submitted; Complete; Complete; Complete; Complete; Complete; Complete; Complete; Complete; Complete; Complete; Complete; Complete,Closed,4000, , , , , , , , , , , , , , , , , , , , , , , , , , , , , , ,Lavies,Abdullah
Laurie C. Tinsley Scholarship 2022,Submitted; Complete; Complete; Complete; Complete; Complete; Complete; Complete; Complete; Complete; Complete; Complete,Closed,1000, , , , , , , , , , , , , , , , , , , , , , , , , , , , , , ,Melyzjah,Fresques
Laurie C. Tinsley Scholarship 2022,Submitted; Complete; Complete; Complete; Complete; Complete; Complete; Complete; Complete; Complete; Complete; Complete; Complete; Complete; Complete; Complete; Complete,Closed,1000, , , , , , , , , , , , , , , , , , , , , , , , , , ,Boston University, , , ,Colette,Forkell
Laurie C. Tinsley Scholarship 2022,Submitted; Complete; Complete; Complete; Complete; Complete; Complete; Complete; Complete; Complete; Complete; Complete,Closed,1000, , , , , , , , , , , , , , , , , , , , , , , , , , , , , , ,Randy,el-Khalil
Leicester High School Football Alumni Scholarship 2022,Submitted; Complete; Complete; Complete,Closed,750, , , , , , , , , , , , , , , , , , , , , , , , , , , , , , ,Celia,Santiago
Leicester Samaritan Nursing Association Scholarship Fund 2022,Submitted; Complete; Complete; Complete; Complete; Complete; Complete; Complete,Closed,1200, , , , , , , , , , , , , , , , , , , , , , , , , , , , , , ,Shawnquelle,Malone-Rogers
Leonard F. Leamy Scholarship 2022,Submitted; Complete; Complete; Complete; Complete; Complete; Complete,Closed,1500, , , , , , , , , , , , , , , , , , , , , , , , , , , , , , ,Gericko,Stoops
Leonard F. Leamy Scholarship 2022,Submitted; Complete; Complete; Complete; Complete; Complete; Complete,Closed,1500, , , , , , , , , , , , , , , , , , , , , , , , , , , , , , ,Johnny,Botts
Leonard F. Leamy Scholarship 2022,Submitted; Complete; Complete; Complete; Complete; Complete; Complete,Closed,1500, , , , , , , , , , , , , , , , , , , , , , , , , , , , , , ,Carina,Phonthongsy
Leonard H. White Scholarship 2022,Submitted; Complete; Complete; Complete,Closed,1200, , , , , , , , , , , , , , , , , , , , , , , , , , , , , , ,Karlos,al-Farra
Leonard H. White Scholarship 2022,Complete; Complete; Complete; Complete,Closed,1200, , , , , , , , , , , , , , , , , , , , , , , , , , , , , , ,Najimah,Weaver
Leonard H. White Scholarship 2022,Submitted; Complete; Complete; Complete,Closed,1200, , , , , , , , , , , , , , , , , , , , , , , , , , , , , , ,Thomas,el-Sinai
Leonard H. White Scholarship 2022,Submitted; Complete; Complete; Complete,Closed,1200, , , , , , , , , , , , , , , , , , , , , , , , , , , , , , ,Ohitike,el-Sinai
Leonard H. White Scholarship 2022,Complete; Complete; Complete; Complete,Closed,1200, , , , , , , , , , , , , , , , , , , , , , , , , , , , , , ,Taijeona,Addie
Leonide J. Lemire VFW Post 6055 Scholarship 2022,Submitted; Complete; Complete; Complete; Complete; Complete; Complete,Closed,1500, , , , , , , , , , , , , , , , , , , , , , , , , , , , , , ,Alton,Barnabas
Leonide J. Lemire VFW Post 6055 Scholarship 2022,Submitted; Complete; Complete; Complete; Complete; Complete; Complete,Closed,1500, , , , , , , , , , , , , , , , , , , , , , , , , , , , , , ,Kent,al-Amer
Leonide J. Lemire VFW Post 6055 Scholarship 2022,Submitted; Complete; Complete; Complete; Complete; Complete; Complete,Closed,1500, , , , , , , , , , , , , , , , , , , , , , , , , , , , , , ,Munisa,Kirbow
Leroy Weiner Scholarship 2022,Complete; Complete; Complete; Complete; Complete,Closed,1000, , , , , , , , , , , , , , , , , , , , , , , , , , , , , , ,Mutadi,Gonsales
"Lieutenant James F. ""Jay"" Lyons, III Memorial Scholarship 2022",Submitted; Complete; Complete; Complete; Complete; Complete; Complete; Complete; Complete; Complete; Complete,Closed,2000, , , , , , , , , , , , , , , , , , , , , , , , , , , , , , ,Whitney,Sok
"Lieutenant James F. ""Jay"" Lyons, III Memorial Scholarship 2022",Submitted; Complete; Complete; Complete; Complete; Complete; Complete; Complete; Complete; Complete,Closed,1000, , , , , , , , , , , , , , , , , , , , , , , , , , , , , , ,Awda,Dionese
Love Your Neighbor Award 2022,Submitted; Complete; Complete; Complete; Complete; Complete; Complete,Closed,500, , , , , , , , , , , , , , , , , , , , , , , , , , , , , , ,Jorden,Wendelin
Margaret G. Wolcott Scholarship 2022,Submitted; Complete; Complete; Complete; Complete; Complete; Complete; Complete; Complete,Closed,900, , , , , , , , , , , , , , , , , , , , , , , , , , , , , , ,Anjel,el-Sesay
Mark MacPherson Lightbown Memorial Scholarship 2022,Submitted; Complete; Complete; Complete; Complete; Complete; Complete; Complete,Closed,1000, , , , , , , , , , , , , , , , , , , , , , , , , , , , , , ,Tonya,Schumacher
Mark W. Tripp Scholarship 2022,Submitted; Complete; Complete; Complete; Complete; Complete; Complete; Complete; Complete; Complete,Closed,1000, , , , , , , , , , , , , , , , , , , , , , , , , , , , , , ,Saamyya,Gang
Marty Hastings Memorial Scholarship 2022,Submitted; Complete; Complete; Complete; Complete; Complete; Complete; Complete; Complete,Closed,1000, , , , , , , , , , , , , , , , , , , , , , , , , , , , , , ,Azamat,el-Jabbar
Mary and John Buckley Memorial Education Scholarship 2022,Submitted; Complete; Complete; Complete; Complete; Complete; Complete; Complete,Closed,800, , , , , , , , , , , , , , , , , , , , , , , , , , , , , , ,Cheyanne,el-Khawaja
Mary Ann Binkoski Scholarship 2022,Submitted; Complete; Complete; Complete; Complete; Complete; Complete; Complete,Closed,700, , , , , , , , , , , , , , , , , , , , , , , , , , , , , , ,Yadira,Palmer
Mary Connolly Memorial Scholarship 2022,Submitted; Complete; Complete; Complete; Complete; Complete; Complete; Complete; Complete; Complete; Complete,Closed,250, , , , , , , , , , , , , , , , , , , , , , , , , , , , , , ,Marshall,al-Shahin
Mary Sahagan Lonstein Scholarship 2022,Complete; Complete; Complete; Complete,Closed,1400, , , , , , , , , , , , , , , , , , , , , , , , , , , , , , ,Khaalida,al-Amir
Mary Sahagan Lonstein Scholarship 2022,Submitted; Complete; Complete; Complete,Closed,1400, , , , , , , , , , , , , , , , , , , , , , , , , , , , , , ,Khanh,al-Wali
Maureen Henrickson Memorial Scholarship 2022,Submitted; Complete; Complete; Complete; Complete; Complete; Complete; Complete; Complete; Complete; Complete,Closed,500, , , , , , , , , , , , , , , , , , , , , , , , , , , , , , ,Shanice,Gellatly
Melanie Davidian Memorial Scholarship 2022,Submitted; Complete; Complete; Complete; Complete; Complete; Complete; Complete; Complete,Closed,1000, , , , , , , , , , , , , , , , , , , , , , , , , , , , , , ,Jerald,Forte
Melanie Davidian Memorial Scholarship 2022,Complete; Complete; Complete; Complete; Complete; Complete; Complete; Complete; Complete,Closed,1000, , , , , , , , , , , , , , , , , , , , , , , , , , , , , , ,Mahbooba,Hankins
Melanie Davidian Memorial Scholarship 2022,Submitted; Complete; Complete; Complete; Complete; Complete; Complete; Complete; Complete,Closed,1000, , , , , , , , , , , , , , , , , , , , , , , , , , , , , , ,Karlos,Espino Aguilar
Michael Minty Memorial Scholarship 2022,Submitted; Complete; Complete; Complete,Closed,1500, , , , , , , , , , , , , , , , , , , , , , , , , , , , , , ,Xai,Robertson
Middlesex Savings Charitable Foundation Scholarship 2022,Complete; Complete; Complete,Closed,5000, , , , , , , , , , , , , , , , , , , , , , , , , , , , , , ,Oliver,Alquist
Middlesex Savings Charitable Foundation Scholarship 2022,Complete; Complete; Complete,Closed,1000, , , , , , , , , , , , , , , , , , , , , , , , , , , , , , ,Chaniya,Ha
Middlesex Savings Charitable Foundation Scholarship 2022,Complete; Complete; Complete,Closed,1000, , , , , , , , , , , , , , , , , , , , , , , , , , , , , , ,Jyotshal,Kaufman
Middlesex Savings Charitable Foundation Scholarship 2022,Complete; Complete; Complete,Closed,5000, , , , , , , , , , , , , , , , , , , , , , , , , , , , , , ,Taamira,Fellows
Middlesex Savings Charitable Foundation Scholarship 2022,Complete; Complete; Complete,Closed,1000, , , , , , , , , , , , , , , , , , , , , , , , , , , , , , ,My,al-Ahmadi
Middlesex Savings Charitable Foundation Scholarship 2022,Complete; Complete; Complete,Closed,1000, , , , , , , , , , , , , , , , , , , , , , , , , , , , , , ,Joe,el-Amara
Middlesex Savings Charitable Foundation Scholarship 2022,Complete; Complete; Complete,Closed,1000, , , , , , , , , , , , , , , , , , , , , , , , , , , , , , ,Souphakone,Kimball
Middlesex Savings Charitable Foundation Scholarship 2022,Complete; Complete; Complete,Closed,1000, , , , , , , , , , , , , , , , , , , , , , , , , , , , , , ,Mareeon,Cochran
Middlesex Savings Charitable Foundation Scholarship 2022,Complete; Complete; Complete,Closed,1000, , , , , , , , , , , , , , , , , , , , , , , , , , , , , , ,Shaafia,Hazley
Middlesex Savings Charitable Foundation Scholarship 2022,Complete; Complete; Complete,Closed,1000, , , , , , , , , , , , , , , , , , , , , , , , , , , , , , ,Gabrielle,Berrier
Middlesex Savings Charitable Foundation Scholarship 2022,Complete; Complete; Complete,Closed,500, , , , , , , , , , , , , , , , , , , , , , , , , , , , , , ,Keren,Boehlke
Middlesex Savings Charitable Foundation Scholarship 2022,Complete; Complete; Complete,Closed,1000, , , , , , , , , , , , , , , , , , , , , , , , , , , , , , ,Victoria,al-Islam
Middlesex Savings Charitable Foundation Scholarship 2022,Complete; Complete; Complete,Closed,1000, , , , , , , , , , , , , , , , , , , , , , , , , , , , , , ,Hanaaa,Wills
Middlesex Savings Charitable Foundation Scholarship 2022,Complete; Complete; Complete,Closed,1000, , , , , , , , , , , , , , , , , , , , , , , , , , , , , , ,Taeler,Pimentel
Middlesex Savings Charitable Foundation Scholarship 2022,Complete; Complete; Complete,Closed,1000, , , , , , , , , , , , , , , , , , , , , , , , , , , , , , ,Emilio,Foley
Middlesex Savings Charitable Foundation Scholarship 2022,Complete; Complete; Complete,Closed,1000, , , , , , , , , , , , , , , , , , , , , , , , , , , , , , ,Adrena,Kishi
Middlesex Savings Charitable Foundation Scholarship 2022,Complete; Complete; Complete,Closed,1000, , , , , , , , , , , , , , , , , , , , , , , , , , , , , , ,Amanda,al-Sami
Middlesex Savings Charitable Foundation Scholarship 2022,Complete; Complete; Complete,Closed,1000, , , , , , , , , , , , , , , , , , , , , , , , , , , , , , ,Roice,Thurston
Middlesex Savings Charitable Foundation Scholarship 2022,Complete; Complete; Complete,Closed,1000, , , , , , , , , , , , , , , , , , , , , , , , , , , , , , ,Sahara,Trupp
Middlesex Savings Charitable Foundation Scholarship 2022,Complete; Complete; Complete,Closed,1000, , , , , , , , , , , , , , , , , , , , , , , , , , , , , , ,Darell,Pietraallo
Middlesex Savings Charitable Foundation Scholarship 2022,Complete; Complete; Complete,Closed,1000, , , , , , , , , , , , , , , , , , , , , , , , , , , , , , ,Jazmin,Witt
Middlesex Savings Charitable Foundation Scholarship 2022,Complete; Complete; Complete,Closed,1000, , , , , , , , , , , , , , , , , , , , , , , , , , , , , , ,Mahbooba,Casillas Jimenez
Middlesex Savings Charitable Foundation Scholarship 2022,Complete; Complete; Complete,Closed,1000, , , , , , , , , , , , , , , , , , , , , , , , , , , , , , ,Shafee'a,el-Ahmad
Middlesex Savings Charitable Foundation Scholarship 2022,Complete; Complete; Complete,Closed,1000, , , , , , , , , , , , , , , , , , , , , , , , , , , , , , ,Musheera,Koeser
Middlesex Savings Charitable Foundation Scholarship 2022,Complete; Complete; Complete,Closed,1000, , , , , , , , , , , , , , , , , , , , , , , , , , , , , , ,Dhaafir,Brauher
Middlesex Savings Charitable Foundation Scholarship 2022,Complete; Complete; Complete,Closed,1000, , , , , , , , , , , , , , , , , , , , , , , , , , , , , , ,Armonno,Cardenas
Middlesex Savings Charitable Foundation Scholarship 2022,Complete; Complete; Complete,Closed,1000, , , , , , , , , , , , , , , , , , , , , , , , , , , , , , ,Peter,al-Javed
Middlesex Savings Charitable Foundation Scholarship 2022,Complete; Complete; Complete,Closed,1000, , , , , , , , , , , , , , , , , , , , , , , , , , , , , , ,Sushmita,Kuge
Middlesex Savings Charitable Foundation Scholarship 2022,Complete; Complete; Complete,Closed,1000, , , , , , , , , , , , , , , , , , , , , , , , , , , , , , ,Abdur Raheem,el-Kader
Middlesex Savings Charitable Foundation Scholarship 2022,Complete; Complete; Complete,Closed,1000, , , , , , , , , , , , , , , , , , , , , , , , , , , , , , ,Shadi,Fisher
Middlesex Savings Charitable Foundation Scholarship 2022,Complete; Complete; Complete,Closed,1000, , , , , , , , , , , , , , , , , , , , , , , , , , , , , , ,"Jam,Aan",Kiyota
Middlesex Savings Charitable Foundation Scholarship 2022,Complete; Complete; Complete,Closed,1000, , , , , , , , , , , , , , , , , , , , , , , , , , , , , , ,Nabeeh,Kniss
Middlesex Savings Charitable Foundation Scholarship 2022,Complete; Complete; Complete,Closed,1000, , , , , , , , , , , , , , , , , , , , , , , , , , , , , , ,Juanita,Thorpe
Middlesex Savings Charitable Foundation Scholarship 2022,Complete; Complete; Complete,Closed,1000, , , , , , , , , , , , , , , , , , , , , , , , , , , , , , ,Muneer,Ehrlich
Middlesex Savings Charitable Foundation Scholarship 2022,Complete; Complete; Complete,Closed,1000, , , , , , , , , , , , , , , , , , , , , , , , , , , , , , ,Dimitrius,Phan
Nichols Academy Marilyn T. and Gerald Fels Scholarship 2022,Submitted; Complete; Complete; Complete; Complete; Complete; Complete; Complete; Complete; Complete,Closed,1500, , , , , , , , , , , , , , , , , , , , , , , , , , , , , , ,Thomas,Kellum
Nichols Academy Marilyn T. and Gerald Fels Scholarship 2022,Submitted; Complete; Complete; Complete; Complete; Complete; Complete; Complete; Complete; Complete,Closed,1500, , , , , , , , , , , , , , , , , , , , , , , , , , , , , , ,Nabeel,Dye
Nichols Academy Marilyn T. and Gerald Fels Scholarship 2022,Submitted; Complete; Complete; Complete; Complete; Complete; Complete; Complete; Complete,Closed,1500, , , , , , , , , , , , , , , , , , , , , , , , , , , , , , ,Russell,Quijano
Nichols Academy Marilyn T. and Gerald Fels Scholarship 2022,Submitted; Complete; Complete; Complete; Complete; Complete; Complete; Complete; Complete,Closed,1500, , , , , , , , , , , , , , , , , , , , , , , , , , , , , , ,Jessiah,O'Malley
Patrica A. and Robert M. Bourke Memorial Scholarship 2022,Submitted; Complete; Complete; Complete; Complete; Complete; Complete; Complete,Closed,1500, , , , , , , , , , , , , , , , , , , , , , , , , , , , , , ,Teresa,al-Hariri
Patrica A. and Robert M. Bourke Memorial Scholarship 2022,Submitted; Complete; Complete; Complete; Complete; Complete; Complete; Complete,Closed,1500, , , , , , , , , , , , , , , , , , , , , , , , , , , , , , ,Fat'hiyaa,Bunting
Paul E. Tarkiainen Art Award Scholarship 2022,Complete; Complete; Complete,Closed,1600, , , , , , , , , , , , , , , , , , , , , , , , , , , , , , ,Laila,Awe
Paul J. Westberg Memorial Scholarship 2022,Submitted; Complete; Complete; Complete; Complete; Complete; Complete; Complete; Complete,Closed,350, , , , , , , , , , , , , , , , , , , , , , , , , , , , , , ,Mytruc,Hsu
Paul M. Gervais Memorial Music Scholarship 2022,Complete; Complete; Complete; Complete; Complete; Complete; Complete; Complete; Complete; Complete,Closed,1500, , , , , , , , , , , , , , , , , , , , , , , , , , , , , , ,Obdulia,Jacobs
Project Aspire Scholarship 2022,Submitted; Complete; Complete; Complete,Closed,600, , , , , , , , , , , , , , , , , , , , , , , , , , , , , , ,Eleazar,Freeman
Rev. Richard & Shirley Wright Emmanuel Baptist Church Scholarship 2022,Submitted; Complete; Complete; Complete,Closed,2000, , , , , , , , , , , , , , , , , , , , , , , , , , , , , , ,Marqus,Daly
Rev. Richard & Shirley Wright Emmanuel Baptist Church Scholarship 2022,Submitted; Complete; Complete; Complete,Closed,2000, , , , , , , , , , , , , , , , , , , , , , , , , , , , , , ,Sonya,Mason
Richard and Jeanne Ahlquist Scholarship 2022,Submitted; Complete; Complete; Complete; Complete; Complete; Complete,Closed,500, , , , , , , , , , , , , , , , , , , , , , , , , , , , , , ,Ramon,Deleon-Rodriguez
Richard W. Pierce Scholarship 2022,Complete; Complete; Complete; Complete; Complete; Complete; Complete; Complete; Complete; Complete,Closed,1500, , , , , , , , , , , , , , , , , , , , , , , , , , , , , , ,Mubeena,Seiler
Robert P. Currie Scholarship 2022,Submitted; Complete; Complete; Complete; Complete; Complete; Complete,Closed,400, , , , , , , , , , , , , , , , , , , , , , , , , , , , , , ,Brenna,Yun
Robert P. Goulet Memorial Scholarship 2022,Submitted; Complete; Complete; Complete; Complete; Complete; Complete; Complete,Closed,550, , , , , , , , , , , , , , , , , , , , , , , , , , , , , , ,Alex,Joyner
Santo J. and Ellen M. DiDonato Memorial Scholarship 2022,Submitted; Complete; Complete; Complete; Complete; Complete; Complete; Complete,Closed,1000, , , , , , , , , , , , , , , , , , , , , , , , , , , , , , ,Nabeel,Dye
Santo J. and Ellen M. DiDonato Memorial Scholarship 2022,Submitted; Complete; Complete; Complete; Complete; Complete; Complete; Complete; Complete,Closed,1000, , , , , , , , , , , , , , , , , , , , , , , , , , , , , , ,Sultana,Caudillo
Sarah Daniels Pettit and William O. Pettit Scholarship 2022,Submitted; Complete; Complete; Complete; Complete; Complete; Complete; Complete,Closed,1000, , , , , , , , , , , , , , , , , , , , , , , , , , , , , , ,Qaasim,Van Lue
Steelman Expository Writing Scholarship 2022,Complete; Complete; Complete,Closed,1000, , , , , , , , , , , , , , , , , , , , , , , , , , , , , , ,Russell,Bushyhead
Steelman Expository Writing Scholarship 2022,Complete; Complete; Complete,Closed,1000, , , , , , , , , , , , , , , , , , , , , , , , , , , , , , ,Tien,Herrera
Stephen G. and Jacqueline A. Economos Scholar Athlete Scholarship 2022,Submitted; Complete; Complete; Complete; Complete; Complete; Complete; Complete; Complete; Complete,Closed,1000, , , , , , , , , , , , , , , , , , , , , , , , , , , , , , ,Alex,Joyner
Summers Family Education Scholarship 2022,Submitted; Complete; Complete; Complete,Closed,600, , , , , , , , , , , , , , , , , , , , , , , , , , , , , , ,Toryn,Johnson-Hayward
Sumner B. Tilton Memorial Scholarship 2022,Submitted; Complete; Complete; Complete; Complete; Complete; Complete; Complete,Closed,2000, , , , , , , , , , , , , , , , , , , , , , , , , , , , , , ,Zvi,Gast
Swedish National Federation Scholarship 2022,Submitted; Complete; Complete; Complete; Complete; Complete; Complete,Closed,1000, , , , , , , , , , , , , , , , , , , , , , , , , , , , , , ,Shabeeba,al-Obeid
Tahanto Regional High School Scholarship 2022,Submitted; Complete; Complete; Complete; Complete; Complete; Complete; Complete,Closed,1500, , , , , , , , , , , , , , , , , , , , , , , , , , , , , , ,Jorden,Wendelin
Tahanto Regional High School Scholarship 2022,Submitted; Complete; Complete; Complete; Complete; Complete; Complete; Complete,Closed,1500, , , , , , , , , , , , , , , , , , , , , , , , , , , , , , ,Mareeon,Graves
Wallace D. and Dorothy M. Andrews Scholarship 2022,Submitted; Complete; Complete; Complete; Complete; Complete; Complete; Complete; Complete; Complete,Closed,1000, , , , , , , , , , , , , , , , , , , , , , , , , , , , , , ,Xavier,Ewing-Rhodes
Wallace D. and Dorothy M. Andrews Scholarship 2022,Submitted; Complete; Complete; Complete; Complete; Complete; Complete; Complete; Complete; Complete,Closed,1000, , , , , , , , , , , , , , , , , , , , , , , , , , , , , , ,Roderick,al-Akbari
Wallace D. and Dorothy M. Andrews Scholarship 2022,Submitted; Complete; Complete; Complete; Complete; Complete; Complete; Complete; Complete; Complete,Closed,1000, , , , , , , , , , , , , , , , , , , , , , , , , , , , , , ,Ciera,Jarrett
Wallace D. and Dorothy M. Andrews Scholarship 2022,Submitted; Complete; Complete; Complete; Complete; Complete; Complete; Complete; Complete; Complete,Closed,1000, , , , , , , , , , , , , , , , , , , , , , , , , , , , , , ,Randy,el-Khalil
Webster Square Business Association Scholarship 2022,Submitted; Complete; Complete; Complete; Complete; Complete; Complete; Complete; Complete,Closed,1000, , , , , , , , , , , , , , , , , , , , , , , , , , , , , , ,Zvi,Gast
William J. Short Scholarship 2022,Submitted; Complete; Complete; Complete; Complete; Complete; Complete; Complete,Closed,1000, , , , , , , , , , , , , , , , , , , , , , , , , , , , , , ,Jerald,Forte
William J. Short Scholarship 2022,Submitted; Complete; Complete; Complete; Complete; Complete; Complete; Complete,Closed,1000, , , , , , , , , , , , , , , , , , , , , , , , , , , , , , ,Xai,Sargent
Worcester Latino Coalition Scholarship 2022,Submitted; Complete; Complete; Complete; Complete; Complete; Complete; Complete,Closed,1000, , , , , , , , , , , , , , , , , , , , , , , , , , , , , , ,Russell,Quijano
Worcester Swedish Charitable Association Scholarship 2022,Submitted; Complete; Complete; Complete; Complete; Complete; Complete; Complete; Complete; Complete; Complete; Complete,Closed,1300, , , , , , , , , , , , , , , , , , , , , , , , , , ,University of Rhode Island, , , ,Meghin,al-Mahfouz
Worcester Swedish Charitable Association Scholarship 2022,Submitted; Complete; Complete; Complete; Complete; Complete; Complete,Closed,1300, , , , , , , , , , , , , , , , , , , , , , , , , , , , , , ,Shabeeba,al-Obeid
Worcester Woman's Club Scholarship 2022,Complete; Complete; Complete; Complete; Complete; Complete; Complete; Complete; Complete,Closed,1000, , , , , , , , , , , , , , , , , , , , , , , , , , , , , , ,Taeler,Van Lue
Adolfo Arrastia Beacon of Light Scholarship 2022,Submitted; Complete; Complete,Denied, , , , , , , , , , , , , , , , , , , , , , , , , , , , , , , ,Yonathan,Brink
Adolfo Arrastia Beacon of Light Scholarship 2022,Submitted; Complete; Complete,Denied, , , , , , , , , , , , , , , , , , , , , , , , , , , , , , , ,Adriea,Halliburton
Adolfo Arrastia Beacon of Light Scholarship 2022,Complete; Complete; Complete; Complete; Complete; Complete; Complete; Complete; Complete; Complete,Denied, , , , , , , , , , , , , , , , , , , , , , , , , , , ,Brandeis University, , , ,Aeneva,Murphy
Adolfo Arrastia Beacon of Light Scholarship 2022,Submitted; Complete; Complete,Denied, , , , , , , , , , , , , , , , , , , , , , , , , , , , , , , ,Hasana,Quach
Alexander G. Simonatis Scholarship 2022,Submitted; Complete; Complete,Denied, , , , , , , , , , , , , , , , , , , , , , , , , , , , , , , ,Alex,Nweke
Anne Carey Murphy Memorial Scholarship 2022,Submitted; Complete; Complete,Denied, , , , , , , , , , , , , , , , , , , , , , , , , , , , , , , ,Fareeda,Ogsbury
Anne Carey Murphy Memorial Scholarship 2022,Submitted; Complete; Complete,Denied, , , , , , , , , , , , , , , , , , , , , , , , , , , , , , , ,"Jam,Aan",Lacuesta
Anne Carey Murphy Memorial Scholarship 2022,Submitted; Complete; Complete; Complete; Complete; Complete; Complete; Complete; Complete; Complete,Denied, , , , , , , , , , , , , , , , , , , , , , , , , , , ,Endicott College, , , ,Zaamil,Peterman
Anthony E. Mickunas Memorial Scholarship 2022,Submitted; Complete; Complete; Complete,Denied, , , , , , , , , , , , , , , , , , , , , , , , , , , , , , , ,Desare,Mungia
Anthony E. Mickunas Memorial Scholarship 2022,Submitted; Complete; Complete,Denied, , , , , , , , , , , , , , , , , , , , , , , , , , , , , , , ,Jason,Parrilla
Anthony E. Mickunas Memorial Scholarship 2022,Submitted; Complete; Complete,Denied, , , , , , , , , , , , , , , , , , , , , , , , , , , , , , , ,Gi Hun,Botello
Anthony E. Mickunas Memorial Scholarship 2022,Submitted; Complete; Complete,Denied, , , , , , , , , , , , , , , , , , , , , , , , , , , , , , , ,Rawda,el-Latif
Anthony E. Mickunas Memorial Scholarship 2022,Submitted; Complete; Complete,Denied, , , , , , , , , , , , , , , , , , , , , , , , , , , , , , , ,Isaiah,O'Neal
Anthony E. Mickunas Memorial Scholarship 2022,Complete; Complete; Complete,Denied, , , , , , , , , , , , , , , , , , , , , , , , , , , , , , , ,Marisah,Starbird
Anthony E. Mickunas Memorial Scholarship 2022,Submitted; Complete; Complete,Denied, , , , , , , , , , , , , , , , , , , , , , , , , , , , , , , ,Kimberley,Reddell
Anthony E. Mickunas Memorial Scholarship 2022,Submitted; Complete; Complete; Complete,Denied, , , , , , , , , , , , , , , , , , , , , , , , , , , , , , , ,Awda,Dionese
Anthony E. Mickunas Memorial Scholarship 2022,Submitted; Complete; Complete; Complete,Denied, , , , , , , , , , , , , , , , , , , , , , , , , , , , , , , ,Schyeler,el-Ghanem
Anthony E. Mickunas Memorial Scholarship 2022,Submitted; Complete; Complete; Complete; Complete; Complete; Complete; Complete; Complete,Denied, , , , , , , , , , , , , , , , , , , , , , , , , , , ,MCPHS University, , , ,Dahab,Heaton
Anthony E. Mickunas Memorial Scholarship 2022,Submitted; Complete; Complete,Denied, , , , , , , , , , , , , , , , , , , , , , , , , , , , , , , ,Daylamae,Whitley
Anthony E. Mickunas Memorial Scholarship 2022,Submitted; Complete; Complete,Denied, , , , , , , , , , , , , , , , , , , , , , , , , , , , , , , ,Davis,Halaseh
Anthony E. Mickunas Memorial Scholarship 2022,Submitted; Complete; Complete,Denied, , , , , , , , , , , , , , , , , , , , , , , , , , , , , , , ,Heroki,Yoshimura
Anthony E. Mickunas Memorial Scholarship 2022,Submitted; Complete; Complete; Complete; Complete; Complete; Complete; Complete,Denied, , , , , , , , , , , , , , , , , , , , , , , , , , , , , , , ,Sushmita,Berumen
Anthony E. Mickunas Memorial Scholarship 2022,Submitted; Complete; Complete; Complete,Denied, , , , , , , , , , , , , , , , , , , , , , , , , , , , , , , ,Kelsey,Trinh
Anthony E. Mickunas Memorial Scholarship 2022,Submitted; Complete; Complete; Complete; Complete; Complete; Complete; Complete; Complete; Complete; Complete; Complete; Complete; Assigned,Denied, , , , , , , , , , , , , , , , , , , , , , , , , , , , , , , ,Alysha,Span
Anthony E. Mickunas Memorial Scholarship 2022,Submitted; Complete; Complete,Denied, , , , , , , , , , , , , , , , , , , , , , , , , , , , , , , ,Norma,Lau
Anthony E. Mickunas Memorial Scholarship 2022,Submitted; Complete; Complete,Denied, , , , , , , , , , , , , , , , , , , , , , , , , , , , , , , ,Barathwaj,Soto
Anthony E. Mickunas Memorial Scholarship 2022,Submitted; Complete; Complete; Complete,Denied, , , , , , , , , , , , , , , , , , , , , , , , , , , , , , , ,Karlos,Espino Aguilar
Anthony E. Mickunas Memorial Scholarship 2022,Complete; Complete; Complete,Denied, , , , , , , , , , , , , , , , , , , , , , , , , , , , , , , ,Kameel,Jahner
Anthony E. Mickunas Memorial Scholarship 2022,Submitted; Complete; Complete; Complete; Complete; Complete; Complete; Complete; Complete,Denied, , , , , , , , , , , , , , , , , , , , , , , , , , , ,University of Massachusetts at Boston, , , ,Elisah,Forney
Anthony E. Mickunas Memorial Scholarship 2022,Submitted; Complete; Complete,Denied, , , , , , , , , , , , , , , , , , , , , , , , , , , , , , , ,Picabo,al-Zaman
Anthony E. Mickunas Memorial Scholarship 2022,Submitted; Complete; Complete,Denied, , , , , , , , , , , , , , , , , , , , , , , , , , , , , , , ,Dale,Amgalanbayar
Anthony E. Mickunas Memorial Scholarship 2022,Submitted; Complete; Complete; Complete,Denied, , , , , , , , , , , , , , , , , , , , , , , , , , , , , , , ,Ricky,Reeder
Anthony E. Mickunas Memorial Scholarship 2022,Complete; Complete; Complete; Complete; Complete; Complete; Complete; Complete,Denied, , , , , , , , , , , , , , , , , , , , , , , , , , , , , , , ,Erik,Tat
Anthony E. Mickunas Memorial Scholarship 2022,Submitted; Complete; Complete; Complete,Denied, , , , , , , , , , , , , , , , , , , , , , , , , , , , , , , ,Katherin,Bilal
Anthony E. Mickunas Memorial Scholarship 2022,Submitted; Complete; Complete; Complete,Denied, , , , , , , , , , , , , , , , , , , , , , , , , , , , , , , ,Aasim,Nash
Anthony E. Mickunas Memorial Scholarship 2022,Submitted; Complete; Complete,Denied, , , , , , , , , , , , , , , , , , , , , , , , , , , , , , , ,Emoni,Glenn-Bracey
Anthony E. Mickunas Memorial Scholarship 2022,Submitted; Complete; Complete; Complete,Denied, , , , , , , , , , , , , , , , , , , , , , , , , , , , , , , ,Zvi,Gast
Anthony E. Mickunas Memorial Scholarship 2022,Submitted; Complete; Complete,Denied, , , , , , , , , , , , , , , , , , , , , , , , , , , , , , , ,Tione,Simmons
Anthony E. Mickunas Memorial Scholarship 2022,Submitted; Complete; Complete; Complete,Denied, , , , , , , , , , , , , , , , , , , , , , , , , , , , , , , ,Natasha,Worker
Anthony E. Mickunas Memorial Scholarship 2022,Submitted; Complete; Complete; Complete; Complete; Complete; Complete; Complete; Complete,Denied, , , , , , , , , , , , , , , , , , , , , , , , , , , ,Boston University, , , ,Colette,Forkell
Anthony E. Mickunas Memorial Scholarship 2022,Submitted; Complete; Complete; Complete,Denied, , , , , , , , , , , , , , , , , , , , , , , , , , , , , , , ,Azamat,el-Jabbar
Anthony E. Mickunas Memorial Scholarship 2022,Submitted; Complete; Complete; Complete,Denied, , , , , , , , , , , , , , , , , , , , , , , , , , , , , , , ,Tamikah,Amgalanbayar
Anthony E. Mickunas Memorial Scholarship 2022,Submitted; Submitted; Complete,Denied, , , , , , , , , , , , , , , , , , , , , , , , , , , , , , , ,Karlos,Kraft
Anthony E. Mickunas Memorial Scholarship 2022,Complete; Complete; Complete; Complete; Complete; Complete; Complete; Complete; Complete; Complete,Denied, , , , , , , , , , , , , , , , , , , , , , , , , , , ,Harvard University, , , ,Kaitlyn,Arviso-Aguirre
Anthony E. Mickunas Memorial Scholarship 2022,Submitted; Complete; Complete,Denied, , , , , , , , , , , , , , , , , , , , , , , , , , , , , , , ,Keren,Smoote'-Caesar
Anthony E. Mickunas Memorial Scholarship 2022,Submitted; Complete; Complete,Denied, , , , , , , , , , , , , , , , , , , , , , , , , , , , , , , ,Mishaari,Gustafson
Anthony E. Mickunas Memorial Scholarship 2022,Submitted; Complete; Complete,Denied, , , , , , , , , , , , , , , , , , , , , , , , , , , , , , , ,Tammassha,Vazquez
Anthony E. Mickunas Memorial Scholarship 2022,Submitted; Complete; Complete; Complete; Complete; Complete; Complete; Complete,Denied, , , , , , , , , , , , , , , , , , , , , , , , , , , , , , , ,Trina,Powell
Anthony E. Mickunas Memorial Scholarship 2022,Submitted; Complete; Complete,Denied, , , , , , , , , , , , , , , , , , , , , , , , , , , , , , , ,Abiy,Rocha
Anthony E. Mickunas Memorial Scholarship 2022,Submitted; Complete; Complete,Denied, , , , , , , , , , , , , , , , , , , , , , , , , , , , , , , ,L'Tazha,Lopez-Carrizales
Anthony E. Mickunas Memorial Scholarship 2022,Complete; Complete; Complete; Complete,Denied, , , , , , , , , , , , , , , , , , , , , , , , , , , , , , , ,Samira,Slife
Anthony E. Mickunas Memorial Scholarship 2022,Submitted; Complete; Complete,Denied, , , , , , , , , , , , , , , , , , , , , , , , , , , , , , , ,Kaalim,Urresti
Arno and Roberta E. Wagner Scholarship 2022,Submitted; Complete; Complete,Denied, , , , , , , , , , , , , , , , , , , , , , , , , , , , , , , ,Tatiyana,el-Safi
Arno and Roberta E. Wagner Scholarship 2022,Submitted; Complete; Complete; Complete; Complete; Complete; Complete; Complete; Complete,Denied, , , , , , , , , , , , , , , , , , , , , , , , , , , ,University of Massachusetts at Amherst, , , ,Roger,el-Kassem
Arthur J. Remillard Jr. Scholarship 2022,Submitted; Complete; Complete,Denied, , , , , , , , , , , , , , , , , , , , , , , , , , , , , , , ,Karissa,Deeming
Arthur J. Remillard Jr. Scholarship 2022,Submitted; Complete; Complete,Denied, , , , , , , , , , , , , , , , , , , , , , , , , , , , , , , ,Abdul Majeed,Del Rio
Arthur J. Remillard Jr. Scholarship 2022,Submitted; Complete; Complete; Complete,Denied, , , , , , , , , , , , , , , , , , , , , , , , , , , , , , , ,Andres,Sajopha
Arthur J. Remillard Jr. Scholarship 2022,Complete; Complete; Complete,Denied, , , , , , , , , , , , , , , , , , , , , , , , , , , , , , , ,Azamat,Ablan
Arthur J. Remillard Jr. Scholarship 2022,Complete; Complete; Complete,Denied, , , , , , , , , , , , , , , , , , , , , , , , , , , , , , , ,Marisah,Starbird
Arthur J. Remillard Jr. Scholarship 2022,Submitted; Complete; Complete,Denied, , , , , , , , , , , , , , , , , , , , , , , , , , , , , , , ,Habeeba,Strobel
Arthur J. Remillard Jr. Scholarship 2022,Submitted; Complete; Complete,Denied, , , , , , , , , , , , , , , , , , , , , , , , , , , , , , , ,Maleeka,Chhoeun
Arthur J. Remillard Jr. Scholarship 2022,Complete; Complete; Complete; Complete; Complete; Complete; Complete,Denied, , , , , , , , , , , , , , , , , , , , , , , , , , , , , , , ,Kristian,Ball
Arthur J. Remillard Jr. Scholarship 2022,Submitted; Complete; Complete; Complete,Denied, , , , , , , , , , , , , , , , , , , , , , , , , , , , , , , ,Melyzjah,Fresques
Arthur J. Remillard Jr. Scholarship 2022,Submitted; Complete; Complete,Denied, , , , , , , , , , , , , , , , , , , , , , , , , , , , , , , ,Elisah,Clyde
Arthur J. Remillard Jr. Scholarship 2022,Submitted; Complete; Complete; Complete,Denied, , , , , , , , , , , , , , , , , , , , , , , , , , , , , , , ,Marqus,Daly
Arthur J. Remillard Jr. Scholarship 2022,Submitted; Complete; Complete,Denied, , , , , , , , , , , , , , , , , , , , , , , , , , , , , , , ,Greggory,Martzloff
Arthur J. Remillard Jr. Scholarship 2022,Submitted; Complete; Complete,Denied, , , , , , , , , , , , , , , , , , , , , , , , , , , , , , , ,Junaid,Woo
Arthur J. Remillard Jr. Scholarship 2022,Submitted; Complete; Complete,Denied, , , , , , , , , , , , , , , , , , , , , , , , , , , , , , , ,Tione,Simmons
Arthur J. Remillard Jr. Scholarship 2022,Submitted; Complete; Complete; Complete; Complete; Complete; Complete; Complete,Denied, , , , , , , , , , , , , , , , , , , , , , , , , , , , , , , ,Lance,Chay
Arthur J. Remillard Jr. Scholarship 2022,Submitted; Complete; Complete; Complete; Complete; Complete; Complete,Denied, , , , , , , , , , , , , , , , , , , , , , , , , , , , , , , ,Haaniya,Viswaroopan
Arthur J. Remillard Jr. Scholarship 2022,Submitted; Complete; Complete; Complete; Complete; Complete; Complete; Complete; Complete; Complete; Complete; Complete; Complete,Denied, , , , , , , , , , , , , , , , , , , , , , , , , , , ,Boston University, , , ,Mutammam,al-Ammar
Arthur J. Remillard Jr. Scholarship 2022,Submitted; Complete; Complete; Complete,Denied, , , , , , , , , , , , , , , , , , , , , , , , , , , , , , , ,Natasha,Worker
Arthur J. Remillard Jr. Scholarship 2022,Submitted; Complete; Complete,Denied, , , , , , , , , , , , , , , , , , , , , , , , , , , , , , , ,Debonair,Donels
Arthur J. Remillard Jr. Scholarship 2022,Submitted; Complete; Complete; Complete; Complete; Complete; Complete; Complete; Complete; Complete; Complete; Complete; Complete; Complete,Denied, , , , , , , , , , , , , , , , , , , , , , , , , , , ,Howard University, , , ,Funmilayo,Willow
Arthur J. Remillard Jr. Scholarship 2022,Submitted; Complete; Complete,Denied, , , , , , , , , , , , , , , , , , , , , , , , , , , , , , , ,Trina,Powell
Arthur J. Remillard Jr. Scholarship 2022,Submitted; Complete; Complete,Denied, , , , , , , , , , , , , , , , , , , , , , , , , , , , , , , ,L'Tazha,Lopez-Carrizales
Arthur J. Remillard Jr. Scholarship 2022,Complete; Complete; Complete,Denied, , , , , , , , , , , , , , , , , , , , , , , , , , , , , , , ,Corissa,Mckoy
Auburn Woman's Club Scholarship 2022,Submitted; Complete; Complete; Complete; Complete; Complete; Complete; Complete,Denied, , , , , , , , , , , , , , , , , , , , , , , , , , , , , , , ,Teresa,al-Hariri
Auburn Woman's Club Scholarship 2022,Submitted; Submitted; Complete,Denied, , , , , , , , , , , , , , , , , , , , , , , , , , , , , , , ,Humaidaan,Burns
Auburn Woman's Club Scholarship 2022,Submitted; Complete; Complete,Denied, , , , , , , , , , , , , , , , , , , , , , , , , , , , , , , ,Cheyane,el-Radwan
Auburn Woman's Club Scholarship 2022,Submitted; Complete; Complete; Complete; Complete; Complete; Complete,Denied, , , , , , , , , , , , , , , , , , , , , , , , , , , , , , , ,Sundus,Basnet
Auburn Woman's Club Scholarship 2022,Submitted; Complete; Complete; Complete; Complete; Complete; Complete,Denied, , , , , , , , , , , , , , , , , , , , , , , , , , , , , , , ,Picabo,Colten
Auburn Woman's Club Scholarship 2022,Submitted; Complete; Complete; Complete,Denied, , , , , , , , , , , , , , , , , , , , , , , , , , , , , , , ,Fat'hiyaa,Bunting
Auburn Woman's Club Scholarship 2022,Submitted; Complete; Complete; Complete; Complete; Complete; Complete,Denied, , , , , , , , , , , , , , , , , , , , , , , , , , , , , , , ,Binh,Kumar
Auburn Woman's Club Scholarship 2022,Submitted; Complete; Complete,Denied, , , , , , , , , , , , , , , , , , , , , , , , , , , , , , , ,D'Mitri,Pickett
Auburn Woman's Club Scholarship 2022,Submitted; Complete; Complete; Complete,Denied, , , , , , , , , , , , , , , , , , , , , , , , , , , , , , , ,Kent,al-Amer
Auburn Woman's Club Scholarship 2022,Submitted; Complete; Complete,Denied, , , , , , , , , , , , , , , , , , , , , , , , , , , , , , , ,Daylamae,Whitley
Auburn Woman's Club Scholarship 2022,Submitted; Complete; Complete,Denied, , , , , , , , , , , , , , , , , , , , , , , , , , , , , , , ,Shakoora,Villano
Auburn Woman's Club Scholarship 2022,Submitted; Complete; Complete,Denied, , , , , , , , , , , , , , , , , , , , , , , , , , , , , , , ,Crissela,Rosales-Bass
Auburn Woman's Club Scholarship 2022,Submitted; Complete; Complete; Complete; Complete; Complete; Complete; Complete,Denied, , , , , , , , , , , , , , , , , , , , , , , , , , , , , , , ,Julia Isabel,Quintana Jr
Auburn Woman's Club Scholarship 2022,Submitted; Complete; Complete; Complete; Complete; Complete; Complete,Denied, , , , , , , , , , , , , , , , , , , , , , , , , , , , , , , ,Zaamil,Randolph
Auburn Woman's Club Scholarship 2022,Submitted; Complete; Complete; Complete; Complete; Complete; Complete; Complete,Denied, , , , , , , , , , , , , , , , , , , , , , , , , , , , , , , ,Dhaafir,el-Jan
Barbara Marks Rothschild Arts and Education Scholarship 2022,Submitted; Complete; Complete; Complete; Complete; Complete; Complete,Denied, , , , , , , , , , , , , , , , , , , , , , , , , , , , , , , ,Abhaya,al-Maroun
Barbara Marks Rothschild Arts and Education Scholarship 2022,Submitted; Complete; Complete; Complete; Complete; Complete; Complete,Denied, , , , , , , , , , , , , , , , , , , , , , , , , , , , , , , ,"Jam,Aan",Largo
Barbara Marks Rothschild Arts and Education Scholarship 2022,Submitted; Complete; Complete; Complete; Complete; Complete; Complete,Denied, , , , , , , , , , , , , , , , , , , , , , , , , , , , , , , ,Valeria,al-Omer
Barbara Marks Rothschild Arts and Education Scholarship 2022,Submitted; Complete; Complete; Complete; Complete; Complete; Complete; Complete,Denied, , , , , , , , , , , , , , , , , , , , , , , , , , , , , , , ,Jessiah,Otgontulga
Belmont Street Community School Scholarship 2022,Submitted; Complete; Complete,Denied, , , , , , , , , , , , , , , , , , , , , , , , , , , , , , , ,Trina,Otgontulga
Ben P. Masterman Scholarship 2022,Complete; Complete; Complete,Denied, , , , , , , , , , , , , , , , , , , , , , , , , , , , , , , ,Aimee,Aldret
Ben P. Masterman Scholarship 2022,Submitted; Complete; Complete,Denied, , , , , , , , , , , , , , , , , , , , , , , , , , , , , , , ,Nusaiba,Mattice
Ben P. Masterman Scholarship 2022,Submitted; Complete; Complete; Complete,Denied, , , , , , , , , , , , , , , , , , , , , , , , , , , , , , , ,Leonardo,Golden
Ben P. Masterman Scholarship 2022,Submitted; Complete; Complete; Complete; Complete; Complete; Complete; Complete; Complete; Complete,Denied, , , , , , , , , , , , , , , , , , , , , , , , , , , , , , , ,Schyeler,el-Ghanem
Ben P. Masterman Scholarship 2022,Submitted; Complete; Complete,Denied, , , , , , , , , , , , , , , , , , , , , , , , , , , , , , , ,Heroki,Yoshimura
Ben P. Masterman Scholarship 2022,Submitted; Complete; Complete; Complete; Complete; Complete; Complete; Complete; Assigned,Denied, , , , , , , , , , , , , , , , , , , , , , , , , , , , , , , ,Alysha,Span
Ben P. Masterman Scholarship 2022,Complete; Complete; Complete; Complete; Complete; Complete; Complete; Complete; Complete; Complete,Denied, , , , , , , , , , , , , , , , , , , , , , , , , , , ,Brandeis University, , , ,Aeneva,Murphy
Ben P. Masterman Scholarship 2022,Submitted; Complete; Complete; Complete; Complete; Complete; Complete; Complete; Complete,Denied, , , , , , , , , , , , , , , , , , , , , , , , , , , , , , , ,Tione,Simmons
Ben P. Masterman Scholarship 2022,Submitted; Complete; Complete; Complete; Complete; Complete; Complete; Complete; Complete,Denied, , , , , , , , , , , , , , , , , , , , , , , , , , , , , , , ,Macella,el-Kader
Ben P. Masterman Scholarship 2022,Submitted; Complete; Complete,Denied, , , , , , , , , , , , , , , , , , , , , , , , , , , , , , , ,Jason,Flowers
Ben P. Masterman Scholarship 2022,Submitted; Complete; Complete,Denied, , , , , , , , , , , , , , , , , , , , , , , , , , , , , , , ,Monique,al-Amer
Ben P. Masterman Scholarship 2022,Complete; Complete; Complete,Denied, , , , , , , , , , , , , , , , , , , , , , , , , , , , , , , ,Tre,Yamaguchi
Ben P. Masterman Scholarship 2022,Submitted; Complete; Complete; Complete; Complete; Complete; Complete; Complete; Complete,Denied, , , , , , , , , , , , , , , , , , , , , , , , , , , , , , , ,Abiy,Rocha
Bradford J. Kemp Scholarship 2022,Submitted; Complete; Complete,Denied, , , , , , , , , , , , , , , , , , , , , , , , , , , , , , , ,Juanita,Smalldon
Bradford J. Kemp Scholarship 2022,Submitted; Complete; Complete; Complete,Denied, , , , , , , , , , , , , , , , , , , , , , , , , , , , , , , ,Thomas,Kellum
Bradford J. Kemp Scholarship 2022,Complete; Complete; Complete,Denied, , , , , , , , , , , , , , , , , , , , , , , , , , , , , , , ,Cheyane,Tran-Hoang
Bradford J. Kemp Scholarship 2022,Submitted; Complete; Complete; Complete; Complete; Complete; Complete,Denied, , , , , , , , , , , , , , , , , , , , , , , , , , , , , , , ,Zaamil,Buasri
Bradford J. Kemp Scholarship 2022,Submitted; Complete; Complete,Denied, , , , , , , , , , , , , , , , , , , , , , , , , , , , , , , ,Tione,Viruet
Bradford J. Kemp Scholarship 2022,Submitted; Complete; Complete; Complete; Complete; Complete; Complete; Complete; Complete; Complete; Complete; Complete; Complete,Denied, , , , , , , , , , , , , , , , , , , , , , , , , , , ,Westfield State University, , , ,Colette,Villano
Bradford J. Kemp Scholarship 2022,Submitted; Complete; Complete; Complete; Complete; Complete; Complete; Complete,Denied, , , , , , , , , , , , , , , , , , , , , , , , , , , , , , , ,Russell,Quijano
Bradford J. Kemp Scholarship 2022,Submitted; Complete; Complete; Complete,Denied, , , , , , , , , , , , , , , , , , , , , , , , , , , , , , , ,Jessiah,O'Malley
Bradford J. Kemp Scholarship 2022,Submitted; Complete; Complete; Complete; Complete; Complete; Complete,Denied, , , , , , , , , , , , , , , , , , , , , , , , , , , , , , , ,Josaphina,Rolston
Bruce S. Bennett Fund for Community Journalism Scholarship 2022,Submitted; Complete; Complete; Complete; Complete; Complete; Complete; Complete,Denied, , , , , , , , , , , , , , , , , , , , , , , , , , , , , , , ,Tien,Herrera
Bruce S. Bennett Fund for Community Journalism Scholarship 2022,Submitted; Complete; Complete,Denied, , , , , , , , , , , , , , , , , , , , , , , , , , , , , , , ,Arnold,Verde
Bruce S. Bennett Fund for Community Journalism Scholarship 2022,Submitted; Complete; Complete,Denied, , , , , , , , , , , , , , , , , , , , , , , , , , , , , , , ,Binh,Kumar
Bruce S. Bennett Fund for Community Journalism Scholarship 2022,Submitted; Complete; Complete; Complete,Denied, , , , , , , , , , , , , , , , , , , , , , , , , , , , , , , ,Musheera,Folsom
Bruce S. Bennett Fund for Community Journalism Scholarship 2022,Complete; Complete; Complete,Denied, , , , , , , , , , , , , , , , , , , , , , , , , , , , , , , ,Talia,Perkins
Bruce S. Bennett Fund for Community Journalism Scholarship 2022,Submitted; Complete; Complete,Denied, , , , , , , , , , , , , , , , , , , , , , , , , , , , , , , ,Daizha,Caldwell-Kentris
Bruce S. Bennett Fund for Community Journalism Scholarship 2022,Submitted; Complete; Complete,Denied, , , , , , , , , , , , , , , , , , , , , , , , , , , , , , , ,Kennedy,el-Mahdi
Bruce S. Bennett Fund for Community Journalism Scholarship 2022,Submitted; Complete; Complete; Complete,Denied, , , , , , , , , , , , , , , , , , , , , , , , , , , , , , , ,Nikki,Woolum
Bruce S. Bennett Fund for Community Journalism Scholarship 2022,Submitted; Complete; Complete,Denied, , , , , , , , , , , , , , , , , , , , , , , , , , , , , , , ,Norma,Lopez-Carrizales
Bruce S. Bennett Fund for Community Journalism Scholarship 2022,Submitted; Complete; Complete,Denied, , , , , , , , , , , , , , , , , , , , , , , , , , , , , , , ,Elisah,Clyde
Bruce S. Bennett Fund for Community Journalism Scholarship 2022,Submitted; Complete; Complete,Denied, , , , , , , , , , , , , , , , , , , , , , , , , , , , , , , ,Joy,Schuette
Bruce S. Bennett Fund for Community Journalism Scholarship 2022,Complete; Complete; Complete,Denied, , , , , , , , , , , , , , , , , , , , , , , , , , , , , , , ,Doris,Pulling
Bruce S. Bennett Fund for Community Journalism Scholarship 2022,Submitted; Complete; Complete; Complete; Complete; Complete; Complete; Complete; Complete; Complete,Denied, , , , , , , , , , , , , , , , , , , , , , , , , , , ,Howard University, , , ,Funmilayo,Willow
Bruce S. Bennett Fund for Community Journalism Scholarship 2022,Submitted; Complete; Complete; Complete,Denied, , , , , , , , , , , , , , , , , , , , , , , , , , , , , , , ,Najeem,Gregory
Bruce S. Bennett Fund for Community Journalism Scholarship 2022,Complete; Complete; Complete; Complete,Denied, , , , , , , , , , , , , , , , , , , , , , , , , , , , , , , ,Catarina,Garman
Carrick Foundation Scholarship 2022,Complete; Complete; Complete; Complete; Complete; Complete; Complete; Complete; Complete; Complete; Complete; Complete,Denied, , , , , , , , , , , , , , , , , , , , , , , , , , , , , , , ,Fawz,al-Basha
Carrick Foundation Scholarship 2022,Submitted; Complete; Complete,Denied, , , , , , , , , , , , , , , , , , , , , , , , , , , , , , , ,Sankeerth,Majalca
Carrick Foundation Scholarship 2022,Submitted; Complete; Complete,Denied, , , , , , , , , , , , , , , , , , , , , , , , , , , , , , , ,Naaji,Beram
Carrick Foundation Scholarship 2022,Submitted; Complete; Complete,Denied, , , , , , , , , , , , , , , , , , , , , , , , , , , , , , , ,Tatiyana,el-Safi
Carrick Foundation Scholarship 2022,Complete; Complete; Complete,Denied, , , , , , , , , , , , , , , , , , , , , , , , , , , , , , , ,Shaamikh,Bak
Carrick Foundation Scholarship 2022,Submitted; Submitted; Complete,Denied, , , , , , , , , , , , , , , , , , , , , , , , , , , , , , , ,Benjamin,Peacock
Carrick Foundation Scholarship 2022,Submitted; Complete; Complete,Denied, , , , , , , , , , , , , , , , , , , , , , , , , , , , , , , ,Emilio,Honstein
Carrick Foundation Scholarship 2022,Submitted; Complete; Complete; Complete; Complete; Complete; Complete; Complete; Complete,Denied, , , , , , , , , , , , , , , , , , , , , , , , , , , ,Pacific University, , , ,Shayla,Ishii
Carrick Foundation Scholarship 2022,Complete; Complete; Complete,Denied, , , , , , , , , , , , , , , , , , , , , , , , , , , , , , , ,Craig,Spalsbury
Carrick Foundation Scholarship 2022,Submitted; Complete; Complete,Denied, , , , , , , , , , , , , , , , , , , , , , , , , , , , , , , ,Maajid,Granillo
Carrick Foundation Scholarship 2022,Submitted; Complete; Complete,Denied, , , , , , , , , , , , , , , , , , , , , , , , , , , , , , , ,Ronnie,Kijprachakorn
Carrick Foundation Scholarship 2022,Submitted; Complete; Complete,Denied, , , , , , , , , , , , , , , , , , , , , , , , , , , , , , , ,Adiam,Babcock
Carrick Foundation Scholarship 2022,Submitted; Complete; Complete,Denied, , , , , , , , , , , , , , , , , , , , , , , , , , , , , , , ,Markangelo,Collier
Carrick Foundation Scholarship 2022,Submitted; Complete; Complete,Denied, , , , , , , , , , , , , , , , , , , , , , , , , , , , , , , ,Mujaahida,Palacios
Carrick Foundation Scholarship 2022,Submitted; Complete; Complete,Denied, , , , , , , , , , , , , , , , , , , , , , , , , , , , , , , ,Armonno,el-Sadiq
Carrick Foundation Scholarship 2022,Submitted; Complete; Complete,Denied, , , , , , , , , , , , , , , , , , , , , , , , , , , , , , , ,Tu,Meza Barrera
Carrick Foundation Scholarship 2022,Complete; Complete; Complete; Complete,Denied, , , , , , , , , , , , , , , , , , , , , , , , , , , , , , , ,Alizah,Carrasco Faudoa
Carrick Foundation Scholarship 2022,Submitted; Complete; Complete; Complete; Complete; Complete; Complete; Complete; Complete; Complete; Complete; Complete; Complete,Denied, , , , , , , , , , , , , , , , , , , , , , , , , , , ,University of Massachusetts at Amherst, , , ,Kiduse,Rivera
Carrick Foundation Scholarship 2022,Submitted; Complete; Complete; Complete,Denied, , , , , , , , , , , , , , , , , , , , , , , , , , , , , , , ,Heroki,Prince
Carrick Foundation Scholarship 2022,Submitted; Complete; Complete; Complete; Complete; Complete,Denied, , , , , , , , , , , , , , , , , , , , , , , , , , , , , , , ,Karim,Niblet
Carrick Foundation Scholarship 2022,Submitted; Complete; Complete; Complete,Denied, , , , , , , , , , , , , , , , , , , , , , , , , , , , , , , ,Xai,Sargent
Carrick Foundation Scholarship 2022,Submitted; Complete; Complete; Complete; Complete,Denied, , , , , , , , , , , , , , , , , , , , , , , , , , , , , , , ,Tonya,Schumacher
Carrick Foundation Scholarship 2022,Submitted; Complete; Complete,Denied, , , , , , , , , , , , , , , , , , , , , , , , , , , , , , , ,Alex,al-Kazemi
Carrick Foundation Scholarship 2022,Submitted; Complete; Complete; Complete; Complete; Complete; Complete; Complete,Denied, , , , , , , , , , , , , , , , , , , , , , , , , , , ,Endicott College, , , ,Sushmita,Frost
Carrick Foundation Scholarship 2022,Submitted; Complete; Complete,Denied, , , , , , , , , , , , , , , , , , , , , , , , , , , , , , , ,May,el-Alam
Carrick Foundation Scholarship 2022,Submitted; Complete; Complete; Complete; Complete; Complete; Complete; Complete; Complete; Complete; Complete; Complete; Complete,Denied, , , , , , , , , , , , , , , , , , , , , , , , , , , ,University of Connecticut, , , ,Trent,Anthony
Carrick Foundation Scholarship 2022,Complete; Complete; Complete; Complete,Denied, , , , , , , , , , , , , , , , , , , , , , , , , , , , , , , ,Catarina,Garman
Catherine Burgholzer Memorial Scholarship 2022,Submitted; Complete; Complete; Complete; Complete; Complete; Complete; Complete,Denied, , , , , , , , , , , , , , , , , , , , , , , , , , , , , , , ,Tien,Herrera
Catherine Burgholzer Memorial Scholarship 2022,Submitted; Complete; Complete,Denied, , , , , , , , , , , , , , , , , , , , , , , , , , , , , , , ,Gi Hun,Botello
Catherine Burgholzer Memorial Scholarship 2022,Submitted; Complete; Complete,Denied, , , , , , , , , , , , , , , , , , , , , , , , , , , , , , , ,Patricia,Caster
Catherine Burgholzer Memorial Scholarship 2022,Submitted; Complete; Complete; Complete; Complete; Complete; Complete; Complete; Complete; Complete,Denied, , , , , , , , , , , , , , , , , , , , , , , , , , , ,Howard University, , , ,Gregg,al-Khalifa
Catherine Burgholzer Memorial Scholarship 2022,Submitted; Complete; Complete,Denied, , , , , , , , , , , , , , , , , , , , , , , , , , , , , , , ,Nabeel,el-Gaber
Catherine Burgholzer Memorial Scholarship 2022,Submitted; Complete; Complete,Denied, , , , , , , , , , , , , , , , , , , , , , , , , , , , , , , ,Keren,Bigback
Catherine Burgholzer Memorial Scholarship 2022,Submitted; Complete; Complete; Complete,Denied, , , , , , , , , , , , , , , , , , , , , , , , , , , , , , , ,Jerald,Forte
Catherine Burgholzer Memorial Scholarship 2022,Submitted; Complete; Complete; Complete,Denied, , , , , , , , , , , , , , , , , , , , , , , , , , , , , , , ,Thomas,Kellum
Catherine Burgholzer Memorial Scholarship 2022,Submitted; Complete; Complete,Denied, , , , , , , , , , , , , , , , , , , , , , , , , , , , , , , ,Asiah,Sedillo
Catherine Burgholzer Memorial Scholarship 2022,Complete; Complete; Complete,Denied, , , , , , , , , , , , , , , , , , , , , , , , , , , , , , , ,Derrick,al-Shahid
Catherine Burgholzer Memorial Scholarship 2022,Submitted; Complete; Complete,Denied, , , , , , , , , , , , , , , , , , , , , , , , , , , , , , , ,Muneefa,Benson
Catherine Burgholzer Memorial Scholarship 2022,Submitted; Complete; Complete; Complete; Complete; Complete,Denied, , , , , , , , , , , , , , , , , , , , , , , , , , , , , , , ,Phillips,Munn
Catherine Burgholzer Memorial Scholarship 2022,Submitted; Complete; Complete; Complete; Complete; Complete; Complete,Denied, , , , , , , , , , , , , , , , , , , , , , , , , , , , , , , ,Alex,Joyner
Catherine Burgholzer Memorial Scholarship 2022,Submitted; Complete; Complete,Denied, , , , , , , , , , , , , , , , , , , , , , , , , , , , , , , ,Tyrelle,el-Salahuddin
Catherine Burgholzer Memorial Scholarship 2022,Submitted; Complete; Complete,Denied, , , , , , , , , , , , , , , , , , , , , , , , , , , , , , , ,Ohitike,Dion
Catherine Burgholzer Memorial Scholarship 2022,Submitted; Complete; Complete,Denied, , , , , , , , , , , , , , , , , , , , , , , , , , , , , , , ,Idrianna,el-Kader
Catherine Burgholzer Memorial Scholarship 2022,Submitted; Complete; Complete,Denied, , , , , , , , , , , , , , , , , , , , , , , , , , , , , , , ,Binh,Kumar
Catherine Burgholzer Memorial Scholarship 2022,Submitted; Complete; Complete; Complete,Denied, , , , , , , , , , , , , , , , , , , , , , , , , , , , , , , ,Schyeler,el-Ghanem
Catherine Burgholzer Memorial Scholarship 2022,Submitted; Complete; Complete; Complete; Complete; Complete; Complete; Complete; Complete,Denied, , , , , , , , , , , , , , , , , , , , , , , , , , , ,Marymount University, , , ,Katelyn,Evison
Catherine Burgholzer Memorial Scholarship 2022,Submitted; Complete; Complete,Denied, , , , , , , , , , , , , , , , , , , , , , , , , , , , , , , ,Kentorra,Abila
Catherine Burgholzer Memorial Scholarship 2022,Complete; Complete; Complete,Denied, , , , , , , , , , , , , , , , , , , , , , , , , , , , , , , ,Yesenia,el-Burki
Catherine Burgholzer Memorial Scholarship 2022,Submitted; Complete; Complete,Denied, , , , , , , , , , , , , , , , , , , , , , , , , , , , , , , ,D'Mitri,Pickett
Catherine Burgholzer Memorial Scholarship 2022,Submitted; Complete; Complete,Denied, , , , , , , , , , , , , , , , , , , , , , , , , , , , , , , ,Daizha,Caldwell-Kentris
Catherine Burgholzer Memorial Scholarship 2022,Submitted; Submitted; Complete,Denied, , , , , , , , , , , , , , , , , , , , , , , , , , , , , , , ,Monique,el-Ramin
Catherine Burgholzer Memorial Scholarship 2022,Submitted; Complete; Complete; Complete; Complete; Complete,Denied, , , , , , , , , , , , , , , , , , , , , , , , , , , , , , , ,Angelika,el-Saab
Catherine Burgholzer Memorial Scholarship 2022,Submitted; Complete; Complete,Denied, , , , , , , , , , , , , , , , , , , , , , , , , , , , , , , ,Khaiir,Jarrell
Catherine Burgholzer Memorial Scholarship 2022,Submitted; Complete; Complete; Complete; Complete; Complete,Denied, , , , , , , , , , , , , , , , , , , , , , , , , , , , , , , ,Salena,Tisthammer
Catherine Burgholzer Memorial Scholarship 2022,Submitted; Complete; Complete,Denied, , , , , , , , , , , , , , , , , , , , , , , , , , , , , , , ,Sheena,Holladay
Catherine Burgholzer Memorial Scholarship 2022,Submitted; Complete; Complete; Complete,Denied, , , , , , , , , , , , , , , , , , , , , , , , , , , , , , , ,Gericko,Stoops
Catherine Burgholzer Memorial Scholarship 2022,Complete; Complete; Complete,Denied, , , , , , , , , , , , , , , , , , , , , , , , , , , , , , , ,Xai,Lamar
Catherine Burgholzer Memorial Scholarship 2022,Submitted; Complete; Complete,Denied, , , , , , , , , , , , , , , , , , , , , , , , , , , , , , , ,Logan,Holst
Catherine Burgholzer Memorial Scholarship 2022,Submitted; Complete; Complete; Complete; Complete; Complete; Complete; Complete; Complete; Complete; Complete; Complete,Denied, , , , , , , , , , , , , , , , , , , , , , , , , , , ,Virginia Polytechnic Institute and State University, , , ,Travonta,Two Crow
Catherine Burgholzer Memorial Scholarship 2022,Submitted; Complete; Complete; Complete,Denied, , , , , , , , , , , , , , , , , , , , , , , , , , , , , , , ,Tione,Huh
Catherine Burgholzer Memorial Scholarship 2022,Submitted; Complete; Complete,Denied, , , , , , , , , , , , , , , , , , , , , , , , , , , , , , , ,Tu,Meza Barrera
Catherine Burgholzer Memorial Scholarship 2022,Complete; Complete; Complete,Denied, , , , , , , , , , , , , , , , , , , , , , , , , , , , , , , ,Kameel,Jahner
Catherine Burgholzer Memorial Scholarship 2022,Submitted; Complete; Complete,Denied, , , , , , , , , , , , , , , , , , , , , , , , , , , , , , , ,Armonno,Duong
Catherine Burgholzer Memorial Scholarship 2022,Submitted; Complete; Complete,Denied, , , , , , , , , , , , , , , , , , , , , , , , , , , , , , , ,Cormac,Rothey
Catherine Burgholzer Memorial Scholarship 2022,Submitted; Complete; Complete,Denied, , , , , , , , , , , , , , , , , , , , , , , , , , , , , , , ,Kianna,Fels
Catherine Burgholzer Memorial Scholarship 2022,Submitted; Complete; Complete,Denied, , , , , , , , , , , , , , , , , , , , , , , , , , , , , , , ,Jeremy,Covington
Catherine Burgholzer Memorial Scholarship 2022,Submitted; Complete; Complete,Denied, , , , , , , , , , , , , , , , , , , , , , , , , , , , , , , ,Olivya,al-Samad
Catherine Burgholzer Memorial Scholarship 2022,Submitted; Submitted; Complete,Denied, , , , , , , , , , , , , , , , , , , , , , , , , , , , , , , ,Alex,Littles
Catherine Burgholzer Memorial Scholarship 2022,Submitted; Complete; Complete,Denied, , , , , , , , , , , , , , , , , , , , , , , , , , , , , , , ,Larae,Bachler
Catherine Burgholzer Memorial Scholarship 2022,Submitted; Complete; Complete; Complete,Denied, , , , , , , , , , , , , , , , , , , , , , , , , , , , , , , ,Kristie,Gregg
Catherine Burgholzer Memorial Scholarship 2022,Submitted; Complete; Complete,Denied, , , , , , , , , , , , , , , , , , , , , , , , , , , , , , , ,Armonno,Chanthavongsa
Catherine Burgholzer Memorial Scholarship 2022,Submitted; Complete; Complete,Denied, , , , , , , , , , , , , , , , , , , , , , , , , , , , , , , ,Monique,Case
Catherine Burgholzer Memorial Scholarship 2022,Submitted; Complete; Complete; Complete,Denied, , , , , , , , , , , , , , , , , , , , , , , , , , , , , , , ,Shawnquelle,Malone-Rogers
Catherine Burgholzer Memorial Scholarship 2022,Submitted; Complete; Complete,Denied, , , , , , , , , , , , , , , , , , , , , , , , , , , , , , , ,Judy,Lopez-Carrizales
Catherine Burgholzer Memorial Scholarship 2022,Submitted; Complete; Complete,Denied, , , , , , , , , , , , , , , , , , , , , , , , , , , , , , , ,L'Rae,Bertholf
Catherine Burgholzer Memorial Scholarship 2022,Submitted; Complete; Complete,Denied, , , , , , , , , , , , , , , , , , , , , , , , , , , , , , , ,Pedro,Holt
Catherine Burgholzer Memorial Scholarship 2022,Submitted; Complete; Complete,Denied, , , , , , , , , , , , , , , , , , , , , , , , , , , , , , , ,Joy,Schuette
Catherine Burgholzer Memorial Scholarship 2022,Submitted; Complete; Complete,Denied, , , , , , , , , , , , , , , , , , , , , , , , , , , , , , , ,Nuha,Crummett
Catherine Burgholzer Memorial Scholarship 2022,Submitted; Complete; Complete,Denied, , , , , , , , , , , , , , , , , , , , , , , , , , , , , , , ,Kent,al-Arif
Catherine Burgholzer Memorial Scholarship 2022,Submitted; Complete; Complete; Complete; Complete; Complete,Denied, , , , , , , , , , , , , , , , , , , , , , , , , , , , , , , ,Trina,el-Nagi
Catherine Burgholzer Memorial Scholarship 2022,Submitted; Complete; Complete; Complete,Denied, , , , , , , , , , , , , , , , , , , , , , , , , , , , , , , ,Shabeeba,al-Obeid
Catherine Burgholzer Memorial Scholarship 2022,Submitted; Complete; Complete,Denied, , , , , , , , , , , , , , , , , , , , , , , , , , , , , , , ,Beatrice,al-Mahdavi
Catherine Burgholzer Memorial Scholarship 2022,Submitted; Complete; Complete,Denied, , , , , , , , , , , , , , , , , , , , , , , , , , , , , , , ,Mareeon,el-Laham
Catherine Burgholzer Memorial Scholarship 2022,Complete; Complete; Complete; Complete,Denied, , , , , , , , , , , , , , , , , , , , , , , , , , , , , , , ,Obdulia,Jacobs
Catherine Burgholzer Memorial Scholarship 2022,Submitted; Complete; Complete,Denied, , , , , , , , , , , , , , , , , , , , , , , , , , , , , , , ,Saphire,Trebus
Catherine Burgholzer Memorial Scholarship 2022,Complete; Complete; Complete,Denied, , , , , , , , , , , , , , , , , , , , , , , , , , , , , , , ,Picabo,Olave
Catherine Burgholzer Memorial Scholarship 2022,Submitted; Complete; Complete,Denied, , , , , , , , , , , , , , , , , , , , , , , , , , , , , , , ,Qaasim,Bron
Catherine Burgholzer Memorial Scholarship 2022,Submitted; Complete; Complete,Denied, , , , , , , , , , , , , , , , , , , , , , , , , , , , , , , ,Roderick,Bajwa
Catherine Burgholzer Memorial Scholarship 2022,Submitted; Complete; Complete,Denied, , , , , , , , , , , , , , , , , , , , , , , , , , , , , , , ,Clayton,el-Hashmi
Catherine Burgholzer Memorial Scholarship 2022,Submitted; Complete; Complete,Denied, , , , , , , , , , , , , , , , , , , , , , , , , , , , , , , ,Munisa,Dych
Catherine Burgholzer Memorial Scholarship 2022,Submitted; Complete; Complete,Denied, , , , , , , , , , , , , , , , , , , , , , , , , , , , , , , ,Monique,al-Amer
Catherine Burgholzer Memorial Scholarship 2022,Submitted; Complete; Complete; Complete; Complete; Complete; Complete,Denied, , , , , , , , , , , , , , , , , , , , , , , , , , , , , , , ,Ciera,Jarrett
Catherine Burgholzer Memorial Scholarship 2022,Submitted; Complete; Complete; Complete; Complete; Complete; Complete,Denied, , , , , , , , , , , , , , , , , , , , , , , , , , , ,Worcester Polytechnic Institute, , , ,Mubeena,Magwood
Catherine Burgholzer Memorial Scholarship 2022,Submitted; Complete; Complete,Denied, , , , , , , , , , , , , , , , , , , , , , , , , , , , , , , ,Dhaafir,Cather
Catherine Burgholzer Memorial Scholarship 2022,Submitted; Complete; Complete,Denied, , , , , , , , , , , , , , , , , , , , , , , , , , , , , , , ,Sapphire,Esparza Medina
Catherine Burgholzer Memorial Scholarship 2022,Submitted; Complete; Complete; Complete,Denied, , , , , , , , , , , , , , , , , , , , , , , , , , , , , , , ,Trent,Busby
Catherine Burgholzer Memorial Scholarship 2022,Submitted; Complete; Complete,Denied, , , , , , , , , , , , , , , , , , , , , , , , , , , , , , , ,Mutadi,Jibowu
Catherine Burgholzer Memorial Scholarship 2022,Complete; Complete; Complete; Complete; Complete,Denied, , , , , , , , , , , , , , , , , , , , , , , , , , , , , , , ,Mubeena,Seiler
Catherine Burgholzer Memorial Scholarship 2022,Submitted; Complete; Complete; Complete; Complete,Denied, , , , , , , , , , , , , , , , , , , , , , , , , , , , , , , ,Sultana,Caudillo
Catherine Burgholzer Memorial Scholarship 2022,Submitted; Complete; Complete,Denied, , , , , , , , , , , , , , , , , , , , , , , , , , , , , , , ,Samira,Berrier
Catherine Burgholzer Memorial Scholarship 2022,Submitted; Complete; Complete; Complete,Denied, , , , , , , , , , , , , , , , , , , , , , , , , , , , , , , ,Randy,el-Khalil
Catherine Burgholzer Memorial Scholarship 2022,Submitted; Submitted; Complete,Denied, , , , , , , , , , , , , , , , , , , , , , , , , , , , , , , ,Vanya,Carrasco Faudoa
Catherine Burgholzer Memorial Scholarship 2022,Submitted; Complete; Complete; Complete; Complete; Complete; Complete,Denied, , , , , , , , , , , , , , , , , , , , , , , , , , , , , , , ,Emonie,Schetgen
Catherine Burgholzer Memorial Scholarship 2022,Submitted; Complete; Complete,Denied, , , , , , , , , , , , , , , , , , , , , , , , , , , , , , , ,Jonet,el-Rahmani
Catherine Burgholzer Memorial Scholarship 2022,Complete; Complete; Complete,Denied, , , , , , , , , , , , , , , , , , , , , , , , , , , , , , , ,Shawnia,Cervantes
Catherine Burgholzer Memorial Scholarship 2022,Submitted; Complete; Complete; Complete,Denied, , , , , , , , , , , , , , , , , , , , , , , , , , , , , , , ,Najeem,Gregory
Catherine Burgholzer Memorial Scholarship 2022,Submitted; Complete; Complete,Denied, , , , , , , , , , , , , , , , , , , , , , , , , , , , , , , ,Azmi,Daly
Catherine Burgholzer Memorial Scholarship 2022,Complete; Complete; Complete,Denied, , , , , , , , , , , , , , , , , , , , , , , , , , , , , , , ,Corissa,Mckoy
Catherine Burgholzer Memorial Scholarship 2022,Submitted; Complete; Complete,Denied, , , , , , , , , , , , , , , , , , , , , , , , , , , , , , , ,Idrees,el-Jalil
Charles Hugo Community Service Award 2022,Submitted; Complete; Complete,Denied, , , , , , , , , , , , , , , , , , , , , , , , , , , , , , , ,Keren,Ramdas
Charles Hugo Community Service Award 2022,Complete; Complete; Complete,Denied, , , , , , , , , , , , , , , , , , , , , , , , , , , , , , , ,Marcanthony,el-Soliman
Charles Hugo Community Service Award 2022,Submitted; Complete; Complete,Denied, , , , , , , , , , , , , , , , , , , , , , , , , , , , , , , ,Michel,Coyhis
Charles Hugo Community Service Award 2022,Submitted; Complete; Complete,Denied, , , , , , , , , , , , , , , , , , , , , , , , , , , , , , , ,Teale,Brown
Charles Hugo Community Service Award 2022,Submitted; Complete; Complete; Complete; Complete; Complete; Complete; Complete; Complete,Denied, , , , , , , , , , , , , , , , , , , , , , , , , , , ,University of Massachusetts at Amherst, , , ,Qaasim,Copeland
Charles Hugo Community Service Award 2022,Complete; Complete; Complete; Complete; Complete; Complete; Complete; Complete; Complete; Complete,Denied, , , , , , , , , , , , , , , , , , , , , , , , , , , ,Boston University, , , ,Yadira,Graves
Charles Hugo Community Service Award 2022,Submitted; Complete; Complete,Denied, , , , , , , , , , , , , , , , , , , , , , , , , , , , , , , ,K'Sandra,al-Afzal
Charles Hugo Community Service Award 2022,Submitted; Complete; Complete,Denied, , , , , , , , , , , , , , , , , , , , , , , , , , , , , , , ,Cheyanne,el-Hamed
Charles Hugo Community Service Award 2022,Submitted; Complete; Complete; Complete; Complete; Complete; Complete; Complete; Complete,Denied, , , , , , , , , , , , , , , , , , , , , , , , , , , ,Brandeis University, , , ,Picabo,Penny
Charles Hugo Community Service Award 2022,Submitted; Complete; Complete; Complete; Complete; Complete; Complete; Complete; Complete,Denied, , , , , , , , , , , , , , , , , , , , , , , , , , , ,University of Massachusetts at Amherst, , , ,Shakoora,Kunimune
Charles Hugo Community Service Award 2022,Submitted; Complete; Complete,Denied, , , , , , , , , , , , , , , , , , , , , , , , , , , , , , , ,Roger,Dragan
Charles Hugo Community Service Award 2022,Submitted; Complete; Complete,Denied, , , , , , , , , , , , , , , , , , , , , , , , , , , , , , , ,Mareeon,Field
Charles Hugo Community Service Award 2022,Submitted; Complete; Complete,Denied, , , , , , , , , , , , , , , , , , , , , , , , , , , , , , , ,Taeler,Duran
Charles Hugo Community Service Award 2022,Submitted; Complete; Complete; Complete; Complete; Complete; Complete; Complete; Complete,Denied, , , , , , , , , , , , , , , , , , , , , , , , , , , ,Syracuse University, , , ,Qaasim,el-Zaidi
Charles Hugo Community Service Award 2022,Submitted; Complete; Complete,Denied, , , , , , , , , , , , , , , , , , , , , , , , , , , , , , , ,Xai,Barron
Charles Hugo Community Service Award 2022,Submitted; Complete; Complete,Denied, , , , , , , , , , , , , , , , , , , , , , , , , , , , , , , ,Jalaal,Farrell
Charles Hugo Community Service Award 2022,Submitted; Complete; Complete,Denied, , , , , , , , , , , , , , , , , , , , , , , , , , , , , , , ,Cyra,Farrell
Charles Hugo Community Service Award 2022,Submitted; Complete; Complete,Denied, , , , , , , , , , , , , , , , , , , , , , , , , , , , , , , ,Pedro,Holt
Charles Hugo Community Service Award 2022,Submitted; Submitted; Complete,Denied, , , , , , , , , , , , , , , , , , , , , , , , , , , , , , , ,Trina,Earnest
Charles Hugo Community Service Award 2022,Submitted; Complete; Complete,Denied, , , , , , , , , , , , , , , , , , , , , , , , , , , , , , , ,Alex,Nweke
Charles Hugo Community Service Award 2022,Submitted; Complete; Complete,Denied, , , , , , , , , , , , , , , , , , , , , , , , , , , , , , , ,Masroora,el-Dia
Charles Hugo Community Service Award 2022,Submitted; Complete; Complete; Complete; Complete; Complete; Complete; Complete; Complete,Denied, , , , , , , , , , , , , , , , , , , , , , , , , , , ,University of Massachusetts at Amherst, , , ,Cheyane,Doh
Charles Hugo Community Service Award 2022,Submitted; Submitted; Complete,Denied, , , , , , , , , , , , , , , , , , , , , , , , , , , , , , , ,Karlos,Kraft
Charles Hugo Community Service Award 2022,Submitted; Complete; Complete,Denied, , , , , , , , , , , , , , , , , , , , , , , , , , , , , , , ,Yadira,Laroche
Charles Hugo Community Service Award 2022,Complete; Complete; Complete; Complete; Complete,Denied, , , , , , , , , , , , , , , , , , , , , , , , , , , , , , , ,Mubeena,Seiler
Charles Hugo Community Service Award 2022,Submitted; Complete; Complete,Denied, , , , , , , , , , , , , , , , , , , , , , , , , , , , , , , ,Sajiyya,al-Salek
Charles Hugo Community Service Award 2022,Submitted; Complete; Complete,Denied, , , , , , , , , , , , , , , , , , , , , , , , , , , , , , , ,Saajid,Kerr
Charles Hugo Community Service Award 2022,Submitted; Submitted; Complete,Denied, , , , , , , , , , , , , , , , , , , , , , , , , , , , , , , ,Vincente,Cruze
Chris and Helena Liazos Scholarship for Saint Spyridon's Families 2022,Submitted; Complete; Complete; Complete,Denied, , , , , , , , , , , , , , , , , , , , , , , , , , , , , , , ,Qaasim,Mendiola
Chris and Helena Liazos Scholarship for Saint Spyridon's Families 2022,Submitted; Complete; Complete,Denied, , , , , , , , , , , , , , , , , , , , , , , , , , , , , , , ,Aerial,Ousley-Gude
Claudia Simonian Scholarship 2022,Submitted; Complete; Complete,Denied, , , , , , , , , , , , , , , , , , , , , , , , , , , , , , , ,Jonet,el-Fadel
Claudia Simonian Scholarship 2022,Submitted; Complete; Complete,Denied, , , , , , , , , , , , , , , , , , , , , , , , , , , , , , , ,Mutadi,Kennon
Claudia Simonian Scholarship 2022,Submitted; Complete; Complete,Denied, , , , , , , , , , , , , , , , , , , , , , , , , , , , , , , ,Ohitike,O'Rell
Claudia Simonian Scholarship 2022,Submitted; Complete; Complete,Denied, , , , , , , , , , , , , , , , , , , , , , , , , , , , , , , ,Andres,Quick Bear
Claudia Simonian Scholarship 2022,Submitted; Complete; Complete; Complete; Complete; Complete; Complete; Complete; Complete; Complete,Denied, , , , , , , , , , , , , , , , , , , , , , , , , , , , , , , ,Isela,el-Jaffer
Claudia Simonian Scholarship 2022,Submitted; Complete; Complete; Complete,Denied, , , , , , , , , , , , , , , , , , , , , , , , , , , , , , , ,Shanice,Gellatly
Claudia Simonian Scholarship 2022,Submitted; Complete; Complete,Denied, , , , , , , , , , , , , , , , , , , , , , , , , , , , , , , ,Chykeiljah,Longwing
Claudia Simonian Scholarship 2022,Submitted; Complete; Complete,Denied, , , , , , , , , , , , , , , , , , , , , , , , , , , , , , , ,Xai,Reda-Arefaine
Claudia Simonian Scholarship 2022,Submitted; Complete; Complete,Denied, , , , , , , , , , , , , , , , , , , , , , , , , , , , , , , ,Qaasim,Mateo
Claudia Simonian Scholarship 2022,Submitted; Complete; Complete; Complete; Complete; Complete; Complete; Complete; Complete; Complete; Complete,Denied, , , , , , , , , , , , , , , , , , , , , , , , , , , , , , , ,Emilio,Music
Claudia Simonian Scholarship 2022,Submitted; Complete; Complete,Denied, , , , , , , , , , , , , , , , , , , , , , , , , , , , , , , ,Arafaat,Penny
Claudia Simonian Scholarship 2022,Submitted; Complete; Complete,Denied, , , , , , , , , , , , , , , , , , , , , , , , , , , , , , , ,Michalyn,Berry
Claudia Simonian Scholarship 2022,Submitted; Complete; Complete,Denied, , , , , , , , , , , , , , , , , , , , , , , , , , , , , , , ,Picabo,Skyhorse
Claudia Simonian Scholarship 2022,Submitted; Complete; Complete,Denied, , , , , , , , , , , , , , , , , , , , , , , , , , , , , , , ,Sarah,el-Fadel
Claudia Simonian Scholarship 2022,Submitted; Complete; Complete,Denied, , , , , , , , , , , , , , , , , , , , , , , , , , , , , , , ,Izaak,el-Chahine
Claudia Simonian Scholarship 2022,Submitted; Submitted; Complete,Denied, , , , , , , , , , , , , , , , , , , , , , , , , , , , , , , ,Yadira,Otgontulga
Claudia Simonian Scholarship 2022,Submitted; Complete; Complete,Denied, , , , , , , , , , , , , , , , , , , , , , , , , , , , , , , ,Vanya,Victoria
Claudia Simonian Scholarship 2022,Submitted; Complete; Complete,Denied, , , , , , , , , , , , , , , , , , , , , , , , , , , , , , , ,Alex,Coyhis
Claudia Simonian Scholarship 2022,Submitted; Submitted; Complete,Denied, , , , , , , , , , , , , , , , , , , , , , , , , , , , , , , ,Kent,Gonzales
Claudia Simonian Scholarship 2022,Submitted; Complete; Complete,Denied, , , , , , , , , , , , , , , , , , , , , , , , , , , , , , , ,Khongmong,Neighbors
Claudia Simonian Scholarship 2022,Submitted; Complete; Complete,Denied, , , , , , , , , , , , , , , , , , , , , , , , , , , , , , , ,Jamarian,Ham
Claudia Simonian Scholarship 2022,Submitted; Complete; Complete; Complete,Denied, , , , , , , , , , , , , , , , , , , , , , , , , , , , , , , ,Marshall,al-Shahin
Claudia Simonian Scholarship 2022,Submitted; Complete; Complete,Denied, , , , , , , , , , , , , , , , , , , , , , , , , , , , , , , ,Kentorra,Baskerville
Claudia Simonian Scholarship 2022,Submitted; Complete; Complete,Denied, , , , , , , , , , , , , , , , , , , , , , , , , , , , , , , ,Tasneem,Farley
Claudia Simonian Scholarship 2022,Submitted; Complete; Complete; Complete; Complete; Complete; Complete; Complete; Complete; Complete,Denied, , , , , , , , , , , , , , , , , , , , , , , , , , , , , , , ,Samira,Berrier
Claudia Simonian Scholarship 2022,Submitted; Submitted; Complete,Denied, , , , , , , , , , , , , , , , , , , , , , , , , , , , , , , ,Taamira,Keele
Claudia Simonian Scholarship 2022,Submitted; Complete; Complete,Denied, , , , , , , , , , , , , , , , , , , , , , , , , , , , , , , ,Zahra,el-Salame
Claudia Simonian Scholarship 2022,Submitted; Complete; Complete,Denied, , , , , , , , , , , , , , , , , , , , , , , , , , , , , , , ,Samira,Schwartz
Claudia Simonian Scholarship 2022,Submitted; Complete; Complete,Denied, , , , , , , , , , , , , , , , , , , , , , , , , , , , , , , ,Shaunae,Renkel
Costantine Mina and Vasiliky Strates Moschos Scholarship 2022,Complete; Complete; Complete; Complete; Complete; Complete; Complete; Complete,Denied, , , , , , , , , , , , , , , , , , , , , , , , , , , , , , , ,Fawz,al-Basha
Costantine Mina and Vasiliky Strates Moschos Scholarship 2022,Complete; Complete; Complete,Denied, , , , , , , , , , , , , , , , , , , , , , , , , , , , , , , ,Marcanthony,el-Soliman
Costantine Mina and Vasiliky Strates Moschos Scholarship 2022,Complete; Complete; Complete,Denied, , , , , , , , , , , , , , , , , , , , , , , , , , , , , , , ,Dalene,al-Amini
Costantine Mina and Vasiliky Strates Moschos Scholarship 2022,Submitted; Complete; Complete,Denied, , , , , , , , , , , , , , , , , , , , , , , , , , , , , , , ,Bonnie,al-Hashem
Costantine Mina and Vasiliky Strates Moschos Scholarship 2022,Submitted; Complete; Complete; Complete; Complete; Complete; Complete; Complete; Complete,Denied, , , , , , , , , , , , , , , , , , , , , , , , , , , , , , , ,Qaasim,Mendiola
Costantine Mina and Vasiliky Strates Moschos Scholarship 2022,Submitted; Complete; Complete,Denied, , , , , , , , , , , , , , , , , , , , , , , , , , , , , , , ,Chykeiljah,Longwing
Costantine Mina and Vasiliky Strates Moschos Scholarship 2022,Submitted; Complete; Complete; Complete,Denied, , , , , , , , , , , , , , , , , , , , , , , , , , , , , , , ,Se Ra,el-Hosseini
Costantine Mina and Vasiliky Strates Moschos Scholarship 2022,Submitted; Complete; Complete,Denied, , , , , , , , , , , , , , , , , , , , , , , , , , , , , , , ,Vincente,Melgares
Costantine Mina and Vasiliky Strates Moschos Scholarship 2022,Submitted; Complete; Complete; Complete; Complete; Complete; Complete; Complete; Complete; Complete; Complete; Complete; Complete; Complete,Denied, , , , , , , , , , , , , , , , , , , , , , , , , , , ,College of the Holy Cross, , , ,Lydia,Bonstead
Costantine Mina and Vasiliky Strates Moschos Scholarship 2022,Submitted; Complete; Complete,Denied, , , , , , , , , , , , , , , , , , , , , , , , , , , , , , , ,Christine,Mcguire
Costantine Mina and Vasiliky Strates Moschos Scholarship 2022,Submitted; Submitted; Complete,Denied, , , , , , , , , , , , , , , , , , , , , , , , , , , , , , , ,Aasiya,Caso
Costantine Mina and Vasiliky Strates Moschos Scholarship 2022,Submitted; Complete; Complete; Complete; Complete; Complete; Complete; Complete,Denied, , , , , , , , , , , , , , , , , , , , , , , , , , , , , , , ,Alfonso,el-Dawood
Costantine Mina and Vasiliky Strates Moschos Scholarship 2022,Submitted; Complete; Complete; Complete,Denied, , , , , , , , , , , , , , , , , , , , , , , , , , , , , , , ,Ramon,Deleon-Rodriguez
Costantine Mina and Vasiliky Strates Moschos Scholarship 2022,Submitted; Complete; Complete; Complete,Denied, , , , , , , , , , , , , , , , , , , , , , , , , , , , , , , ,Brenna,Yun
Costantine Mina and Vasiliky Strates Moschos Scholarship 2022,Submitted; Submitted; Complete,Denied, , , , , , , , , , , , , , , , , , , , , , , , , , , , , , , ,Yadira,Otgontulga
Costantine Mina and Vasiliky Strates Moschos Scholarship 2022,Submitted; Complete; Complete,Denied, , , , , , , , , , , , , , , , , , , , , , , , , , , , , , , ,Judy,Lopez-Carrizales
Costantine Mina and Vasiliky Strates Moschos Scholarship 2022,Submitted; Complete; Complete,Denied, , , , , , , , , , , , , , , , , , , , , , , , , , , , , , , ,Vishnu,Dishmon
Costantine Mina and Vasiliky Strates Moschos Scholarship 2022,Submitted; Complete; Complete,Denied, , , , , , , , , , , , , , , , , , , , , , , , , , , , , , , ,Curtis,Yeturu
Costantine Mina and Vasiliky Strates Moschos Scholarship 2022,Submitted; Complete; Complete,Denied, , , , , , , , , , , , , , , , , , , , , , , , , , , , , , , ,Aerial,Ousley-Gude
Costantine Mina and Vasiliky Strates Moschos Scholarship 2022,Submitted; Complete; Complete,Denied, , , , , , , , , , , , , , , , , , , , , , , , , , , , , , , ,Hasana,Quach
Costantine Mina and Vasiliky Strates Moschos Scholarship 2022,Submitted; Complete; Complete; Complete; Complete; Complete; Complete; Complete,Denied, , , , , , , , , , , , , , , , , , , , , , , , , , , , , , , ,Tuhfa,Vecellio
Cynthia and Harrison Taylor Scholarship 2022,Submitted; Complete; Complete; Complete,Denied, , , , , , , , , , , , , , , , , , , , , , , , , , , , , , , ,Leonardo,el-Syed
Cynthia and Harrison Taylor Scholarship 2022,Submitted; Complete; Complete,Denied, , , , , , , , , , , , , , , , , , , , , , , , , , , , , , , ,Jumail,Landin
Cynthia and Harrison Taylor Scholarship 2022,Submitted; Complete; Complete; Complete; Complete; Complete,Denied, , , , , , , , , , , , , , , , , , , , , , , , , , , , , , , ,Letyraial,Untalan
Cynthia and Harrison Taylor Scholarship 2022,Submitted; Complete; Complete,Denied, , , , , , , , , , , , , , , , , , , , , , , , , , , , , , , ,Armonno,Sitinjak
Daniel Ha Memorial Scholarship 2022,Complete; Complete; Complete,Denied, , , , , , , , , , , , , , , , , , , , , , , , , , , , , , , ,Aimee,Aldret
Daniel Ha Memorial Scholarship 2022,Submitted; Complete; Complete,Denied, , , , , , , , , , , , , , , , , , , , , , , , , , , , , , , ,Rawda,el-Latif
Daniel Ha Memorial Scholarship 2022,Submitted; Complete; Complete,Denied, , , , , , , , , , , , , , , , , , , , , , , , , , , , , , , ,Khongmong,Doria
Daniel Ha Memorial Scholarship 2022,Submitted; Complete; Complete; Complete,Denied, , , , , , , , , , , , , , , , , , , , , , , , , , , , , , , ,Jerald,Forte
Daniel Ha Memorial Scholarship 2022,Complete; Complete; Complete; Complete,Denied, , , , , , , , , , , , , , , , , , , , , , , , , , , , , , , ,Mahbooba,Hankins
Daniel Ha Memorial Scholarship 2022,Submitted; Complete; Complete; Complete,Denied, , , , , , , , , , , , , , , , , , , , , , , , , , , , , , , ,Karlos,Espino Aguilar
Daniel Ha Memorial Scholarship 2022,Submitted; Complete; Complete,Denied, , , , , , , , , , , , , , , , , , , , , , , , , , , , , , , ,Picabo,al-Zaman
Daniel Ha Memorial Scholarship 2022,Submitted; Complete; Complete,Denied, , , , , , , , , , , , , , , , , , , , , , , , , , , , , , , ,Yadira,al-Ramadan
Daniel Ha Memorial Scholarship 2022,Submitted; Complete; Complete; Complete,Denied, , , , , , , , , , , , , , , , , , , , , , , , , , , , , , , ,Zvi,Gast
Daniel Ha Memorial Scholarship 2022,Submitted; Complete; Complete; Complete; Complete; Complete; Complete; Complete; Complete; Complete; Complete; Complete; Complete; Complete,Denied, , , , , , , , , , , , , , , , , , , , , , , , , , , ,University of Massachusetts at Amherst, , , ,Rasheeq,Lalonde
Daniel Ha Memorial Scholarship 2022,Submitted; Complete; Complete; Complete; Complete; Complete; Complete; Complete; Complete,Denied, , , , , , , , , , , , , , , , , , , , , , , , , , , ,Boston University, , , ,Shania,Bryant-Townsell
Daniel Ha Memorial Scholarship 2022,Submitted; Complete; Complete; Complete,Denied, , , , , , , , , , , , , , , , , , , , , , , , , , , , , , , ,Tamikah,Amgalanbayar
Daniel Ha Memorial Scholarship 2022,Complete; Complete; Complete; Complete; Complete; Complete; Complete; Complete; Complete,Denied, , , , , , , , , , , , , , , , , , , , , , , , , , , , , , , ,Obdulia,Jacobs
Daniel Ha Memorial Scholarship 2022,Submitted; Complete; Complete,Denied, , , , , , , , , , , , , , , , , , , , , , , , , , , , , , , ,Jason,Flowers
Daniel Ha Memorial Scholarship 2022,Submitted; Complete; Complete; Complete; Complete; Complete; Complete; Complete; Complete; Complete,Denied, , , , , , , , , , , , , , , , , , , , , , , , , , , , , , , ,Kailey,Balogh
Daniel Ha Memorial Scholarship 2022,Submitted; Complete; Complete,Denied, , , , , , , , , , , , , , , , , , , , , , , , , , , , , , , ,Yongyee,al-Habib
Daniel Ha Memorial Scholarship 2022,Complete; Complete; Complete,Denied, , , , , , , , , , , , , , , , , , , , , , , , , , , , , , , ,Tre,Yamaguchi
Daniel Stephen Lussier Athletic Scholarship 2022,Submitted; Complete; Complete,Denied, , , , , , , , , , , , , , , , , , , , , , , , , , , , , , , ,Yadira,Lohr
Daniel Stephen Lussier Athletic Scholarship 2022,Submitted; Complete; Complete,Denied, , , , , , , , , , , , , , , , , , , , , , , , , , , , , , , ,Ohitike,O'Rell
Daniel Stephen Lussier Athletic Scholarship 2022,Submitted; Complete; Complete,Denied, , , , , , , , , , , , , , , , , , , , , , , , , , , , , , , ,Imtinaan,Sukkum
Daniel Stephen Lussier Athletic Scholarship 2022,Submitted; Complete; Complete,Denied, , , , , , , , , , , , , , , , , , , , , , , , , , , , , , , ,Emilio,Honstein
Daniel Stephen Lussier Athletic Scholarship 2022,Complete; Complete; Complete,Denied, , , , , , , , , , , , , , , , , , , , , , , , , , , , , , , ,Lateefa,Phanthavongsa
Daniel Stephen Lussier Athletic Scholarship 2022,Submitted; Complete; Complete,Denied, , , , , , , , , , , , , , , , , , , , , , , , , , , , , , , ,Kimberley,Reddell
Daniel Stephen Lussier Athletic Scholarship 2022,Submitted; Submitted; Complete,Denied, , , , , , , , , , , , , , , , , , , , , , , , , , , , , , , ,Monique,el-Ramin
Daniel Stephen Lussier Athletic Scholarship 2022,Submitted; Complete; Complete; Complete; Complete; Complete; Complete; Complete; Complete,Denied, , , , , , , , , , , , , , , , , , , , , , , , , , , , , , , ,Sushmita,Berumen
Daniel Stephen Lussier Athletic Scholarship 2022,Submitted; Complete; Complete,Denied, , , , , , , , , , , , , , , , , , , , , , , , , , , , , , , ,Markangelo,Collier
Daniel Stephen Lussier Athletic Scholarship 2022,Submitted; Complete; Complete; Complete,Denied, , , , , , , , , , , , , , , , , , , , , , , , , , , , , , , ,Emmanuel,Ginsberg
Daniel Stephen Lussier Athletic Scholarship 2022,Submitted; Complete; Complete,Denied, , , , , , , , , , , , , , , , , , , , , , , , , , , , , , , ,Picabo,Skyhorse
Daniel Stephen Lussier Athletic Scholarship 2022,Submitted; Complete; Complete,Denied, , , , , , , , , , , , , , , , , , , , , , , , , , , , , , , ,Roger,Sato
Daniel Stephen Lussier Athletic Scholarship 2022,Complete; Complete; Complete; Complete; Complete; Complete; Complete; Complete; Complete,Denied, , , , , , , , , , , , , , , , , , , , , , , , , , , , , , , ,Wisaam,al-Ismail
Daniel Stephen Lussier Athletic Scholarship 2022,Submitted; Complete; Complete,Denied, , , , , , , , , , , , , , , , , , , , , , , , , , , , , , , ,Madison,Frandsen
Daniel Stephen Lussier Athletic Scholarship 2022,Submitted; Submitted; Complete,Denied, , , , , , , , , , , , , , , , , , , , , , , , , , , , , , , ,Anh,Gerace
Daniel Stephen Lussier Athletic Scholarship 2022,Submitted; Complete; Complete,Denied, , , , , , , , , , , , , , , , , , , , , , , , , , , , , , , ,Abiy,Rocha
December 3rd Scholarship 2022,Submitted; Complete; Complete; Complete; Complete; Complete; Complete; Complete; Complete,Denied, , , , , , , , , , , , , , , , , , , , , , , , , , , , , , , ,Whitney,Sok
December 3rd Scholarship 2022,Submitted; Complete; Complete; Complete; Complete; Complete; Complete,Denied, , , , , , , , , , , , , , , , , , , , , , , , , , , , , , , ,Kentorra,Vidal
December 3rd Scholarship 2022,Submitted; Complete; Complete; Complete; Complete; Complete; Complete,Denied, , , , , , , , , , , , , , , , , , , , , , , , , , , , , , , ,Tione,Viruet
Dennis Elroy Barry Memorial Scholarship 2022,Complete; Complete; Complete,Denied, , , , , , , , , , , , , , , , , , , , , , , , , , , , , , , ,Waseem,Son
Dennis Elroy Barry Memorial Scholarship 2022,Submitted; Complete; Complete,Denied, , , , , , , , , , , , , , , , , , , , , , , , , , , , , , , ,Khongmong,Doria
Dennis Elroy Barry Memorial Scholarship 2022,Submitted; Complete; Complete,Denied, , , , , , , , , , , , , , , , , , , , , , , , , , , , , , , ,Yaasmeen,He
Dennis Elroy Barry Memorial Scholarship 2022,Complete; Complete; Complete,Denied, , , , , , , , , , , , , , , , , , , , , , , , , , , , , , , ,My,Johnson Jr
Dennis Elroy Barry Memorial Scholarship 2022,Complete; Complete; Complete,Denied, , , , , , , , , , , , , , , , , , , , , , , , , , , , , , , ,Aubrianna,el-Shaikh
Dennis Elroy Barry Memorial Scholarship 2022,Complete; Complete; Complete; Complete; Complete; Complete; Complete,Denied, , , , , , , , , , , , , , , , , , , , , , , , , , , , , , , ,Azamat,Ablan
Dennis Elroy Barry Memorial Scholarship 2022,Submitted; Complete; Complete,Denied, , , , , , , , , , , , , , , , , , , , , , , , , , , , , , , ,Derrick,Roybal
Dennis Elroy Barry Memorial Scholarship 2022,Submitted; Complete; Complete,Denied, , , , , , , , , , , , , , , , , , , , , , , , , , , , , , , ,K'Sandra,al-Afzal
Dennis Elroy Barry Memorial Scholarship 2022,Submitted; Complete; Complete,Denied, , , , , , , , , , , , , , , , , , , , , , , , , , , , , , , ,Ian,al-Sadiq
Dennis Elroy Barry Memorial Scholarship 2022,Submitted; Complete; Complete,Denied, , , , , , , , , , , , , , , , , , , , , , , , , , , , , , , ,Musheera,Neff
Dennis Elroy Barry Memorial Scholarship 2022,Submitted; Complete; Complete,Denied, , , , , , , , , , , , , , , , , , , , , , , , , , , , , , , ,Roger,Higley
Dennis Elroy Barry Memorial Scholarship 2022,Submitted; Complete; Complete; Complete; Complete; Complete; Complete; Complete; Complete; Complete; Complete; Complete; Complete,Denied, , , , , , , , , , , , , , , , , , , , , , , , , , , ,Harvard University, , , ,Rachael,Joiner
Dennis Elroy Barry Memorial Scholarship 2022,Submitted; Complete; Complete; Complete; Complete; Complete; Complete; Complete,Denied, , , , , , , , , , , , , , , , , , , , , , , , , , , , , , , ,Jorden,Wendelin
Dennis Elroy Barry Memorial Scholarship 2022,Submitted; Complete; Complete,Denied, , , , , , , , , , , , , , , , , , , , , , , , , , , , , , , ,Taeler,Ho
Dennis Elroy Barry Memorial Scholarship 2022,Submitted; Complete; Complete,Denied, , , , , , , , , , , , , , , , , , , , , , , , , , , , , , , ,Vanya,Victoria
Dennis Elroy Barry Memorial Scholarship 2022,Submitted; Complete; Complete,Denied, , , , , , , , , , , , , , , , , , , , , , , , , , , , , , , ,May,el-Alam
Dennis Elroy Barry Memorial Scholarship 2022,Submitted; Complete; Complete; Complete; Complete; Complete; Complete,Denied, , , , , , , , , , , , , , , , , , , , , , , , , , , , , , , ,Sajiyya,al-Salek
Dennis Elroy Barry Memorial Scholarship 2022,Submitted; Complete; Complete; Complete; Complete; Complete; Complete; Complete; Complete,Denied, , , , , , , , , , , , , , , , , , , , , , , , , , , ,University of Connecticut, , , ,Trent,Anthony
Derek Gaudette Memorial Scholarship 2022,Submitted; Complete; Complete; Complete,Denied, , , , , , , , , , , , , , , , , , , , , , , , , , , , , , , ,Emmanuel,Ginsberg
Derek Gaudette Memorial Scholarship 2022,Complete; Complete; Complete,Denied, , , , , , , , , , , , , , , , , , , , , , , , , , , , , , , ,Camrey,Niblet
Derek Gaudette Memorial Scholarship 2022,Submitted; Complete; Complete,Denied, , , , , , , , , , , , , , , , , , , , , , , , , , , , , , , ,Adrena,Varela-Hernandez
Derek Gaudette Memorial Scholarship 2022,Submitted; Complete; Complete,Denied, , , , , , , , , , , , , , , , , , , , , , , , , , , , , , , ,Atit,Roda
Doris Salzer Memorial Scholarship 2022,Submitted; Complete; Complete,Denied, , , , , , , , , , , , , , , , , , , , , , , , , , , , , , , ,Khongmong,Halsey
Doris Salzer Memorial Scholarship 2022,Submitted; Complete; Complete,Denied, , , , , , , , , , , , , , , , , , , , , , , , , , , , , , , ,Samir,Brandon
Doris Salzer Memorial Scholarship 2022,Submitted; Complete; Complete,Denied, , , , , , , , , , , , , , , , , , , , , , , , , , , , , , , ,Yaasmeen,He
Doris Salzer Memorial Scholarship 2022,Submitted; Complete; Complete; Complete; Complete; Complete; Complete; Complete; Complete,Denied, , , , , , , , , , , , , , , , , , , , , , , , , , , ,Salem State University, , , ,Lavies,Um
Doris Salzer Memorial Scholarship 2022,Submitted; Complete; Complete,Denied, , , , , , , , , , , , , , , , , , , , , , , , , , , , , , , ,Phillips,Munn
Doris Salzer Memorial Scholarship 2022,Submitted; Complete; Complete; Complete; Complete; Complete; Complete; Complete; Complete,Denied, , , , , , , , , , , , , , , , , , , , , , , , , , , , , , , ,Pedro,Turner
Doris Salzer Memorial Scholarship 2022,Submitted; Complete; Complete,Denied, , , , , , , , , , , , , , , , , , , , , , , , , , , , , , , ,Zaamil,Buasri
Doris Salzer Memorial Scholarship 2022,Submitted; Complete; Complete,Denied, , , , , , , , , , , , , , , , , , , , , , , , , , , , , , , ,Vincente,Melgares
Doris Salzer Memorial Scholarship 2022,Submitted; Complete; Complete,Denied, , , , , , , , , , , , , , , , , , , , , , , , , , , , , , , ,Armonno,Botts
Doris Salzer Memorial Scholarship 2022,Submitted; Complete; Complete; Complete; Complete; Complete; Complete; Complete; Complete; Complete; Complete; Complete; Complete; Complete; Complete,Denied, , , , , , , , , , , , , , , , , , , , , , , , , , , ,College of the Holy Cross, , , ,Lydia,Bonstead
Doris Salzer Memorial Scholarship 2022,Submitted; Complete; Complete; Complete; Complete; Complete; Complete; Complete; Complete,Denied, , , , , , , , , , , , , , , , , , , , , , , , , , , , , , , ,K'Sandra,al-Afzal
Doris Salzer Memorial Scholarship 2022,Submitted; Submitted; Complete,Denied, , , , , , , , , , , , , , , , , , , , , , , , , , , , , , , ,Daizha,Fryer
Doris Salzer Memorial Scholarship 2022,Submitted; Complete; Complete,Denied, , , , , , , , , , , , , , , , , , , , , , , , , , , , , , , ,Raja,Charleston
Doris Salzer Memorial Scholarship 2022,Submitted; Complete; Complete,Denied, , , , , , , , , , , , , , , , , , , , , , , , , , , , , , , ,Samira,Anchondo
Doris Salzer Memorial Scholarship 2022,Submitted; Complete; Complete,Denied, , , , , , , , , , , , , , , , , , , , , , , , , , , , , , , ,Michalyn,Berry
Doris Salzer Memorial Scholarship 2022,Submitted; Complete; Complete,Denied, , , , , , , , , , , , , , , , , , , , , , , , , , , , , , , ,Olivya,al-Samad
Doris Salzer Memorial Scholarship 2022,Complete; Complete; Complete,Denied, , , , , , , , , , , , , , , , , , , , , , , , , , , , , , , ,Luwai,Daniel
Doris Salzer Memorial Scholarship 2022,Submitted; Complete; Complete,Denied, , , , , , , , , , , , , , , , , , , , , , , , , , , , , , , ,Angel,Paiz
Doris Salzer Memorial Scholarship 2022,Submitted; Complete; Complete,Denied, , , , , , , , , , , , , , , , , , , , , , , , , , , , , , , ,Haaniya,Viswaroopan
Doris Salzer Memorial Scholarship 2022,Submitted; Complete; Complete; Complete; Complete; Complete; Complete; Complete; Complete,Denied, , , , , , , , , , , , , , , , , , , , , , , , , , , ,Suffolk University, , , ,Nabeel,Tagawa
Doris Salzer Memorial Scholarship 2022,Submitted; Complete; Complete,Denied, , , , , , , , , , , , , , , , , , , , , , , , , , , , , , , ,Ismael,Medina Perez
Doris Salzer Memorial Scholarship 2022,Submitted; Complete; Complete,Denied, , , , , , , , , , , , , , , , , , , , , , , , , , , , , , , ,Sam,Dorrance
Doris Salzer Memorial Scholarship 2022,Submitted; Complete; Complete,Denied, , , , , , , , , , , , , , , , , , , , , , , , , , , , , , , ,Lana,Harshberger
Doris Salzer Memorial Scholarship 2022,Submitted; Submitted; Complete,Denied, , , , , , , , , , , , , , , , , , , , , , , , , , , , , , , ,Qaasim,Pinto
Doris Salzer Memorial Scholarship 2022,Submitted; Complete; Complete,Denied, , , , , , , , , , , , , , , , , , , , , , , , , , , , , , , ,Shawnia,Rodri
Doris Salzer Memorial Scholarship 2022,Submitted; Complete; Complete,Denied, , , , , , , , , , , , , , , , , , , , , , , , , , , , , , , ,Dhaafir,Cather
Doris Salzer Memorial Scholarship 2022,Complete; Complete; Complete,Denied, , , , , , , , , , , , , , , , , , , , , , , , , , , , , , , ,Sydney,Devine
Doris Salzer Memorial Scholarship 2022,Submitted; Complete; Complete,Denied, , , , , , , , , , , , , , , , , , , , , , , , , , , , , , , ,Jasper,James
Doris Salzer Memorial Scholarship 2022,Submitted; Complete; Complete,Denied, , , , , , , , , , , , , , , , , , , , , , , , , , , , , , , ,Azmi,Daly
Doris Salzer Memorial Scholarship 2022,Submitted; Submitted; Complete,Denied, , , , , , , , , , , , , , , , , , , , , , , , , , , , , , , ,Vincente,Cruze
Doris Salzer Memorial Scholarship 2022,Complete; Complete; Complete; Complete; Complete; Complete; Complete; Complete; Complete,Denied, , , , , , , , , , , , , , , , , , , , , , , , , , , , , , , ,Corissa,Mckoy
Edward Carien Scholarship 2022,Submitted; Complete; Complete; Complete; Complete; Complete; Complete; Complete; Complete,Denied, , , , , , , , , , , , , , , , , , , , , , , , , , , , , , , ,Karissa,Deeming
Edward Carien Scholarship 2022,Complete; Complete; Complete; Complete; Complete; Complete; Complete; Complete; Complete; Complete; Complete,Denied, , , , , , , , , , , , , , , , , , , , , , , , , , , , , , , ,Taeler,Van Lue
Edward Carien Scholarship 2022,Submitted; Submitted; Complete,Denied, , , , , , , , , , , , , , , , , , , , , , , , , , , , , , , ,Parnia,Battumur
Edward Carien Scholarship 2022,Submitted; Complete; Complete; Complete; Complete,Denied, , , , , , , , , , , , , , , , , , , , , , , , , , , , , , , ,Whitney,Sok
Edward Carien Scholarship 2022,Submitted; Complete; Complete,Denied, , , , , , , , , , , , , , , , , , , , , , , , , , , , , , , ,Kabowd,al-Sahli
Edward Carien Scholarship 2022,Submitted; Complete; Complete,Denied, , , , , , , , , , , , , , , , , , , , , , , , , , , , , , , ,Joo,Norman
Edward Carien Scholarship 2022,Submitted; Complete; Complete; Complete,Denied, , , , , , , , , , , , , , , , , , , , , , , , , , , , , , , ,Awda,Dionese
Edward Carien Scholarship 2022,Submitted; Complete; Complete; Complete,Denied, , , , , , , , , , , , , , , , , , , , , , , , , , , , , , , ,Se Ra,el-Hosseini
Edward Carien Scholarship 2022,Submitted; Complete; Complete,Denied, , , , , , , , , , , , , , , , , , , , , , , , , , , , , , , ,Shawnia,Saeed
Edward Carien Scholarship 2022,Submitted; Complete; Complete,Denied, , , , , , , , , , , , , , , , , , , , , , , , , , , , , , , ,Cheyane,Meza Chavez
Edward Carien Scholarship 2022,Submitted; Complete; Complete; Complete; Complete; Complete; Complete; Complete; Complete,Denied, , , , , , , , , , , , , , , , , , , , , , , , , , , ,College of the Holy Cross, , , ,Lydia,Bonstead
Edward Carien Scholarship 2022,Submitted; Complete; Complete; Complete; Complete; Complete; Complete; Complete; Assigned,Denied, , , , , , , , , , , , , , , , , , , , , , , , , , , , , , , ,Alysha,Span
Edward Carien Scholarship 2022,Submitted; Complete; Complete,Denied, , , , , , , , , , , , , , , , , , , , , , , , , , , , , , , ,Logan,Holst
Edward Carien Scholarship 2022,Submitted; Complete; Complete; Complete,Denied, , , , , , , , , , , , , , , , , , , , , , , , , , , , , , , ,Xavier,Ewing-Rhodes
Edward Carien Scholarship 2022,Submitted; Complete; Complete; Complete; Complete; Complete; Complete; Complete; Complete,Denied, , , , , , , , , , , , , , , , , , , , , , , , , , , ,University of Massachusetts at Boston, , , ,Elisah,Forney
Edward Carien Scholarship 2022,Complete; Complete; Complete,Denied, , , , , , , , , , , , , , , , , , , , , , , , , , , , , , , ,Travonta,al-Hariri
Edward Carien Scholarship 2022,Submitted; Complete; Complete,Denied, , , , , , , , , , , , , , , , , , , , , , , , , , , , , , , ,Samira,Anchondo
Edward Carien Scholarship 2022,Submitted; Complete; Complete,Denied, , , , , , , , , , , , , , , , , , , , , , , , , , , , , , , ,Elisah,Clyde
Edward Carien Scholarship 2022,Submitted; Complete; Complete; Complete,Denied, , , , , , , , , , , , , , , , , , , , , , , , , , , , , , , ,Xai,Robertson
Edward Carien Scholarship 2022,Submitted; Complete; Complete; Complete,Denied, , , , , , , , , , , , , , , , , , , , , , , , , , , , , , , ,Khanh,al-Wali
Edward Carien Scholarship 2022,Submitted; Complete; Complete,Denied, , , , , , , , , , , , , , , , , , , , , , , , , , , , , , , ,Cole,Jefferson
Edward Carien Scholarship 2022,Submitted; Complete; Complete; Complete; Complete; Complete; Complete; Complete; Complete; Complete,Denied, , , , , , , , , , , , , , , , , , , , , , , , , , , , , , , ,Kristie,Gregg
Edward Carien Scholarship 2022,Submitted; Complete; Complete; Complete,Denied, , , , , , , , , , , , , , , , , , , , , , , , , , , , , , , ,Roderick,al-Akbari
Edward Carien Scholarship 2022,Submitted; Complete; Complete; Complete,Denied, , , , , , , , , , , , , , , , , , , , , , , , , , , , , , , ,Brenna,Yun
Edward Carien Scholarship 2022,Submitted; Complete; Complete,Denied, , , , , , , , , , , , , , , , , , , , , , , , , , , , , , , ,Mahbooba,Ocampo
Edward Carien Scholarship 2022,Submitted; Complete; Complete; Complete,Denied, , , , , , , , , , , , , , , , , , , , , , , , , , , , , , , ,Armonno,Mesa
Edward Carien Scholarship 2022,Submitted; Complete; Complete; Complete,Denied, , , , , , , , , , , , , , , , , , , , , , , , , , , , , , , ,Aasim,Nash
Edward Carien Scholarship 2022,Submitted; Complete; Complete,Denied, , , , , , , , , , , , , , , , , , , , , , , , , , , , , , , ,Emoni,Glenn-Bracey
Edward Carien Scholarship 2022,Submitted; Complete; Complete,Denied, , , , , , , , , , , , , , , , , , , , , , , , , , , , , , , ,Fuaad,Hoshmand
Edward Carien Scholarship 2022,Submitted; Complete; Complete,Denied, , , , , , , , , , , , , , , , , , , , , , , , , , , , , , , ,Howard,Amgalanbayar
Edward Carien Scholarship 2022,Submitted; Complete; Complete,Denied, , , , , , , , , , , , , , , , , , , , , , , , , , , , , , , ,Vishnu,Dishmon
Edward Carien Scholarship 2022,Submitted; Complete; Complete; Complete; Complete; Complete; Complete; Complete; Complete,Denied, , , , , , , , , , , , , , , , , , , , , , , , , , , , , , , ,Nuha,Crummett
Edward Carien Scholarship 2022,Complete; Complete; Complete; Complete; Complete; Complete; Complete; Complete; Complete,Denied, , , , , , , , , , , , , , , , , , , , , , , , , , , ,College of the Holy Cross, , , ,Wisaam,Hunnell
Edward Carien Scholarship 2022,Submitted; Complete; Complete,Denied, , , , , , , , , , , , , , , , , , , , , , , , , , , , , , , ,Roderick,Bajwa
Edward Carien Scholarship 2022,Submitted; Complete; Complete; Complete; Complete; Complete; Complete; Complete; Complete,Denied, , , , , , , , , , , , , , , , , , , , , , , , , , , ,Worcester Polytechnic Institute, , , ,Maisara,Schippers
Edward Carien Scholarship 2022,Submitted; Complete; Complete,Denied, , , , , , , , , , , , , , , , , , , , , , , , , , , , , , , ,Markus,Huger
Edward Carien Scholarship 2022,Submitted; Complete; Complete,Denied, , , , , , , , , , , , , , , , , , , , , , , , , , , , , , , ,Hasana,Quach
Edward Carien Scholarship 2022,Submitted; Complete; Complete,Denied, , , , , , , , , , , , , , , , , , , , , , , , , , , , , , , ,Tuhfa,Vecellio
Edward Carien Scholarship 2022,Complete; Complete; Complete; Complete; Complete; Complete; Complete; Complete; Complete; Complete,Denied, , , , , , , , , , , , , , , , , , , , , , , , , , , ,Harvard University, , , ,Kaitlyn,Arviso-Aguirre
Edward Carien Scholarship 2022,Submitted; Complete; Complete,Denied, , , , , , , , , , , , , , , , , , , , , , , , , , , , , , , ,Jasper,James
Edward Carien Scholarship 2022,Submitted; Complete; Complete; Complete; Complete; Complete; Complete; Complete; Complete; Complete; Complete; Complete; Complete,Denied, , , , , , , , , , , , , , , , , , , , , , , , , , , , , , , ,Emonie,Schetgen
Edward Carien Scholarship 2022,Submitted; Complete; Complete,Denied, , , , , , , , , , , , , , , , , , , , , , , , , , , , , , , ,Thomas,Kemp
Edward Carien Scholarship 2022,Complete; Complete; Complete,Denied, , , , , , , , , , , , , , , , , , , , , , , , , , , , , , , ,Aimee,el-Hannan
Edward Carien Scholarship 2022,Submitted; Complete; Complete,Denied, , , , , , , , , , , , , , , , , , , , , , , , , , , , , , , ,Cheyanne,Rumsey
Edward Carien Scholarship 2022,Submitted; Complete; Complete,Denied, , , , , , , , , , , , , , , , , , , , , , , , , , , , , , , ,Mishaari,Gustafson
Edward Carien Scholarship 2022,Submitted; Complete; Complete,Denied, , , , , , , , , , , , , , , , , , , , , , , , , , , , , , , ,Trina,Powell
Edward Carien Scholarship 2022,Submitted; Complete; Complete,Denied, , , , , , , , , , , , , , , , , , , , , , , , , , , , , , , ,Abiy,Rocha
Edward Carien Scholarship 2022,Submitted; Complete; Complete,Denied, , , , , , , , , , , , , , , , , , , , , , , , , , , , , , , ,Davis,Townsend
Elm Park Community School Scholarship 2022,Submitted; Complete; Complete; Complete; Complete; Complete; Complete; Complete,Denied, , , , , , , , , , , , , , , , , , , , , , , , , , , , , , , ,Se Ra,el-Hosseini
Elm Park Community School Scholarship 2022,Submitted; Complete; Complete; Complete; Complete; Complete; Complete; Complete,Denied, , , , , , , , , , , , , , , , , , , , , , , , , , , , , , , ,Marqus,Daly
Elm Park Community School Scholarship 2022,Submitted; Complete; Complete,Denied, , , , , , , , , , , , , , , , , , , , , , , , , , , , , , , ,Azmi,Daly
Emanuel's Empowerment Scholarship 2022,Submitted; Complete; Complete,Denied, , , , , , , , , , , , , , , , , , , , , , , , , , , , , , , ,Jumail,Landin
Emanuel's Empowerment Scholarship 2022,Submitted; Complete; Complete; Complete; Complete; Complete,Denied, , , , , , , , , , , , , , , , , , , , , , , , , , , , , , , ,Letyraial,Untalan
Emanuel's Empowerment Scholarship 2022,Submitted; Complete; Complete,Denied, , , , , , , , , , , , , , , , , , , , , , , , , , , , , , , ,Armonno,Sitinjak
Emil Haddad Jazz Scholarship 2022,Submitted; Complete; Complete; Complete,Denied, , , , , , , , , , , , , , , , , , , , , , , , , , , , , , , ,Toryn,Johnson-Hayward
Emil Haddad Jazz Scholarship 2022,Submitted; Complete; Complete; Complete,Denied, , , , , , , , , , , , , , , , , , , , , , , , , , , , , , , ,Shanice,Gellatly
Emil Haddad Jazz Scholarship 2022,Submitted; Complete; Complete,Denied, , , , , , , , , , , , , , , , , , , , , , , , , , , , , , , ,Daizha,Burleson
Emil Haddad Jazz Scholarship 2022,Submitted; Complete; Complete; Complete; Complete; Complete,Denied, , , , , , , , , , , , , , , , , , , , , , , , , , , , , , , ,Zaamil,Buasri
Emil Haddad Jazz Scholarship 2022,Submitted; Complete; Complete; Complete; Complete; Complete,Denied, , , , , , , , , , , , , , , , , , , , , , , , , , , , , , , ,Shawnia,Saeed
Emil Haddad Jazz Scholarship 2022,Submitted; Complete; Complete,Denied, , , , , , , , , , , , , , , , , , , , , , , , , , , , , , , ,D'Mitri,Pickett
Emil Haddad Jazz Scholarship 2022,Submitted; Complete; Complete,Denied, , , , , , , , , , , , , , , , , , , , , , , , , , , , , , , ,Davis,Atkins
Emil Haddad Jazz Scholarship 2022,Complete; Complete; Complete; Complete; Complete; Complete; Complete; Complete; Complete,Denied, , , , , , , , , , , , , , , , , , , , , , , , , , , ,Worcester State University, , , ,Sahel,Bugarin Jr
Emil Haddad Jazz Scholarship 2022,Submitted; Complete; Complete,Denied, , , , , , , , , , , , , , , , , , , , , , , , , , , , , , , ,Kianna,Victorino
Emil Haddad Jazz Scholarship 2022,Submitted; Complete; Complete,Denied, , , , , , , , , , , , , , , , , , , , , , , , , , , , , , , ,Brendan,el-Kaleel
Emil Haddad Jazz Scholarship 2022,Complete; Complete; Complete; Complete; Complete; Complete; Complete; Complete; Complete; Complete,Denied, , , , , , , , , , , , , , , , , , , , , , , , , , , ,Brandeis University, , , ,Aeneva,Murphy
Emil Haddad Jazz Scholarship 2022,Submitted; Complete; Complete; Complete; Complete; Complete; Complete,Denied, , , , , , , , , , , , , , , , , , , , , , , , , , , , , , , ,Ramon,Deleon-Rodriguez
Emil Haddad Jazz Scholarship 2022,Complete; Complete; Complete,Denied, , , , , , , , , , , , , , , , , , , , , , , , , , , , , , , ,Kiduse,Flores
Emil Haddad Jazz Scholarship 2022,Submitted; Complete; Complete,Denied, , , , , , , , , , , , , , , , , , , , , , , , , , , , , , , ,Javier-Luis,Melchor-Candelario
Emil Haddad Jazz Scholarship 2022,Submitted; Complete; Complete; Complete; Complete; Complete; Complete,Denied, , , , , , , , , , , , , , , , , , , , , , , , , , , , , , , ,Norma,Wade
Emil Haddad Jazz Scholarship 2022,Submitted; Complete; Complete,Denied, , , , , , , , , , , , , , , , , , , , , , , , , , , , , , , ,Judy,Lopez-Carrizales
Emil Haddad Jazz Scholarship 2022,Submitted; Complete; Complete; Complete,Denied, , , , , , , , , , , , , , , , , , , , , , , , , , , , , , , ,Natasha,Worker
Emil Haddad Jazz Scholarship 2022,Complete; Complete; Complete,Denied, , , , , , , , , , , , , , , , , , , , , , , , , , , , , , , ,Roderick,Oldham
Emil Haddad Jazz Scholarship 2022,Submitted; Complete; Complete,Denied, , , , , , , , , , , , , , , , , , , , , , , , , , , , , , , ,Alex,Coyhis
Emil Haddad Jazz Scholarship 2022,Submitted; Complete; Complete,Denied, , , , , , , , , , , , , , , , , , , , , , , , , , , , , , , ,Mareeon,el-Laham
Emil Haddad Jazz Scholarship 2022,Submitted; Complete; Complete,Denied, , , , , , , , , , , , , , , , , , , , , , , , , , , , , , , ,Nazeema,Samake
Emil Haddad Jazz Scholarship 2022,Submitted; Complete; Complete; Complete; Complete; Complete,Denied, , , , , , , , , , , , , , , , , , , , , , , , , , , , , , , ,Myneshia,Koskovich
Emil Haddad Jazz Scholarship 2022,Submitted; Complete; Complete; Complete; Complete; Complete; Complete,Denied, , , , , , , , , , , , , , , , , , , , , , , , , , , , , , , ,Mareeon,Graves
Emil Haddad Jazz Scholarship 2022,Submitted; Complete; Complete,Denied, , , , , , , , , , , , , , , , , , , , , , , , , , , , , , , ,Carina,Cerdenola
Emil Haddad Jazz Scholarship 2022,Submitted; Complete; Complete,Denied, , , , , , , , , , , , , , , , , , , , , , , , , , , , , , , ,Samira,Schwartz
Erin Coonan Schmidt Scholarship for Health & Wellness 2022,Submitted; Complete; Complete,Denied, , , , , , , , , , , , , , , , , , , , , , , , , , , , , , , ,Abiy,al-Sadiq
Erin Coonan Schmidt Scholarship for Health & Wellness 2022,Submitted; Complete; Complete; Complete; Complete; Complete; Complete; Complete; Complete,Denied, , , , , , , , , , , , , , , , , , , , , , , , , , , , , , , ,Ziyaad,Crespin
Erin Coonan Schmidt Scholarship for Health & Wellness 2022,Submitted; Complete; Complete,Denied, , , , , , , , , , , , , , , , , , , , , , , , , , , , , , , ,Ian,al-Sadiq
Erin Coonan Schmidt Scholarship for Health & Wellness 2022,Submitted; Complete; Complete; Complete; Complete; Complete; Complete; Complete; Complete; Complete; Complete; Complete; Complete; Complete,Denied, , , , , , , , , , , , , , , , , , , , , , , , , , , , , , , ,Alfonso,el-Dawood
Erin Coonan Schmidt Scholarship for Health & Wellness 2022,Submitted; Complete; Complete; Complete; Complete; Complete; Complete; Complete; Complete; Complete,Denied, , , , , , , , , , , , , , , , , , , , , , , , , , , , , , , ,Natasha,Worker
Erin Coonan Schmidt Scholarship for Health & Wellness 2022,Submitted; Complete; Complete; Complete,Denied, , , , , , , , , , , , , , , , , , , , , , , , , , , , , , , ,Azamat,el-Jabbar
Erin Coonan Schmidt Scholarship for Health & Wellness 2022,Submitted; Complete; Complete; Complete; Complete; Complete; Complete; Complete; Complete,Denied, , , , , , , , , , , , , , , , , , , , , , , , , , , ,Drexel University, , , ,Jourdan,Perea
Erin Coonan Schmidt Scholarship for Health & Wellness 2022,Complete; Complete; Complete; Complete; Complete; Complete; Complete; Complete; Complete; Complete,Denied, , , , , , , , , , , , , , , , , , , , , , , , , , , , , , , ,Samira,Slife
Fairlawn Foundation Scholarship 2022,Submitted; Complete; Complete,Denied, , , , , , , , , , , , , , , , , , , , , , , , , , , , , , , ,Yadira,Lohr
Fairlawn Foundation Scholarship 2022,Submitted; Complete; Complete,Denied, , , , , , , , , , , , , , , , , , , , , , , , , , , , , , , ,Ohitike,O'Rell
Fairlawn Foundation Scholarship 2022,Submitted; Complete; Complete; Complete; Complete; Complete; Complete; Complete,Denied, , , , , , , , , , , , , , , , , , , , , , , , , , , , , , , ,Shawnia,Velasquez
Fairlawn Foundation Scholarship 2022,Submitted; Complete; Complete,Denied, , , , , , , , , , , , , , , , , , , , , , , , , , , , , , , ,Kimberley,Reddell
Fairlawn Foundation Scholarship 2022,Submitted; Submitted; Complete,Denied, , , , , , , , , , , , , , , , , , , , , , , , , , , , , , , ,Monique,el-Ramin
Fairlawn Foundation Scholarship 2022,Submitted; Complete; Complete,Denied, , , , , , , , , , , , , , , , , , , , , , , , , , , , , , , ,Angelika,el-Saab
Fairlawn Foundation Scholarship 2022,Submitted; Complete; Complete; Complete; Complete; Complete; Complete; Complete; Complete,Denied, , , , , , , , , , , , , , , , , , , , , , , , , , , , , , , ,Emmanuel,Ginsberg
Fairlawn Foundation Scholarship 2022,Submitted; Complete; Complete; Complete; Complete; Complete; Complete; Complete,Denied, , , , , , , , , , , , , , , , , , , , , , , , , , , , , , , ,Xai,Jones-Robnett
Fairlawn Foundation Scholarship 2022,Submitted; Complete; Complete,Denied, , , , , , , , , , , , , , , , , , , , , , , , , , , , , , , ,Picabo,Skyhorse
Fairlawn Foundation Scholarship 2022,Submitted; Complete; Complete,Denied, , , , , , , , , , , , , , , , , , , , , , , , , , , , , , , ,Jennis,Jasper
Fairlawn Foundation Scholarship 2022,Submitted; Complete; Complete,Denied, , , , , , , , , , , , , , , , , , , , , , , , , , , , , , , ,Cyra,Farrell
Fairlawn Foundation Scholarship 2022,Complete; Complete; Complete,Denied, , , , , , , , , , , , , , , , , , , , , , , , , , , , , , , ,Wisaam,al-Ismail
Fairlawn Foundation Scholarship 2022,Submitted; Complete; Complete; Complete; Complete; Complete; Complete; Complete,Denied, , , , , , , , , , , , , , , , , , , , , , , , , , , , , , , ,Khongmong,Neighbors
Fairlawn Foundation Scholarship 2022,Submitted; Complete; Complete,Denied, , , , , , , , , , , , , , , , , , , , , , , , , , , , , , , ,Abiy,Rocha
Finnish American Social Club Scholarship 2022,Submitted; Complete; Complete,Denied, , , , , , , , , , , , , , , , , , , , , , , , , , , , , , , ,Samir,Brandon
Finnish American Social Club Scholarship 2022,Submitted; Complete; Complete,Denied, , , , , , , , , , , , , , , , , , , , , , , , , , , , , , , ,Ramza,al-Azzi
Finnish American Social Club Scholarship 2022,Submitted; Complete; Complete,Denied, , , , , , , , , , , , , , , , , , , , , , , , , , , , , , , ,Monique,Malecha
Finnish American Social Club Scholarship 2022,Submitted; Complete; Complete,Denied, , , , , , , , , , , , , , , , , , , , , , , , , , , , , , , ,Phillips,Munn
Finnish American Social Club Scholarship 2022,Submitted; Complete; Complete,Denied, , , , , , , , , , , , , , , , , , , , , , , , , , , , , , , ,D'Mitri,Pickett
Finnish American Social Club Scholarship 2022,Submitted; Complete; Complete; Complete; Complete; Complete; Complete; Complete,Denied, , , , , , , , , , , , , , , , , , , , , , , , , , , ,University of Massachusetts at Amherst, , , ,Saajida,Costello
Finnish American Social Club Scholarship 2022,Submitted; Complete; Complete; Complete,Denied, , , , , , , , , , , , , , , , , , , , , , , , , , , , , , , ,Emilio,Music
Finnish American Social Club Scholarship 2022,Submitted; Complete; Complete,Denied, , , , , , , , , , , , , , , , , , , , , , , , , , , , , , , ,Davis,Atkins
Finnish American Social Club Scholarship 2022,Submitted; Complete; Complete,Denied, , , , , , , , , , , , , , , , , , , , , , , , , , , , , , , ,Toryn,el-Ashraf
Finnish American Social Club Scholarship 2022,Submitted; Complete; Complete,Denied, , , , , , , , , , , , , , , , , , , , , , , , , , , , , , , ,Tu,Meza Barrera
Finnish American Social Club Scholarship 2022,Submitted; Complete; Complete,Denied, , , , , , , , , , , , , , , , , , , , , , , , , , , , , , , ,Carina,Springfield
Finnish American Social Club Scholarship 2022,Submitted; Complete; Complete; Complete; Complete; Complete,Denied, , , , , , , , , , , , , , , , , , , , , , , , , , , , , , , ,Kiduse,Caffrey
Finnish American Social Club Scholarship 2022,Complete; Complete; Complete,Denied, , , , , , , , , , , , , , , , , , , , , , , , , , , , , , , ,Jeffery,al-Naqvi
Finnish American Social Club Scholarship 2022,Submitted; Complete; Complete; Complete,Denied, , , , , , , , , , , , , , , , , , , , , , , , , , , , , , , ,Ramon,Deleon-Rodriguez
Finnish American Social Club Scholarship 2022,Submitted; Complete; Complete,Denied, , , , , , , , , , , , , , , , , , , , , , , , , , , , , , , ,Rani,Mose
Finnish American Social Club Scholarship 2022,Submitted; Complete; Complete; Complete,Denied, , , , , , , , , , , , , , , , , , , , , , , , , , , , , , , ,Julia Isabel,Quintana Jr
Finnish American Social Club Scholarship 2022,Submitted; Complete; Complete,Denied, , , , , , , , , , , , , , , , , , , , , , , , , , , , , , , ,Masroora,el-Dia
Finnish American Social Club Scholarship 2022,Submitted; Complete; Complete; Complete,Denied, , , , , , , , , , , , , , , , , , , , , , , , , , , , , , , ,Shabeeba,al-Obeid
Finnish American Social Club Scholarship 2022,Submitted; Complete; Complete,Denied, , , , , , , , , , , , , , , , , , , , , , , , , , , , , , , ,Jamarian,Ham
Finnish American Social Club Scholarship 2022,Submitted; Complete; Complete,Denied, , , , , , , , , , , , , , , , , , , , , , , , , , , , , , , ,Alex,Maiden
Finnish American Social Club Scholarship 2022,Submitted; Complete; Complete,Denied, , , , , , , , , , , , , , , , , , , , , , , , , , , , , , , ,Sapphire,Esparza Medina
Fitchburg Sportsmen's Club Scholarship 2022,Submitted; Complete; Complete,Denied, , , , , , , , , , , , , , , , , , , , , , , , , , , , , , , ,Samir,Brandon
Fitchburg Sportsmen's Club Scholarship 2022,Submitted; Complete; Complete,Denied, , , , , , , , , , , , , , , , , , , , , , , , , , , , , , , ,Kent,Hillstrom
Fitchburg Sportsmen's Club Scholarship 2022,Submitted; Complete; Complete,Denied, , , , , , , , , , , , , , , , , , , , , , , , , , , , , , , ,Johnny,Acosta
Fitchburg Sportsmen's Club Scholarship 2022,Submitted; Complete; Complete; Complete,Denied, , , , , , , , , , , , , , , , , , , , , , , , , , , , , , , ,Julia Isabel,Quintana Jr
"Francine ""Doc"" Smith Memorial Scholarship 2022",Submitted; Complete; Complete; Complete; Complete; Complete; Complete; Complete,Denied, , , , , , , , , , , , , , , , , , , , , , , , , , , , , , , ,Tien,Herrera
"Francine ""Doc"" Smith Memorial Scholarship 2022",Submitted; Complete; Complete,Denied, , , , , , , , , , , , , , , , , , , , , , , , , , , , , , , ,Gi Hun,Botello
"Francine ""Doc"" Smith Memorial Scholarship 2022",Submitted; Complete; Complete,Denied, , , , , , , , , , , , , , , , , , , , , , , , , , , , , , , ,Patricia,Caster
"Francine ""Doc"" Smith Memorial Scholarship 2022",Submitted; Complete; Complete; Complete; Complete; Complete; Complete; Complete; Complete; Complete; Complete; Complete; Complete; Complete,Denied, , , , , , , , , , , , , , , , , , , , , , , , , , , ,Howard University, , , ,Gregg,al-Khalifa
"Francine ""Doc"" Smith Memorial Scholarship 2022",Submitted; Complete; Complete,Denied, , , , , , , , , , , , , , , , , , , , , , , , , , , , , , , ,Nabeel,el-Gaber
"Francine ""Doc"" Smith Memorial Scholarship 2022",Submitted; Complete; Complete,Denied, , , , , , , , , , , , , , , , , , , , , , , , , , , , , , , ,Keren,Bigback
"Francine ""Doc"" Smith Memorial Scholarship 2022",Submitted; Complete; Complete; Complete,Denied, , , , , , , , , , , , , , , , , , , , , , , , , , , , , , , ,Jerald,Forte
"Francine ""Doc"" Smith Memorial Scholarship 2022",Submitted; Complete; Complete; Complete,Denied, , , , , , , , , , , , , , , , , , , , , , , , , , , , , , , ,Thomas,Kellum
"Francine ""Doc"" Smith Memorial Scholarship 2022",Submitted; Complete; Complete,Denied, , , , , , , , , , , , , , , , , , , , , , , , , , , , , , , ,Asiah,Sedillo
"Francine ""Doc"" Smith Memorial Scholarship 2022",Complete; Complete; Complete,Denied, , , , , , , , , , , , , , , , , , , , , , , , , , , , , , , ,Derrick,al-Shahid
"Francine ""Doc"" Smith Memorial Scholarship 2022",Submitted; Complete; Complete,Denied, , , , , , , , , , , , , , , , , , , , , , , , , , , , , , , ,Muneefa,Benson
"Francine ""Doc"" Smith Memorial Scholarship 2022",Submitted; Complete; Complete,Denied, , , , , , , , , , , , , , , , , , , , , , , , , , , , , , , ,Phillips,Munn
"Francine ""Doc"" Smith Memorial Scholarship 2022",Submitted; Complete; Complete; Complete,Denied, , , , , , , , , , , , , , , , , , , , , , , , , , , , , , , ,Alex,Joyner
"Francine ""Doc"" Smith Memorial Scholarship 2022",Submitted; Complete; Complete,Denied, , , , , , , , , , , , , , , , , , , , , , , , , , , , , , , ,Tyrelle,el-Salahuddin
"Francine ""Doc"" Smith Memorial Scholarship 2022",Submitted; Complete; Complete,Denied, , , , , , , , , , , , , , , , , , , , , , , , , , , , , , , ,Ohitike,Dion
"Francine ""Doc"" Smith Memorial Scholarship 2022",Submitted; Complete; Complete,Denied, , , , , , , , , , , , , , , , , , , , , , , , , , , , , , , ,Idrianna,el-Kader
"Francine ""Doc"" Smith Memorial Scholarship 2022",Submitted; Complete; Complete,Denied, , , , , , , , , , , , , , , , , , , , , , , , , , , , , , , ,Binh,Kumar
"Francine ""Doc"" Smith Memorial Scholarship 2022",Submitted; Complete; Complete; Complete,Denied, , , , , , , , , , , , , , , , , , , , , , , , , , , , , , , ,Schyeler,el-Ghanem
"Francine ""Doc"" Smith Memorial Scholarship 2022",Submitted; Complete; Complete; Complete; Complete; Complete; Complete; Complete; Complete; Complete; Complete; Complete; Complete,Denied, , , , , , , , , , , , , , , , , , , , , , , , , , , ,Marymount University, , , ,Katelyn,Evison
"Francine ""Doc"" Smith Memorial Scholarship 2022",Submitted; Complete; Complete,Denied, , , , , , , , , , , , , , , , , , , , , , , , , , , , , , , ,Kentorra,Abila
"Francine ""Doc"" Smith Memorial Scholarship 2022",Complete; Complete; Complete,Denied, , , , , , , , , , , , , , , , , , , , , , , , , , , , , , , ,Yesenia,el-Burki
"Francine ""Doc"" Smith Memorial Scholarship 2022",Submitted; Complete; Complete,Denied, , , , , , , , , , , , , , , , , , , , , , , , , , , , , , , ,D'Mitri,Pickett
"Francine ""Doc"" Smith Memorial Scholarship 2022",Submitted; Complete; Complete,Denied, , , , , , , , , , , , , , , , , , , , , , , , , , , , , , , ,Daizha,Caldwell-Kentris
"Francine ""Doc"" Smith Memorial Scholarship 2022",Submitted; Submitted; Complete,Denied, , , , , , , , , , , , , , , , , , , , , , , , , , , , , , , ,Monique,el-Ramin
"Francine ""Doc"" Smith Memorial Scholarship 2022",Submitted; Complete; Complete,Denied, , , , , , , , , , , , , , , , , , , , , , , , , , , , , , , ,Angelika,el-Saab
"Francine ""Doc"" Smith Memorial Scholarship 2022",Submitted; Complete; Complete,Denied, , , , , , , , , , , , , , , , , , , , , , , , , , , , , , , ,Khaiir,Jarrell
"Francine ""Doc"" Smith Memorial Scholarship 2022",Submitted; Complete; Complete,Denied, , , , , , , , , , , , , , , , , , , , , , , , , , , , , , , ,Salena,Tisthammer
"Francine ""Doc"" Smith Memorial Scholarship 2022",Submitted; Complete; Complete,Denied, , , , , , , , , , , , , , , , , , , , , , , , , , , , , , , ,Sheena,Holladay
"Francine ""Doc"" Smith Memorial Scholarship 2022",Submitted; Complete; Complete; Complete,Denied, , , , , , , , , , , , , , , , , , , , , , , , , , , , , , , ,Gericko,Stoops
"Francine ""Doc"" Smith Memorial Scholarship 2022",Complete; Complete; Complete,Denied, , , , , , , , , , , , , , , , , , , , , , , , , , , , , , , ,Xai,Lamar
"Francine ""Doc"" Smith Memorial Scholarship 2022",Submitted; Complete; Complete,Denied, , , , , , , , , , , , , , , , , , , , , , , , , , , , , , , ,Logan,Holst
"Francine ""Doc"" Smith Memorial Scholarship 2022",Submitted; Complete; Complete; Complete; Complete; Complete; Complete; Complete; Complete,Denied, , , , , , , , , , , , , , , , , , , , , , , , , , , ,Virginia Polytechnic Institute and State University, , , ,Travonta,Two Crow
"Francine ""Doc"" Smith Memorial Scholarship 2022",Submitted; Complete; Complete; Complete,Denied, , , , , , , , , , , , , , , , , , , , , , , , , , , , , , , ,Tione,Huh
"Francine ""Doc"" Smith Memorial Scholarship 2022",Submitted; Complete; Complete,Denied, , , , , , , , , , , , , , , , , , , , , , , , , , , , , , , ,Tu,Meza Barrera
"Francine ""Doc"" Smith Memorial Scholarship 2022",Complete; Complete; Complete,Denied, , , , , , , , , , , , , , , , , , , , , , , , , , , , , , , ,Kameel,Jahner
"Francine ""Doc"" Smith Memorial Scholarship 2022",Submitted; Complete; Complete,Denied, , , , , , , , , , , , , , , , , , , , , , , , , , , , , , , ,Armonno,Duong
"Francine ""Doc"" Smith Memorial Scholarship 2022",Submitted; Complete; Complete,Denied, , , , , , , , , , , , , , , , , , , , , , , , , , , , , , , ,Cormac,Rothey
"Francine ""Doc"" Smith Memorial Scholarship 2022",Submitted; Complete; Complete,Denied, , , , , , , , , , , , , , , , , , , , , , , , , , , , , , , ,Kianna,Fels
"Francine ""Doc"" Smith Memorial Scholarship 2022",Submitted; Complete; Complete,Denied, , , , , , , , , , , , , , , , , , , , , , , , , , , , , , , ,Jeremy,Covington
"Francine ""Doc"" Smith Memorial Scholarship 2022",Submitted; Complete; Complete,Denied, , , , , , , , , , , , , , , , , , , , , , , , , , , , , , , ,Olivya,al-Samad
"Francine ""Doc"" Smith Memorial Scholarship 2022",Submitted; Submitted; Complete,Denied, , , , , , , , , , , , , , , , , , , , , , , , , , , , , , , ,Alex,Littles
"Francine ""Doc"" Smith Memorial Scholarship 2022",Submitted; Complete; Complete,Denied, , , , , , , , , , , , , , , , , , , , , , , , , , , , , , , ,Larae,Bachler
"Francine ""Doc"" Smith Memorial Scholarship 2022",Submitted; Complete; Complete; Complete; Complete; Complete; Complete; Complete,Denied, , , , , , , , , , , , , , , , , , , , , , , , , , , , , , , ,Kristie,Gregg
"Francine ""Doc"" Smith Memorial Scholarship 2022",Submitted; Complete; Complete,Denied, , , , , , , , , , , , , , , , , , , , , , , , , , , , , , , ,Armonno,Chanthavongsa
"Francine ""Doc"" Smith Memorial Scholarship 2022",Submitted; Complete; Complete,Denied, , , , , , , , , , , , , , , , , , , , , , , , , , , , , , , ,Monique,Case
"Francine ""Doc"" Smith Memorial Scholarship 2022",Submitted; Complete; Complete; Complete,Denied, , , , , , , , , , , , , , , , , , , , , , , , , , , , , , , ,Shawnquelle,Malone-Rogers
"Francine ""Doc"" Smith Memorial Scholarship 2022",Submitted; Complete; Complete,Denied, , , , , , , , , , , , , , , , , , , , , , , , , , , , , , , ,Judy,Lopez-Carrizales
"Francine ""Doc"" Smith Memorial Scholarship 2022",Submitted; Complete; Complete,Denied, , , , , , , , , , , , , , , , , , , , , , , , , , , , , , , ,L'Rae,Bertholf
"Francine ""Doc"" Smith Memorial Scholarship 2022",Submitted; Complete; Complete; Complete,Denied, , , , , , , , , , , , , , , , , , , , , , , , , , , , , , , ,Saamyya,Gang
"Francine ""Doc"" Smith Memorial Scholarship 2022",Submitted; Complete; Complete,Denied, , , , , , , , , , , , , , , , , , , , , , , , , , , , , , , ,Pedro,Holt
"Francine ""Doc"" Smith Memorial Scholarship 2022",Submitted; Complete; Complete,Denied, , , , , , , , , , , , , , , , , , , , , , , , , , , , , , , ,Joy,Schuette
"Francine ""Doc"" Smith Memorial Scholarship 2022",Submitted; Complete; Complete,Denied, , , , , , , , , , , , , , , , , , , , , , , , , , , , , , , ,Nuha,Crummett
"Francine ""Doc"" Smith Memorial Scholarship 2022",Submitted; Complete; Complete,Denied, , , , , , , , , , , , , , , , , , , , , , , , , , , , , , , ,Kent,al-Arif
"Francine ""Doc"" Smith Memorial Scholarship 2022",Submitted; Complete; Complete,Denied, , , , , , , , , , , , , , , , , , , , , , , , , , , , , , , ,Trina,el-Nagi
"Francine ""Doc"" Smith Memorial Scholarship 2022",Submitted; Complete; Complete; Complete,Denied, , , , , , , , , , , , , , , , , , , , , , , , , , , , , , , ,Shabeeba,al-Obeid
"Francine ""Doc"" Smith Memorial Scholarship 2022",Submitted; Complete; Complete,Denied, , , , , , , , , , , , , , , , , , , , , , , , , , , , , , , ,Beatrice,al-Mahdavi
"Francine ""Doc"" Smith Memorial Scholarship 2022",Submitted; Complete; Complete,Denied, , , , , , , , , , , , , , , , , , , , , , , , , , , , , , , ,Mareeon,el-Laham
"Francine ""Doc"" Smith Memorial Scholarship 2022",Complete; Complete; Complete; Complete,Denied, , , , , , , , , , , , , , , , , , , , , , , , , , , , , , , ,Obdulia,Jacobs
"Francine ""Doc"" Smith Memorial Scholarship 2022",Submitted; Complete; Complete,Denied, , , , , , , , , , , , , , , , , , , , , , , , , , , , , , , ,Saphire,Trebus
"Francine ""Doc"" Smith Memorial Scholarship 2022",Complete; Complete; Complete,Denied, , , , , , , , , , , , , , , , , , , , , , , , , , , , , , , ,Picabo,Olave
"Francine ""Doc"" Smith Memorial Scholarship 2022",Submitted; Complete; Complete,Denied, , , , , , , , , , , , , , , , , , , , , , , , , , , , , , , ,Qaasim,Bron
"Francine ""Doc"" Smith Memorial Scholarship 2022",Submitted; Complete; Complete,Denied, , , , , , , , , , , , , , , , , , , , , , , , , , , , , , , ,Roderick,Bajwa
"Francine ""Doc"" Smith Memorial Scholarship 2022",Submitted; Complete; Complete,Denied, , , , , , , , , , , , , , , , , , , , , , , , , , , , , , , ,Clayton,el-Hashmi
"Francine ""Doc"" Smith Memorial Scholarship 2022",Submitted; Complete; Complete,Denied, , , , , , , , , , , , , , , , , , , , , , , , , , , , , , , ,Munisa,Dych
"Francine ""Doc"" Smith Memorial Scholarship 2022",Submitted; Complete; Complete,Denied, , , , , , , , , , , , , , , , , , , , , , , , , , , , , , , ,Monique,al-Amer
"Francine ""Doc"" Smith Memorial Scholarship 2022",Submitted; Complete; Complete; Complete; Complete; Complete; Complete; Complete,Denied, , , , , , , , , , , , , , , , , , , , , , , , , , , , , , , ,Ciera,Jarrett
"Francine ""Doc"" Smith Memorial Scholarship 2022",Submitted; Complete; Complete; Complete; Complete; Complete; Complete; Complete; Complete; Complete; Complete,Denied, , , , , , , , , , , , , , , , , , , , , , , , , , , ,Worcester Polytechnic Institute, , , ,Mubeena,Magwood
"Francine ""Doc"" Smith Memorial Scholarship 2022",Submitted; Complete; Complete,Denied, , , , , , , , , , , , , , , , , , , , , , , , , , , , , , , ,Dhaafir,Cather
"Francine ""Doc"" Smith Memorial Scholarship 2022",Submitted; Complete; Complete,Denied, , , , , , , , , , , , , , , , , , , , , , , , , , , , , , , ,Sapphire,Esparza Medina
"Francine ""Doc"" Smith Memorial Scholarship 2022",Submitted; Complete; Complete,Denied, , , , , , , , , , , , , , , , , , , , , , , , , , , , , , , ,Mutadi,Jibowu
"Francine ""Doc"" Smith Memorial Scholarship 2022",Complete; Complete; Complete; Complete; Complete,Denied, , , , , , , , , , , , , , , , , , , , , , , , , , , , , , , ,Mubeena,Seiler
"Francine ""Doc"" Smith Memorial Scholarship 2022",Submitted; Complete; Complete; Complete; Complete; Complete; Complete; Complete; Complete,Denied, , , , , , , , , , , , , , , , , , , , , , , , , , , , , , , ,Sultana,Caudillo
"Francine ""Doc"" Smith Memorial Scholarship 2022",Submitted; Complete; Complete,Denied, , , , , , , , , , , , , , , , , , , , , , , , , , , , , , , ,Samira,Berrier
"Francine ""Doc"" Smith Memorial Scholarship 2022",Submitted; Complete; Complete; Complete,Denied, , , , , , , , , , , , , , , , , , , , , , , , , , , , , , , ,Randy,el-Khalil
"Francine ""Doc"" Smith Memorial Scholarship 2022",Submitted; Submitted; Complete,Denied, , , , , , , , , , , , , , , , , , , , , , , , , , , , , , , ,Vanya,Carrasco Faudoa
"Francine ""Doc"" Smith Memorial Scholarship 2022",Submitted; Complete; Complete; Complete; Complete; Complete; Complete,Denied, , , , , , , , , , , , , , , , , , , , , , , , , , , , , , , ,Emonie,Schetgen
"Francine ""Doc"" Smith Memorial Scholarship 2022",Submitted; Complete; Complete,Denied, , , , , , , , , , , , , , , , , , , , , , , , , , , , , , , ,Jonet,el-Rahmani
"Francine ""Doc"" Smith Memorial Scholarship 2022",Complete; Complete; Complete,Denied, , , , , , , , , , , , , , , , , , , , , , , , , , , , , , , ,Shawnia,Cervantes
"Francine ""Doc"" Smith Memorial Scholarship 2022",Submitted; Complete; Complete; Complete,Denied, , , , , , , , , , , , , , , , , , , , , , , , , , , , , , , ,Najeem,Gregory
"Francine ""Doc"" Smith Memorial Scholarship 2022",Submitted; Complete; Complete,Denied, , , , , , , , , , , , , , , , , , , , , , , , , , , , , , , ,Azmi,Daly
"Francine ""Doc"" Smith Memorial Scholarship 2022",Complete; Complete; Complete,Denied, , , , , , , , , , , , , , , , , , , , , , , , , , , , , , , ,Corissa,Mckoy
"Francine ""Doc"" Smith Memorial Scholarship 2022",Submitted; Complete; Complete,Denied, , , , , , , , , , , , , , , , , , , , , , , , , , , , , , , ,Idrees,el-Jalil
Fred and Leona Eppinger Scholarship 2022,Submitted; Complete; Complete; Complete; Complete; Complete; Complete,Denied, , , , , , , , , , , , , , , , , , , , , , , , , , , , , , , ,Qaasim,Mendiola
Fred and Leona Eppinger Scholarship 2022,Submitted; Complete; Complete; Complete; Complete; Complete; Complete,Denied, , , , , , , , , , , , , , , , , , , , , , , , , , , , , , , ,Emmanuel,Ginsberg
Fred and Leona Eppinger Scholarship 2022,Complete; Complete; Complete; Complete; Complete; Complete,Denied, , , , , , , , , , , , , , , , , , , , , , , , , , , , , , , ,Camrey,Niblet
Fred and Leona Eppinger Scholarship 2022,Submitted; Complete; Complete,Denied, , , , , , , , , , , , , , , , , , , , , , , , , , , , , , , ,Adrena,Varela-Hernandez
Fred and Leona Eppinger Scholarship 2022,Submitted; Complete; Complete,Denied, , , , , , , , , , , , , , , , , , , , , , , , , , , , , , , ,Atit,Roda
Friends of Rutland Heights Hospital Scholarship 2022,Submitted; Complete; Complete; Complete,Denied, , , , , , , , , , , , , , , , , , , , , , , , , , , , , , , ,Teresa,al-Hariri
Friends of Rutland Heights Hospital Scholarship 2022,Complete; Complete; Complete; Complete; Complete; Complete; Complete,Denied, , , , , , , , , , , , , , , , , , , , , , , , , , , ,Boston University, , , ,Essence,Farris
Friends of Rutland Heights Hospital Scholarship 2022,Submitted; Complete; Complete; Complete,Denied, , , , , , , , , , , , , , , , , , , , , , , , , , , , , , , ,Desare,Mungia
Friends of Rutland Heights Hospital Scholarship 2022,Submitted; Complete; Complete; Complete,Denied, , , , , , , , , , , , , , , , , , , , , , , , , , , , , , , ,Alton,Barnabas
Friends of Rutland Heights Hospital Scholarship 2022,Submitted; Complete; Complete,Denied, , , , , , , , , , , , , , , , , , , , , , , , , , , , , , , ,Brenna,Briggs
Friends of Rutland Heights Hospital Scholarship 2022,Submitted; Complete; Complete,Denied, , , , , , , , , , , , , , , , , , , , , , , , , , , , , , , ,Gi Hun,Botello
Friends of Rutland Heights Hospital Scholarship 2022,Submitted; Complete; Complete,Denied, , , , , , , , , , , , , , , , , , , , , , , , , , , , , , , ,Sahel,Yao
Friends of Rutland Heights Hospital Scholarship 2022,Submitted; Complete; Complete,Denied, , , , , , , , , , , , , , , , , , , , , , , , , , , , , , , ,Rawda,el-Latif
Friends of Rutland Heights Hospital Scholarship 2022,Submitted; Complete; Complete; Complete; Complete; Complete,Denied, , , , , , , , , , , , , , , , , , , , , , , , , , , , , , , ,Hakeema,Redd
Friends of Rutland Heights Hospital Scholarship 2022,Complete; Complete; Complete,Denied, , , , , , , , , , , , , , , , , , , , , , , , , , , , , , , ,Alexa,Burge
Friends of Rutland Heights Hospital Scholarship 2022,Complete; Complete; Complete,Denied, , , , , , , , , , , , , , , , , , , , , , , , , , , , , , , ,Munisa,Arrick
Friends of Rutland Heights Hospital Scholarship 2022,Submitted; Complete; Complete,Denied, , , , , , , , , , , , , , , , , , , , , , , , , , , , , , , ,Brice,el-Javed
Friends of Rutland Heights Hospital Scholarship 2022,Submitted; Complete; Complete,Denied, , , , , , , , , , , , , , , , , , , , , , , , , , , , , , , ,Michel,Coyhis
Friends of Rutland Heights Hospital Scholarship 2022,Submitted; Complete; Complete,Denied, , , , , , , , , , , , , , , , , , , , , , , , , , , , , , , ,Uthmaa N,Roberson
Friends of Rutland Heights Hospital Scholarship 2022,Submitted; Complete; Complete,Denied, , , , , , , , , , , , , , , , , , , , , , , , , , , , , , , ,Shawnia,Briceno
Friends of Rutland Heights Hospital Scholarship 2022,Submitted; Complete; Complete,Denied, , , , , , , , , , , , , , , , , , , , , , , , , , , , , , , ,Ramza,al-Azzi
Friends of Rutland Heights Hospital Scholarship 2022,Submitted; Complete; Complete,Denied, , , , , , , , , , , , , , , , , , , , , , , , , , , , , , , ,Naaji,Beram
Friends of Rutland Heights Hospital Scholarship 2022,Submitted; Complete; Complete; Complete,Denied, , , , , , , , , , , , , , , , , , , , , , , , , , , , , , , ,Vandross,el-Hares
Friends of Rutland Heights Hospital Scholarship 2022,Complete; Complete; Complete; Complete; Complete; Complete; Complete; Complete; Complete; Complete,Denied, , , , , , , , , , , , , , , , , , , , , , , , , , , , , , , ,Marisah,Starbird
Friends of Rutland Heights Hospital Scholarship 2022,Submitted; Complete; Complete,Denied, , , , , , , , , , , , , , , , , , , , , , , , , , , , , , , ,Qaasim,Boddiger
Friends of Rutland Heights Hospital Scholarship 2022,Submitted; Complete; Complete,Denied, , , , , , , , , , , , , , , , , , , , , , , , , , , , , , , ,Daizha,Burleson
Friends of Rutland Heights Hospital Scholarship 2022,Submitted; Complete; Complete,Denied, , , , , , , , , , , , , , , , , , , , , , , , , , , , , , , ,Xai,Reda-Arefaine
Friends of Rutland Heights Hospital Scholarship 2022,Submitted; Complete; Complete; Complete,Denied, , , , , , , , , , , , , , , , , , , , , , , , , , , , , , , ,Schyeler,el-Ghanem
Friends of Rutland Heights Hospital Scholarship 2022,Submitted; Complete; Complete,Denied, , , , , , , , , , , , , , , , , , , , , , , , , , , , , , , ,Sushmita,Tennell
Friends of Rutland Heights Hospital Scholarship 2022,Submitted; Complete; Complete,Denied, , , , , , , , , , , , , , , , , , , , , , , , , , , , , , , ,Samira,Graves
Friends of Rutland Heights Hospital Scholarship 2022,Submitted; Complete; Complete; Complete; Complete; Complete; Complete; Complete; Complete; Complete,Denied, , , , , , , , , , , , , , , , , , , , , , , , , , , , , , , ,Daylamae,Whitley
Friends of Rutland Heights Hospital Scholarship 2022,Submitted; Complete; Complete,Denied, , , , , , , , , , , , , , , , , , , , , , , , , , , , , , , ,Davis,Halaseh
Friends of Rutland Heights Hospital Scholarship 2022,Submitted; Complete; Complete,Denied, , , , , , , , , , , , , , , , , , , , , , , , , , , , , , , ,Arafaat,Penny
Friends of Rutland Heights Hospital Scholarship 2022,Submitted; Complete; Complete,Denied, , , , , , , , , , , , , , , , , , , , , , , , , , , , , , , ,Salwa,Carmichael
Friends of Rutland Heights Hospital Scholarship 2022,Submitted; Complete; Complete; Complete,Denied, , , , , , , , , , , , , , , , , , , , , , , , , , , , , , , ,Melyzjah,Fresques
Friends of Rutland Heights Hospital Scholarship 2022,Submitted; Complete; Complete,Denied, , , , , , , , , , , , , , , , , , , , , , , , , , , , , , , ,Heroki,Baird
Friends of Rutland Heights Hospital Scholarship 2022,Complete; Complete; Complete; Complete; Complete; Complete; Complete; Complete; Complete; Complete; Complete; Complete; Complete; Complete; Complete; Complete,Denied, , , , , , , , , , , , , , , , , , , , , , , , , , , ,Worcester State University, , , ,Sahel,Bugarin Jr
Friends of Rutland Heights Hospital Scholarship 2022,Submitted; Complete; Complete; Complete,Denied, , , , , , , , , , , , , , , , , , , , , , , , , , , , , , , ,Kelsey,Trinh
Friends of Rutland Heights Hospital Scholarship 2022,Submitted; Complete; Complete; Complete; Complete; Complete; Complete; Complete; Complete,Denied, , , , , , , , , , , , , , , , , , , , , , , , , , , ,Brandeis University, , , ,Picabo,Penny
Friends of Rutland Heights Hospital Scholarship 2022,Submitted; Complete; Complete,Denied, , , , , , , , , , , , , , , , , , , , , , , , , , , , , , , ,Khaiir,Jarrell
Friends of Rutland Heights Hospital Scholarship 2022,Submitted; Complete; Complete,Denied, , , , , , , , , , , , , , , , , , , , , , , , , , , , , , , ,Norma,Lau
Friends of Rutland Heights Hospital Scholarship 2022,Submitted; Complete; Complete,Denied, , , , , , , , , , , , , , , , , , , , , , , , , , , , , , , ,Salena,Tisthammer
Friends of Rutland Heights Hospital Scholarship 2022,Submitted; Complete; Complete,Denied, , , , , , , , , , , , , , , , , , , , , , , , , , , , , , , ,Adiam,Babcock
Friends of Rutland Heights Hospital Scholarship 2022,Submitted; Complete; Complete,Denied, , , , , , , , , , , , , , , , , , , , , , , , , , , , , , , ,Azhaar,Dewberry
Friends of Rutland Heights Hospital Scholarship 2022,Submitted; Complete; Complete,Denied, , , , , , , , , , , , , , , , , , , , , , , , , , , , , , , ,Logan,Holst
Friends of Rutland Heights Hospital Scholarship 2022,Submitted; Complete; Complete; Complete,Denied, , , , , , , , , , , , , , , , , , , , , , , , , , , , , , , ,Xavier,Ewing-Rhodes
Friends of Rutland Heights Hospital Scholarship 2022,Submitted; Complete; Complete,Denied, , , , , , , , , , , , , , , , , , , , , , , , , , , , , , , ,Tu,Meza Barrera
Friends of Rutland Heights Hospital Scholarship 2022,Submitted; Complete; Complete; Complete,Denied, , , , , , , , , , , , , , , , , , , , , , , , , , , , , , , ,Karlos,Espino Aguilar
Friends of Rutland Heights Hospital Scholarship 2022,Complete; Complete; Complete,Denied, , , , , , , , , , , , , , , , , , , , , , , , , , , , , , , ,Kameel,Jahner
Friends of Rutland Heights Hospital Scholarship 2022,Submitted; Complete; Complete; Complete; Complete; Complete; Complete; Complete; Complete,Denied, , , , , , , , , , , , , , , , , , , , , , , , , , , ,University of Massachusetts at Boston, , , ,Elisah,Forney
Friends of Rutland Heights Hospital Scholarship 2022,Submitted; Complete; Complete,Denied, , , , , , , , , , , , , , , , , , , , , , , , , , , , , , , ,Picabo,al-Zaman
Friends of Rutland Heights Hospital Scholarship 2022,Submitted; Complete; Complete,Denied, , , , , , , , , , , , , , , , , , , , , , , , , , , , , , , ,Dale,Amgalanbayar
Friends of Rutland Heights Hospital Scholarship 2022,Submitted; Complete; Complete,Denied, , , , , , , , , , , , , , , , , , , , , , , , , , , , , , , ,Kianna,Fels
Friends of Rutland Heights Hospital Scholarship 2022,Submitted; Complete; Complete,Denied, , , , , , , , , , , , , , , , , , , , , , , , , , , , , , , ,Saamyya,Guthrie
Friends of Rutland Heights Hospital Scholarship 2022,Complete; Complete; Complete,Denied, , , , , , , , , , , , , , , , , , , , , , , , , , , , , , , ,Xai,Balsiger
Friends of Rutland Heights Hospital Scholarship 2022,Complete; Complete; Complete,Denied, , , , , , , , , , , , , , , , , , , , , , , , , , , , , , , ,Hilario,Secrist
Friends of Rutland Heights Hospital Scholarship 2022,Complete; Complete; Complete; Complete; Complete; Complete; Complete; Complete; Complete; Complete,Denied, , , , , , , , , , , , , , , , , , , , , , , , , , , ,Brandeis University, , , ,Aeneva,Murphy
Friends of Rutland Heights Hospital Scholarship 2022,Submitted; Complete; Complete; Complete,Denied, , , , , , , , , , , , , , , , , , , , , , , , , , , , , , , ,Katherin,Bilal
Friends of Rutland Heights Hospital Scholarship 2022,Submitted; Complete; Complete,Denied, , , , , , , , , , , , , , , , , , , , , , , , , , , , , , , ,Shakoora,Saidy
Friends of Rutland Heights Hospital Scholarship 2022,Submitted; Complete; Complete,Denied, , , , , , , , , , , , , , , , , , , , , , , , , , , , , , , ,Taeler,Duran
Friends of Rutland Heights Hospital Scholarship 2022,Submitted; Complete; Complete,Denied, , , , , , , , , , , , , , , , , , , , , , , , , , , , , , , ,"Jam,Aan",Lacuesta
Friends of Rutland Heights Hospital Scholarship 2022,Complete; Complete; Complete,Denied, , , , , , , , , , , , , , , , , , , , , , , , , , , , , , , ,Waleed,Mahamud
Friends of Rutland Heights Hospital Scholarship 2022,Submitted; Complete; Complete,Denied, , , , , , , , , , , , , , , , , , , , , , , , , , , , , , , ,Sarah,el-Fadel
Friends of Rutland Heights Hospital Scholarship 2022,Submitted; Complete; Complete,Denied, , , , , , , , , , , , , , , , , , , , , , , , , , , , , , , ,Russell,Lee
Friends of Rutland Heights Hospital Scholarship 2022,Submitted; Complete; Complete; Complete,Denied, , , , , , , , , , , , , , , , , , , , , , , , , , , , , , , ,Norma,Wade
Friends of Rutland Heights Hospital Scholarship 2022,Submitted; Complete; Complete,Denied, , , , , , , , , , , , , , , , , , , , , , , , , , , , , , , ,Gericko,Gutierrez-Garcia
Friends of Rutland Heights Hospital Scholarship 2022,Submitted; Complete; Complete; Complete,Denied, , , , , , , , , , , , , , , , , , , , , , , , , , , , , , , ,Zvi,Gast
Friends of Rutland Heights Hospital Scholarship 2022,Submitted; Complete; Complete; Complete,Denied, , , , , , , , , , , , , , , , , , , , , , , , , , , , , , , ,Saamyya,Gang
Friends of Rutland Heights Hospital Scholarship 2022,Submitted; Complete; Complete; Complete; Complete; Complete; Complete; Complete; Complete,Denied, , , , , , , , , , , , , , , , , , , , , , , , , , , ,University of Massachusetts at Amherst, , , ,Kiduse,Rivera
Friends of Rutland Heights Hospital Scholarship 2022,Submitted; Complete; Complete,Denied, , , , , , , , , , , , , , , , , , , , , , , , , , , , , , , ,Roger,Tipton
Friends of Rutland Heights Hospital Scholarship 2022,Submitted; Complete; Complete; Complete,Denied, , , , , , , , , , , , , , , , , , , , , , , , , , , , , , , ,Natasha,Worker
Friends of Rutland Heights Hospital Scholarship 2022,Submitted; Complete; Complete; Complete; Complete; Complete; Complete; Complete; Complete; Complete,Denied, , , , , , , , , , , , , , , , , , , , , , , , , , , , , , , ,Haibaa,Grant
Friends of Rutland Heights Hospital Scholarship 2022,Complete; Complete; Complete,Denied, , , , , , , , , , , , , , , , , , , , , , , , , , , , , , , ,Khongmong,Mcneil
Friends of Rutland Heights Hospital Scholarship 2022,Submitted; Complete; Complete; Complete; Complete; Complete; Complete; Complete; Complete,Denied, , , , , , , , , , , , , , , , , , , , , , , , , , , ,Boston University, , , ,Colette,Forkell
Friends of Rutland Heights Hospital Scholarship 2022,Submitted; Complete; Complete; Complete,Denied, , , , , , , , , , , , , , , , , , , , , , , , , , , , , , , ,Azamat,el-Jabbar
Friends of Rutland Heights Hospital Scholarship 2022,Submitted; Complete; Complete; Complete,Denied, , , , , , , , , , , , , , , , , , , , , , , , , , , , , , , ,Shabeeba,al-Obeid
Friends of Rutland Heights Hospital Scholarship 2022,Submitted; Complete; Complete; Complete; Complete; Complete; Complete; Complete; Complete; Complete,Denied, , , , , , , , , , , , , , , , , , , , , , , , , , , ,Endicott College, , , ,Zaamil,Peterman
Friends of Rutland Heights Hospital Scholarship 2022,Submitted; Complete; Complete; Complete,Denied, , , , , , , , , , , , , , , , , , , , , , , , , , , , , , , ,Tamikah,Amgalanbayar
Friends of Rutland Heights Hospital Scholarship 2022,Submitted; Complete; Complete,Denied, , , , , , , , , , , , , , , , , , , , , , , , , , , , , , , ,Souphakone,Woodard
Friends of Rutland Heights Hospital Scholarship 2022,Submitted; Complete; Complete,Denied, , , , , , , , , , , , , , , , , , , , , , , , , , , , , , , ,Adham,al-Raad
Friends of Rutland Heights Hospital Scholarship 2022,Submitted; Complete; Complete; Complete,Denied, , , , , , , , , , , , , , , , , , , , , , , , , , , , , , , ,Russell,Quijano
Friends of Rutland Heights Hospital Scholarship 2022,Submitted; Complete; Complete; Complete,Denied, , , , , , , , , , , , , , , , , , , , , , , , , , , , , , , ,Jessiah,O'Malley
Friends of Rutland Heights Hospital Scholarship 2022,Submitted; Complete; Complete,Denied, , , , , , , , , , , , , , , , , , , , , , , , , , , , , , , ,Clayton,el-Hashmi
Friends of Rutland Heights Hospital Scholarship 2022,Submitted; Complete; Complete,Denied, , , , , , , , , , , , , , , , , , , , , , , , , , , , , , , ,Yadira,al-Jan
Friends of Rutland Heights Hospital Scholarship 2022,Submitted; Complete; Complete; Complete,Denied, , , , , , , , , , , , , , , , , , , , , , , , , , , , , , , ,Sonya,Mason
Friends of Rutland Heights Hospital Scholarship 2022,Submitted; Complete; Complete,Denied, , , , , , , , , , , , , , , , , , , , , , , , , , , , , , , ,Jarvis,Bribiesca
Friends of Rutland Heights Hospital Scholarship 2022,Submitted; Complete; Complete,Denied, , , , , , , , , , , , , , , , , , , , , , , , , , , , , , , ,Russell,Murrish
Friends of Rutland Heights Hospital Scholarship 2022,Complete; Complete; Complete; Complete; Complete; Complete; Complete; Complete; Complete; Complete,Denied, , , , , , , , , , , , , , , , , , , , , , , , , , , ,Harvard University, , , ,Kaitlyn,Arviso-Aguirre
Friends of Rutland Heights Hospital Scholarship 2022,Submitted; Complete; Complete,Denied, , , , , , , , , , , , , , , , , , , , , , , , , , , , , , , ,Jamarian,Ham
Friends of Rutland Heights Hospital Scholarship 2022,Submitted; Complete; Complete; Complete; Complete; Complete; Complete; Complete; Complete; Complete; Complete; Complete; Complete; Complete; Complete,Denied, , , , , , , , , , , , , , , , , , , , , , , , , , , ,Endicott College, , , ,Sushmita,Frost
Friends of Rutland Heights Hospital Scholarship 2022,Submitted; Complete; Complete; Complete,Denied, , , , , , , , , , , , , , , , , , , , , , , , , , , , , , , ,Jessiah,Otgontulga
Friends of Rutland Heights Hospital Scholarship 2022,Submitted; Complete; Complete,Denied, , , , , , , , , , , , , , , , , , , , , , , , , , , , , , , ,Alisha,Dhakal
Friends of Rutland Heights Hospital Scholarship 2022,Complete; Complete; Complete,Denied, , , , , , , , , , , , , , , , , , , , , , , , , , , , , , , ,Rahma,Randel
Friends of Rutland Heights Hospital Scholarship 2022,Submitted; Complete; Complete,Denied, , , , , , , , , , , , , , , , , , , , , , , , , , , , , , , ,Yadira,Laroche
Friends of Rutland Heights Hospital Scholarship 2022,Submitted; Complete; Complete,Denied, , , , , , , , , , , , , , , , , , , , , , , , , , , , , , , ,Tasneem,Farley
Friends of Rutland Heights Hospital Scholarship 2022,Submitted; Complete; Complete,Denied, , , , , , , , , , , , , , , , , , , , , , , , , , , , , , , ,Khaleela,al-Agha
Friends of Rutland Heights Hospital Scholarship 2022,Submitted; Complete; Complete,Denied, , , , , , , , , , , , , , , , , , , , , , , , , , , , , , , ,Yongyee,al-Habib
Friends of Rutland Heights Hospital Scholarship 2022,Submitted; Complete; Complete,Denied, , , , , , , , , , , , , , , , , , , , , , , , , , , , , , , ,Freddy,Aptidon
Friends of Rutland Heights Hospital Scholarship 2022,Complete; Complete; Complete,Denied, , , , , , , , , , , , , , , , , , , , , , , , , , , , , , , ,Xiao Yun,al-Malik
Friends of Rutland Heights Hospital Scholarship 2022,Submitted; Complete; Complete,Denied, , , , , , , , , , , , , , , , , , , , , , , , , , , , , , , ,Saajid,Kerr
Friends of Rutland Heights Hospital Scholarship 2022,Submitted; Complete; Complete,Denied, , , , , , , , , , , , , , , , , , , , , , , , , , , , , , , ,Mishaari,Gustafson
Friends of Rutland Heights Hospital Scholarship 2022,Complete; Complete; Complete,Denied, , , , , , , , , , , , , , , , , , , , , , , , , , , , , , , ,Samira,el-Saeed
Friends of Rutland Heights Hospital Scholarship 2022,Submitted; Complete; Complete,Denied, , , , , , , , , , , , , , , , , , , , , , , , , , , , , , , ,Shaunae,Renkel
Grynsel Educational Scholarship 2022,Submitted; Complete; Complete,Denied, , , , , , , , , , , , , , , , , , , , , , , , , , , , , , , ,Nabeel,el-Gaber
Grynsel Educational Scholarship 2022,Complete; Complete; Complete,Denied, , , , , , , , , , , , , , , , , , , , , , , , , , , , , , , ,Emilio,Yao
Grynsel Educational Scholarship 2022,Submitted; Complete; Complete,Denied, , , , , , , , , , , , , , , , , , , , , , , , , , , , , , , ,Kianna,Victorino
Grynsel Educational Scholarship 2022,Submitted; Complete; Complete,Denied, , , , , , , , , , , , , , , , , , , , , , , , , , , , , , , ,Jeremy,Covington
Grynsel Educational Scholarship 2022,Submitted; Complete; Complete; Complete; Complete; Complete; Complete; Complete; Complete,Denied, , , , , , , , , , , , , , , , , , , , , , , , , , , ,College of the Holy Cross, , , ,Markangelo,el-Fadel
Grynsel Educational Scholarship 2022,Submitted; Complete; Complete,Denied, , , , , , , , , , , , , , , , , , , , , , , , , , , , , , , ,Monique,Dougherty
GWCF General Scholarship 2022,Submitted; Submitted; Complete,Denied, , , , , , , , , , , , , , , , , , , , , , , , , , , , , , , ,Lianne,Jimenez-Sierra
GWCF General Scholarship 2022,Submitted; Complete; Complete,Denied, , , , , , , , , , , , , , , , , , , , , , , , , , , , , , , ,Karissa,Deeming
GWCF General Scholarship 2022,Complete; Complete; Complete; Complete; Complete; Complete; Complete; Complete,Denied, , , , , , , , , , , , , , , , , , , , , , , , , , , , , , , ,Fawz,al-Basha
GWCF General Scholarship 2022,Submitted; Complete; Complete,Denied, , , , , , , , , , , , , , , , , , , , , , , , , , , , , , , ,Abdul Hakeem,Wethington
GWCF General Scholarship 2022,Complete; Complete; Complete; Complete; Complete,Denied, , , , , , , , , , , , , , , , , , , , , , , , , , , , , , , ,Taeler,Van Lue
GWCF General Scholarship 2022,Submitted; Complete; Complete,Denied, , , , , , , , , , , , , , , , , , , , , , , , , , , , , , , ,Garen,Miller
GWCF General Scholarship 2022,Submitted; Complete; Complete,Denied, , , , , , , , , , , , , , , , , , , , , , , , , , , , , , , ,Jason,Parrilla
GWCF General Scholarship 2022,Submitted; Complete; Complete,Denied, , , , , , , , , , , , , , , , , , , , , , , , , , , , , , , ,Sahel,Yao
GWCF General Scholarship 2022,Submitted; Complete; Complete,Denied, , , , , , , , , , , , , , , , , , , , , , , , , , , , , , , ,Abiy,al-Sadiq
GWCF General Scholarship 2022,Submitted; Complete; Complete,Denied, , , , , , , , , , , , , , , , , , , , , , , , , , , , , , , ,Arnold,Verde
GWCF General Scholarship 2022,Submitted; Complete; Complete,Denied, , , , , , , , , , , , , , , , , , , , , , , , , , , , , , , ,Abdul Majeed,Del Rio
GWCF General Scholarship 2022,Submitted; Complete; Complete; Complete; Complete; Complete; Complete; Complete; Complete,Denied, , , , , , , , , , , , , , , , , , , , , , , , , , , ,Assumption University, , , ,Pornchai,el-Pashia
GWCF General Scholarship 2022,Submitted; Complete; Complete; Complete,Denied, , , , , , , , , , , , , , , , , , , , , , , , , , , , , , , ,Andres,Sajopha
GWCF General Scholarship 2022,Submitted; Complete; Complete,Denied, , , , , , , , , , , , , , , , , , , , , , , , , , , , , , , ,Ationa,Halpine
GWCF General Scholarship 2022,Submitted; Complete; Complete,Denied, , , , , , , , , , , , , , , , , , , , , , , , , , , , , , , ,Desiree,Almdale
GWCF General Scholarship 2022,Submitted; Complete; Complete,Denied, , , , , , , , , , , , , , , , , , , , , , , , , , , , , , , ,Idrianna,Srinivasan
GWCF General Scholarship 2022,Complete; Complete; Complete,Denied, , , , , , , , , , , , , , , , , , , , , , , , , , , , , , , ,Faatin,Quimby
GWCF General Scholarship 2022,Submitted; Complete; Complete,Denied, , , , , , , , , , , , , , , , , , , , , , , , , , , , , , , ,Yadira,Lohr
GWCF General Scholarship 2022,Submitted; Complete; Complete,Denied, , , , , , , , , , , , , , , , , , , , , , , , , , , , , , , ,Isaiah,O'Neal
GWCF General Scholarship 2022,Submitted; Complete; Complete; Complete,Denied, , , , , , , , , , , , , , , , , , , , , , , , , , , , , , , ,Mytruc,Hsu
GWCF General Scholarship 2022,Submitted; Complete; Complete,Denied, , , , , , , , , , , , , , , , , , , , , , , , , , , , , , , ,Muhammad,Gaulden-Meyer
GWCF General Scholarship 2022,Submitted; Complete; Complete; Complete; Complete; Complete; Complete; Complete; Complete; Complete,Denied, , , , , , , , , , , , , , , , , , , , , , , , , , , ,Howard University, , , ,Gregg,al-Khalifa
GWCF General Scholarship 2022,Complete; Complete; Complete; Complete,Denied, , , , , , , , , , , , , , , , , , , , , , , , , , , , , , , ,Khaalida,al-Amir
GWCF General Scholarship 2022,Submitted; Complete; Complete,Denied, , , , , , , , , , , , , , , , , , , , , , , , , , , , , , , ,Sankeerth,Majalca
GWCF General Scholarship 2022,Submitted; Complete; Complete,Denied, , , , , , , , , , , , , , , , , , , , , , , , , , , , , , , ,Sajiyya,Lum
GWCF General Scholarship 2022,Submitted; Complete; Complete; Complete; Complete; Complete; Complete; Complete; Complete,Denied, , , , , , , , , , , , , , , , , , , , , , , , , , , ,Salem State University, , , ,Lavies,Um
GWCF General Scholarship 2022,Submitted; Complete; Complete,Denied, , , , , , , , , , , , , , , , , , , , , , , , , , , , , , , ,Bonnie,al-Hashem
GWCF General Scholarship 2022,Submitted; Complete; Complete; Complete,Denied, , , , , , , , , , , , , , , , , , , , , , , , , , , , , , , ,Vandross,el-Hares
GWCF General Scholarship 2022,Submitted; Complete; Complete,Denied, , , , , , , , , , , , , , , , , , , , , , , , , , , , , , , ,Dustin,Jarvis
GWCF General Scholarship 2022,Complete; Complete; Complete; Complete,Denied, , , , , , , , , , , , , , , , , , , , , , , , , , , , , , , ,Mahbooba,Hankins
GWCF General Scholarship 2022,Submitted; Complete; Complete,Denied, , , , , , , , , , , , , , , , , , , , , , , , , , , , , , , ,Adriea,Halliburton
GWCF General Scholarship 2022,Submitted; Complete; Complete,Denied, , , , , , , , , , , , , , , , , , , , , , , , , , , , , , , ,Pierre,Braun
GWCF General Scholarship 2022,Submitted; Complete; Complete; Complete,Denied, , , , , , , , , , , , , , , , , , , , , , , , , , , , , , , ,Qaasim,Mendiola
GWCF General Scholarship 2022,Complete; Complete; Complete,Denied, , , , , , , , , , , , , , , , , , , , , , , , , , , , , , , ,Azamat,Ablan
GWCF General Scholarship 2022,Complete; Complete; Complete,Denied, , , , , , , , , , , , , , , , , , , , , , , , , , , , , , , ,Marisah,Starbird
GWCF General Scholarship 2022,Submitted; Complete; Complete,Denied, , , , , , , , , , , , , , , , , , , , , , , , , , , , , , , ,Habeeba,Strobel
GWCF General Scholarship 2022,Submitted; Complete; Complete,Denied, , , , , , , , , , , , , , , , , , , , , , , , , , , , , , , ,Maleeka,Chhoeun
GWCF General Scholarship 2022,Complete; Complete; Complete,Denied, , , , , , , , , , , , , , , , , , , , , , , , , , , , , , , ,Kristian,Ball
GWCF General Scholarship 2022,Submitted; Complete; Complete,Denied, , , , , , , , , , , , , , , , , , , , , , , , , , , , , , , ,Imtinaan,Sukkum
GWCF General Scholarship 2022,Submitted; Complete; Complete; Complete; Complete; Complete; Complete; Complete; Complete,Denied, , , , , , , , , , , , , , , , , , , , , , , , , , , ,Pacific University, , , ,Shayla,Ishii
GWCF General Scholarship 2022,Submitted; Complete; Complete; Complete,Denied, , , , , , , , , , , , , , , , , , , , , , , , , , , , , , , ,Schyeler,el-Ghanem
GWCF General Scholarship 2022,Submitted; Complete; Complete; Complete; Complete; Complete; Complete; Complete; Complete,Denied, , , , , , , , , , , , , , , , , , , , , , , , , , , ,MCPHS University, , , ,Dahab,Heaton
GWCF General Scholarship 2022,Submitted; Complete; Complete; Complete,Denied, , , , , , , , , , , , , , , , , , , , , , , , , , , , , , , ,Se Ra,el-Hosseini
GWCF General Scholarship 2022,Submitted; Complete; Complete,Denied, , , , , , , , , , , , , , , , , , , , , , , , , , , , , , , ,Shawnia,Saeed
GWCF General Scholarship 2022,Submitted; Complete; Complete; Complete,Denied, , , , , , , , , , , , , , , , , , , , , , , , , , , , , , , ,Anjel,el-Sesay
GWCF General Scholarship 2022,Submitted; Complete; Complete,Denied, , , , , , , , , , , , , , , , , , , , , , , , , , , , , , , ,Heroki,Yoshimura
GWCF General Scholarship 2022,Submitted; Complete; Complete; Complete; Complete; Complete; Complete; Complete,Denied, , , , , , , , , , , , , , , , , , , , , , , , , , , ,University of Massachusetts at Amherst, , , ,Saajida,Costello
GWCF General Scholarship 2022,Submitted; Complete; Complete; Complete; Complete; Complete; Complete; Complete; Complete,Denied, , , , , , , , , , , , , , , , , , , , , , , , , , , ,College of the Holy Cross, , , ,Lydia,Bonstead
GWCF General Scholarship 2022,Submitted; Complete; Complete,Denied, , , , , , , , , , , , , , , , , , , , , , , , , , , , , , , ,Davis,Atkins
GWCF General Scholarship 2022,Submitted; Complete; Complete,Denied, , , , , , , , , , , , , , , , , , , , , , , , , , , , , , , ,Weston,Valles
GWCF General Scholarship 2022,Submitted; Complete; Complete; Complete,Denied, , , , , , , , , , , , , , , , , , , , , , , , , , , , , , , ,Qaasim,Van Lue
GWCF General Scholarship 2022,Submitted; Complete; Complete; Complete,Denied, , , , , , , , , , , , , , , , , , , , , , , , , , , , , , , ,Melyzjah,Fresques
GWCF General Scholarship 2022,Submitted; Complete; Complete; Complete,Denied, , , , , , , , , , , , , , , , , , , , , , , , , , , , , , , ,Kelsey,Trinh
GWCF General Scholarship 2022,Submitted; Complete; Complete,Denied, , , , , , , , , , , , , , , , , , , , , , , , , , , , , , , ,Trina,Otgontulga
GWCF General Scholarship 2022,Submitted; Complete; Complete,Denied, , , , , , , , , , , , , , , , , , , , , , , , , , , , , , , ,Khawla,Payton
GWCF General Scholarship 2022,Complete; Complete; Complete; Complete,Denied, , , , , , , , , , , , , , , , , , , , , , , , , , , , , , , ,Sitaara,Amgalanbayar
GWCF General Scholarship 2022,Complete; Complete; Complete,Denied, , , , , , , , , , , , , , , , , , , , , , , , , , , , , , , ,Trizton,Oakley
GWCF General Scholarship 2022,Complete; Complete; Complete,Denied, , , , , , , , , , , , , , , , , , , , , , , , , , , , , , , ,Xai,Lamar
GWCF General Scholarship 2022,Submitted; Complete; Complete,Denied, , , , , , , , , , , , , , , , , , , , , , , , , , , , , , , ,Colette,Hazel
GWCF General Scholarship 2022,Submitted; Complete; Complete,Denied, , , , , , , , , , , , , , , , , , , , , , , , , , , , , , , ,Mutadi,Oliva
GWCF General Scholarship 2022,Submitted; Complete; Complete; Complete,Denied, , , , , , , , , , , , , , , , , , , , , , , , , , , , , , , ,Tione,Huh
GWCF General Scholarship 2022,Submitted; Complete; Complete,Denied, , , , , , , , , , , , , , , , , , , , , , , , , , , , , , , ,Denice,al-Hamad
GWCF General Scholarship 2022,Submitted; Complete; Complete; Complete,Denied, , , , , , , , , , , , , , , , , , , , , , , , , , , , , , , ,Shawnia,Eriacho
GWCF General Scholarship 2022,Submitted; Complete; Complete,Denied, , , , , , , , , , , , , , , , , , , , , , , , , , , , , , , ,Yadira,el-Tamer
GWCF General Scholarship 2022,Submitted; Complete; Complete,Denied, , , , , , , , , , , , , , , , , , , , , , , , , , , , , , , ,Fawz,al-Hoque
GWCF General Scholarship 2022,Complete; Complete; Complete,Denied, , , , , , , , , , , , , , , , , , , , , , , , , , , , , , , ,Kameel,Jahner
GWCF General Scholarship 2022,Complete; Complete; Complete,Denied, , , , , , , , , , , , , , , , , , , , , , , , , , , , , , , ,Kianna,Arens
GWCF General Scholarship 2022,Submitted; Complete; Complete,Denied, , , , , , , , , , , , , , , , , , , , , , , , , , , , , , , ,Elisah,Clyde
GWCF General Scholarship 2022,Submitted; Complete; Complete,Denied, , , , , , , , , , , , , , , , , , , , , , , , , , , , , , , ,Xai,Jones-Robnett
GWCF General Scholarship 2022,Submitted; Complete; Complete,Denied, , , , , , , , , , , , , , , , , , , , , , , , , , , , , , , ,Saood,al-Eid
GWCF General Scholarship 2022,Submitted; Complete; Complete; Complete,Denied, , , , , , , , , , , , , , , , , , , , , , , , , , , , , , , ,Ricky,Reeder
GWCF General Scholarship 2022,Submitted; Complete; Complete; Complete,Denied, , , , , , , , , , , , , , , , , , , , , , , , , , , , , , , ,Nabeel,Dye
GWCF General Scholarship 2022,Complete; Complete; Complete; Complete; Complete; Complete; Complete; Complete; Complete; Complete,Denied, , , , , , , , , , , , , , , , , , , , , , , , , , , ,Brandeis University, , , ,Aeneva,Murphy
GWCF General Scholarship 2022,Complete; Complete; Complete,Denied, , , , , , , , , , , , , , , , , , , , , , , , , , , , , , , ,Yadira,Mathewes
GWCF General Scholarship 2022,Submitted; Complete; Complete; Complete; Complete; Complete; Complete; Complete; Complete,Denied, , , , , , , , , , , , , , , , , , , , , , , , , , , ,Harvard University, , , ,Rachael,Joiner
GWCF General Scholarship 2022,Submitted; Complete; Complete; Complete,Denied, , , , , , , , , , , , , , , , , , , , , , , , , , , , , , , ,Marqus,Daly
GWCF General Scholarship 2022,Submitted; Complete; Complete; Complete; Complete; Complete; Complete; Complete; Complete,Denied, , , , , , , , , , , , , , , , , , , , , , , , , , , ,University of Massachusetts at Amherst, , , ,Ethan,Gallemore
GWCF General Scholarship 2022,Submitted; Complete; Complete; Complete,Denied, , , , , , , , , , , , , , , , , , , , , , , , , , , , , , , ,Jorden,Wendelin
GWCF General Scholarship 2022,Submitted; Complete; Complete,Denied, , , , , , , , , , , , , , , , , , , , , , , , , , , , , , , ,Shakoora,Saidy
GWCF General Scholarship 2022,Submitted; Complete; Complete,Denied, , , , , , , , , , , , , , , , , , , , , , , , , , , , , , , ,Rani,Mose
GWCF General Scholarship 2022,Submitted; Complete; Complete; Complete,Denied, , , , , , , , , , , , , , , , , , , , , , , , , , , , , , , ,Kristie,Gregg
GWCF General Scholarship 2022,Submitted; Complete; Complete,Denied, , , , , , , , , , , , , , , , , , , , , , , , , , , , , , , ,Monique,Case
GWCF General Scholarship 2022,Submitted; Complete; Complete,Denied, , , , , , , , , , , , , , , , , , , , , , , , , , , , , , , ,Molly,Jasper
GWCF General Scholarship 2022,Submitted; Complete; Complete,Denied, , , , , , , , , , , , , , , , , , , , , , , , , , , , , , , ,Jennis,Jasper
GWCF General Scholarship 2022,Submitted; Submitted; Complete,Denied, , , , , , , , , , , , , , , , , , , , , , , , , , , , , , , ,Alex,Ferrie
GWCF General Scholarship 2022,Submitted; Complete; Complete,Denied, , , , , , , , , , , , , , , , , , , , , , , , , , , , , , , ,Reyna,Asuega
GWCF General Scholarship 2022,Submitted; Complete; Complete; Complete,Denied, , , , , , , , , , , , , , , , , , , , , , , , , , , , , , , ,Aasim,Nash
GWCF General Scholarship 2022,Submitted; Complete; Complete,Denied, , , , , , , , , , , , , , , , , , , , , , , , , , , , , , , ,Beau,Fuino
GWCF General Scholarship 2022,Complete; Complete; Complete,Denied, , , , , , , , , , , , , , , , , , , , , , , , , , , , , , , ,Karlos,Brody
GWCF General Scholarship 2022,Submitted; Complete; Complete,Denied, , , , , , , , , , , , , , , , , , , , , , , , , , , , , , , ,Fuaad,Hoshmand
GWCF General Scholarship 2022,Submitted; Complete; Complete,Denied, , , , , , , , , , , , , , , , , , , , , , , , , , , , , , , ,Howard,Amgalanbayar
GWCF General Scholarship 2022,Submitted; Complete; Complete,Denied, , , , , , , , , , , , , , , , , , , , , , , , , , , , , , , ,Greggory,Martzloff
GWCF General Scholarship 2022,Submitted; Complete; Complete; Complete; Complete; Complete; Complete; Complete; Complete,Denied, , , , , , , , , , , , , , , , , , , , , , , , , , , ,University of Massachusetts at Amherst, , , ,Rasheeq,Lalonde
GWCF General Scholarship 2022,Submitted; Complete; Complete,Denied, , , , , , , , , , , , , , , , , , , , , , , , , , , , , , , ,Maimoona,Fuqua
GWCF General Scholarship 2022,Submitted; Complete; Complete,Denied, , , , , , , , , , , , , , , , , , , , , , , , , , , , , , , ,Darel,al-Hariri
GWCF General Scholarship 2022,Submitted; Complete; Complete,Denied, , , , , , , , , , , , , , , , , , , , , , , , , , , , , , , ,Junaid,Woo
GWCF General Scholarship 2022,Submitted; Complete; Complete; Complete; Complete; Complete; Complete; Complete; Complete,Denied, , , , , , , , , , , , , , , , , , , , , , , , , , , ,University of New Haven, , , ,Russell,Pettit
GWCF General Scholarship 2022,Submitted; Complete; Complete,Denied, , , , , , , , , , , , , , , , , , , , , , , , , , , , , , , ,Tione,Simmons
GWCF General Scholarship 2022,Submitted; Complete; Complete; Complete; Complete; Complete; Complete; Complete; Complete,Denied, , , , , , , , , , , , , , , , , , , , , , , , , , , ,University of Rhode Island, , , ,Meghin,al-Mahfouz
GWCF General Scholarship 2022,Submitted; Complete; Complete; Complete,Denied, , , , , , , , , , , , , , , , , , , , , , , , , , , , , , , ,Lance,Chay
GWCF General Scholarship 2022,Submitted; Complete; Complete,Denied, , , , , , , , , , , , , , , , , , , , , , , , , , , , , , , ,Haaniya,Viswaroopan
GWCF General Scholarship 2022,Submitted; Complete; Complete,Denied, , , , , , , , , , , , , , , , , , , , , , , , , , , , , , , ,Yaasmeena,al-Abbas
GWCF General Scholarship 2022,Submitted; Complete; Complete,Denied, , , , , , , , , , , , , , , , , , , , , , , , , , , , , , , ,Vishnu,Dishmon
GWCF General Scholarship 2022,Submitted; Complete; Complete,Denied, , , , , , , , , , , , , , , , , , , , , , , , , , , , , , , ,Nuha,Crummett
GWCF General Scholarship 2022,Submitted; Complete; Complete; Complete; Complete; Complete; Complete; Complete; Complete,Denied, , , , , , , , , , , , , , , , , , , , , , , , , , , ,Boston University, , , ,Mutammam,al-Ammar
GWCF General Scholarship 2022,Submitted; Complete; Complete; Complete,Denied, , , , , , , , , , , , , , , , , , , , , , , , , , , , , , , ,Natasha,Worker
GWCF General Scholarship 2022,Submitted; Complete; Complete,Denied, , , , , , , , , , , , , , , , , , , , , , , , , , , , , , , ,Haibaa,Grant
GWCF General Scholarship 2022,Submitted; Complete; Complete; Complete; Complete; Complete; Complete; Complete; Complete,Denied, , , , , , , , , , , , , , , , , , , , , , , , , , , ,Suffolk University, , , ,Nabeel,Tagawa
GWCF General Scholarship 2022,Submitted; Complete; Complete,Denied, , , , , , , , , , , , , , , , , , , , , , , , , , , , , , , ,Sam,Dorrance
GWCF General Scholarship 2022,Submitted; Complete; Complete,Denied, , , , , , , , , , , , , , , , , , , , , , , , , , , , , , , ,Trina,el-Nagi
GWCF General Scholarship 2022,Submitted; Complete; Complete; Complete; Complete; Complete; Complete; Complete; Complete,Denied, , , , , , , , , , , , , , , , , , , , , , , , , , , ,Boston University, , , ,Shania,Bryant-Townsell
GWCF General Scholarship 2022,Submitted; Complete; Complete,Denied, , , , , , , , , , , , , , , , , , , , , , , , , , , , , , , ,Zaamil,Oliva
GWCF General Scholarship 2022,Submitted; Complete; Complete; Complete; Complete; Complete; Complete; Complete; Complete,Denied, , , , , , , , , , , , , , , , , , , , , , , , , , , ,Boston University, , , ,Colette,Forkell
GWCF General Scholarship 2022,Submitted; Complete; Complete; Complete,Denied, , , , , , , , , , , , , , , , , , , , , , , , , , , , , , , ,Azamat,el-Jabbar
GWCF General Scholarship 2022,Submitted; Complete; Complete; Complete,Denied, , , , , , , , , , , , , , , , , , , , , , , , , , , , , , , ,Tamikah,Amgalanbayar
GWCF General Scholarship 2022,Submitted; Complete; Complete,Denied, , , , , , , , , , , , , , , , , , , , , , , , , , , , , , , ,Beatrice,al-Mahdavi
GWCF General Scholarship 2022,Submitted; Complete; Complete,Denied, , , , , , , , , , , , , , , , , , , , , , , , , , , , , , , ,Souphakone,Woodard
GWCF General Scholarship 2022,Submitted; Complete; Complete,Denied, , , , , , , , , , , , , , , , , , , , , , , , , , , , , , , ,Treamon,Pammant
GWCF General Scholarship 2022,Submitted; Complete; Complete,Denied, , , , , , , , , , , , , , , , , , , , , , , , , , , , , , , ,Saphire,Trebus
GWCF General Scholarship 2022,Complete; Complete; Complete,Denied, , , , , , , , , , , , , , , , , , , , , , , , , , , , , , , ,Picabo,Olave
GWCF General Scholarship 2022,Submitted; Complete; Complete,Denied, , , , , , , , , , , , , , , , , , , , , , , , , , , , , , , ,Xavier,Lagunas
GWCF General Scholarship 2022,Submitted; Complete; Complete,Denied, , , , , , , , , , , , , , , , , , , , , , , , , , , , , , , ,Clayton,el-Hashmi
GWCF General Scholarship 2022,Submitted; Complete; Complete,Denied, , , , , , , , , , , , , , , , , , , , , , , , , , , , , , , ,Debonair,Donels
GWCF General Scholarship 2022,Submitted; Complete; Complete; Complete; Complete; Complete; Complete; Complete; Complete,Denied, , , , , , , , , , , , , , , , , , , , , , , , , , , , , , , ,Macella,el-Kader
GWCF General Scholarship 2022,Submitted; Complete; Complete,Denied, , , , , , , , , , , , , , , , , , , , , , , , , , , , , , , ,Manaahil,Blanton
GWCF General Scholarship 2022,Submitted; Complete; Complete,Denied, , , , , , , , , , , , , , , , , , , , , , , , , , , , , , , ,Shawnia,Rodri
GWCF General Scholarship 2022,Submitted; Complete; Complete,Denied, , , , , , , , , , , , , , , , , , , , , , , , , , , , , , , ,Yadira,al-Jan
GWCF General Scholarship 2022,Submitted; Complete; Complete,Denied, , , , , , , , , , , , , , , , , , , , , , , , , , , , , , , ,Russell,Murrish
GWCF General Scholarship 2022,Submitted; Complete; Complete,Denied, , , , , , , , , , , , , , , , , , , , , , , , , , , , , , , ,Khongmong,Neighbors
GWCF General Scholarship 2022,Complete; Complete; Complete; Complete; Complete; Complete; Complete; Complete; Complete; Complete,Denied, , , , , , , , , , , , , , , , , , , , , , , , , , , ,Harvard University, , , ,Kaitlyn,Arviso-Aguirre
GWCF General Scholarship 2022,Submitted; Complete; Complete; Complete,Denied, , , , , , , , , , , , , , , , , , , , , , , , , , , , , , , ,Mareeon,Graves
GWCF General Scholarship 2022,Submitted; Complete; Complete,Denied, , , , , , , , , , , , , , , , , , , , , , , , , , , , , , , ,Michalyn,Rodriquez
GWCF General Scholarship 2022,Submitted; Complete; Complete; Complete; Complete; Complete; Complete,Denied, , , , , , , , , , , , , , , , , , , , , , , , , , , ,Worcester Polytechnic Institute, , , ,Mubeena,Magwood
GWCF General Scholarship 2022,Submitted; Complete; Complete,Denied, , , , , , , , , , , , , , , , , , , , , , , , , , , , , , , ,Vincente,Chacon Jr
GWCF General Scholarship 2022,Submitted; Complete; Complete,Denied, , , , , , , , , , , , , , , , , , , , , , , , , , , , , , , ,Dhaafir,Cather
GWCF General Scholarship 2022,Submitted; Complete; Complete,Denied, , , , , , , , , , , , , , , , , , , , , , , , , , , , , , , ,Yadira,el-Fadel
GWCF General Scholarship 2022,Submitted; Complete; Complete; Complete,Denied, , , , , , , , , , , , , , , , , , , , , , , , , , , , , , , ,Munisa,Kirbow
GWCF General Scholarship 2022,Submitted; Complete; Complete; Complete,Denied, , , , , , , , , , , , , , , , , , , , , , , , , , , , , , , ,Trent,Busby
GWCF General Scholarship 2022,Submitted; Complete; Complete; Submitted,Denied, , , , , , , , , , , , , , , , , , , , , , , , , , , , , , , ,Mareeon,Dion
GWCF General Scholarship 2022,Submitted; Complete; Complete,Denied, , , , , , , , , , , , , , , , , , , , , , , , , , , , , , , ,Kitana,Deden
GWCF General Scholarship 2022,Submitted; Complete; Complete; Complete; Complete,Denied, , , , , , , , , , , , , , , , , , , , , , , , , , , , , , , ,Sultana,Caudillo
GWCF General Scholarship 2022,Submitted; Complete; Complete; Complete,Denied, , , , , , , , , , , , , , , , , , , , , , , , , , , , , , , ,Carina,Phonthongsy
GWCF General Scholarship 2022,Submitted; Complete; Complete; Complete; Complete,Denied, , , , , , , , , , , , , , , , , , , , , , , , , , , , , , , ,Kailey,Balogh
GWCF General Scholarship 2022,Submitted; Complete; Complete,Denied, , , , , , , , , , , , , , , , , , , , , , , , , , , , , , , ,Jasper,James
GWCF General Scholarship 2022,Submitted; Complete; Complete,Denied, , , , , , , , , , , , , , , , , , , , , , , , , , , , , , , ,Jaime,Baumann
GWCF General Scholarship 2022,Submitted; Complete; Complete,Denied, , , , , , , , , , , , , , , , , , , , , , , , , , , , , , , ,Keanna,Thapa
GWCF General Scholarship 2022,Submitted; Complete; Complete,Denied, , , , , , , , , , , , , , , , , , , , , , , , , , , , , , , ,Yongyee,al-Habib
GWCF General Scholarship 2022,Submitted; Complete; Complete,Denied, , , , , , , , , , , , , , , , , , , , , , , , , , , , , , , ,Freddy,Aptidon
GWCF General Scholarship 2022,Submitted; Complete; Complete; Complete,Denied, , , , , , , , , , , , , , , , , , , , , , , , , , , , , , , ,Randy,el-Khalil
GWCF General Scholarship 2022,Complete; Complete; Complete,Denied, , , , , , , , , , , , , , , , , , , , , , , , , , , , , , , ,Corissa,Dickinson
GWCF General Scholarship 2022,Submitted; Complete; Complete; Complete; Complete; Complete; Complete; Complete; Complete; Complete,Denied, , , , , , , , , , , , , , , , , , , , , , , , , , , ,Howard University, , , ,Funmilayo,Willow
GWCF General Scholarship 2022,Submitted; Complete; Complete; Complete; Complete; Complete; Complete,Denied, , , , , , , , , , , , , , , , , , , , , , , , , , , , , , , ,Emonie,Schetgen
GWCF General Scholarship 2022,Submitted; Complete; Complete,Denied, , , , , , , , , , , , , , , , , , , , , , , , , , , , , , , ,Saajid,Kerr
GWCF General Scholarship 2022,Submitted; Complete; Complete,Denied, , , , , , , , , , , , , , , , , , , , , , , , , , , , , , , ,Shelby,Hume
GWCF General Scholarship 2022,Submitted; Complete; Complete,Denied, , , , , , , , , , , , , , , , , , , , , , , , , , , , , , , ,Shafaaa,el-Salih
GWCF General Scholarship 2022,Submitted; Complete; Complete,Denied, , , , , , , , , , , , , , , , , , , , , , , , , , , , , , , ,Zahra,el-Salame
GWCF General Scholarship 2022,Submitted; Complete; Complete,Denied, , , , , , , , , , , , , , , , , , , , , , , , , , , , , , , ,Demetrius,Grant
GWCF General Scholarship 2022,Submitted; Complete; Complete,Denied, , , , , , , , , , , , , , , , , , , , , , , , , , , , , , , ,Azmi,Daly
GWCF General Scholarship 2022,Submitted; Complete; Complete,Denied, , , , , , , , , , , , , , , , , , , , , , , , , , , , , , , ,Tammassha,Vazquez
GWCF General Scholarship 2022,Submitted; Complete; Complete,Denied, , , , , , , , , , , , , , , , , , , , , , , , , , , , , , , ,Trina,Powell
GWCF General Scholarship 2022,Submitted; Complete; Complete,Denied, , , , , , , , , , , , , , , , , , , , , , , , , , , , , , , ,L'Tazha,Lopez-Carrizales
GWCF General Scholarship 2022,Submitted; Complete; Complete,Denied, , , , , , , , , , , , , , , , , , , , , , , , , , , , , , , ,Areli,al-Farha
GWCF General Scholarship 2022,Complete; Complete; Complete,Denied, , , , , , , , , , , , , , , , , , , , , , , , , , , , , , , ,Corissa,Mckoy
GWCF General Scholarship 2022,Complete; Complete; Complete,Denied, , , , , , , , , , , , , , , , , , , , , , , , , , , , , , , ,Bassil,Whitlock
GWCF General Scholarship 2022,Submitted; Complete; Complete; Complete; Complete; Complete; Complete; Complete,Denied, , , , , , , , , , , , , , , , , , , , , , , , , , , , , , , ,Alfonso,el-Dawood
Harold R. Jensen Scholarship 2022,Complete; Complete; Complete,Denied, , , , , , , , , , , , , , , , , , , , , , , , , , , , , , , ,Aimee,Aldret
Harold R. Jensen Scholarship 2022,Submitted; Submitted; Complete,Denied, , , , , , , , , , , , , , , , , , , , , , , , , , , , , , , ,Lianne,Jimenez-Sierra
Harold R. Jensen Scholarship 2022,Submitted; Complete; Complete,Denied, , , , , , , , , , , , , , , , , , , , , , , , , , , , , , , ,Karissa,Deeming
Harold R. Jensen Scholarship 2022,Submitted; Complete; Complete,Denied, , , , , , , , , , , , , , , , , , , , , , , , , , , , , , , ,Kezia,Asebedo
Harold R. Jensen Scholarship 2022,Complete; Complete; Complete; Complete; Complete,Denied, , , , , , , , , , , , , , , , , , , , , , , , , , , , , , , ,Taeler,Van Lue
Harold R. Jensen Scholarship 2022,Submitted; Complete; Complete,Denied, , , , , , , , , , , , , , , , , , , , , , , , , , , , , , , ,Garen,Miller
Harold R. Jensen Scholarship 2022,Submitted; Complete; Complete,Denied, , , , , , , , , , , , , , , , , , , , , , , , , , , , , , , ,Jason,Parrilla
Harold R. Jensen Scholarship 2022,Submitted; Complete; Complete; Complete; Complete,Denied, , , , , , , , , , , , , , , , , , , , , , , , , , , , , , , ,Lavies,Abdullah
Harold R. Jensen Scholarship 2022,Submitted; Complete; Complete,Denied, , , , , , , , , , , , , , , , , , , , , , , , , , , , , , , ,Gi Hun,Botello
Harold R. Jensen Scholarship 2022,Submitted; Submitted; Complete,Denied, , , , , , , , , , , , , , , , , , , , , , , , , , , , , , , ,Parnia,Battumur
Harold R. Jensen Scholarship 2022,Submitted; Complete; Complete,Denied, , , , , , , , , , , , , , , , , , , , , , , , , , , , , , , ,Abiy,al-Sadiq
Harold R. Jensen Scholarship 2022,Submitted; Complete; Complete,Denied, , , , , , , , , , , , , , , , , , , , , , , , , , , , , , , ,Abdul Majeed,Del Rio
Harold R. Jensen Scholarship 2022,Submitted; Complete; Complete,Denied, , , , , , , , , , , , , , , , , , , , , , , , , , , , , , , ,Desiree,Almdale
Harold R. Jensen Scholarship 2022,Submitted; Submitted; Complete,Denied, , , , , , , , , , , , , , , , , , , , , , , , , , , , , , , ,Humaidaan,Burns
Harold R. Jensen Scholarship 2022,Submitted; Complete; Complete,Denied, , , , , , , , , , , , , , , , , , , , , , , , , , , , , , , ,Nusaiba,Mattice
Harold R. Jensen Scholarship 2022,Submitted; Complete; Complete,Denied, , , , , , , , , , , , , , , , , , , , , , , , , , , , , , , ,Isaiah,O'Neal
Harold R. Jensen Scholarship 2022,Submitted; Complete; Complete,Denied, , , , , , , , , , , , , , , , , , , , , , , , , , , , , , , ,Muhammad,Gaulden-Meyer
Harold R. Jensen Scholarship 2022,Submitted; Complete; Complete,Denied, , , , , , , , , , , , , , , , , , , , , , , , , , , , , , , ,Khongmong,Doria
Harold R. Jensen Scholarship 2022,Submitted; Complete; Complete; Complete,Denied, , , , , , , , , , , , , , , , , , , , , , , , , , , , , , , ,Jerald,Forte
Harold R. Jensen Scholarship 2022,Submitted; Complete; Complete,Denied, , , , , , , , , , , , , , , , , , , , , , , , , , , , , , , ,Jyotshal,al-Hariri
Harold R. Jensen Scholarship 2022,Submitted; Complete; Complete,Denied, , , , , , , , , , , , , , , , , , , , , , , , , , , , , , , ,Dustin,Jarvis
Harold R. Jensen Scholarship 2022,Submitted; Complete; Complete; Complete,Denied, , , , , , , , , , , , , , , , , , , , , , , , , , , , , , , ,Yadira,Palmer
Harold R. Jensen Scholarship 2022,Complete; Complete; Complete; Complete,Denied, , , , , , , , , , , , , , , , , , , , , , , , , , , , , , , ,Mahbooba,Hankins
Harold R. Jensen Scholarship 2022,Submitted; Complete; Complete,Denied, , , , , , , , , , , , , , , , , , , , , , , , , , , , , , , ,Kabowd,al-Sahli
Harold R. Jensen Scholarship 2022,Submitted; Complete; Complete,Denied, , , , , , , , , , , , , , , , , , , , , , , , , , , , , , , ,Yonathan,Brink
Harold R. Jensen Scholarship 2022,Submitted; Complete; Complete,Denied, , , , , , , , , , , , , , , , , , , , , , , , , , , , , , , ,Adriea,Halliburton
Harold R. Jensen Scholarship 2022,Complete; Complete; Complete,Denied, , , , , , , , , , , , , , , , , , , , , , , , , , , , , , , ,Marisah,Starbird
Harold R. Jensen Scholarship 2022,Submitted; Complete; Complete,Denied, , , , , , , , , , , , , , , , , , , , , , , , , , , , , , , ,Habeeba,Strobel
Harold R. Jensen Scholarship 2022,Submitted; Complete; Complete,Denied, , , , , , , , , , , , , , , , , , , , , , , , , , , , , , , ,Joo,Norman
Harold R. Jensen Scholarship 2022,Submitted; Complete; Complete; Complete,Denied, , , , , , , , , , , , , , , , , , , , , , , , , , , , , , , ,Leonardo,Golden
Harold R. Jensen Scholarship 2022,Submitted; Complete; Complete; Complete,Denied, , , , , , , , , , , , , , , , , , , , , , , , , , , , , , , ,Awda,Dionese
Harold R. Jensen Scholarship 2022,Submitted; Complete; Complete; Complete,Denied, , , , , , , , , , , , , , , , , , , , , , , , , , , , , , , ,Schyeler,el-Ghanem
Harold R. Jensen Scholarship 2022,Submitted; Complete; Complete; Complete; Complete; Complete; Complete; Complete; Complete,Denied, , , , , , , , , , , , , , , , , , , , , , , , , , , ,MCPHS University, , , ,Dahab,Heaton
Harold R. Jensen Scholarship 2022,Submitted; Complete; Complete,Denied, , , , , , , , , , , , , , , , , , , , , , , , , , , , , , , ,Shawnia,Saeed
Harold R. Jensen Scholarship 2022,Complete; Complete; Complete,Denied, , , , , , , , , , , , , , , , , , , , , , , , , , , , , , , ,Lexis,al-Shariff
Harold R. Jensen Scholarship 2022,Submitted; Complete; Complete,Denied, , , , , , , , , , , , , , , , , , , , , , , , , , , , , , , ,Cheyane,Meza Chavez
Harold R. Jensen Scholarship 2022,Submitted; Complete; Complete,Denied, , , , , , , , , , , , , , , , , , , , , , , , , , , , , , , ,Vincente,Melgares
Harold R. Jensen Scholarship 2022,Submitted; Complete; Complete,Denied, , , , , , , , , , , , , , , , , , , , , , , , , , , , , , , ,Daylamae,Whitley
Harold R. Jensen Scholarship 2022,Submitted; Complete; Complete,Denied, , , , , , , , , , , , , , , , , , , , , , , , , , , , , , , ,Daizha,Caldwell-Kentris
Harold R. Jensen Scholarship 2022,Submitted; Complete; Complete,Denied, , , , , , , , , , , , , , , , , , , , , , , , , , , , , , , ,Davis,Halaseh
Harold R. Jensen Scholarship 2022,Submitted; Complete; Complete,Denied, , , , , , , , , , , , , , , , , , , , , , , , , , , , , , , ,Weston,Valles
Harold R. Jensen Scholarship 2022,Submitted; Complete; Complete,Denied, , , , , , , , , , , , , , , , , , , , , , , , , , , , , , , ,Salwa,Carmichael
Harold R. Jensen Scholarship 2022,Submitted; Complete; Complete,Denied, , , , , , , , , , , , , , , , , , , , , , , , , , , , , , , ,Trina,Otgontulga
Harold R. Jensen Scholarship 2022,Submitted; Complete; Complete; Complete; Complete; Complete; Complete; Complete; Assigned,Denied, , , , , , , , , , , , , , , , , , , , , , , , , , , , , , , ,Alysha,Span
Harold R. Jensen Scholarship 2022,Submitted; Complete; Complete,Denied, , , , , , , , , , , , , , , , , , , , , , , , , , , , , , , ,Ian,al-Sadiq
Harold R. Jensen Scholarship 2022,Submitted; Complete; Complete,Denied, , , , , , , , , , , , , , , , , , , , , , , , , , , , , , , ,Norma,Lau
Harold R. Jensen Scholarship 2022,Submitted; Complete; Complete,Denied, , , , , , , , , , , , , , , , , , , , , , , , , , , , , , , ,Logan,Holst
Harold R. Jensen Scholarship 2022,Submitted; Submitted; Complete,Denied, , , , , , , , , , , , , , , , , , , , , , , , , , , , , , , ,Daizha,Fryer
Harold R. Jensen Scholarship 2022,Submitted; Submitted; Complete,Denied, , , , , , , , , , , , , , , , , , , , , , , , , , , , , , , ,Aasiya,Caso
Harold R. Jensen Scholarship 2022,Submitted; Complete; Complete,Denied, , , , , , , , , , , , , , , , , , , , , , , , , , , , , , , ,Denice,al-Hamad
Harold R. Jensen Scholarship 2022,Submitted; Complete; Complete; Complete,Denied, , , , , , , , , , , , , , , , , , , , , , , , , , , , , , , ,Shawnia,Eriacho
Harold R. Jensen Scholarship 2022,Submitted; Complete; Complete,Denied, , , , , , , , , , , , , , , , , , , , , , , , , , , , , , , ,Barathwaj,Soto
Harold R. Jensen Scholarship 2022,Submitted; Complete; Complete; Complete,Denied, , , , , , , , , , , , , , , , , , , , , , , , , , , , , , , ,Karlos,Espino Aguilar
Harold R. Jensen Scholarship 2022,Complete; Complete; Complete,Denied, , , , , , , , , , , , , , , , , , , , , , , , , , , , , , , ,Kameel,Jahner
Harold R. Jensen Scholarship 2022,Complete; Complete; Complete,Denied, , , , , , , , , , , , , , , , , , , , , , , , , , , , , , , ,Kianna,Arens
Harold R. Jensen Scholarship 2022,Submitted; Complete; Complete; Complete; Complete; Complete; Complete; Complete; Complete,Denied, , , , , , , , , , , , , , , , , , , , , , , , , , , ,University of Massachusetts at Boston, , , ,Elisah,Forney
Harold R. Jensen Scholarship 2022,Complete; Complete; Complete,Denied, , , , , , , , , , , , , , , , , , , , , , , , , , , , , , , ,Travonta,al-Hariri
Harold R. Jensen Scholarship 2022,Submitted; Complete; Complete,Denied, , , , , , , , , , , , , , , , , , , , , , , , , , , , , , , ,Picabo,al-Zaman
Harold R. Jensen Scholarship 2022,Submitted; Complete; Complete,Denied, , , , , , , , , , , , , , , , , , , , , , , , , , , , , , , ,Elisah,Clyde
Harold R. Jensen Scholarship 2022,Submitted; Complete; Complete,Denied, , , , , , , , , , , , , , , , , , , , , , , , , , , , , , , ,Dale,Amgalanbayar
Harold R. Jensen Scholarship 2022,Submitted; Complete; Complete,Denied, , , , , , , , , , , , , , , , , , , , , , , , , , , , , , , ,Saood,al-Eid
Harold R. Jensen Scholarship 2022,Submitted; Complete; Complete,Denied, , , , , , , , , , , , , , , , , , , , , , , , , , , , , , , ,Roger,Higley
Harold R. Jensen Scholarship 2022,Submitted; Complete; Complete; Complete,Denied, , , , , , , , , , , , , , , , , , , , , , , , , , , , , , , ,Ricky,Reeder
Harold R. Jensen Scholarship 2022,Complete; Complete; Complete,Denied, , , , , , , , , , , , , , , , , , , , , , , , , , , , , , , ,Erik,Tat
Harold R. Jensen Scholarship 2022,Complete; Complete; Complete,Denied, , , , , , , , , , , , , , , , , , , , , , , , , , , , , , , ,Alex,Olguin Aguilar
Harold R. Jensen Scholarship 2022,Submitted; Complete; Complete; Complete,Denied, , , , , , , , , , , , , , , , , , , , , , , , , , , , , , , ,Xai,Robertson
Harold R. Jensen Scholarship 2022,Submitted; Complete; Complete; Complete,Denied, , , , , , , , , , , , , , , , , , , , , , , , , , , , , , , ,Marqus,Daly
Harold R. Jensen Scholarship 2022,Submitted; Complete; Complete,Denied, , , , , , , , , , , , , , , , , , , , , , , , , , , , , , , ,Mareeon,Field
Harold R. Jensen Scholarship 2022,Submitted; Complete; Complete,Denied, , , , , , , , , , , , , , , , , , , , , , , , , , , , , , , ,Cole,Jefferson
Harold R. Jensen Scholarship 2022,Submitted; Complete; Complete; Complete,Denied, , , , , , , , , , , , , , , , , , , , , , , , , , , , , , , ,Roderick,al-Akbari
Harold R. Jensen Scholarship 2022,Submitted; Complete; Complete; Complete; Complete; Complete; Complete; Complete; Complete,Denied, , , , , , , , , , , , , , , , , , , , , , , , , , , ,University of Massachusetts at Amherst, , , ,Haaroon,Ramos-Rangel
Harold R. Jensen Scholarship 2022,Submitted; Complete; Complete; Complete,Denied, , , , , , , , , , , , , , , , , , , , , , , , , , , , , , , ,Brenna,Yun
Harold R. Jensen Scholarship 2022,Submitted; Complete; Complete,Denied, , , , , , , , , , , , , , , , , , , , , , , , , , , , , , , ,Mahbooba,Ocampo
Harold R. Jensen Scholarship 2022,Submitted; Complete; Complete,Denied, , , , , , , , , , , , , , , , , , , , , , , , , , , , , , , ,Emoni,Glenn-Bracey
Harold R. Jensen Scholarship 2022,Submitted; Complete; Complete,Denied, , , , , , , , , , , , , , , , , , , , , , , , , , , , , , , ,Yadira,al-Ramadan
Harold R. Jensen Scholarship 2022,Submitted; Complete; Complete,Denied, , , , , , , , , , , , , , , , , , , , , , , , , , , , , , , ,Fuaad,Hoshmand
Harold R. Jensen Scholarship 2022,Submitted; Complete; Complete,Denied, , , , , , , , , , , , , , , , , , , , , , , , , , , , , , , ,Howard,Amgalanbayar
Harold R. Jensen Scholarship 2022,Submitted; Complete; Complete; Complete,Denied, , , , , , , , , , , , , , , , , , , , , , , , , , , , , , , ,Zvi,Gast
Harold R. Jensen Scholarship 2022,Submitted; Complete; Complete; Complete; Complete; Complete; Complete; Complete; Complete,Denied, , , , , , , , , , , , , , , , , , , , , , , , , , , ,University of Massachusetts at Amherst, , , ,Rasheeq,Lalonde
Harold R. Jensen Scholarship 2022,Submitted; Complete; Complete,Denied, , , , , , , , , , , , , , , , , , , , , , , , , , , , , , , ,Darel,al-Hariri
Harold R. Jensen Scholarship 2022,Complete; Complete; Complete,Denied, , , , , , , , , , , , , , , , , , , , , , , , , , , , , , , ,Jimmy,Morris
Harold R. Jensen Scholarship 2022,Submitted; Complete; Complete,Denied, , , , , , , , , , , , , , , , , , , , , , , , , , , , , , , ,Tione,Simmons
Harold R. Jensen Scholarship 2022,Submitted; Complete; Complete,Denied, , , , , , , , , , , , , , , , , , , , , , , , , , , , , , , ,Haaniya,Viswaroopan
Harold R. Jensen Scholarship 2022,Submitted; Complete; Complete,Denied, , , , , , , , , , , , , , , , , , , , , , , , , , , , , , , ,Yaasmeena,al-Abbas
Harold R. Jensen Scholarship 2022,Submitted; Complete; Complete,Denied, , , , , , , , , , , , , , , , , , , , , , , , , , , , , , , ,Vishnu,Dishmon
Harold R. Jensen Scholarship 2022,Submitted; Complete; Complete; Complete; Complete; Complete; Complete; Complete; Complete,Denied, , , , , , , , , , , , , , , , , , , , , , , , , , , ,Suffolk University, , , ,Nabeel,Tagawa
Harold R. Jensen Scholarship 2022,Complete; Complete; Complete; Complete; Complete; Complete; Complete; Complete; Complete,Denied, , , , , , , , , , , , , , , , , , , , , , , , , , , ,College of the Holy Cross, , , ,Wisaam,Hunnell
Harold R. Jensen Scholarship 2022,Submitted; Complete; Complete; Complete; Complete; Complete; Complete; Complete; Complete,Denied, , , , , , , , , , , , , , , , , , , , , , , , , , , ,Boston University, , , ,Colette,Forkell
Harold R. Jensen Scholarship 2022,Complete; Complete; Complete,Denied, , , , , , , , , , , , , , , , , , , , , , , , , , , , , , , ,Monique,Hurd
Harold R. Jensen Scholarship 2022,Submitted; Complete; Complete; Complete,Denied, , , , , , , , , , , , , , , , , , , , , , , , , , , , , , , ,Azamat,el-Jabbar
Harold R. Jensen Scholarship 2022,Complete; Complete; Complete; Complete,Denied, , , , , , , , , , , , , , , , , , , , , , , , , , , , , , , ,Obdulia,Jacobs
Harold R. Jensen Scholarship 2022,Submitted; Complete; Complete; Complete; Complete; Complete; Complete; Complete; Complete,Denied, , , , , , , , , , , , , , , , , , , , , , , , , , , ,Drexel University, , , ,Jourdan,Perea
Harold R. Jensen Scholarship 2022,Submitted; Complete; Complete; Complete; Complete; Complete; Complete; Complete; Complete,Denied, , , , , , , , , , , , , , , , , , , , , , , , , , , ,Worcester Polytechnic Institute, , , ,Maisara,Schippers
Harold R. Jensen Scholarship 2022,Submitted; Complete; Complete,Denied, , , , , , , , , , , , , , , , , , , , , , , , , , , , , , , ,Debonair,Donels
Harold R. Jensen Scholarship 2022,Submitted; Complete; Complete,Denied, , , , , , , , , , , , , , , , , , , , , , , , , , , , , , , ,Shawnia,Rodri
Harold R. Jensen Scholarship 2022,Submitted; Complete; Complete,Denied, , , , , , , , , , , , , , , , , , , , , , , , , , , , , , , ,Markus,Huger
Harold R. Jensen Scholarship 2022,Submitted; Complete; Complete,Denied, , , , , , , , , , , , , , , , , , , , , , , , , , , , , , , ,Jason,Flowers
Harold R. Jensen Scholarship 2022,Submitted; Complete; Complete,Denied, , , , , , , , , , , , , , , , , , , , , , , , , , , , , , , ,Tuhfa,Vecellio
Harold R. Jensen Scholarship 2022,Complete; Complete; Complete; Complete; Complete; Complete; Complete; Complete; Complete; Complete,Denied, , , , , , , , , , , , , , , , , , , , , , , , , , , ,Harvard University, , , ,Kaitlyn,Arviso-Aguirre
Harold R. Jensen Scholarship 2022,Submitted; Complete; Complete,Denied, , , , , , , , , , , , , , , , , , , , , , , , , , , , , , , ,Jasper,James
Harold R. Jensen Scholarship 2022,Submitted; Complete; Complete,Denied, , , , , , , , , , , , , , , , , , , , , , , , , , , , , , , ,Yongyee,al-Habib
Harold R. Jensen Scholarship 2022,Complete; Complete; Complete,Denied, , , , , , , , , , , , , , , , , , , , , , , , , , , , , , , ,Tre,Yamaguchi
Harold R. Jensen Scholarship 2022,Submitted; Complete; Complete; Complete,Denied, , , , , , , , , , , , , , , , , , , , , , , , , , , , , , , ,Randy,el-Khalil
Harold R. Jensen Scholarship 2022,Complete; Complete; Complete,Denied, , , , , , , , , , , , , , , , , , , , , , , , , , , , , , , ,Vincent,Simonson
Harold R. Jensen Scholarship 2022,Submitted; Complete; Complete; Complete; Complete; Complete; Complete; Complete; Complete; Complete,Denied, , , , , , , , , , , , , , , , , , , , , , , , , , , ,Howard University, , , ,Funmilayo,Willow
Harold R. Jensen Scholarship 2022,Submitted; Complete; Complete,Denied, , , , , , , , , , , , , , , , , , , , , , , , , , , , , , , ,Thomas,Kemp
Harold R. Jensen Scholarship 2022,Complete; Complete; Complete,Denied, , , , , , , , , , , , , , , , , , , , , , , , , , , , , , , ,Aimee,el-Hannan
Harold R. Jensen Scholarship 2022,Submitted; Complete; Complete,Denied, , , , , , , , , , , , , , , , , , , , , , , , , , , , , , , ,Shelby,Hume
Harold R. Jensen Scholarship 2022,Submitted; Complete; Complete,Denied, , , , , , , , , , , , , , , , , , , , , , , , , , , , , , , ,Cordero,al-Idris
Harold R. Jensen Scholarship 2022,Submitted; Complete; Complete,Denied, , , , , , , , , , , , , , , , , , , , , , , , , , , , , , , ,Mishaari,Gustafson
Harold R. Jensen Scholarship 2022,Submitted; Complete; Complete,Denied, , , , , , , , , , , , , , , , , , , , , , , , , , , , , , , ,Tammassha,Vazquez
Harold R. Jensen Scholarship 2022,Submitted; Complete; Complete,Denied, , , , , , , , , , , , , , , , , , , , , , , , , , , , , , , ,Trina,Powell
Harold R. Jensen Scholarship 2022,Submitted; Complete; Complete,Denied, , , , , , , , , , , , , , , , , , , , , , , , , , , , , , , ,Abiy,Rocha
Harold R. Jensen Scholarship 2022,Complete; Complete; Complete; Complete,Denied, , , , , , , , , , , , , , , , , , , , , , , , , , , , , , , ,Samira,Slife
Harold R. Jensen Scholarship 2022,Submitted; Complete; Complete,Denied, , , , , , , , , , , , , , , , , , , , , , , , , , , , , , , ,Kaalim,Urresti
Harold R. Jensen Scholarship 2022,Submitted; Complete; Complete,Denied, , , , , , , , , , , , , , , , , , , , , , , , , , , , , , , ,Quan,Headley
Harold R. Jensen Scholarship 2022,Complete; Complete; Complete,Denied, , , , , , , , , , , , , , , , , , , , , , , , , , , , , , , ,Corissa,Mckoy
Harold R. Jensen Scholarship 2022,Submitted; Complete; Complete,Denied, , , , , , , , , , , , , , , , , , , , , , , , , , , , , , , ,Aubree,Steele
Harold R. Jensen Scholarship 2022,Submitted; Complete; Complete; Complete,Denied, , , , , , , , , , , , , , , , , , , , , , , , , , , , , , , ,Julianna,Woods
Hedin Family Memorial Scholarship 2022,Submitted; Complete; Complete; Complete; Complete; Complete; Complete; Complete,Denied, , , , , , , , , , , , , , , , , , , , , , , , , , , , , , , ,Teresa,al-Hariri
Hedin Family Memorial Scholarship 2022,Complete; Complete; Complete; Complete; Complete; Complete; Complete; Complete; Complete; Complete; Complete,Denied, , , , , , , , , , , , , , , , , , , , , , , , , , , ,Boston University, , , ,Essence,Farris
Hedin Family Memorial Scholarship 2022,Submitted; Complete; Complete,Denied, , , , , , , , , , , , , , , , , , , , , , , , , , , , , , , ,Cheyane,el-Radwan
Hedin Family Memorial Scholarship 2022,Submitted; Complete; Complete; Complete; Complete; Complete; Complete,Denied, , , , , , , , , , , , , , , , , , , , , , , , , , , , , , , ,Sundus,Basnet
Hedin Family Memorial Scholarship 2022,Submitted; Complete; Complete; Complete; Complete; Complete; Complete,Denied, , , , , , , , , , , , , , , , , , , , , , , , , , , , , , , ,Picabo,Colten
Hedin Family Memorial Scholarship 2022,Submitted; Complete; Complete; Complete,Denied, , , , , , , , , , , , , , , , , , , , , , , , , , , , , , , ,Fat'hiyaa,Bunting
Hedin Family Memorial Scholarship 2022,Submitted; Complete; Complete,Denied, , , , , , , , , , , , , , , , , , , , , , , , , , , , , , , ,Shakoora,Villano
Hedin Family Memorial Scholarship 2022,Submitted; Complete; Complete; Complete; Complete; Complete; Complete,Denied, , , , , , , , , , , , , , , , , , , , , , , , , , , , , , , ,Zaamil,Randolph
Herbert D. Sherwin Memorial Scholarship 2022,Submitted; Complete; Complete; Complete; Complete; Complete,Denied, , , , , , , , , , , , , , , , , , , , , , , , , , , , , , , ,Jumail,Landin
Herbert D. Sherwin Memorial Scholarship 2022,Submitted; Complete; Complete,Denied, , , , , , , , , , , , , , , , , , , , , , , , , , , , , , , ,Armonno,Sitinjak
Jeffrey S. Edinberg Memorial Scholarship 2022,Submitted; Complete; Complete,Denied, , , , , , , , , , , , , , , , , , , , , , , , , , , , , , , ,Karissa,Deeming
Jeffrey S. Edinberg Memorial Scholarship 2022,Submitted; Complete; Complete; Complete; Complete; Complete,Denied, , , , , , , , , , , , , , , , , , , , , , , , , , , , , , , ,Jason,Parrilla
Jeffrey S. Edinberg Memorial Scholarship 2022,Submitted; Complete; Complete,Denied, , , , , , , , , , , , , , , , , , , , , , , , , , , , , , , ,Rawda,el-Latif
Jeffrey S. Edinberg Memorial Scholarship 2022,Submitted; Complete; Complete,Denied, , , , , , , , , , , , , , , , , , , , , , , , , , , , , , , ,Abiy,al-Sadiq
Jeffrey S. Edinberg Memorial Scholarship 2022,Submitted; Complete; Complete,Denied, , , , , , , , , , , , , , , , , , , , , , , , , , , , , , , ,Abdul Majeed,Del Rio
Jeffrey S. Edinberg Memorial Scholarship 2022,Submitted; Complete; Complete; Complete; Complete; Complete,Denied, , , , , , , , , , , , , , , , , , , , , , , , , , , , , , , ,Muhammad,Gaulden-Meyer
Jeffrey S. Edinberg Memorial Scholarship 2022,Submitted; Complete; Complete; Complete,Denied, , , , , , , , , , , , , , , , , , , , , , , , , , , , , , , ,Jerald,Forte
Jeffrey S. Edinberg Memorial Scholarship 2022,Complete; Complete; Complete; Complete,Denied, , , , , , , , , , , , , , , , , , , , , , , , , , , , , , , ,Mahbooba,Hankins
Jeffrey S. Edinberg Memorial Scholarship 2022,Submitted; Complete; Complete,Denied, , , , , , , , , , , , , , , , , , , , , , , , , , , , , , , ,Adriea,Halliburton
Jeffrey S. Edinberg Memorial Scholarship 2022,Submitted; Complete; Complete,Denied, , , , , , , , , , , , , , , , , , , , , , , , , , , , , , , ,Habeeba,Strobel
Jeffrey S. Edinberg Memorial Scholarship 2022,Submitted; Complete; Complete; Complete; Complete; Complete,Denied, , , , , , , , , , , , , , , , , , , , , , , , , , , , , , , ,Shawnia,Saeed
Jeffrey S. Edinberg Memorial Scholarship 2022,Submitted; Submitted; Complete,Denied, , , , , , , , , , , , , , , , , , , , , , , , , , , , , , , ,Aasiya,Caso
Jeffrey S. Edinberg Memorial Scholarship 2022,Submitted; Complete; Complete; Complete,Denied, , , , , , , , , , , , , , , , , , , , , , , , , , , , , , , ,Karlos,Espino Aguilar
Jeffrey S. Edinberg Memorial Scholarship 2022,Submitted; Complete; Complete; Complete; Complete; Complete; Complete,Denied, , , , , , , , , , , , , , , , , , , , , , , , , , , , , , , ,Marqus,Daly
Jeffrey S. Edinberg Memorial Scholarship 2022,Submitted; Complete; Complete; Complete,Denied, , , , , , , , , , , , , , , , , , , , , , , , , , , , , , , ,Roderick,al-Akbari
Jeffrey S. Edinberg Memorial Scholarship 2022,Submitted; Complete; Complete; Complete; Complete; Complete; Complete,Denied, , , , , , , , , , , , , , , , , , , , , , , , , , , , , , , ,Aasim,Nash
Jeffrey S. Edinberg Memorial Scholarship 2022,Submitted; Complete; Complete; Complete; Complete; Complete; Complete; Complete; Complete,Denied, , , , , , , , , , , , , , , , , , , , , , , , , , , ,Tuskegee University, , , ,Nooriyya,al-Kanan
Jeffrey S. Edinberg Memorial Scholarship 2022,Submitted; Complete; Complete,Denied, , , , , , , , , , , , , , , , , , , , , , , , , , , , , , , ,Fuaad,Hoshmand
Jeffrey S. Edinberg Memorial Scholarship 2022,Submitted; Complete; Complete; Complete; Complete; Complete,Denied, , , , , , , , , , , , , , , , , , , , , , , , , , , , , , , ,Tione,Simmons
Jeffrey S. Edinberg Memorial Scholarship 2022,Submitted; Complete; Complete,Denied, , , , , , , , , , , , , , , , , , , , , , , , , , , , , , , ,Yaasmeena,al-Abbas
Jeffrey S. Edinberg Memorial Scholarship 2022,Submitted; Complete; Complete; Complete; Complete; Complete,Denied, , , , , , , , , , , , , , , , , , , , , , , , , , , , , , , ,Shawnia,Rodri
Jeffrey S. Edinberg Memorial Scholarship 2022,Complete; Complete; Complete,Denied, , , , , , , , , , , , , , , , , , , , , , , , , , , , , , , ,Aimee,el-Hannan
Jeffrey S. Edinberg Memorial Scholarship 2022,Submitted; Complete; Complete; Complete; Complete; Complete,Denied, , , , , , , , , , , , , , , , , , , , , , , , , , , , , , , ,Shelby,Hume
Jeffrey S. Edinberg Memorial Scholarship 2022,Submitted; Complete; Complete,Denied, , , , , , , , , , , , , , , , , , , , , , , , , , , , , , , ,Cheyanne,Rumsey
Jeffrey S. Edinberg Memorial Scholarship 2022,Submitted; Submitted; Complete,Denied, , , , , , , , , , , , , , , , , , , , , , , , , , , , , , , ,Gabrielle,Powers
Jeffrey S. Edinberg Memorial Scholarship 2022,Submitted; Complete; Complete; Complete; Complete; Complete,Denied, , , , , , , , , , , , , , , , , , , , , , , , , , , , , , , ,Tammassha,Vazquez
Jeffrey S. Edinberg Memorial Scholarship 2022,Submitted; Complete; Complete; Complete; Complete; Complete,Denied, , , , , , , , , , , , , , , , , , , , , , , , , , , , , , , ,Trina,Powell
Jeffrey S. Edinberg Memorial Scholarship 2022,Submitted; Complete; Complete; Complete; Complete; Complete,Denied, , , , , , , , , , , , , , , , , , , , , , , , , , , , , , , ,Abiy,Rocha
Jeffrey S. Edinberg Memorial Scholarship 2022,Submitted; Complete; Complete,Denied, , , , , , , , , , , , , , , , , , , , , , , , , , , , , , , ,Kaalim,Urresti
Jeffrey S. Edinberg Memorial Scholarship 2022,Submitted; Complete; Complete,Denied, , , , , , , , , , , , , , , , , , , , , , , , , , , , , , , ,Quan,Headley
Jeffrey S. Edinberg Memorial Scholarship 2022,Complete; Complete; Complete,Denied, , , , , , , , , , , , , , , , , , , , , , , , , , , , , , , ,Corissa,Mckoy
Jeffrey S. Edinberg Memorial Scholarship 2022,Submitted; Complete; Complete; Complete; Complete; Complete,Denied, , , , , , , , , , , , , , , , , , , , , , , , , , , , , , , ,Aubree,Steele
Jenica Lynn Junnila Memorial Scholarship 2022,Submitted; Complete; Complete,Denied, , , , , , , , , , , , , , , , , , , , , , , , , , , , , , , ,Jonet,el-Fadel
Jenica Lynn Junnila Memorial Scholarship 2022,Submitted; Complete; Complete,Denied, , , , , , , , , , , , , , , , , , , , , , , , , , , , , , , ,Mutadi,Kennon
Jenica Lynn Junnila Memorial Scholarship 2022,Submitted; Complete; Complete,Denied, , , , , , , , , , , , , , , , , , , , , , , , , , , , , , , ,Ohitike,O'Rell
Jenica Lynn Junnila Memorial Scholarship 2022,Submitted; Complete; Complete,Denied, , , , , , , , , , , , , , , , , , , , , , , , , , , , , , , ,Andres,Quick Bear
Jenica Lynn Junnila Memorial Scholarship 2022,Submitted; Complete; Complete,Denied, , , , , , , , , , , , , , , , , , , , , , , , , , , , , , , ,Isela,el-Jaffer
Jenica Lynn Junnila Memorial Scholarship 2022,Submitted; Complete; Complete; Complete,Denied, , , , , , , , , , , , , , , , , , , , , , , , , , , , , , , ,Shanice,Gellatly
Jenica Lynn Junnila Memorial Scholarship 2022,Submitted; Complete; Complete,Denied, , , , , , , , , , , , , , , , , , , , , , , , , , , , , , , ,Chykeiljah,Longwing
Jenica Lynn Junnila Memorial Scholarship 2022,Submitted; Complete; Complete,Denied, , , , , , , , , , , , , , , , , , , , , , , , , , , , , , , ,Xai,Reda-Arefaine
Jenica Lynn Junnila Memorial Scholarship 2022,Submitted; Complete; Complete,Denied, , , , , , , , , , , , , , , , , , , , , , , , , , , , , , , ,Qaasim,Mateo
Jenica Lynn Junnila Memorial Scholarship 2022,Submitted; Complete; Complete,Denied, , , , , , , , , , , , , , , , , , , , , , , , , , , , , , , ,Arafaat,Penny
Jenica Lynn Junnila Memorial Scholarship 2022,Submitted; Complete; Complete; Complete,Denied, , , , , , , , , , , , , , , , , , , , , , , , , , , , , , , ,Saami,Mcgee
Jenica Lynn Junnila Memorial Scholarship 2022,Submitted; Complete; Complete; Complete,Denied, , , , , , , , , , , , , , , , , , , , , , , , , , , , , , , ,Nikki,Woolum
Jenica Lynn Junnila Memorial Scholarship 2022,Submitted; Complete; Complete,Denied, , , , , , , , , , , , , , , , , , , , , , , , , , , , , , , ,Michalyn,Berry
Jenica Lynn Junnila Memorial Scholarship 2022,Submitted; Complete; Complete,Denied, , , , , , , , , , , , , , , , , , , , , , , , , , , , , , , ,Picabo,Skyhorse
Jenica Lynn Junnila Memorial Scholarship 2022,Submitted; Complete; Complete,Denied, , , , , , , , , , , , , , , , , , , , , , , , , , , , , , , ,Sarah,el-Fadel
Jenica Lynn Junnila Memorial Scholarship 2022,Submitted; Complete; Complete,Denied, , , , , , , , , , , , , , , , , , , , , , , , , , , , , , , ,Izaak,el-Chahine
Jenica Lynn Junnila Memorial Scholarship 2022,Submitted; Submitted; Complete,Denied, , , , , , , , , , , , , , , , , , , , , , , , , , , , , , , ,Yadira,Otgontulga
Jenica Lynn Junnila Memorial Scholarship 2022,Submitted; Complete; Complete,Denied, , , , , , , , , , , , , , , , , , , , , , , , , , , , , , , ,Vanya,Victoria
Jenica Lynn Junnila Memorial Scholarship 2022,Submitted; Complete; Complete,Denied, , , , , , , , , , , , , , , , , , , , , , , , , , , , , , , ,Alex,Coyhis
Jenica Lynn Junnila Memorial Scholarship 2022,Submitted; Submitted; Complete,Denied, , , , , , , , , , , , , , , , , , , , , , , , , , , , , , , ,Kent,Gonzales
Jenica Lynn Junnila Memorial Scholarship 2022,Submitted; Complete; Complete,Denied, , , , , , , , , , , , , , , , , , , , , , , , , , , , , , , ,Khongmong,Neighbors
Jenica Lynn Junnila Memorial Scholarship 2022,Submitted; Complete; Complete,Denied, , , , , , , , , , , , , , , , , , , , , , , , , , , , , , , ,Jamarian,Ham
Jenica Lynn Junnila Memorial Scholarship 2022,Submitted; Complete; Complete; Complete,Denied, , , , , , , , , , , , , , , , , , , , , , , , , , , , , , , ,Marshall,al-Shahin
Jenica Lynn Junnila Memorial Scholarship 2022,Submitted; Complete; Complete,Denied, , , , , , , , , , , , , , , , , , , , , , , , , , , , , , , ,Kentorra,Baskerville
Jenica Lynn Junnila Memorial Scholarship 2022,Submitted; Complete; Complete,Denied, , , , , , , , , , , , , , , , , , , , , , , , , , , , , , , ,Tasneem,Farley
Jenica Lynn Junnila Memorial Scholarship 2022,Submitted; Complete; Complete,Denied, , , , , , , , , , , , , , , , , , , , , , , , , , , , , , , ,Samira,Berrier
Jenica Lynn Junnila Memorial Scholarship 2022,Submitted; Submitted; Complete,Denied, , , , , , , , , , , , , , , , , , , , , , , , , , , , , , , ,Taamira,Keele
Jenica Lynn Junnila Memorial Scholarship 2022,Submitted; Complete; Complete,Denied, , , , , , , , , , , , , , , , , , , , , , , , , , , , , , , ,Zahra,el-Salame
Jenica Lynn Junnila Memorial Scholarship 2022,Submitted; Complete; Complete,Denied, , , , , , , , , , , , , , , , , , , , , , , , , , , , , , , ,Samira,Schwartz
Jenica Lynn Junnila Memorial Scholarship 2022,Submitted; Complete; Complete,Denied, , , , , , , , , , , , , , , , , , , , , , , , , , , , , , , ,Shaunae,Renkel
John and Fran Duke Scholarship 2022,Complete; Complete; Complete,Denied, , , , , , , , , , , , , , , , , , , , , , , , , , , , , , , ,Aimee,Aldret
John and Fran Duke Scholarship 2022,Submitted; Complete; Complete,Denied, , , , , , , , , , , , , , , , , , , , , , , , , , , , , , , ,Karissa,Deeming
John and Fran Duke Scholarship 2022,Submitted; Complete; Complete,Denied, , , , , , , , , , , , , , , , , , , , , , , , , , , , , , , ,Kezia,Asebedo
John and Fran Duke Scholarship 2022,Complete; Complete; Complete; Complete; Complete,Denied, , , , , , , , , , , , , , , , , , , , , , , , , , , , , , , ,Taeler,Van Lue
John and Fran Duke Scholarship 2022,Submitted; Complete; Complete; Complete,Denied, , , , , , , , , , , , , , , , , , , , , , , , , , , , , , , ,Desare,Mungia
John and Fran Duke Scholarship 2022,Submitted; Complete; Complete,Denied, , , , , , , , , , , , , , , , , , , , , , , , , , , , , , , ,Garen,Miller
John and Fran Duke Scholarship 2022,Submitted; Complete; Complete,Denied, , , , , , , , , , , , , , , , , , , , , , , , , , , , , , , ,Brenna,Briggs
John and Fran Duke Scholarship 2022,Submitted; Complete; Complete,Denied, , , , , , , , , , , , , , , , , , , , , , , , , , , , , , , ,Jason,Parrilla
John and Fran Duke Scholarship 2022,Submitted; Complete; Complete; Complete; Complete,Denied, , , , , , , , , , , , , , , , , , , , , , , , , , , , , , , ,Lavies,Abdullah
John and Fran Duke Scholarship 2022,Submitted; Complete; Complete,Denied, , , , , , , , , , , , , , , , , , , , , , , , , , , , , , , ,Gi Hun,Botello
John and Fran Duke Scholarship 2022,Submitted; Submitted; Complete,Denied, , , , , , , , , , , , , , , , , , , , , , , , , , , , , , , ,Parnia,Battumur
John and Fran Duke Scholarship 2022,Submitted; Complete; Complete,Denied, , , , , , , , , , , , , , , , , , , , , , , , , , , , , , , ,Rawda,el-Latif
John and Fran Duke Scholarship 2022,Submitted; Complete; Complete,Denied, , , , , , , , , , , , , , , , , , , , , , , , , , , , , , , ,Abiy,al-Sadiq
John and Fran Duke Scholarship 2022,Submitted; Complete; Complete,Denied, , , , , , , , , , , , , , , , , , , , , , , , , , , , , , , ,Abdul Majeed,Del Rio
John and Fran Duke Scholarship 2022,Submitted; Complete; Complete,Denied, , , , , , , , , , , , , , , , , , , , , , , , , , , , , , , ,Adiam,Hall
John and Fran Duke Scholarship 2022,Submitted; Complete; Complete; Complete,Denied, , , , , , , , , , , , , , , , , , , , , , , , , , , , , , , ,Andres,Sajopha
John and Fran Duke Scholarship 2022,Submitted; Complete; Complete,Denied, , , , , , , , , , , , , , , , , , , , , , , , , , , , , , , ,Desiree,Almdale
John and Fran Duke Scholarship 2022,Submitted; Complete; Complete,Denied, , , , , , , , , , , , , , , , , , , , , , , , , , , , , , , ,Ma Chalah,Montgomery
John and Fran Duke Scholarship 2022,Submitted; Complete; Complete,Denied, , , , , , , , , , , , , , , , , , , , , , , , , , , , , , , ,Nusaiba,Mattice
John and Fran Duke Scholarship 2022,Submitted; Complete; Complete,Denied, , , , , , , , , , , , , , , , , , , , , , , , , , , , , , , ,Isaiah,O'Neal
John and Fran Duke Scholarship 2022,Submitted; Complete; Complete; Complete,Denied, , , , , , , , , , , , , , , , , , , , , , , , , , , , , , , ,Mytruc,Hsu
John and Fran Duke Scholarship 2022,Submitted; Complete; Complete,Denied, , , , , , , , , , , , , , , , , , , , , , , , , , , , , , , ,Muhammad,Gaulden-Meyer
John and Fran Duke Scholarship 2022,Submitted; Complete; Complete,Denied, , , , , , , , , , , , , , , , , , , , , , , , , , , , , , , ,Kiduse,Paine
John and Fran Duke Scholarship 2022,Submitted; Complete; Complete; Complete; Complete; Complete; Complete; Complete; Complete; Complete,Denied, , , , , , , , , , , , , , , , , , , , , , , , , , , ,Howard University, , , ,Gregg,al-Khalifa
John and Fran Duke Scholarship 2022,Submitted; Complete; Complete,Denied, , , , , , , , , , , , , , , , , , , , , , , , , , , , , , , ,Khongmong,Doria
John and Fran Duke Scholarship 2022,Complete; Complete; Complete; Complete,Denied, , , , , , , , , , , , , , , , , , , , , , , , , , , , , , , ,Khaalida,al-Amir
John and Fran Duke Scholarship 2022,Submitted; Complete; Complete; Complete; Complete,Denied, , , , , , , , , , , , , , , , , , , , , , , , , , , , , , , ,Whitney,Sok
John and Fran Duke Scholarship 2022,Submitted; Complete; Complete,Denied, , , , , , , , , , , , , , , , , , , , , , , , , , , , , , , ,Michel,Coyhis
John and Fran Duke Scholarship 2022,Submitted; Complete; Complete,Denied, , , , , , , , , , , , , , , , , , , , , , , , , , , , , , , ,Careese,Munguia
John and Fran Duke Scholarship 2022,Submitted; Complete; Complete; Complete,Denied, , , , , , , , , , , , , , , , , , , , , , , , , , , , , , , ,Jerald,Forte
John and Fran Duke Scholarship 2022,Submitted; Complete; Complete; Complete; Complete; Complete; Complete; Complete,Denied, , , , , , , , , , , , , , , , , , , , , , , , , , , , , , , ,Jyotshal,al-Hariri
John and Fran Duke Scholarship 2022,Submitted; Complete; Complete,Denied, , , , , , , , , , , , , , , , , , , , , , , , , , , , , , , ,Uthmaa N,Roberson
John and Fran Duke Scholarship 2022,Complete; Complete; Complete,Denied, , , , , , , , , , , , , , , , , , , , , , , , , , , , , , , ,Aubrianna,el-Shaikh
John and Fran Duke Scholarship 2022,Submitted; Complete; Complete,Denied, , , , , , , , , , , , , , , , , , , , , , , , , , , , , , , ,Dustin,Jarvis
John and Fran Duke Scholarship 2022,Submitted; Complete; Complete; Complete,Denied, , , , , , , , , , , , , , , , , , , , , , , , , , , , , , , ,Yadira,Palmer
John and Fran Duke Scholarship 2022,Complete; Complete; Complete; Complete,Denied, , , , , , , , , , , , , , , , , , , , , , , , , , , , , , , ,Mahbooba,Hankins
John and Fran Duke Scholarship 2022,Submitted; Complete; Complete,Denied, , , , , , , , , , , , , , , , , , , , , , , , , , , , , , , ,Kabowd,al-Sahli
John and Fran Duke Scholarship 2022,Submitted; Complete; Complete,Denied, , , , , , , , , , , , , , , , , , , , , , , , , , , , , , , ,Teale,Brown
John and Fran Duke Scholarship 2022,Submitted; Complete; Complete,Denied, , , , , , , , , , , , , , , , , , , , , , , , , , , , , , , ,Yonathan,Brink
John and Fran Duke Scholarship 2022,Submitted; Complete; Complete,Denied, , , , , , , , , , , , , , , , , , , , , , , , , , , , , , , ,Adriea,Halliburton
John and Fran Duke Scholarship 2022,Complete; Complete; Complete,Denied, , , , , , , , , , , , , , , , , , , , , , , , , , , , , , , ,Azamat,Ablan
John and Fran Duke Scholarship 2022,Complete; Complete; Complete,Denied, , , , , , , , , , , , , , , , , , , , , , , , , , , , , , , ,Marisah,Starbird
John and Fran Duke Scholarship 2022,Submitted; Complete; Complete; Complete,Denied, , , , , , , , , , , , , , , , , , , , , , , , , , , , , , , ,Marina,Vong Vi Chith
John and Fran Duke Scholarship 2022,Submitted; Complete; Complete,Denied, , , , , , , , , , , , , , , , , , , , , , , , , , , , , , , ,Habeeba,Strobel
John and Fran Duke Scholarship 2022,Submitted; Complete; Complete,Denied, , , , , , , , , , , , , , , , , , , , , , , , , , , , , , , ,Ziyaad,Crespin
John and Fran Duke Scholarship 2022,Submitted; Complete; Complete,Denied, , , , , , , , , , , , , , , , , , , , , , , , , , , , , , , ,Joo,Norman
John and Fran Duke Scholarship 2022,Submitted; Complete; Complete; Complete,Denied, , , , , , , , , , , , , , , , , , , , , , , , , , , , , , , ,Leonardo,Golden
John and Fran Duke Scholarship 2022,Submitted; Complete; Complete,Denied, , , , , , , , , , , , , , , , , , , , , , , , , , , , , , , ,Kimberley,Reddell
John and Fran Duke Scholarship 2022,Submitted; Complete; Complete; Complete,Denied, , , , , , , , , , , , , , , , , , , , , , , , , , , , , , , ,Awda,Dionese
John and Fran Duke Scholarship 2022,Submitted; Complete; Complete; Complete; Complete; Complete; Complete; Complete; Complete,Denied, , , , , , , , , , , , , , , , , , , , , , , , , , , ,University of Massachusetts at Amherst, , , ,Qaasim,Copeland
John and Fran Duke Scholarship 2022,Submitted; Complete; Complete; Complete,Denied, , , , , , , , , , , , , , , , , , , , , , , , , , , , , , , ,Schyeler,el-Ghanem
John and Fran Duke Scholarship 2022,Submitted; Complete; Complete; Complete; Complete; Complete; Complete; Complete; Complete,Denied, , , , , , , , , , , , , , , , , , , , , , , , , , , ,MCPHS University, , , ,Dahab,Heaton
John and Fran Duke Scholarship 2022,Submitted; Complete; Complete; Complete,Denied, , , , , , , , , , , , , , , , , , , , , , , , , , , , , , , ,Se Ra,el-Hosseini
John and Fran Duke Scholarship 2022,Submitted; Complete; Complete,Denied, , , , , , , , , , , , , , , , , , , , , , , , , , , , , , , ,Shawnia,Saeed
John and Fran Duke Scholarship 2022,Complete; Complete; Complete,Denied, , , , , , , , , , , , , , , , , , , , , , , , , , , , , , , ,Lexis,al-Shariff
John and Fran Duke Scholarship 2022,Submitted; Complete; Complete,Denied, , , , , , , , , , , , , , , , , , , , , , , , , , , , , , , ,Cheyane,Meza Chavez
John and Fran Duke Scholarship 2022,Submitted; Complete; Complete,Denied, , , , , , , , , , , , , , , , , , , , , , , , , , , , , , , ,Vincente,Melgares
John and Fran Duke Scholarship 2022,Submitted; Complete; Complete,Denied, , , , , , , , , , , , , , , , , , , , , , , , , , , , , , , ,Howard,Trinh
John and Fran Duke Scholarship 2022,Submitted; Complete; Complete,Denied, , , , , , , , , , , , , , , , , , , , , , , , , , , , , , , ,Davis,Halaseh
John and Fran Duke Scholarship 2022,Submitted; Complete; Complete,Denied, , , , , , , , , , , , , , , , , , , , , , , , , , , , , , , ,Nabeeh,Michaelkovich
John and Fran Duke Scholarship 2022,Submitted; Complete; Complete,Denied, , , , , , , , , , , , , , , , , , , , , , , , , , , , , , , ,Heroki,Yoshimura
John and Fran Duke Scholarship 2022,Complete; Complete; Complete; Complete; Complete; Complete; Complete; Complete; Complete; Complete,Denied, , , , , , , , , , , , , , , , , , , , , , , , , , , ,Boston University, , , ,Yadira,Graves
John and Fran Duke Scholarship 2022,Submitted; Submitted; Complete,Denied, , , , , , , , , , , , , , , , , , , , , , , , , , , , , , , ,Monique,el-Ramin
John and Fran Duke Scholarship 2022,Submitted; Complete; Complete,Denied, , , , , , , , , , , , , , , , , , , , , , , , , , , , , , , ,Weston,Valles
John and Fran Duke Scholarship 2022,Submitted; Complete; Complete; Complete,Denied, , , , , , , , , , , , , , , , , , , , , , , , , , , , , , , ,Qaasim,Van Lue
John and Fran Duke Scholarship 2022,Submitted; Complete; Complete,Denied, , , , , , , , , , , , , , , , , , , , , , , , , , , , , , , ,Kentorra,Vidal
John and Fran Duke Scholarship 2022,Submitted; Complete; Complete,Denied, , , , , , , , , , , , , , , , , , , , , , , , , , , , , , , ,Sushmita,Berumen
John and Fran Duke Scholarship 2022,Submitted; Complete; Complete,Denied, , , , , , , , , , , , , , , , , , , , , , , , , , , , , , , ,Salwa,Carmichael
John and Fran Duke Scholarship 2022,Complete; Complete; Complete; Complete,Denied, , , , , , , , , , , , , , , , , , , , , , , , , , , , , , , ,Ashanti,Punzal
John and Fran Duke Scholarship 2022,Submitted; Complete; Complete,Denied, , , , , , , , , , , , , , , , , , , , , , , , , , , , , , , ,Cheyanne,el-Hamed
John and Fran Duke Scholarship 2022,Submitted; Complete; Complete; Complete,Denied, , , , , , , , , , , , , , , , , , , , , , , , , , , , , , , ,Melyzjah,Fresques
John and Fran Duke Scholarship 2022,Submitted; Complete; Complete; Complete,Denied, , , , , , , , , , , , , , , , , , , , , , , , , , , , , , , ,Ari,Brehe
John and Fran Duke Scholarship 2022,Submitted; Complete; Complete; Complete,Denied, , , , , , , , , , , , , , , , , , , , , , , , , , , , , , , ,Kelsey,Trinh
John and Fran Duke Scholarship 2022,Submitted; Complete; Complete; Complete; Complete; Complete; Complete; Complete; Complete,Denied, , , , , , , , , , , , , , , , , , , , , , , , , , , ,Brandeis University, , , ,Picabo,Penny
John and Fran Duke Scholarship 2022,Submitted; Complete; Complete,Denied, , , , , , , , , , , , , , , , , , , , , , , , , , , , , , , ,Trina,Otgontulga
John and Fran Duke Scholarship 2022,Submitted; Complete; Complete; Complete; Complete; Complete; Complete; Complete; Assigned,Denied, , , , , , , , , , , , , , , , , , , , , , , , , , , , , , , ,Alysha,Span
John and Fran Duke Scholarship 2022,Complete; Complete; Complete; Complete,Denied, , , , , , , , , , , , , , , , , , , , , , , , , , , , , , , ,Sitaara,Amgalanbayar
John and Fran Duke Scholarship 2022,Submitted; Complete; Complete,Denied, , , , , , , , , , , , , , , , , , , , , , , , , , , , , , , ,Ian,al-Sadiq
John and Fran Duke Scholarship 2022,Submitted; Complete; Complete,Denied, , , , , , , , , , , , , , , , , , , , , , , , , , , , , , , ,Musheera,Neff
John and Fran Duke Scholarship 2022,Submitted; Complete; Complete; Complete,Denied, , , , , , , , , , , , , , , , , , , , , , , , , , , , , , , ,Saami,Mcgee
John and Fran Duke Scholarship 2022,Submitted; Complete; Complete,Denied, , , , , , , , , , , , , , , , , , , , , , , , , , , , , , , ,Norma,Lau
John and Fran Duke Scholarship 2022,Submitted; Complete; Complete,Denied, , , , , , , , , , , , , , , , , , , , , , , , , , , , , , , ,Brendan,el-Kaleel
John and Fran Duke Scholarship 2022,Submitted; Complete; Complete,Denied, , , , , , , , , , , , , , , , , , , , , , , , , , , , , , , ,Logan,Holst
John and Fran Duke Scholarship 2022,Submitted; Complete; Complete; Complete; Complete; Complete; Complete; Complete; Complete,Denied, , , , , , , , , , , , , , , , , , , , , , , , , , , ,Virginia Polytechnic Institute and State University, , , ,Travonta,Two Crow
John and Fran Duke Scholarship 2022,Submitted; Complete; Complete; Complete,Denied, , , , , , , , , , , , , , , , , , , , , , , , , , , , , , , ,Xavier,Ewing-Rhodes
John and Fran Duke Scholarship 2022,Submitted; Submitted; Complete,Denied, , , , , , , , , , , , , , , , , , , , , , , , , , , , , , , ,Aasiya,Caso
John and Fran Duke Scholarship 2022,Submitted; Complete; Complete; Complete,Denied, , , , , , , , , , , , , , , , , , , , , , , , , , , , , , , ,Tione,Huh
John and Fran Duke Scholarship 2022,Submitted; Complete; Complete,Denied, , , , , , , , , , , , , , , , , , , , , , , , , , , , , , , ,Denice,al-Hamad
John and Fran Duke Scholarship 2022,Submitted; Complete; Complete; Complete,Denied, , , , , , , , , , , , , , , , , , , , , , , , , , , , , , , ,Shawnia,Eriacho
John and Fran Duke Scholarship 2022,Submitted; Complete; Complete,Denied, , , , , , , , , , , , , , , , , , , , , , , , , , , , , , , ,Barathwaj,Soto
John and Fran Duke Scholarship 2022,Submitted; Complete; Complete; Complete,Denied, , , , , , , , , , , , , , , , , , , , , , , , , , , , , , , ,Karlos,Espino Aguilar
John and Fran Duke Scholarship 2022,Complete; Complete; Complete,Denied, , , , , , , , , , , , , , , , , , , , , , , , , , , , , , , ,Kameel,Jahner
John and Fran Duke Scholarship 2022,Complete; Complete; Complete,Denied, , , , , , , , , , , , , , , , , , , , , , , , , , , , , , , ,Kianna,Arens
John and Fran Duke Scholarship 2022,Submitted; Complete; Complete,Denied, , , , , , , , , , , , , , , , , , , , , , , , , , , , , , , ,Johnny,Acosta
John and Fran Duke Scholarship 2022,Submitted; Complete; Complete; Complete; Complete; Complete; Complete; Complete; Complete,Denied, , , , , , , , , , , , , , , , , , , , , , , , , , , ,University of Massachusetts at Boston, , , ,Elisah,Forney
John and Fran Duke Scholarship 2022,Complete; Complete; Complete,Denied, , , , , , , , , , , , , , , , , , , , , , , , , , , , , , , ,Travonta,al-Hariri
John and Fran Duke Scholarship 2022,Submitted; Complete; Complete,Denied, , , , , , , , , , , , , , , , , , , , , , , , , , , , , , , ,Picabo,al-Zaman
John and Fran Duke Scholarship 2022,Submitted; Complete; Complete,Denied, , , , , , , , , , , , , , , , , , , , , , , , , , , , , , , ,Samira,Anchondo
John and Fran Duke Scholarship 2022,Submitted; Complete; Complete,Denied, , , , , , , , , , , , , , , , , , , , , , , , , , , , , , , ,Elisah,Clyde
John and Fran Duke Scholarship 2022,Submitted; Complete; Complete,Denied, , , , , , , , , , , , , , , , , , , , , , , , , , , , , , , ,Dale,Amgalanbayar
John and Fran Duke Scholarship 2022,Submitted; Complete; Complete,Denied, , , , , , , , , , , , , , , , , , , , , , , , , , , , , , , ,Thamra,Ryen
John and Fran Duke Scholarship 2022,Submitted; Complete; Complete; Complete; Complete; Complete; Complete; Complete,Denied, , , , , , , , , , , , , , , , , , , , , , , , , , , , , , , ,Alfonso,el-Dawood
John and Fran Duke Scholarship 2022,Submitted; Complete; Complete,Denied, , , , , , , , , , , , , , , , , , , , , , , , , , , , , , , ,Saood,al-Eid
John and Fran Duke Scholarship 2022,Submitted; Complete; Complete,Denied, , , , , , , , , , , , , , , , , , , , , , , , , , , , , , , ,Roger,Higley
John and Fran Duke Scholarship 2022,Submitted; Complete; Complete; Complete,Denied, , , , , , , , , , , , , , , , , , , , , , , , , , , , , , , ,Najeem,Dionese
John and Fran Duke Scholarship 2022,Submitted; Complete; Complete; Complete,Denied, , , , , , , , , , , , , , , , , , , , , , , , , , , , , , , ,Ricky,Reeder
John and Fran Duke Scholarship 2022,Submitted; Complete; Complete; Complete,Denied, , , , , , , , , , , , , , , , , , , , , , , , , , , , , , , ,Ryker,Doucette
John and Fran Duke Scholarship 2022,Complete; Complete; Complete; Complete; Complete; Complete; Complete; Complete; Complete; Complete,Denied, , , , , , , , , , , , , , , , , , , , , , , , , , , ,Brandeis University, , , ,Aeneva,Murphy
John and Fran Duke Scholarship 2022,Complete; Complete; Complete,Denied, , , , , , , , , , , , , , , , , , , , , , , , , , , , , , , ,Erik,Tat
John and Fran Duke Scholarship 2022,Complete; Complete; Complete,Denied, , , , , , , , , , , , , , , , , , , , , , , , , , , , , , , ,Jeffery,al-Naqvi
John and Fran Duke Scholarship 2022,Submitted; Complete; Complete; Complete,Denied, , , , , , , , , , , , , , , , , , , , , , , , , , , , , , , ,Xai,Robertson
John and Fran Duke Scholarship 2022,Submitted; Complete; Complete; Complete,Denied, , , , , , , , , , , , , , , , , , , , , , , , , , , , , , , ,Khanh,al-Wali
John and Fran Duke Scholarship 2022,Submitted; Complete; Complete; Complete,Denied, , , , , , , , , , , , , , , , , , , , , , , , , , , , , , , ,Camrey,Merlos Solorzano
John and Fran Duke Scholarship 2022,Submitted; Complete; Complete; Complete,Denied, , , , , , , , , , , , , , , , , , , , , , , , , , , , , , , ,Katherin,Bilal
John and Fran Duke Scholarship 2022,Submitted; Complete; Complete,Denied, , , , , , , , , , , , , , , , , , , , , , , , , , , , , , , ,Larae,Bachler
John and Fran Duke Scholarship 2022,Complete; Complete; Complete,Denied, , , , , , , , , , , , , , , , , , , , , , , , , , , , , , , ,Kabao,al-Farran
John and Fran Duke Scholarship 2022,Submitted; Complete; Complete; Complete,Denied, , , , , , , , , , , , , , , , , , , , , , , , , , , , , , , ,Marqus,Daly
John and Fran Duke Scholarship 2022,Submitted; Complete; Complete; Complete; Complete; Complete; Complete; Complete; Complete,Denied, , , , , , , , , , , , , , , , , , , , , , , , , , , , , , , ,Jorden,Wendelin
John and Fran Duke Scholarship 2022,Submitted; Complete; Complete,Denied, , , , , , , , , , , , , , , , , , , , , , , , , , , , , , , ,Cole,Jefferson
John and Fran Duke Scholarship 2022,Submitted; Complete; Complete; Complete,Denied, , , , , , , , , , , , , , , , , , , , , , , , , , , , , , , ,Kristie,Gregg
John and Fran Duke Scholarship 2022,Submitted; Complete; Complete; Complete,Denied, , , , , , , , , , , , , , , , , , , , , , , , , , , , , , , ,Roderick,al-Akbari
John and Fran Duke Scholarship 2022,Submitted; Complete; Complete; Complete; Complete; Complete; Complete; Complete; Complete,Denied, , , , , , , , , , , , , , , , , , , , , , , , , , , ,University of Massachusetts at Amherst, , , ,Haaroon,Ramos-Rangel
John and Fran Duke Scholarship 2022,Submitted; Complete; Complete; Complete,Denied, , , , , , , , , , , , , , , , , , , , , , , , , , , , , , , ,Brenna,Yun
John and Fran Duke Scholarship 2022,Submitted; Complete; Complete,Denied, , , , , , , , , , , , , , , , , , , , , , , , , , , , , , , ,Mahbooba,Ocampo
John and Fran Duke Scholarship 2022,Submitted; Complete; Complete; Complete,Denied, , , , , , , , , , , , , , , , , , , , , , , , , , , , , , , ,Armonno,Mesa
John and Fran Duke Scholarship 2022,Submitted; Complete; Complete; Complete,Denied, , , , , , , , , , , , , , , , , , , , , , , , , , , , , , , ,Aasim,Nash
John and Fran Duke Scholarship 2022,Submitted; Complete; Complete,Denied, , , , , , , , , , , , , , , , , , , , , , , , , , , , , , , ,Emoni,Glenn-Bracey
John and Fran Duke Scholarship 2022,Submitted; Complete; Complete; Complete; Complete; Complete; Complete; Complete; Complete,Denied, , , , , , , , , , , , , , , , , , , , , , , , , , , ,Tuskegee University, , , ,Nooriyya,al-Kanan
John and Fran Duke Scholarship 2022,Submitted; Complete; Complete,Denied, , , , , , , , , , , , , , , , , , , , , , , , , , , , , , , ,Beau,Fuino
John and Fran Duke Scholarship 2022,Submitted; Complete; Complete,Denied, , , , , , , , , , , , , , , , , , , , , , , , , , , , , , , ,Maajid,Turman
John and Fran Duke Scholarship 2022,Submitted; Complete; Complete,Denied, , , , , , , , , , , , , , , , , , , , , , , , , , , , , , , ,Yadira,al-Ramadan
John and Fran Duke Scholarship 2022,Submitted; Complete; Complete,Denied, , , , , , , , , , , , , , , , , , , , , , , , , , , , , , , ,Fuaad,Hoshmand
John and Fran Duke Scholarship 2022,Submitted; Complete; Complete,Denied, , , , , , , , , , , , , , , , , , , , , , , , , , , , , , , ,Jalaal,Farrell
John and Fran Duke Scholarship 2022,Submitted; Complete; Complete,Denied, , , , , , , , , , , , , , , , , , , , , , , , , , , , , , , ,Howard,Amgalanbayar
John and Fran Duke Scholarship 2022,Submitted; Complete; Complete,Denied, , , , , , , , , , , , , , , , , , , , , , , , , , , , , , , ,Cyra,Farrell
John and Fran Duke Scholarship 2022,Submitted; Complete; Complete,Denied, , , , , , , , , , , , , , , , , , , , , , , , , , , , , , , ,Greggory,Martzloff
John and Fran Duke Scholarship 2022,Submitted; Complete; Complete; Complete; Complete; Complete; Complete; Complete; Complete,Denied, , , , , , , , , , , , , , , , , , , , , , , , , , , , , , , ,Zvi,Gast
John and Fran Duke Scholarship 2022,Submitted; Complete; Complete; Complete; Complete; Complete; Complete; Complete; Complete,Denied, , , , , , , , , , , , , , , , , , , , , , , , , , , ,University of Massachusetts at Amherst, , , ,Rasheeq,Lalonde
John and Fran Duke Scholarship 2022,Submitted; Complete; Complete,Denied, , , , , , , , , , , , , , , , , , , , , , , , , , , , , , , ,Cheyane,Lalonde
John and Fran Duke Scholarship 2022,Submitted; Complete; Complete,Denied, , , , , , , , , , , , , , , , , , , , , , , , , , , , , , , ,Maimoona,Fuqua
John and Fran Duke Scholarship 2022,Submitted; Complete; Complete,Denied, , , , , , , , , , , , , , , , , , , , , , , , , , , , , , , ,Darel,al-Hariri
John and Fran Duke Scholarship 2022,Complete; Complete; Complete,Denied, , , , , , , , , , , , , , , , , , , , , , , , , , , , , , , ,Jimmy,Morris
John and Fran Duke Scholarship 2022,Submitted; Complete; Complete,Denied, , , , , , , , , , , , , , , , , , , , , , , , , , , , , , , ,Tione,Simmons
John and Fran Duke Scholarship 2022,Submitted; Complete; Complete; Complete; Complete; Complete; Complete; Complete; Complete,Denied, , , , , , , , , , , , , , , , , , , , , , , , , , , ,University of Rhode Island, , , ,Meghin,al-Mahfouz
John and Fran Duke Scholarship 2022,Submitted; Complete; Complete; Complete,Denied, , , , , , , , , , , , , , , , , , , , , , , , , , , , , , , ,Lance,Chay
John and Fran Duke Scholarship 2022,Submitted; Submitted; Complete,Denied, , , , , , , , , , , , , , , , , , , , , , , , , , , , , , , ,Trina,Earnest
John and Fran Duke Scholarship 2022,Submitted; Complete; Complete,Denied, , , , , , , , , , , , , , , , , , , , , , , , , , , , , , , ,Haaniya,Viswaroopan
John and Fran Duke Scholarship 2022,Submitted; Complete; Complete,Denied, , , , , , , , , , , , , , , , , , , , , , , , , , , , , , , ,Yaasmeena,al-Abbas
John and Fran Duke Scholarship 2022,Submitted; Complete; Complete,Denied, , , , , , , , , , , , , , , , , , , , , , , , , , , , , , , ,Vishnu,Dishmon
John and Fran Duke Scholarship 2022,Submitted; Complete; Complete,Denied, , , , , , , , , , , , , , , , , , , , , , , , , , , , , , , ,Nuha,Crummett
John and Fran Duke Scholarship 2022,Submitted; Complete; Complete; Complete; Complete; Complete; Complete; Complete; Complete,Denied, , , , , , , , , , , , , , , , , , , , , , , , , , , ,Boston University, , , ,Mutammam,al-Ammar
John and Fran Duke Scholarship 2022,Submitted; Complete; Complete; Complete,Denied, , , , , , , , , , , , , , , , , , , , , , , , , , , , , , , ,Natasha,Worker
John and Fran Duke Scholarship 2022,Submitted; Complete; Complete; Complete; Complete; Complete; Complete; Complete; Complete,Denied, , , , , , , , , , , , , , , , , , , , , , , , , , , ,Suffolk University, , , ,Nabeel,Tagawa
John and Fran Duke Scholarship 2022,Complete; Complete; Complete; Complete; Complete; Complete; Complete; Complete; Complete; Complete; Complete; Complete; Complete; Complete,Denied, , , , , , , , , , , , , , , , , , , , , , , , , , , ,College of the Holy Cross, , , ,Wisaam,Hunnell
John and Fran Duke Scholarship 2022,Submitted; Complete; Complete; Complete; Complete; Complete; Complete; Complete; Complete,Denied, , , , , , , , , , , , , , , , , , , , , , , , , , , ,Boston University, , , ,Shania,Bryant-Townsell
John and Fran Duke Scholarship 2022,Submitted; Complete; Complete; Complete; Complete; Complete; Complete; Complete; Complete,Denied, , , , , , , , , , , , , , , , , , , , , , , , , , , ,Boston University, , , ,Colette,Forkell
John and Fran Duke Scholarship 2022,Submitted; Complete; Complete,Denied, , , , , , , , , , , , , , , , , , , , , , , , , , , , , , , ,Masroora,el-Dia
John and Fran Duke Scholarship 2022,Submitted; Complete; Complete,Denied, , , , , , , , , , , , , , , , , , , , , , , , , , , , , , , ,Curtis,Yeturu
John and Fran Duke Scholarship 2022,Complete; Complete; Complete,Denied, , , , , , , , , , , , , , , , , , , , , , , , , , , , , , , ,Tiana,el-Amin
John and Fran Duke Scholarship 2022,Complete; Complete; Complete,Denied, , , , , , , , , , , , , , , , , , , , , , , , , , , , , , , ,Monique,Hurd
John and Fran Duke Scholarship 2022,Submitted; Complete; Complete; Complete,Denied, , , , , , , , , , , , , , , , , , , , , , , , , , , , , , , ,Azamat,el-Jabbar
John and Fran Duke Scholarship 2022,Submitted; Complete; Complete,Denied, , , , , , , , , , , , , , , , , , , , , , , , , , , , , , , ,Yadira,Stansberry
John and Fran Duke Scholarship 2022,Submitted; Complete; Complete; Complete,Denied, , , , , , , , , , , , , , , , , , , , , , , , , , , , , , , ,Tamikah,Amgalanbayar
John and Fran Duke Scholarship 2022,Submitted; Complete; Complete,Denied, , , , , , , , , , , , , , , , , , , , , , , , , , , , , , , ,Treamon,Pammant
John and Fran Duke Scholarship 2022,Complete; Complete; Complete; Complete,Denied, , , , , , , , , , , , , , , , , , , , , , , , , , , , , , , ,Obdulia,Jacobs
John and Fran Duke Scholarship 2022,Submitted; Complete; Complete,Denied, , , , , , , , , , , , , , , , , , , , , , , , , , , , , , , ,Madison,Frandsen
John and Fran Duke Scholarship 2022,Submitted; Complete; Complete,Denied, , , , , , , , , , , , , , , , , , , , , , , , , , , , , , , ,Roderick,Bajwa
John and Fran Duke Scholarship 2022,Submitted; Complete; Complete; Complete; Complete; Complete; Complete; Complete; Complete,Denied, , , , , , , , , , , , , , , , , , , , , , , , , , , ,Drexel University, , , ,Jourdan,Perea
John and Fran Duke Scholarship 2022,Submitted; Complete; Complete; Complete; Complete; Complete; Complete; Complete; Complete,Denied, , , , , , , , , , , , , , , , , , , , , , , , , , , ,Worcester Polytechnic Institute, , , ,Maisara,Schippers
John and Fran Duke Scholarship 2022,Submitted; Complete; Complete,Denied, , , , , , , , , , , , , , , , , , , , , , , , , , , , , , , ,Debonair,Donels
John and Fran Duke Scholarship 2022,Submitted; Complete; Complete; Complete; Complete; Complete; Complete; Complete; Complete,Denied, , , , , , , , , , , , , , , , , , , , , , , , , , , , , , , ,Macella,el-Kader
John and Fran Duke Scholarship 2022,Submitted; Complete; Complete,Denied, , , , , , , , , , , , , , , , , , , , , , , , , , , , , , , ,Manaahil,Blanton
John and Fran Duke Scholarship 2022,Submitted; Complete; Complete,Denied, , , , , , , , , , , , , , , , , , , , , , , , , , , , , , , ,Shawnia,Rodri
John and Fran Duke Scholarship 2022,Submitted; Complete; Complete,Denied, , , , , , , , , , , , , , , , , , , , , , , , , , , , , , , ,Markus,Huger
John and Fran Duke Scholarship 2022,Submitted; Submitted; Complete,Denied, , , , , , , , , , , , , , , , , , , , , , , , , , , , , , , ,Karlos,Kraft
John and Fran Duke Scholarship 2022,Submitted; Complete; Complete,Denied, , , , , , , , , , , , , , , , , , , , , , , , , , , , , , , ,Monique,al-Amer
John and Fran Duke Scholarship 2022,Submitted; Complete; Complete,Denied, , , , , , , , , , , , , , , , , , , , , , , , , , , , , , , ,Hasana,Quach
John and Fran Duke Scholarship 2022,Submitted; Complete; Complete,Denied, , , , , , , , , , , , , , , , , , , , , , , , , , , , , , , ,Tuhfa,Vecellio
John and Fran Duke Scholarship 2022,Submitted; Complete; Complete; Complete,Denied, , , , , , , , , , , , , , , , , , , , , , , , , , , , , , , ,Eleazar,Freeman
John and Fran Duke Scholarship 2022,Submitted; Complete; Complete,Denied, , , , , , , , , , , , , , , , , , , , , , , , , , , , , , , ,Badruddeen,Eyre
John and Fran Duke Scholarship 2022,Submitted; Complete; Complete; Complete,Denied, , , , , , , , , , , , , , , , , , , , , , , , , , , , , , , ,Jessiah,Otgontulga
John and Fran Duke Scholarship 2022,Submitted; Complete; Complete,Denied, , , , , , , , , , , , , , , , , , , , , , , , , , , , , , , ,Sajiyya,al-Salek
John and Fran Duke Scholarship 2022,Submitted; Complete; Complete,Denied, , , , , , , , , , , , , , , , , , , , , , , , , , , , , , , ,Kitana,Deden
John and Fran Duke Scholarship 2022,Submitted; Complete; Complete; Complete; Complete,Denied, , , , , , , , , , , , , , , , , , , , , , , , , , , , , , , ,Kailey,Balogh
John and Fran Duke Scholarship 2022,Submitted; Complete; Complete,Denied, , , , , , , , , , , , , , , , , , , , , , , , , , , , , , , ,Jasper,James
John and Fran Duke Scholarship 2022,Submitted; Complete; Complete,Denied, , , , , , , , , , , , , , , , , , , , , , , , , , , , , , , ,Yongyee,al-Habib
John and Fran Duke Scholarship 2022,Submitted; Complete; Complete,Denied, , , , , , , , , , , , , , , , , , , , , , , , , , , , , , , ,Freddy,Aptidon
John and Fran Duke Scholarship 2022,Complete; Complete; Complete,Denied, , , , , , , , , , , , , , , , , , , , , , , , , , , , , , , ,Tre,Yamaguchi
John and Fran Duke Scholarship 2022,Submitted; Complete; Complete; Complete,Denied, , , , , , , , , , , , , , , , , , , , , , , , , , , , , , , ,Randy,el-Khalil
John and Fran Duke Scholarship 2022,Complete; Complete; Complete,Denied, , , , , , , , , , , , , , , , , , , , , , , , , , , , , , , ,Vincent,Simonson
John and Fran Duke Scholarship 2022,Submitted; Complete; Complete; Complete; Complete; Complete; Complete; Complete; Complete; Complete,Denied, , , , , , , , , , , , , , , , , , , , , , , , , , , ,Howard University, , , ,Funmilayo,Willow
John and Fran Duke Scholarship 2022,Submitted; Complete; Complete; Complete; Complete; Complete; Complete; Complete; Complete; Complete; Complete; Complete,Denied, , , , , , , , , , , , , , , , , , , , , , , , , , , , , , , ,Emonie,Schetgen
John and Fran Duke Scholarship 2022,Submitted; Complete; Complete,Denied, , , , , , , , , , , , , , , , , , , , , , , , , , , , , , , ,Thomas,Kemp
John and Fran Duke Scholarship 2022,Complete; Complete; Complete,Denied, , , , , , , , , , , , , , , , , , , , , , , , , , , , , , , ,Aimee,el-Hannan
John and Fran Duke Scholarship 2022,Submitted; Complete; Complete,Denied, , , , , , , , , , , , , , , , , , , , , , , , , , , , , , , ,Shelby,Hume
John and Fran Duke Scholarship 2022,Submitted; Complete; Complete,Denied, , , , , , , , , , , , , , , , , , , , , , , , , , , , , , , ,Cheyanne,Rumsey
John and Fran Duke Scholarship 2022,Submitted; Complete; Complete,Denied, , , , , , , , , , , , , , , , , , , , , , , , , , , , , , , ,Cordero,al-Idris
John and Fran Duke Scholarship 2022,Submitted; Submitted; Complete,Denied, , , , , , , , , , , , , , , , , , , , , , , , , , , , , , , ,Gabrielle,Powers
John and Fran Duke Scholarship 2022,Submitted; Complete; Complete,Denied, , , , , , , , , , , , , , , , , , , , , , , , , , , , , , , ,Mishaari,Gustafson
John and Fran Duke Scholarship 2022,Submitted; Complete; Complete,Denied, , , , , , , , , , , , , , , , , , , , , , , , , , , , , , , ,Azmi,Daly
John and Fran Duke Scholarship 2022,Submitted; Complete; Complete,Denied, , , , , , , , , , , , , , , , , , , , , , , , , , , , , , , ,Tammassha,Vazquez
John and Fran Duke Scholarship 2022,Submitted; Complete; Complete,Denied, , , , , , , , , , , , , , , , , , , , , , , , , , , , , , , ,Trina,Powell
John and Fran Duke Scholarship 2022,Submitted; Complete; Complete,Denied, , , , , , , , , , , , , , , , , , , , , , , , , , , , , , , ,Abiy,Rocha
John and Fran Duke Scholarship 2022,Submitted; Complete; Complete,Denied, , , , , , , , , , , , , , , , , , , , , , , , , , , , , , , ,L'Tazha,Lopez-Carrizales
John and Fran Duke Scholarship 2022,Submitted; Complete; Complete,Denied, , , , , , , , , , , , , , , , , , , , , , , , , , , , , , , ,Areli,al-Farha
John and Fran Duke Scholarship 2022,Complete; Complete; Complete; Complete,Denied, , , , , , , , , , , , , , , , , , , , , , , , , , , , , , , ,Samira,Slife
John and Fran Duke Scholarship 2022,Submitted; Complete; Complete,Denied, , , , , , , , , , , , , , , , , , , , , , , , , , , , , , , ,Kaalim,Urresti
John and Fran Duke Scholarship 2022,Submitted; Submitted; Complete,Denied, , , , , , , , , , , , , , , , , , , , , , , , , , , , , , , ,Vincente,Cruze
John and Fran Duke Scholarship 2022,Submitted; Complete; Complete,Denied, , , , , , , , , , , , , , , , , , , , , , , , , , , , , , , ,Quan,Headley
John and Fran Duke Scholarship 2022,Complete; Complete; Complete,Denied, , , , , , , , , , , , , , , , , , , , , , , , , , , , , , , ,Corissa,Mckoy
John and Fran Duke Scholarship 2022,Submitted; Complete; Complete,Denied, , , , , , , , , , , , , , , , , , , , , , , , , , , , , , , ,Davis,Townsend
John and Fran Duke Scholarship 2022,Submitted; Complete; Complete,Denied, , , , , , , , , , , , , , , , , , , , , , , , , , , , , , , ,Aubree,Steele
John and Fran Duke Scholarship 2022,Submitted; Complete; Complete; Complete,Denied, , , , , , , , , , , , , , , , , , , , , , , , , , , , , , , ,Julianna,Woods
John F. Freeland Memorial Scholarship 2022,Submitted; Complete; Complete; Complete; Complete; Complete; Complete; Complete; Complete; Complete,Denied, , , , , , , , , , , , , , , , , , , , , , , , , , , , , , , ,Jonet,el-Fadel
John F. Freeland Memorial Scholarship 2022,Submitted; Complete; Complete; Complete; Complete; Complete; Complete; Complete; Complete; Complete,Denied, , , , , , , , , , , , , , , , , , , , , , , , , , , , , , , ,Mutadi,Kennon
John F. Freeland Memorial Scholarship 2022,Submitted; Complete; Complete; Complete; Complete; Complete; Complete; Complete; Complete; Complete,Denied, , , , , , , , , , , , , , , , , , , , , , , , , , , , , , , ,Isela,el-Jaffer
John F. Freeland Memorial Scholarship 2022,Submitted; Complete; Complete; Complete; Complete; Complete; Complete; Complete; Complete; Complete; Complete,Denied, , , , , , , , , , , , , , , , , , , , , , , , , , , , , , , ,Saami,Mcgee
Joseph D. Early Scholarship 2022,Complete; Complete; Complete; Complete; Complete,Denied, , , , , , , , , , , , , , , , , , , , , , , , , , , , , , , ,Taeler,Van Lue
Joseph D. Early Scholarship 2022,Submitted; Complete; Complete,Denied, , , , , , , , , , , , , , , , , , , , , , , , , , , , , , , ,Garen,Miller
Joseph D. Early Scholarship 2022,Submitted; Complete; Complete; Complete,Denied, , , , , , , , , , , , , , , , , , , , , , , , , , , , , , , ,Andres,Sajopha
Joseph D. Early Scholarship 2022,Submitted; Complete; Complete,Denied, , , , , , , , , , , , , , , , , , , , , , , , , , , , , , , ,Desiree,Almdale
Joseph D. Early Scholarship 2022,Submitted; Complete; Complete,Denied, , , , , , , , , , , , , , , , , , , , , , , , , , , , , , , ,Isaiah,O'Neal
Joseph D. Early Scholarship 2022,Submitted; Complete; Complete; Complete,Denied, , , , , , , , , , , , , , , , , , , , , , , , , , , , , , , ,Mytruc,Hsu
Joseph D. Early Scholarship 2022,Submitted; Complete; Complete,Denied, , , , , , , , , , , , , , , , , , , , , , , , , , , , , , , ,Dustin,Jarvis
Joseph D. Early Scholarship 2022,Complete; Complete; Complete,Denied, , , , , , , , , , , , , , , , , , , , , , , , , , , , , , , ,Marisah,Starbird
Joseph D. Early Scholarship 2022,Submitted; Complete; Complete; Complete,Denied, , , , , , , , , , , , , , , , , , , , , , , , , , , , , , , ,Se Ra,el-Hosseini
Joseph D. Early Scholarship 2022,Submitted; Complete; Complete,Denied, , , , , , , , , , , , , , , , , , , , , , , , , , , , , , , ,Weston,Valles
Joseph D. Early Scholarship 2022,Submitted; Complete; Complete; Complete,Denied, , , , , , , , , , , , , , , , , , , , , , , , , , , , , , , ,Qaasim,Van Lue
Joseph D. Early Scholarship 2022,Submitted; Complete; Complete; Complete,Denied, , , , , , , , , , , , , , , , , , , , , , , , , , , , , , , ,Kelsey,Trinh
Joseph D. Early Scholarship 2022,Submitted; Complete; Complete,Denied, , , , , , , , , , , , , , , , , , , , , , , , , , , , , , , ,Trina,Otgontulga
Joseph D. Early Scholarship 2022,Complete; Complete; Complete; Complete,Denied, , , , , , , , , , , , , , , , , , , , , , , , , , , , , , , ,Sitaara,Amgalanbayar
Joseph D. Early Scholarship 2022,Submitted; Complete; Complete,Denied, , , , , , , , , , , , , , , , , , , , , , , , , , , , , , , ,Denice,al-Hamad
Joseph D. Early Scholarship 2022,Submitted; Complete; Complete; Complete,Denied, , , , , , , , , , , , , , , , , , , , , , , , , , , , , , , ,Shawnia,Eriacho
Joseph D. Early Scholarship 2022,Complete; Complete; Complete,Denied, , , , , , , , , , , , , , , , , , , , , , , , , , , , , , , ,Kianna,Arens
Joseph D. Early Scholarship 2022,Submitted; Complete; Complete,Denied, , , , , , , , , , , , , , , , , , , , , , , , , , , , , , , ,Elisah,Clyde
Joseph D. Early Scholarship 2022,Submitted; Complete; Complete; Complete,Denied, , , , , , , , , , , , , , , , , , , , , , , , , , , , , , , ,Kristie,Gregg
Joseph D. Early Scholarship 2022,Submitted; Complete; Complete,Denied, , , , , , , , , , , , , , , , , , , , , , , , , , , , , , , ,Howard,Amgalanbayar
Joseph D. Early Scholarship 2022,Submitted; Complete; Complete; Complete; Complete; Complete; Complete; Complete; Complete,Denied, , , , , , , , , , , , , , , , , , , , , , , , , , , ,University of Massachusetts at Amherst, , , ,Rasheeq,Lalonde
Joseph D. Early Scholarship 2022,Submitted; Complete; Complete,Denied, , , , , , , , , , , , , , , , , , , , , , , , , , , , , , , ,Maimoona,Fuqua
Joseph D. Early Scholarship 2022,Submitted; Complete; Complete,Denied, , , , , , , , , , , , , , , , , , , , , , , , , , , , , , , ,Darel,al-Hariri
Joseph D. Early Scholarship 2022,Submitted; Complete; Complete; Complete; Complete; Complete; Complete; Complete; Complete,Denied, , , , , , , , , , , , , , , , , , , , , , , , , , , ,University of Rhode Island, , , ,Meghin,al-Mahfouz
Joseph D. Early Scholarship 2022,Submitted; Complete; Complete; Complete,Denied, , , , , , , , , , , , , , , , , , , , , , , , , , , , , , , ,Lance,Chay
Joseph D. Early Scholarship 2022,Submitted; Complete; Complete,Denied, , , , , , , , , , , , , , , , , , , , , , , , , , , , , , , ,Haaniya,Viswaroopan
Joseph D. Early Scholarship 2022,Submitted; Complete; Complete,Denied, , , , , , , , , , , , , , , , , , , , , , , , , , , , , , , ,Vishnu,Dishmon
Joseph D. Early Scholarship 2022,Submitted; Complete; Complete,Denied, , , , , , , , , , , , , , , , , , , , , , , , , , , , , , , ,Nuha,Crummett
Joseph D. Early Scholarship 2022,Submitted; Complete; Complete; Complete; Complete; Complete; Complete; Complete; Complete,Denied, , , , , , , , , , , , , , , , , , , , , , , , , , , ,Boston University, , , ,Mutammam,al-Ammar
Joseph D. Early Scholarship 2022,Submitted; Complete; Complete; Complete,Denied, , , , , , , , , , , , , , , , , , , , , , , , , , , , , , , ,Natasha,Worker
Joseph D. Early Scholarship 2022,Submitted; Complete; Complete; Complete; Complete; Complete; Complete; Complete; Complete,Denied, , , , , , , , , , , , , , , , , , , , , , , , , , , ,Suffolk University, , , ,Nabeel,Tagawa
Joseph D. Early Scholarship 2022,Submitted; Complete; Complete; Complete; Complete; Complete; Complete; Complete; Complete,Denied, , , , , , , , , , , , , , , , , , , , , , , , , , , ,Boston University, , , ,Shania,Bryant-Townsell
Joseph D. Early Scholarship 2022,Submitted; Complete; Complete; Complete; Complete; Complete; Complete; Complete; Complete,Denied, , , , , , , , , , , , , , , , , , , , , , , , , , , ,Boston University, , , ,Colette,Forkell
Joseph D. Early Scholarship 2022,Submitted; Complete; Complete; Complete,Denied, , , , , , , , , , , , , , , , , , , , , , , , , , , , , , , ,Azamat,el-Jabbar
Joseph D. Early Scholarship 2022,Submitted; Complete; Complete; Complete,Denied, , , , , , , , , , , , , , , , , , , , , , , , , , , , , , , ,Tamikah,Amgalanbayar
Joseph D. Early Scholarship 2022,Submitted; Complete; Complete,Denied, , , , , , , , , , , , , , , , , , , , , , , , , , , , , , , ,Debonair,Donels
Joseph D. Early Scholarship 2022,Complete; Complete; Complete; Complete; Complete; Complete; Complete; Complete; Complete; Complete,Denied, , , , , , , , , , , , , , , , , , , , , , , , , , , ,Harvard University, , , ,Kaitlyn,Arviso-Aguirre
Joseph D. Early Scholarship 2022,Submitted; Complete; Complete; Complete; Complete,Denied, , , , , , , , , , , , , , , , , , , , , , , , , , , , , , , ,Kailey,Balogh
Joseph D. Early Scholarship 2022,Submitted; Complete; Complete,Denied, , , , , , , , , , , , , , , , , , , , , , , , , , , , , , , ,Jasper,James
Joseph D. Early Scholarship 2022,Submitted; Complete; Complete,Denied, , , , , , , , , , , , , , , , , , , , , , , , , , , , , , , ,Yongyee,al-Habib
Joseph D. Early Scholarship 2022,Submitted; Complete; Complete; Complete,Denied, , , , , , , , , , , , , , , , , , , , , , , , , , , , , , , ,Randy,el-Khalil
Joseph D. Early Scholarship 2022,Submitted; Complete; Complete; Complete; Complete; Complete; Complete; Complete; Complete; Complete,Denied, , , , , , , , , , , , , , , , , , , , , , , , , , , ,Howard University, , , ,Funmilayo,Willow
Joseph D. Early Scholarship 2022,Submitted; Complete; Complete,Denied, , , , , , , , , , , , , , , , , , , , , , , , , , , , , , , ,Areli,al-Farha
Joseph D. Early Scholarship 2022,Submitted; Complete; Complete; Complete; Complete; Complete; Complete; Complete,Denied, , , , , , , , , , , , , , , , , , , , , , , , , , , , , , , ,Alfonso,el-Dawood
Joseph F. and Claire L. Halvey Scholarship 2022,Submitted; Complete; Complete,Denied, , , , , , , , , , , , , , , , , , , , , , , , , , , , , , , ,Karissa,Deeming
Joseph F. and Claire L. Halvey Scholarship 2022,Complete; Complete; Complete; Complete; Complete,Denied, , , , , , , , , , , , , , , , , , , , , , , , , , , , , , , ,Taeler,Van Lue
Joseph F. and Claire L. Halvey Scholarship 2022,Submitted; Complete; Complete,Denied, , , , , , , , , , , , , , , , , , , , , , , , , , , , , , , ,Abdul Majeed,Del Rio
Joseph F. and Claire L. Halvey Scholarship 2022,Submitted; Complete; Complete; Complete; Complete; Complete; Complete; Complete; Complete,Denied, , , , , , , , , , , , , , , , , , , , , , , , , , , ,Assumption University, , , ,Pornchai,el-Pashia
Joseph F. and Claire L. Halvey Scholarship 2022,Submitted; Complete; Complete; Complete; Complete; Complete; Complete; Complete,Denied, , , , , , , , , , , , , , , , , , , , , , , , , , , , , , , ,Andres,Sajopha
Joseph F. and Claire L. Halvey Scholarship 2022,Submitted; Complete; Complete,Denied, , , , , , , , , , , , , , , , , , , , , , , , , , , , , , , ,Ationa,Halpine
Joseph F. and Claire L. Halvey Scholarship 2022,Submitted; Complete; Complete,Denied, , , , , , , , , , , , , , , , , , , , , , , , , , , , , , , ,Yadira,Lohr
Joseph F. and Claire L. Halvey Scholarship 2022,Submitted; Complete; Complete,Denied, , , , , , , , , , , , , , , , , , , , , , , , , , , , , , , ,Sankeerth,Majalca
Joseph F. and Claire L. Halvey Scholarship 2022,Submitted; Complete; Complete; Complete; Complete; Complete; Complete; Complete; Complete,Denied, , , , , , , , , , , , , , , , , , , , , , , , , , , ,Salem State University, , , ,Lavies,Um
Joseph F. and Claire L. Halvey Scholarship 2022,Complete; Complete; Complete; Complete,Denied, , , , , , , , , , , , , , , , , , , , , , , , , , , , , , , ,Mahbooba,Hankins
Joseph F. and Claire L. Halvey Scholarship 2022,Submitted; Complete; Complete,Denied, , , , , , , , , , , , , , , , , , , , , , , , , , , , , , , ,Pierre,Braun
Joseph F. and Claire L. Halvey Scholarship 2022,Submitted; Complete; Complete; Complete,Denied, , , , , , , , , , , , , , , , , , , , , , , , , , , , , , , ,Qaasim,Mendiola
Joseph F. and Claire L. Halvey Scholarship 2022,Complete; Complete; Complete,Denied, , , , , , , , , , , , , , , , , , , , , , , , , , , , , , , ,Azamat,Ablan
Joseph F. and Claire L. Halvey Scholarship 2022,Complete; Complete; Complete,Denied, , , , , , , , , , , , , , , , , , , , , , , , , , , , , , , ,Marisah,Starbird
Joseph F. and Claire L. Halvey Scholarship 2022,Submitted; Complete; Complete,Denied, , , , , , , , , , , , , , , , , , , , , , , , , , , , , , , ,Habeeba,Strobel
Joseph F. and Claire L. Halvey Scholarship 2022,Submitted; Complete; Complete,Denied, , , , , , , , , , , , , , , , , , , , , , , , , , , , , , , ,Maleeka,Chhoeun
Joseph F. and Claire L. Halvey Scholarship 2022,Complete; Complete; Complete,Denied, , , , , , , , , , , , , , , , , , , , , , , , , , , , , , , ,Kristian,Ball
Joseph F. and Claire L. Halvey Scholarship 2022,Submitted; Complete; Complete; Complete; Complete; Complete; Complete; Complete; Complete,Denied, , , , , , , , , , , , , , , , , , , , , , , , , , , ,Marymount University, , , ,Katelyn,Evison
Joseph F. and Claire L. Halvey Scholarship 2022,Submitted; Complete; Complete,Denied, , , , , , , , , , , , , , , , , , , , , , , , , , , , , , , ,Shawnia,Saeed
Joseph F. and Claire L. Halvey Scholarship 2022,Submitted; Complete; Complete,Denied, , , , , , , , , , , , , , , , , , , , , , , , , , , , , , , ,Davis,Atkins
Joseph F. and Claire L. Halvey Scholarship 2022,Submitted; Complete; Complete; Complete,Denied, , , , , , , , , , , , , , , , , , , , , , , , , , , , , , , ,Qaasim,Van Lue
Joseph F. and Claire L. Halvey Scholarship 2022,Submitted; Complete; Complete; Complete,Denied, , , , , , , , , , , , , , , , , , , , , , , , , , , , , , , ,Melyzjah,Fresques
Joseph F. and Claire L. Halvey Scholarship 2022,Submitted; Complete; Complete; Complete; Complete; Complete; Complete; Complete,Denied, , , , , , , , , , , , , , , , , , , , , , , , , , , , , , , ,Kelsey,Trinh
Joseph F. and Claire L. Halvey Scholarship 2022,Complete; Complete; Complete; Complete,Denied, , , , , , , , , , , , , , , , , , , , , , , , , , , , , , , ,Whitnie,el-Bari
Joseph F. and Claire L. Halvey Scholarship 2022,Submitted; Complete; Complete,Denied, , , , , , , , , , , , , , , , , , , , , , , , , , , , , , , ,Khawla,Payton
Joseph F. and Claire L. Halvey Scholarship 2022,Complete; Complete; Complete; Complete,Denied, , , , , , , , , , , , , , , , , , , , , , , , , , , , , , , ,Sitaara,Amgalanbayar
Joseph F. and Claire L. Halvey Scholarship 2022,Complete; Complete; Complete,Denied, , , , , , , , , , , , , , , , , , , , , , , , , , , , , , , ,Xai,Lamar
Joseph F. and Claire L. Halvey Scholarship 2022,Submitted; Complete; Complete; Complete,Denied, , , , , , , , , , , , , , , , , , , , , , , , , , , , , , , ,Tione,Huh
Joseph F. and Claire L. Halvey Scholarship 2022,Submitted; Complete; Complete,Denied, , , , , , , , , , , , , , , , , , , , , , , , , , , , , , , ,Denice,al-Hamad
Joseph F. and Claire L. Halvey Scholarship 2022,Submitted; Complete; Complete; Complete,Denied, , , , , , , , , , , , , , , , , , , , , , , , , , , , , , , ,Shawnia,Eriacho
Joseph F. and Claire L. Halvey Scholarship 2022,Submitted; Complete; Complete,Denied, , , , , , , , , , , , , , , , , , , , , , , , , , , , , , , ,Fawz,al-Hoque
Joseph F. and Claire L. Halvey Scholarship 2022,Submitted; Complete; Complete,Denied, , , , , , , , , , , , , , , , , , , , , , , , , , , , , , , ,Elisah,Clyde
Joseph F. and Claire L. Halvey Scholarship 2022,Submitted; Complete; Complete; Complete,Denied, , , , , , , , , , , , , , , , , , , , , , , , , , , , , , , ,Nabeel,Dye
Joseph F. and Claire L. Halvey Scholarship 2022,Complete; Complete; Complete,Denied, , , , , , , , , , , , , , , , , , , , , , , , , , , , , , , ,Yadira,Mathewes
Joseph F. and Claire L. Halvey Scholarship 2022,Submitted; Complete; Complete; Complete,Denied, , , , , , , , , , , , , , , , , , , , , , , , , , , , , , , ,Marqus,Daly
Joseph F. and Claire L. Halvey Scholarship 2022,Submitted; Complete; Complete; Complete; Complete; Complete; Complete; Complete; Complete,Denied, , , , , , , , , , , , , , , , , , , , , , , , , , , ,University of Massachusetts at Amherst, , , ,Ethan,Gallemore
Joseph F. and Claire L. Halvey Scholarship 2022,Submitted; Complete; Complete; Complete,Denied, , , , , , , , , , , , , , , , , , , , , , , , , , , , , , , ,Jorden,Wendelin
Joseph F. and Claire L. Halvey Scholarship 2022,Submitted; Complete; Complete,Denied, , , , , , , , , , , , , , , , , , , , , , , , , , , , , , , ,Monique,Case
Joseph F. and Claire L. Halvey Scholarship 2022,Submitted; Complete; Complete,Denied, , , , , , , , , , , , , , , , , , , , , , , , , , , , , , , ,Molly,Jasper
Joseph F. and Claire L. Halvey Scholarship 2022,Submitted; Complete; Complete,Denied, , , , , , , , , , , , , , , , , , , , , , , , , , , , , , , ,Jennis,Jasper
Joseph F. and Claire L. Halvey Scholarship 2022,Submitted; Complete; Complete; Complete,Denied, , , , , , , , , , , , , , , , , , , , , , , , , , , , , , , ,Aasim,Nash
Joseph F. and Claire L. Halvey Scholarship 2022,Submitted; Complete; Complete,Denied, , , , , , , , , , , , , , , , , , , , , , , , , , , , , , , ,Beau,Fuino
Joseph F. and Claire L. Halvey Scholarship 2022,Submitted; Complete; Complete; Complete,Denied, , , , , , , , , , , , , , , , , , , , , , , , , , , , , , , ,Norma,Wade
Joseph F. and Claire L. Halvey Scholarship 2022,Submitted; Complete; Complete,Denied, , , , , , , , , , , , , , , , , , , , , , , , , , , , , , , ,Fuaad,Hoshmand
Joseph F. and Claire L. Halvey Scholarship 2022,Submitted; Complete; Complete,Denied, , , , , , , , , , , , , , , , , , , , , , , , , , , , , , , ,Greggory,Martzloff
Joseph F. and Claire L. Halvey Scholarship 2022,Submitted; Complete; Complete; Complete; Complete; Complete; Complete; Complete; Complete; Complete; Complete; Complete; Complete,Denied, , , , , , , , , , , , , , , , , , , , , , , , , , , ,University of Massachusetts at Amherst, , , ,Rasheeq,Lalonde
Joseph F. and Claire L. Halvey Scholarship 2022,Submitted; Complete; Complete,Denied, , , , , , , , , , , , , , , , , , , , , , , , , , , , , , , ,Maimoona,Fuqua
Joseph F. and Claire L. Halvey Scholarship 2022,Submitted; Complete; Complete,Denied, , , , , , , , , , , , , , , , , , , , , , , , , , , , , , , ,Darel,al-Hariri
Joseph F. and Claire L. Halvey Scholarship 2022,Submitted; Complete; Complete,Denied, , , , , , , , , , , , , , , , , , , , , , , , , , , , , , , ,Junaid,Woo
Joseph F. and Claire L. Halvey Scholarship 2022,Submitted; Complete; Complete; Complete; Complete; Complete; Complete; Complete; Complete,Denied, , , , , , , , , , , , , , , , , , , , , , , , , , , ,University of New Haven, , , ,Russell,Pettit
Joseph F. and Claire L. Halvey Scholarship 2022,Submitted; Complete; Complete,Denied, , , , , , , , , , , , , , , , , , , , , , , , , , , , , , , ,Tione,Simmons
Joseph F. and Claire L. Halvey Scholarship 2022,Submitted; Complete; Complete; Complete,Denied, , , , , , , , , , , , , , , , , , , , , , , , , , , , , , , ,Lance,Chay
Joseph F. and Claire L. Halvey Scholarship 2022,Submitted; Complete; Complete,Denied, , , , , , , , , , , , , , , , , , , , , , , , , , , , , , , ,Haaniya,Viswaroopan
Joseph F. and Claire L. Halvey Scholarship 2022,Submitted; Complete; Complete,Denied, , , , , , , , , , , , , , , , , , , , , , , , , , , , , , , ,Yaasmeena,al-Abbas
Joseph F. and Claire L. Halvey Scholarship 2022,Submitted; Complete; Complete; Complete; Complete; Complete; Complete,Denied, , , , , , , , , , , , , , , , , , , , , , , , , , , , , , , ,Vishnu,Dishmon
Joseph F. and Claire L. Halvey Scholarship 2022,Submitted; Complete; Complete; Complete; Complete; Complete; Complete; Complete; Complete,Denied, , , , , , , , , , , , , , , , , , , , , , , , , , , ,Boston University, , , ,Mutammam,al-Ammar
Joseph F. and Claire L. Halvey Scholarship 2022,Submitted; Complete; Complete; Complete,Denied, , , , , , , , , , , , , , , , , , , , , , , , , , , , , , , ,Natasha,Worker
Joseph F. and Claire L. Halvey Scholarship 2022,Submitted; Complete; Complete; Complete; Complete; Complete; Complete; Complete; Complete,Denied, , , , , , , , , , , , , , , , , , , , , , , , , , , ,Suffolk University, , , ,Nabeel,Tagawa
Joseph F. and Claire L. Halvey Scholarship 2022,Submitted; Complete; Complete,Denied, , , , , , , , , , , , , , , , , , , , , , , , , , , , , , , ,Sam,Dorrance
Joseph F. and Claire L. Halvey Scholarship 2022,Submitted; Complete; Complete; Complete; Complete; Complete; Complete; Complete; Complete,Denied, , , , , , , , , , , , , , , , , , , , , , , , , , , ,Boston University, , , ,Shania,Bryant-Townsell
Joseph F. and Claire L. Halvey Scholarship 2022,Submitted; Complete; Complete; Complete; Complete; Complete; Complete; Complete; Complete; Complete; Complete; Complete; Complete,Denied, , , , , , , , , , , , , , , , , , , , , , , , , , , ,Boston University, , , ,Colette,Forkell
Joseph F. and Claire L. Halvey Scholarship 2022,Submitted; Complete; Complete; Complete,Denied, , , , , , , , , , , , , , , , , , , , , , , , , , , , , , , ,Tamikah,Amgalanbayar
Joseph F. and Claire L. Halvey Scholarship 2022,Submitted; Complete; Complete,Denied, , , , , , , , , , , , , , , , , , , , , , , , , , , , , , , ,Souphakone,Woodard
Joseph F. and Claire L. Halvey Scholarship 2022,Submitted; Complete; Complete,Denied, , , , , , , , , , , , , , , , , , , , , , , , , , , , , , , ,Xavier,Lagunas
Joseph F. and Claire L. Halvey Scholarship 2022,Submitted; Complete; Complete,Denied, , , , , , , , , , , , , , , , , , , , , , , , , , , , , , , ,Debonair,Donels
Joseph F. and Claire L. Halvey Scholarship 2022,Submitted; Complete; Complete; Complete; Complete; Complete; Complete; Complete; Complete,Denied, , , , , , , , , , , , , , , , , , , , , , , , , , , , , , , ,Macella,el-Kader
Joseph F. and Claire L. Halvey Scholarship 2022,Submitted; Complete; Complete,Denied, , , , , , , , , , , , , , , , , , , , , , , , , , , , , , , ,Manaahil,Blanton
Joseph F. and Claire L. Halvey Scholarship 2022,Submitted; Complete; Complete,Denied, , , , , , , , , , , , , , , , , , , , , , , , , , , , , , , ,Shawnia,Rodri
Joseph F. and Claire L. Halvey Scholarship 2022,Submitted; Complete; Complete,Denied, , , , , , , , , , , , , , , , , , , , , , , , , , , , , , , ,Yadira,al-Jan
Joseph F. and Claire L. Halvey Scholarship 2022,Submitted; Complete; Complete,Denied, , , , , , , , , , , , , , , , , , , , , , , , , , , , , , , ,Russell,Murrish
Joseph F. and Claire L. Halvey Scholarship 2022,Submitted; Complete; Complete,Denied, , , , , , , , , , , , , , , , , , , , , , , , , , , , , , , ,Khongmong,Neighbors
Joseph F. and Claire L. Halvey Scholarship 2022,Submitted; Complete; Complete; Complete,Denied, , , , , , , , , , , , , , , , , , , , , , , , , , , , , , , ,Mareeon,Graves
Joseph F. and Claire L. Halvey Scholarship 2022,Submitted; Complete; Complete; Complete,Denied, , , , , , , , , , , , , , , , , , , , , , , , , , , , , , , ,Munisa,Kirbow
Joseph F. and Claire L. Halvey Scholarship 2022,Submitted; Complete; Complete; Complete; Complete,Denied, , , , , , , , , , , , , , , , , , , , , , , , , , , , , , , ,Sultana,Caudillo
Joseph F. and Claire L. Halvey Scholarship 2022,Submitted; Complete; Complete; Complete; Complete; Complete; Complete; Complete; Complete,Denied, , , , , , , , , , , , , , , , , , , , , , , , , , , , , , , ,Kailey,Balogh
Joseph F. and Claire L. Halvey Scholarship 2022,Submitted; Complete; Complete,Denied, , , , , , , , , , , , , , , , , , , , , , , , , , , , , , , ,Jaime,Baumann
Joseph F. and Claire L. Halvey Scholarship 2022,Submitted; Complete; Complete; Complete; Complete; Complete; Complete; Complete; Complete; Complete,Denied, , , , , , , , , , , , , , , , , , , , , , , , , , , ,Howard University, , , ,Funmilayo,Willow
Joseph F. and Claire L. Halvey Scholarship 2022,Submitted; Complete; Complete; Complete; Complete; Complete; Complete,Denied, , , , , , , , , , , , , , , , , , , , , , , , , , , , , , , ,Emonie,Schetgen
Joseph F. and Claire L. Halvey Scholarship 2022,Submitted; Complete; Complete,Denied, , , , , , , , , , , , , , , , , , , , , , , , , , , , , , , ,Shafaaa,el-Salih
Joseph F. and Claire L. Halvey Scholarship 2022,Submitted; Complete; Complete; Complete,Denied, , , , , , , , , , , , , , , , , , , , , , , , , , , , , , , ,Najeem,Gregory
Joseph F. and Claire L. Halvey Scholarship 2022,Submitted; Complete; Complete,Denied, , , , , , , , , , , , , , , , , , , , , , , , , , , , , , , ,Azmi,Daly
Joseph F. and Claire L. Halvey Scholarship 2022,Submitted; Complete; Complete,Denied, , , , , , , , , , , , , , , , , , , , , , , , , , , , , , , ,Tammassha,Vazquez
Joseph F. and Claire L. Halvey Scholarship 2022,Submitted; Complete; Complete,Denied, , , , , , , , , , , , , , , , , , , , , , , , , , , , , , , ,Trina,Powell
Joseph F. and Claire L. Halvey Scholarship 2022,Submitted; Complete; Complete,Denied, , , , , , , , , , , , , , , , , , , , , , , , , , , , , , , ,L'Tazha,Lopez-Carrizales
Joseph F. and Claire L. Halvey Scholarship 2022,Complete; Complete; Complete,Denied, , , , , , , , , , , , , , , , , , , , , , , , , , , , , , , ,Corissa,Mckoy
Joseph F. and Claire L. Halvey Scholarship 2022,Submitted; Complete; Complete; Complete; Complete; Complete; Complete; Complete,Denied, , , , , , , , , , , , , , , , , , , , , , , , , , , , , , , ,Alfonso,el-Dawood
Kathleen Terry Memorial Scholarship 2022,Submitted; Complete; Complete,Denied, , , , , , , , , , , , , , , , , , , , , , , , , , , , , , , ,Tyrelle,el-Salahuddin
Kathleen Terry Memorial Scholarship 2022,Submitted; Complete; Complete,Denied, , , , , , , , , , , , , , , , , , , , , , , , , , , , , , , ,Derrick,Roybal
Kathleen Terry Memorial Scholarship 2022,Complete; Complete; Complete,Denied, , , , , , , , , , , , , , , , , , , , , , , , , , , , , , , ,Xai,Kearns
Kathleen Terry Memorial Scholarship 2022,Submitted; Complete; Complete,Denied, , , , , , , , , , , , , , , , , , , , , , , , , , , , , , , ,Tyrelle,Sharp
Kathleen Terry Memorial Scholarship 2022,Submitted; Complete; Complete; Complete; Complete; Complete; Complete; Complete,Denied, , , , , , , , , , , , , , , , , , , , , , , , , , , , , , , ,Khawla,Payton
Kathleen Terry Memorial Scholarship 2022,Submitted; Complete; Complete; Complete; Complete; Complete; Complete; Complete,Denied, , , , , , , , , , , , , , , , , , , , , , , , , , , , , , , ,Xai,Jones-Robnett
Kathleen Terry Memorial Scholarship 2022,Submitted; Complete; Complete; Complete; Complete; Complete; Complete; Complete,Denied, , , , , , , , , , , , , , , , , , , , , , , , , , , , , , , ,Carina,Rutherford
Kathleen Terry Memorial Scholarship 2022,Complete; Complete; Complete; Complete; Complete; Complete; Complete; Complete,Denied, , , , , , , , , , , , , , , , , , , , , , , , , , , , , , , ,Ignacio,Makaiwi
Kathleen Terry Memorial Scholarship 2022,Submitted; Complete; Complete; Complete; Complete; Complete; Complete; Complete,Denied, , , , , , , , , , , , , , , , , , , , , , , , , , , , , , , ,Safwaan,al-Shaheen
Kelly A. Davis Memorial Scholarship 2022,Submitted; Complete; Complete,Denied, , , , , , , , , , , , , , , , , , , , , , , , , , , , , , , ,Dhaafir,Niblet
Kelly A. Davis Memorial Scholarship 2022,Submitted; Complete; Complete; Complete; Complete; Complete; Complete,Denied, , , , , , , , , , , , , , , , , , , , , , , , , , , , , , , ,Jeni,Payne
Kelly A. Davis Memorial Scholarship 2022,Submitted; Complete; Complete; Complete; Complete; Complete; Complete,Denied, , , , , , , , , , , , , , , , , , , , , , , , , , , , , , , ,Haaritha,Boyce
Kelly A. Davis Memorial Scholarship 2022,Submitted; Complete; Complete; Complete; Complete; Complete; Complete; Complete; Complete; Complete; Complete; Complete; Complete,Denied, , , , , , , , , , , , , , , , , , , , , , , , , , , ,University of Massachusetts at Amherst, , , ,Alexxis,Cellars
Kelly A. Davis Memorial Scholarship 2022,Submitted; Complete; Complete,Denied, , , , , , , , , , , , , , , , , , , , , , , , , , , , , , , ,Colette,Hazel
Kelly A. Davis Memorial Scholarship 2022,Submitted; Complete; Complete,Denied, , , , , , , , , , , , , , , , , , , , , , , , , , , , , , , ,Shawqi,Kinchlow
Kelly A. Davis Memorial Scholarship 2022,Submitted; Complete; Complete; Complete; Complete; Complete; Complete,Denied, , , , , , , , , , , , , , , , , , , , , , , , , , , , , , , ,Lana,Harshberger
Kelly A. Davis Memorial Scholarship 2022,Submitted; Complete; Complete,Denied, , , , , , , , , , , , , , , , , , , , , , , , , , , , , , , ,Adham,al-Raad
Kelly A. Davis Memorial Scholarship 2022,Submitted; Complete; Complete; Complete,Denied, , , , , , , , , , , , , , , , , , , , , , , , , , , , , , , ,Sonya,Mason
Kelly A. Davis Memorial Scholarship 2022,Submitted; Complete; Complete; Complete; Complete; Complete; Complete,Denied, , , , , , , , , , , , , , , , , , , , , , , , , , , , , , , ,Vincente,Chacon Jr
Kelly A. Davis Memorial Scholarship 2022,Submitted; Complete; Complete,Denied, , , , , , , , , , , , , , , , , , , , , , , , , , , , , , , ,Khongmong,Booker
Ken and Pat Jones Scholarship 2022,Submitted; Complete; Complete,Denied, , , , , , , , , , , , , , , , , , , , , , , , , , , , , , , ,Izzaddeen,Hasan
Ken and Pat Jones Scholarship 2022,Submitted; Complete; Complete; Complete,Denied, , , , , , , , , , , , , , , , , , , , , , , , , , , , , , , ,Teresa,al-Hariri
Ken and Pat Jones Scholarship 2022,Complete; Complete; Complete; Complete; Complete; Complete; Complete,Denied, , , , , , , , , , , , , , , , , , , , , , , , , , , ,Boston University, , , ,Essence,Farris
Ken and Pat Jones Scholarship 2022,Complete; Complete; Complete,Denied, , , , , , , , , , , , , , , , , , , , , , , , , , , , , , , ,Talia,Yamasaki
Ken and Pat Jones Scholarship 2022,Submitted; Complete; Complete,Denied, , , , , , , , , , , , , , , , , , , , , , , , , , , , , , , ,Ohitike,O'Rell
Ken and Pat Jones Scholarship 2022,Submitted; Complete; Complete; Complete; Complete; Complete; Complete; Complete; Complete,Denied, , , , , , , , , , , , , , , , , , , , , , , , , , , , , , , ,Uthmaa N,Roberson
Ken and Pat Jones Scholarship 2022,Complete; Complete; Complete,Denied, , , , , , , , , , , , , , , , , , , , , , , , , , , , , , , ,Xai,Rauer
Ken and Pat Jones Scholarship 2022,Submitted; Complete; Complete,Denied, , , , , , , , , , , , , , , , , , , , , , , , , , , , , , , ,Nam,Lopez Cruz
Ken and Pat Jones Scholarship 2022,Submitted; Complete; Complete,Denied, , , , , , , , , , , , , , , , , , , , , , , , , , , , , , , ,Kelcee,Mitsuhashi
Ken and Pat Jones Scholarship 2022,Submitted; Submitted; Complete,Denied, , , , , , , , , , , , , , , , , , , , , , , , , , , , , , , ,Benjamin,Peacock
Ken and Pat Jones Scholarship 2022,Submitted; Complete; Complete,Denied, , , , , , , , , , , , , , , , , , , , , , , , , , , , , , , ,Sofia,Krabbe
Ken and Pat Jones Scholarship 2022,Submitted; Complete; Complete,Denied, , , , , , , , , , , , , , , , , , , , , , , , , , , , , , , ,Chykeiljah,Longwing
Ken and Pat Jones Scholarship 2022,Submitted; Complete; Complete; Complete; Complete; Complete; Complete; Complete; Complete,Denied, , , , , , , , , , , , , , , , , , , , , , , , , , , , , , , ,Qaasim,Boddiger
Ken and Pat Jones Scholarship 2022,Submitted; Complete; Complete; Complete,Denied, , , , , , , , , , , , , , , , , , , , , , , , , , , , , , , ,Anjel,el-Sesay
Ken and Pat Jones Scholarship 2022,Submitted; Complete; Complete,Denied, , , , , , , , , , , , , , , , , , , , , , , , , , , , , , , ,Samira,Graves
Ken and Pat Jones Scholarship 2022,Submitted; Complete; Complete,Denied, , , , , , , , , , , , , , , , , , , , , , , , , , , , , , , ,Qaasim,Mateo
Ken and Pat Jones Scholarship 2022,Submitted; Complete; Complete,Denied, , , , , , , , , , , , , , , , , , , , , , , , , , , , , , , ,Arafaat,Penny
Ken and Pat Jones Scholarship 2022,Submitted; Complete; Complete,Denied, , , , , , , , , , , , , , , , , , , , , , , , , , , , , , , ,Kentorra,Vidal
Ken and Pat Jones Scholarship 2022,Submitted; Complete; Complete,Denied, , , , , , , , , , , , , , , , , , , , , , , , , , , , , , , ,Heroki,Baird
Ken and Pat Jones Scholarship 2022,Complete; Complete; Complete; Complete; Complete; Complete; Complete; Complete; Complete,Denied, , , , , , , , , , , , , , , , , , , , , , , , , , , ,Worcester State University, , , ,Sahel,Bugarin Jr
Ken and Pat Jones Scholarship 2022,Submitted; Complete; Complete; Complete; Complete; Complete; Complete; Complete; Complete,Denied, , , , , , , , , , , , , , , , , , , , , , , , , , , , , , , ,Adiam,Babcock
Ken and Pat Jones Scholarship 2022,Submitted; Complete; Complete,Denied, , , , , , , , , , , , , , , , , , , , , , , , , , , , , , , ,Sheena,Holladay
Ken and Pat Jones Scholarship 2022,Submitted; Complete; Complete; Complete,Denied, , , , , , , , , , , , , , , , , , , , , , , , , , , , , , , ,Emmanuel,Ginsberg
Ken and Pat Jones Scholarship 2022,Submitted; Complete; Complete,Denied, , , , , , , , , , , , , , , , , , , , , , , , , , , , , , , ,Azhaar,Dewberry
Ken and Pat Jones Scholarship 2022,Complete; Complete; Complete,Denied, , , , , , , , , , , , , , , , , , , , , , , , , , , , , , , ,Sushmita,Sanni
Ken and Pat Jones Scholarship 2022,Submitted; Complete; Complete,Denied, , , , , , , , , , , , , , , , , , , , , , , , , , , , , , , ,Barathwaj,Soto
Ken and Pat Jones Scholarship 2022,Complete; Complete; Complete; Complete; Complete; Complete; Complete; Complete; Complete,Denied, , , , , , , , , , , , , , , , , , , , , , , , , , , , , , , ,Kameel,Jahner
Ken and Pat Jones Scholarship 2022,Submitted; Submitted; Complete,Denied, , , , , , , , , , , , , , , , , , , , , , , , , , , , , , , ,Kailee,Torres
Ken and Pat Jones Scholarship 2022,Submitted; Complete; Complete; Complete; Complete; Complete; Complete; Complete; Complete; Complete,Denied, , , , , , , , , , , , , , , , , , , , , , , , , , , , , , , ,Katherin,Bilal
Ken and Pat Jones Scholarship 2022,Submitted; Complete; Complete,Denied, , , , , , , , , , , , , , , , , , , , , , , , , , , , , , , ,"Jam,Aan",Lacuesta
Ken and Pat Jones Scholarship 2022,Complete; Complete; Complete; Complete; Complete; Complete; Complete; Complete; Complete,Denied, , , , , , , , , , , , , , , , , , , , , , , , , , , , , , , ,Camrey,Niblet
Ken and Pat Jones Scholarship 2022,Submitted; Complete; Complete; Complete; Complete; Complete; Complete; Complete; Complete; Complete,Denied, , , , , , , , , , , , , , , , , , , , , , , , , , , , , , , ,Shawnquelle,Malone-Rogers
Ken and Pat Jones Scholarship 2022,Complete; Complete; Complete,Denied, , , , , , , , , , , , , , , , , , , , , , , , , , , , , , , ,Rahma,Cordero
Ken and Pat Jones Scholarship 2022,Complete; Complete; Complete,Denied, , , , , , , , , , , , , , , , , , , , , , , , , , , , , , , ,Abdul Lateef,Guajardo
Ken and Pat Jones Scholarship 2022,Submitted; Complete; Complete; Complete; Complete; Complete; Complete; Complete; Complete,Denied, , , , , , , , , , , , , , , , , , , , , , , , , , , ,University of Massachusetts at Amherst, , , ,Kiduse,Rivera
Ken and Pat Jones Scholarship 2022,Submitted; Complete; Complete,Denied, , , , , , , , , , , , , , , , , , , , , , , , , , , , , , , ,Roger,Tipton
Ken and Pat Jones Scholarship 2022,Complete; Complete; Complete,Denied, , , , , , , , , , , , , , , , , , , , , , , , , , , , , , , ,Emilio,Narciso Salgado
Ken and Pat Jones Scholarship 2022,Submitted; Complete; Complete,Denied, , , , , , , , , , , , , , , , , , , , , , , , , , , , , , , ,Trina,el-Nagi
Ken and Pat Jones Scholarship 2022,Submitted; Complete; Complete; Complete,Denied, , , , , , , , , , , , , , , , , , , , , , , , , , , , , , , ,Shabeeba,al-Obeid
Ken and Pat Jones Scholarship 2022,Submitted; Complete; Complete; Complete; Complete; Complete; Complete; Complete; Complete; Complete,Denied, , , , , , , , , , , , , , , , , , , , , , , , , , , ,Endicott College, , , ,Zaamil,Peterman
Ken and Pat Jones Scholarship 2022,Submitted; Complete; Complete; Complete,Denied, , , , , , , , , , , , , , , , , , , , , , , , , , , , , , , ,Russell,Quijano
Ken and Pat Jones Scholarship 2022,Submitted; Complete; Complete,Denied, , , , , , , , , , , , , , , , , , , , , , , , , , , , , , , ,Myneshia,Koskovich
Ken and Pat Jones Scholarship 2022,Submitted; Complete; Complete; Complete,Denied, , , , , , , , , , , , , , , , , , , , , , , , , , , , , , , ,Sonya,Mason
Ken and Pat Jones Scholarship 2022,Submitted; Complete; Complete,Denied, , , , , , , , , , , , , , , , , , , , , , , , , , , , , , , ,Jarvis,Bribiesca
Ken and Pat Jones Scholarship 2022,Submitted; Complete; Complete; Complete,Denied, , , , , , , , , , , , , , , , , , , , , , , , , , , , , , , ,Eleazar,Freeman
Ken and Pat Jones Scholarship 2022,Submitted; Complete; Complete,Denied, , , , , , , , , , , , , , , , , , , , , , , , , , , , , , , ,Kent,Martinez Martin
Ken and Pat Jones Scholarship 2022,Submitted; Complete; Complete; Complete; Complete; Complete; Complete; Complete; Complete,Denied, , , , , , , , , , , , , , , , , , , , , , , , , , , , , , , ,Monique,Dougherty
Ken and Pat Jones Scholarship 2022,Submitted; Complete; Complete,Denied, , , , , , , , , , , , , , , , , , , , , , , , , , , , , , , ,Demetrius,Grant
L.W.V.O. Memorial Scholarship 2022,Submitted; Complete; Complete,Denied, , , , , , , , , , , , , , , , , , , , , , , , , , , , , , , ,Norma,Kamp
L.W.V.O. Memorial Scholarship 2022,Complete; Complete; Complete,Denied, , , , , , , , , , , , , , , , , , , , , , , , , , , , , , , ,Liang,Venable
L.W.V.O. Memorial Scholarship 2022,Submitted; Complete; Complete,Denied, , , , , , , , , , , , , , , , , , , , , , , , , , , , , , , ,Ohitike,O'Rell
L.W.V.O. Memorial Scholarship 2022,Complete; Complete; Complete,Denied, , , , , , , , , , , , , , , , , , , , , , , , , , , , , , , ,Abdul Noor,el-Sawaya
L.W.V.O. Memorial Scholarship 2022,Submitted; Complete; Complete; Complete,Denied, , , , , , , , , , , , , , , , , , , , , , , , , , , , , , , ,Alex,Joyner
L.W.V.O. Memorial Scholarship 2022,Submitted; Complete; Complete,Denied, , , , , , , , , , , , , , , , , , , , , , , , , , , , , , , ,Derrick,Roybal
L.W.V.O. Memorial Scholarship 2022,Submitted; Complete; Complete,Denied, , , , , , , , , , , , , , , , , , , , , , , , , , , , , , , ,Kent,Hillstrom
L.W.V.O. Memorial Scholarship 2022,Submitted; Complete; Complete; Complete; Complete; Complete; Complete; Complete; Complete; Complete; Complete; Complete; Complete; Complete,Denied, , , , , , , , , , , , , , , , , , , , , , , , , , , ,Marymount University, , , ,Katelyn,Evison
L.W.V.O. Memorial Scholarship 2022,Submitted; Complete; Complete; Complete; Complete; Complete; Complete; Complete,Denied, , , , , , , , , , , , , , , , , , , , , , , , , , , , , , , ,Alex,Xiang
L.W.V.O. Memorial Scholarship 2022,Submitted; Complete; Complete,Denied, , , , , , , , , , , , , , , , , , , , , , , , , , , , , , , ,Kianna,Victorino
L.W.V.O. Memorial Scholarship 2022,Submitted; Complete; Complete; Complete,Denied, , , , , , , , , , , , , , , , , , , , , , , , , , , , , , , ,Saami,Mcgee
L.W.V.O. Memorial Scholarship 2022,Submitted; Complete; Complete; Complete; Complete; Complete; Complete; Complete; Complete,Denied, , , , , , , , , , , , , , , , , , , , , , , , , , , ,University of Massachusetts at Amherst, , , ,Shakoora,Kunimune
L.W.V.O. Memorial Scholarship 2022,Submitted; Submitted; Complete,Denied, , , , , , , , , , , , , , , , , , , , , , , , , , , , , , , ,Daizha,Fryer
L.W.V.O. Memorial Scholarship 2022,Submitted; Complete; Complete,Denied, , , , , , , , , , , , , , , , , , , , , , , , , , , , , , , ,Xai,Jones-Robnett
L.W.V.O. Memorial Scholarship 2022,Submitted; Complete; Complete; Complete,Denied, , , , , , , , , , , , , , , , , , , , , , , , , , , , , , , ,Camrey,Merlos Solorzano
L.W.V.O. Memorial Scholarship 2022,Submitted; Complete; Complete; Complete; Complete; Complete; Complete; Complete,Denied, , , , , , , , , , , , , , , , , , , , , , , , , , , , , , , ,Saamyya,Peterman
L.W.V.O. Memorial Scholarship 2022,Submitted; Complete; Complete,Denied, , , , , , , , , , , , , , , , , , , , , , , , , , , , , , , ,Picabo,Skyhorse
L.W.V.O. Memorial Scholarship 2022,Submitted; Complete; Complete,Denied, , , , , , , , , , , , , , , , , , , , , , , , , , , , , , , ,Taeler,Ho
L.W.V.O. Memorial Scholarship 2022,Submitted; Complete; Complete,Denied, , , , , , , , , , , , , , , , , , , , , , , , , , , , , , , ,Masroora,el-Dia
L.W.V.O. Memorial Scholarship 2022,Complete; Complete; Complete,Denied, , , , , , , , , , , , , , , , , , , , , , , , , , , , , , , ,Picabo,Olave
L.W.V.O. Memorial Scholarship 2022,Submitted; Complete; Complete; Complete; Complete; Complete; Complete; Complete,Denied, , , , , , , , , , , , , , , , , , , , , , , , , , , , , , , ,Aerial,Ousley-Gude
L.W.V.O. Memorial Scholarship 2022,Submitted; Complete; Complete,Denied, , , , , , , , , , , , , , , , , , , , , , , , , , , , , , , ,Jamarian,Ham
L.W.V.O. Memorial Scholarship 2022,Submitted; Complete; Complete; Complete; Complete; Complete; Complete; Complete,Denied, , , , , , , , , , , , , , , , , , , , , , , , , , , , , , , ,Khongmong,Booker
L.W.V.O. Memorial Scholarship 2022,Submitted; Complete; Complete,Denied, , , , , , , , , , , , , , , , , , , , , , , , , , , , , , , ,Samira,Schwartz
L.W.V.O. Memorial Scholarship 2022,Submitted; Complete; Complete; Complete,Denied, , , , , , , , , , , , , , , , , , , , , , , , , , , , , , , ,Julianna,Woods
Laurie C. Tinsley Scholarship 2022,Submitted; Complete; Complete; Complete; Complete; Complete; Complete; Complete; Complete; Complete; Complete,Denied, , , , , , , , , , , , , , , , , , , , , , , , , , , , , , , ,Izzaddeen,Hasan
Laurie C. Tinsley Scholarship 2022,Complete; Complete; Complete,Denied, , , , , , , , , , , , , , , , , , , , , , , , , , , , , , , ,Aimee,Aldret
Laurie C. Tinsley Scholarship 2022,Submitted; Submitted; Complete,Denied, , , , , , , , , , , , , , , , , , , , , , , , , , , , , , , ,Parnia,Battumur
Laurie C. Tinsley Scholarship 2022,Submitted; Complete; Complete,Denied, , , , , , , , , , , , , , , , , , , , , , , , , , , , , , , ,Sahel,Yao
Laurie C. Tinsley Scholarship 2022,Submitted; Complete; Complete,Denied, , , , , , , , , , , , , , , , , , , , , , , , , , , , , , , ,Eduardo,al-Malak
Laurie C. Tinsley Scholarship 2022,Submitted; Complete; Complete; Complete; Complete; Complete; Complete; Complete; Complete,Denied, , , , , , , , , , , , , , , , , , , , , , , , , , , ,Assumption University, , , ,Pornchai,el-Pashia
Laurie C. Tinsley Scholarship 2022,Submitted; Complete; Complete,Denied, , , , , , , , , , , , , , , , , , , , , , , , , , , , , , , ,Norma,Kamp
Laurie C. Tinsley Scholarship 2022,Submitted; Complete; Complete,Denied, , , , , , , , , , , , , , , , , , , , , , , , , , , , , , , ,Yadira,Lohr
Laurie C. Tinsley Scholarship 2022,Submitted; Complete; Complete; Complete,Denied, , , , , , , , , , , , , , , , , , , , , , , , , , , , , , , ,Mytruc,Hsu
Laurie C. Tinsley Scholarship 2022,Submitted; Complete; Complete; Complete; Complete,Denied, , , , , , , , , , , , , , , , , , , , , , , , , , , , , , , ,Whitney,Sok
Laurie C. Tinsley Scholarship 2022,Submitted; Complete; Complete,Denied, , , , , , , , , , , , , , , , , , , , , , , , , , , , , , , ,Sajiyya,Lum
Laurie C. Tinsley Scholarship 2022,Submitted; Complete; Complete,Denied, , , , , , , , , , , , , , , , , , , , , , , , , , , , , , , ,Shawnia,Briceno
Laurie C. Tinsley Scholarship 2022,Submitted; Complete; Complete; Complete,Denied, , , , , , , , , , , , , , , , , , , , , , , , , , , , , , , ,Alex,Joyner
Laurie C. Tinsley Scholarship 2022,Submitted; Complete; Complete,Denied, , , , , , , , , , , , , , , , , , , , , , , , , , , , , , , ,Tyrelle,el-Salahuddin
Laurie C. Tinsley Scholarship 2022,Submitted; Complete; Complete,Denied, , , , , , , , , , , , , , , , , , , , , , , , , , , , , , , ,Isela,el-Jaffer
Laurie C. Tinsley Scholarship 2022,Submitted; Complete; Complete,Denied, , , , , , , , , , , , , , , , , , , , , , , , , , , , , , , ,Tyrelle,Sharp
Laurie C. Tinsley Scholarship 2022,Complete; Complete; Complete,Denied, , , , , , , , , , , , , , , , , , , , , , , , , , , , , , , ,Emilio,Yao
Laurie C. Tinsley Scholarship 2022,Submitted; Complete; Complete; Complete; Complete; Complete; Complete; Complete; Complete,Denied, , , , , , , , , , , , , , , , , , , , , , , , , , , ,University of Massachusetts at Amherst, , , ,Qaasim,Copeland
Laurie C. Tinsley Scholarship 2022,Submitted; Complete; Complete; Complete; Complete; Complete; Complete; Complete; Complete,Denied, , , , , , , , , , , , , , , , , , , , , , , , , , , ,Marymount University, , , ,Katelyn,Evison
Laurie C. Tinsley Scholarship 2022,Submitted; Complete; Complete,Denied, , , , , , , , , , , , , , , , , , , , , , , , , , , , , , , ,Daizha,Caldwell-Kentris
Laurie C. Tinsley Scholarship 2022,Submitted; Complete; Complete; Complete; Complete; Complete; Complete; Complete; Complete,Denied, , , , , , , , , , , , , , , , , , , , , , , , , , , ,Brandeis University, , , ,Picabo,Penny
Laurie C. Tinsley Scholarship 2022,Submitted; Complete; Complete,Denied, , , , , , , , , , , , , , , , , , , , , , , , , , , , , , , ,Mutadi,Oliva
Laurie C. Tinsley Scholarship 2022,Complete; Complete; Complete,Denied, , , , , , , , , , , , , , , , , , , , , , , , , , , , , , , ,Travonta,al-Hariri
Laurie C. Tinsley Scholarship 2022,Submitted; Complete; Complete,Denied, , , , , , , , , , , , , , , , , , , , , , , , , , , , , , , ,Xai,Jones-Robnett
Laurie C. Tinsley Scholarship 2022,Complete; Complete; Complete,Denied, , , , , , , , , , , , , , , , , , , , , , , , , , , , , , , ,Munisa,Gellatly
Laurie C. Tinsley Scholarship 2022,Submitted; Complete; Complete; Complete,Denied, , , , , , , , , , , , , , , , , , , , , , , , , , , , , , , ,Nabeel,Dye
Laurie C. Tinsley Scholarship 2022,Submitted; Complete; Complete,Denied, , , , , , , , , , , , , , , , , , , , , , , , , , , , , , , ,Armonno,Chanthavongsa
Laurie C. Tinsley Scholarship 2022,Submitted; Complete; Complete,Denied, , , , , , , , , , , , , , , , , , , , , , , , , , , , , , , ,Reyna,Asuega
Laurie C. Tinsley Scholarship 2022,Submitted; Complete; Complete,Denied, , , , , , , , , , , , , , , , , , , , , , , , , , , , , , , ,Sahel,Petry
Laurie C. Tinsley Scholarship 2022,Submitted; Complete; Complete,Denied, , , , , , , , , , , , , , , , , , , , , , , , , , , , , , , ,Tiandrea,Mathys
Laurie C. Tinsley Scholarship 2022,Submitted; Complete; Complete,Denied, , , , , , , , , , , , , , , , , , , , , , , , , , , , , , , ,Tione,Simmons
Laurie C. Tinsley Scholarship 2022,Submitted; Complete; Complete; Complete; Complete; Complete; Complete; Complete; Complete; Complete; Complete,Denied, , , , , , , , , , , , , , , , , , , , , , , , , , , , , , , ,Haaniya,Viswaroopan
Laurie C. Tinsley Scholarship 2022,Submitted; Complete; Complete,Denied, , , , , , , , , , , , , , , , , , , , , , , , , , , , , , , ,Nuha,Crummett
Laurie C. Tinsley Scholarship 2022,Submitted; Complete; Complete; Complete,Denied, , , , , , , , , , , , , , , , , , , , , , , , , , , , , , , ,Natasha,Worker
Laurie C. Tinsley Scholarship 2022,Submitted; Complete; Complete,Denied, , , , , , , , , , , , , , , , , , , , , , , , , , , , , , , ,Haibaa,Grant
Laurie C. Tinsley Scholarship 2022,Submitted; Complete; Complete,Denied, , , , , , , , , , , , , , , , , , , , , , , , , , , , , , , ,Roderick,Bajwa
Laurie C. Tinsley Scholarship 2022,Complete; Complete; Complete,Denied, , , , , , , , , , , , , , , , , , , , , , , , , , , , , , , ,Felicia,Leyva
Laurie C. Tinsley Scholarship 2022,Submitted; Complete; Complete; Complete; Complete; Complete; Complete; Complete; Complete; Complete; Complete,Denied, , , , , , , , , , , , , , , , , , , , , , , , , , , , , , , ,Shawnia,Rodri
Laurie C. Tinsley Scholarship 2022,Submitted; Complete; Complete,Denied, , , , , , , , , , , , , , , , , , , , , , , , , , , , , , , ,Yadira,al-Jan
Laurie C. Tinsley Scholarship 2022,Submitted; Complete; Complete,Denied, , , , , , , , , , , , , , , , , , , , , , , , , , , , , , , ,Yadira,el-Fadel
Laurie C. Tinsley Scholarship 2022,Submitted; Complete; Complete,Denied, , , , , , , , , , , , , , , , , , , , , , , , , , , , , , , ,Monique,Dougherty
Laurie C. Tinsley Scholarship 2022,Submitted; Complete; Complete; Complete; Complete; Complete; Complete; Complete; Complete; Complete; Complete; Complete,Denied, , , , , , , , , , , , , , , , , , , , , , , , , , , , , , , ,Trent,Busby
Laurie C. Tinsley Scholarship 2022,Complete; Complete; Complete; Complete; Complete; Complete; Complete; Complete; Complete; Complete; Complete,Denied, , , , , , , , , , , , , , , , , , , , , , , , , , , , , , , ,Linda,Eastman
Laurie C. Tinsley Scholarship 2022,Submitted; Complete; Complete; Complete; Complete,Denied, , , , , , , , , , , , , , , , , , , , , , , , , , , , , , , ,Sultana,Caudillo
Laurie C. Tinsley Scholarship 2022,Submitted; Complete; Complete; Complete; Complete; Complete; Complete; Complete; Complete; Complete; Complete; Complete; Complete; Complete; Complete; Complete; Complete; Complete,Denied, , , , , , , , , , , , , , , , , , , , , , , , , , , ,Howard University, , , ,Funmilayo,Willow
Laurie C. Tinsley Scholarship 2022,Submitted; Complete; Complete; Complete; Complete; Complete; Complete,Denied, , , , , , , , , , , , , , , , , , , , , , , , , , , , , , , ,Emonie,Schetgen
Laurie C. Tinsley Scholarship 2022,Submitted; Complete; Complete; Complete,Denied, , , , , , , , , , , , , , , , , , , , , , , , , , , , , , , ,Najeem,Gregory
Laurie C. Tinsley Scholarship 2022,Complete; Complete; Complete,Denied, , , , , , , , , , , , , , , , , , , , , , , , , , , , , , , ,Corissa,Mckoy
Lawrence M. and Augusta L. Keeler Scholarship 2022,Submitted; Complete; Complete,Denied, , , , , , , , , , , , , , , , , , , , , , , , , , , , , , , ,Shaakira,Shazier
Lawrence M. and Augusta L. Keeler Scholarship 2022,Submitted; Complete; Complete,Denied, , , , , , , , , , , , , , , , , , , , , , , , , , , , , , , ,Sankeerth,Majalca
Lawrence M. and Augusta L. Keeler Scholarship 2022,Complete; Complete; Complete,Denied, , , , , , , , , , , , , , , , , , , , , , , , , , , , , , , ,Johnny,Gayman
Lawrence M. and Augusta L. Keeler Scholarship 2022,Submitted; Submitted; Complete,Denied, , , , , , , , , , , , , , , , , , , , , , , , , , , , , , , ,Benjamin,Peacock
Lawrence M. and Augusta L. Keeler Scholarship 2022,Submitted; Complete; Complete; Complete; Complete; Complete; Complete; Complete; Complete,Denied, , , , , , , , , , , , , , , , , , , , , , , , , , , ,Pacific University, , , ,Shayla,Ishii
Lawrence M. and Augusta L. Keeler Scholarship 2022,Submitted; Complete; Complete,Denied, , , , , , , , , , , , , , , , , , , , , , , , , , , , , , , ,Maajid,Granillo
Lawrence M. and Augusta L. Keeler Scholarship 2022,Submitted; Complete; Complete,Denied, , , , , , , , , , , , , , , , , , , , , , , , , , , , , , , ,Ronnie,Kijprachakorn
Lawrence M. and Augusta L. Keeler Scholarship 2022,Submitted; Complete; Complete; Complete; Complete; Complete,Denied, , , , , , , , , , , , , , , , , , , , , , , , , , , , , , , ,Adiam,Babcock
Lawrence M. and Augusta L. Keeler Scholarship 2022,Submitted; Complete; Complete,Denied, , , , , , , , , , , , , , , , , , , , , , , , , , , , , , , ,Markangelo,Collier
Lawrence M. and Augusta L. Keeler Scholarship 2022,Submitted; Complete; Complete; Complete; Complete; Complete,Denied, , , , , , , , , , , , , , , , , , , , , , , , , , , , , , , ,Mujaahida,Palacios
Lawrence M. and Augusta L. Keeler Scholarship 2022,Complete; Complete; Complete,Denied, , , , , , , , , , , , , , , , , , , , , , , , , , , , , , , ,Kameel,Ewing
Lawrence M. and Augusta L. Keeler Scholarship 2022,Complete; Complete; Complete,Denied, , , , , , , , , , , , , , , , , , , , , , , , , , , , , , , ,Mikala,Willingham
Lawrence M. and Augusta L. Keeler Scholarship 2022,Submitted; Complete; Complete,Denied, , , , , , , , , , , , , , , , , , , , , , , , , , , , , , , ,Ismael,Medina Perez
Lawrence M. and Augusta L. Keeler Scholarship 2022,Submitted; Complete; Complete; Complete; Complete; Complete; Complete,Denied, , , , , , , , , , , , , , , , , , , , , , , , , , , , , , , ,Xai,Sargent
Lawrence M. and Augusta L. Keeler Scholarship 2022,Submitted; Complete; Complete; Complete; Complete,Denied, , , , , , , , , , , , , , , , , , , , , , , , , , , , , , , ,Tonya,Schumacher
Lawrence M. and Augusta L. Keeler Scholarship 2022,Submitted; Complete; Complete,Denied, , , , , , , , , , , , , , , , , , , , , , , , , , , , , , , ,Alex,al-Kazemi
Lawrence M. and Augusta L. Keeler Scholarship 2022,Submitted; Complete; Complete,Denied, , , , , , , , , , , , , , , , , , , , , , , , , , , , , , , ,Keren,Smoote'-Caesar
Lawrence M. and Augusta L. Keeler Scholarship 2022,Submitted; Complete; Complete,Denied, , , , , , , , , , , , , , , , , , , , , , , , , , , , , , , ,May,el-Alam
Lawrence M. and Augusta L. Keeler Scholarship 2022,Complete; Complete; Complete,Denied, , , , , , , , , , , , , , , , , , , , , , , , , , , , , , , ,Hameeda,Willingham
Lawrence M. and Augusta L. Keeler Scholarship 2022,Submitted; Complete; Complete; Complete; Complete; Complete,Denied, , , , , , , , , , , , , , , , , , , , , , , , , , , , , , , ,Shaunae,Renkel
Leicester High School Football Alumni Scholarship 2022,Submitted; Submitted; Complete,Denied, , , , , , , , , , , , , , , , , , , , , , , , , , , , , , , ,Harmann,Kawamoto
Leicester Samaritan Nursing Association Scholarship Fund 2022,Submitted; Complete; Complete; Complete; Complete; Complete; Complete; Complete,Denied, , , , , , , , , , , , , , , , , , , , , , , , , , , , , , , ,Kelcee,Mitsuhashi
Leicester Samaritan Nursing Association Scholarship Fund 2022,Submitted; Complete; Complete; Complete,Denied, , , , , , , , , , , , , , , , , , , , , , , , , , , , , , , ,Celia,Santiago
Leicester Samaritan Nursing Association Scholarship Fund 2022,Submitted; Complete; Complete; Complete; Complete; Complete; Complete,Denied, , , , , , , , , , , , , , , , , , , , , , , , , , , , , , , ,Souphakone,Woodard
Leicester Samaritan Nursing Association Scholarship Fund 2022,Submitted; Complete; Complete; Complete; Complete; Complete; Complete,Denied, , , , , , , , , , , , , , , , , , , , , , , , , , , , , , , ,Saphire,Trebus
Leicester Samaritan Nursing Association Scholarship Fund 2022,Submitted; Complete; Complete; Complete; Complete; Complete; Complete,Denied, , , , , , , , , , , , , , , , , , , , , , , , , , , , , , , ,Xavier,Lagunas
Leicester Savings Bank Scholarship 2022,Submitted; Complete; Complete; Complete; Complete; Complete; Complete; Complete; Complete; Complete; Complete; Complete; Complete,Denied, , , , , , , , , , , , , , , , , , , , , , , , , , , , , , , ,Tien,Herrera
Leicester Savings Bank Scholarship 2022,Submitted; Complete; Complete; Complete; Complete; Complete; Complete; Complete,Denied, , , , , , , , , , , , , , , , , , , , , , , , , , , , , , , ,Eduardo,al-Malak
Leicester Savings Bank Scholarship 2022,Submitted; Complete; Complete; Complete; Complete; Complete; Complete; Complete; Complete,Denied, , , , , , , , , , , , , , , , , , , , , , , , , , , ,Assumption University, , , ,Pornchai,el-Pashia
Leicester Savings Bank Scholarship 2022,Complete; Complete; Complete,Denied, , , , , , , , , , , , , , , , , , , , , , , , , , , , , , , ,Derrick,al-Shahid
Leicester Savings Bank Scholarship 2022,Submitted; Complete; Complete,Denied, , , , , , , , , , , , , , , , , , , , , , , , , , , , , , , ,Kelcee,Mitsuhashi
Leicester Savings Bank Scholarship 2022,Submitted; Complete; Complete; Complete; Complete; Complete; Complete; Complete,Denied, , , , , , , , , , , , , , , , , , , , , , , , , , , , , , , ,Sofia,Krabbe
Leicester Savings Bank Scholarship 2022,Submitted; Complete; Complete,Denied, , , , , , , , , , , , , , , , , , , , , , , , , , , , , , , ,Ohitike,Dion
Leicester Savings Bank Scholarship 2022,Complete; Complete; Complete; Complete; Complete; Complete; Complete; Complete,Denied, , , , , , , , , , , , , , , , , , , , , , , , , , , , , , , ,Madison,Ghebre
Leicester Savings Bank Scholarship 2022,Submitted; Complete; Complete,Denied, , , , , , , , , , , , , , , , , , , , , , , , , , , , , , , ,Daizha,Caldwell-Kentris
Leicester Savings Bank Scholarship 2022,Submitted; Complete; Complete,Denied, , , , , , , , , , , , , , , , , , , , , , , , , , , , , , , ,Kiduse,Caffrey
Leicester Savings Bank Scholarship 2022,Submitted; Complete; Complete; Complete,Denied, , , , , , , , , , , , , , , , , , , , , , , , , , , , , , , ,Celia,Santiago
Leicester Savings Bank Scholarship 2022,Submitted; Complete; Complete; Complete,Denied, , , , , , , , , , , , , , , , , , , , , , , , , , , , , , , ,Shawnquelle,Malone-Rogers
Leicester Savings Bank Scholarship 2022,Submitted; Complete; Complete,Denied, , , , , , , , , , , , , , , , , , , , , , , , , , , , , , , ,Taeler,Ho
Leicester Savings Bank Scholarship 2022,Submitted; Complete; Complete,Denied, , , , , , , , , , , , , , , , , , , , , , , , , , , , , , , ,Souphakone,Woodard
Leicester Savings Bank Scholarship 2022,Complete; Complete; Complete,Denied, , , , , , , , , , , , , , , , , , , , , , , , , , , , , , , ,Picabo,Olave
Leicester Savings Bank Scholarship 2022,Submitted; Complete; Complete; Complete; Complete; Complete; Complete,Denied, , , , , , , , , , , , , , , , , , , , , , , , , , , , , , , ,Saphire,Trebus
Leicester Savings Bank Scholarship 2022,Submitted; Complete; Complete,Denied, , , , , , , , , , , , , , , , , , , , , , , , , , , , , , , ,Xavier,Lagunas
Leicester Savings Bank Scholarship 2022,Submitted; Complete; Complete,Denied, , , , , , , , , , , , , , , , , , , , , , , , , , , , , , , ,Derrick,Lopez Cruz
Leicester Savings Bank Scholarship 2022,Complete; Complete; Complete,Denied, , , , , , , , , , , , , , , , , , , , , , , , , , , , , , , ,Waheeda,Wiley
Leicester Savings Bank Scholarship 2022,Complete; Complete; Complete,Denied, , , , , , , , , , , , , , , , , , , , , , , , , , , , , , , ,Shawnia,Cervantes
Leicester Savings Bank Scholarship 2022,Submitted; Submitted; Complete,Denied, , , , , , , , , , , , , , , , , , , , , , , , , , , , , , , ,Harmann,Kawamoto
Leonide J. Lemire VFW Post 6055 Scholarship 2022,Submitted; Submitted; Complete,Denied, , , , , , , , , , , , , , , , , , , , , , , , , , , , , , , ,Cheyane,al-Mahdi
Leonide J. Lemire VFW Post 6055 Scholarship 2022,Submitted; Complete; Complete,Denied, , , , , , , , , , , , , , , , , , , , , , , , , , , , , , , ,Yadira,Lohr
Leonide J. Lemire VFW Post 6055 Scholarship 2022,Complete; Complete; Complete,Denied, , , , , , , , , , , , , , , , , , , , , , , , , , , , , , , ,Kameel,Oneill
Leonide J. Lemire VFW Post 6055 Scholarship 2022,Submitted; Complete; Complete; Complete; Complete; Complete,Denied, , , , , , , , , , , , , , , , , , , , , , , , , , , , , , , ,Tyrelle,el-Salahuddin
Leonide J. Lemire VFW Post 6055 Scholarship 2022,Submitted; Complete; Complete,Denied, , , , , , , , , , , , , , , , , , , , , , , , , , , , , , , ,Derrick,Roybal
Leonide J. Lemire VFW Post 6055 Scholarship 2022,Complete; Complete; Complete; Complete; Complete; Complete,Denied, , , , , , , , , , , , , , , , , , , , , , , , , , , , , , , ,Xai,Kearns
Leonide J. Lemire VFW Post 6055 Scholarship 2022,Submitted; Complete; Complete; Complete; Complete; Complete,Denied, , , , , , , , , , , , , , , , , , , , , , , , , , , , , , , ,Tyrelle,Sharp
Leonide J. Lemire VFW Post 6055 Scholarship 2022,Submitted; Complete; Complete,Denied, , , , , , , , , , , , , , , , , , , , , , , , , , , , , , , ,Khawla,Payton
Leonide J. Lemire VFW Post 6055 Scholarship 2022,Submitted; Complete; Complete,Denied, , , , , , , , , , , , , , , , , , , , , , , , , , , , , , , ,Crissela,Rosales-Bass
Leonide J. Lemire VFW Post 6055 Scholarship 2022,Submitted; Complete; Complete,Denied, , , , , , , , , , , , , , , , , , , , , , , , , , , , , , , ,Xai,Jones-Robnett
Leonide J. Lemire VFW Post 6055 Scholarship 2022,Submitted; Complete; Complete,Denied, , , , , , , , , , , , , , , , , , , , , , , , , , , , , , , ,Carina,Rutherford
Leonide J. Lemire VFW Post 6055 Scholarship 2022,Complete; Complete; Complete,Denied, , , , , , , , , , , , , , , , , , , , , , , , , , , , , , , ,Arlinda,English
Leonide J. Lemire VFW Post 6055 Scholarship 2022,Complete; Complete; Complete,Denied, , , , , , , , , , , , , , , , , , , , , , , , , , , , , , , ,Ignacio,Makaiwi
Leonide J. Lemire VFW Post 6055 Scholarship 2022,Submitted; Complete; Complete,Denied, , , , , , , , , , , , , , , , , , , , , , , , , , , , , , , ,Safwaan,al-Shaheen
Leonide J. Lemire VFW Post 6055 Scholarship 2022,Submitted; Complete; Complete; Complete; Complete; Complete; Submitted,Denied, , , , , , , , , , , , , , , , , , , , , , , , , , , , , , , ,Mareeon,Dion
Leroy Weiner Scholarship 2022,Complete; Complete; Complete,Denied, , , , , , , , , , , , , , , , , , , , , , , , , , , , , , , ,Abdul Noor,el-Sawaya
Leroy Weiner Scholarship 2022,Submitted; Complete; Complete; Complete,Denied, , , , , , , , , , , , , , , , , , , , , , , , , , , , , , , ,Johnny,Botts
Leroy Weiner Scholarship 2022,Submitted; Submitted; Complete,Denied, , , , , , , , , , , , , , , , , , , , , , , , , , , , , , , ,Karlos,Kraft
Leroy Weiner Scholarship 2022,Submitted; Submitted; Complete,Denied, , , , , , , , , , , , , , , , , , , , , , , , , , , , , , , ,Gabrielle,Powers
Lieutenant Colonel Irving A. and Colonel Marie C. Lepore Scholarship 2022,Submitted; Complete; Complete,Denied, , , , , , , , , , , , , , , , , , , , , , , , , , , , , , , ,Jonet,el-Fadel
Lieutenant Colonel Irving A. and Colonel Marie C. Lepore Scholarship 2022,Submitted; Complete; Complete,Denied, , , , , , , , , , , , , , , , , , , , , , , , , , , , , , , ,Armonno,Duong
Lieutenant Colonel Irving A. and Colonel Marie C. Lepore Scholarship 2022,Complete; Complete; Complete,Denied, , , , , , , , , , , , , , , , , , , , , , , , , , , , , , , ,Tashavay,Santio
Lieutenant Colonel Irving A. and Colonel Marie C. Lepore Scholarship 2022,Submitted; Complete; Complete,Denied, , , , , , , , , , , , , , , , , , , , , , , , , , , , , , , ,Hasana,Quach
Lieutenant Colonel Irving A. and Colonel Marie C. Lepore Scholarship 2022,Complete; Complete; Complete,Denied, , , , , , , , , , , , , , , , , , , , , , , , , , , , , , , ,Qamraaa,San Pedro
Lieutenant Colonel Irving A. and Colonel Marie C. Lepore Scholarship 2022,Submitted; Submitted; Complete,Denied, , , , , , , , , , , , , , , , , , , , , , , , , , , , , , , ,Vincente,Cruze
"Lieutenant James F. ""Jay"" Lyons, III Memorial Scholarship 2022",Submitted; Complete; Complete,Denied, , , , , , , , , , , , , , , , , , , , , , , , , , , , , , , ,Karissa,Deeming
"Lieutenant James F. ""Jay"" Lyons, III Memorial Scholarship 2022",Complete; Complete; Complete; Complete; Complete,Denied, , , , , , , , , , , , , , , , , , , , , , , , , , , , , , , ,Taeler,Van Lue
"Lieutenant James F. ""Jay"" Lyons, III Memorial Scholarship 2022",Submitted; Submitted; Complete,Denied, , , , , , , , , , , , , , , , , , , , , , , , , , , , , , , ,Parnia,Battumur
"Lieutenant James F. ""Jay"" Lyons, III Memorial Scholarship 2022",Submitted; Complete; Complete,Denied, , , , , , , , , , , , , , , , , , , , , , , , , , , , , , , ,Kabowd,al-Sahli
"Lieutenant James F. ""Jay"" Lyons, III Memorial Scholarship 2022",Submitted; Complete; Complete,Denied, , , , , , , , , , , , , , , , , , , , , , , , , , , , , , , ,Joo,Norman
"Lieutenant James F. ""Jay"" Lyons, III Memorial Scholarship 2022",Submitted; Complete; Complete; Complete,Denied, , , , , , , , , , , , , , , , , , , , , , , , , , , , , , , ,Se Ra,el-Hosseini
"Lieutenant James F. ""Jay"" Lyons, III Memorial Scholarship 2022",Submitted; Complete; Complete,Denied, , , , , , , , , , , , , , , , , , , , , , , , , , , , , , , ,Shawnia,Saeed
"Lieutenant James F. ""Jay"" Lyons, III Memorial Scholarship 2022",Submitted; Complete; Complete; Complete; Complete; Complete; Complete; Complete; Complete,Denied, , , , , , , , , , , , , , , , , , , , , , , , , , , , , , , ,Cheyane,Meza Chavez
"Lieutenant James F. ""Jay"" Lyons, III Memorial Scholarship 2022",Submitted; Complete; Complete; Complete; Complete; Complete; Complete; Complete; Complete,Denied, , , , , , , , , , , , , , , , , , , , , , , , , , , ,College of the Holy Cross, , , ,Lydia,Bonstead
"Lieutenant James F. ""Jay"" Lyons, III Memorial Scholarship 2022",Submitted; Complete; Complete; Complete; Complete; Complete; Complete; Complete; Assigned,Denied, , , , , , , , , , , , , , , , , , , , , , , , , , , , , , , ,Alysha,Span
"Lieutenant James F. ""Jay"" Lyons, III Memorial Scholarship 2022",Submitted; Complete; Complete,Denied, , , , , , , , , , , , , , , , , , , , , , , , , , , , , , , ,Logan,Holst
"Lieutenant James F. ""Jay"" Lyons, III Memorial Scholarship 2022",Submitted; Complete; Complete; Complete,Denied, , , , , , , , , , , , , , , , , , , , , , , , , , , , , , , ,Xavier,Ewing-Rhodes
"Lieutenant James F. ""Jay"" Lyons, III Memorial Scholarship 2022",Submitted; Complete; Complete; Complete; Complete; Complete; Complete; Complete; Complete,Denied, , , , , , , , , , , , , , , , , , , , , , , , , , , ,University of Massachusetts at Boston, , , ,Elisah,Forney
"Lieutenant James F. ""Jay"" Lyons, III Memorial Scholarship 2022",Complete; Complete; Complete,Denied, , , , , , , , , , , , , , , , , , , , , , , , , , , , , , , ,Travonta,al-Hariri
"Lieutenant James F. ""Jay"" Lyons, III Memorial Scholarship 2022",Submitted; Complete; Complete,Denied, , , , , , , , , , , , , , , , , , , , , , , , , , , , , , , ,Samira,Anchondo
"Lieutenant James F. ""Jay"" Lyons, III Memorial Scholarship 2022",Submitted; Complete; Complete,Denied, , , , , , , , , , , , , , , , , , , , , , , , , , , , , , , ,Elisah,Clyde
"Lieutenant James F. ""Jay"" Lyons, III Memorial Scholarship 2022",Submitted; Complete; Complete; Complete,Denied, , , , , , , , , , , , , , , , , , , , , , , , , , , , , , , ,Najeem,Dionese
"Lieutenant James F. ""Jay"" Lyons, III Memorial Scholarship 2022",Submitted; Complete; Complete; Complete; Complete; Complete; Complete; Complete; Complete; Complete,Denied, , , , , , , , , , , , , , , , , , , , , , , , , , , , , , , ,Xai,Robertson
"Lieutenant James F. ""Jay"" Lyons, III Memorial Scholarship 2022",Submitted; Complete; Complete; Complete,Denied, , , , , , , , , , , , , , , , , , , , , , , , , , , , , , , ,Khanh,al-Wali
"Lieutenant James F. ""Jay"" Lyons, III Memorial Scholarship 2022",Submitted; Complete; Complete,Denied, , , , , , , , , , , , , , , , , , , , , , , , , , , , , , , ,Cole,Jefferson
"Lieutenant James F. ""Jay"" Lyons, III Memorial Scholarship 2022",Submitted; Complete; Complete; Complete,Denied, , , , , , , , , , , , , , , , , , , , , , , , , , , , , , , ,Kristie,Gregg
"Lieutenant James F. ""Jay"" Lyons, III Memorial Scholarship 2022",Submitted; Complete; Complete; Complete,Denied, , , , , , , , , , , , , , , , , , , , , , , , , , , , , , , ,Roderick,al-Akbari
"Lieutenant James F. ""Jay"" Lyons, III Memorial Scholarship 2022",Submitted; Complete; Complete; Complete,Denied, , , , , , , , , , , , , , , , , , , , , , , , , , , , , , , ,Brenna,Yun
"Lieutenant James F. ""Jay"" Lyons, III Memorial Scholarship 2022",Submitted; Complete; Complete,Denied, , , , , , , , , , , , , , , , , , , , , , , , , , , , , , , ,Mahbooba,Ocampo
"Lieutenant James F. ""Jay"" Lyons, III Memorial Scholarship 2022",Submitted; Complete; Complete; Complete,Denied, , , , , , , , , , , , , , , , , , , , , , , , , , , , , , , ,Armonno,Mesa
"Lieutenant James F. ""Jay"" Lyons, III Memorial Scholarship 2022",Submitted; Complete; Complete; Complete,Denied, , , , , , , , , , , , , , , , , , , , , , , , , , , , , , , ,Aasim,Nash
"Lieutenant James F. ""Jay"" Lyons, III Memorial Scholarship 2022",Submitted; Complete; Complete; Complete; Complete; Complete; Complete; Complete; Complete,Denied, , , , , , , , , , , , , , , , , , , , , , , , , , , , , , , ,Emoni,Glenn-Bracey
"Lieutenant James F. ""Jay"" Lyons, III Memorial Scholarship 2022",Submitted; Complete; Complete,Denied, , , , , , , , , , , , , , , , , , , , , , , , , , , , , , , ,Fuaad,Hoshmand
"Lieutenant James F. ""Jay"" Lyons, III Memorial Scholarship 2022",Submitted; Complete; Complete,Denied, , , , , , , , , , , , , , , , , , , , , , , , , , , , , , , ,Howard,Amgalanbayar
"Lieutenant James F. ""Jay"" Lyons, III Memorial Scholarship 2022",Submitted; Complete; Complete,Denied, , , , , , , , , , , , , , , , , , , , , , , , , , , , , , , ,Vishnu,Dishmon
"Lieutenant James F. ""Jay"" Lyons, III Memorial Scholarship 2022",Submitted; Complete; Complete,Denied, , , , , , , , , , , , , , , , , , , , , , , , , , , , , , , ,Nuha,Crummett
"Lieutenant James F. ""Jay"" Lyons, III Memorial Scholarship 2022",Complete; Complete; Complete; Complete; Complete; Complete; Complete; Complete; Complete,Denied, , , , , , , , , , , , , , , , , , , , , , , , , , , ,College of the Holy Cross, , , ,Wisaam,Hunnell
"Lieutenant James F. ""Jay"" Lyons, III Memorial Scholarship 2022",Submitted; Complete; Complete; Complete; Complete; Complete; Complete; Complete; Complete,Denied, , , , , , , , , , , , , , , , , , , , , , , , , , , , , , , ,Roderick,Bajwa
"Lieutenant James F. ""Jay"" Lyons, III Memorial Scholarship 2022",Submitted; Complete; Complete; Complete; Complete; Complete; Complete; Complete; Complete,Denied, , , , , , , , , , , , , , , , , , , , , , , , , , , ,Worcester Polytechnic Institute, , , ,Maisara,Schippers
"Lieutenant James F. ""Jay"" Lyons, III Memorial Scholarship 2022",Submitted; Complete; Complete,Denied, , , , , , , , , , , , , , , , , , , , , , , , , , , , , , , ,Markus,Huger
"Lieutenant James F. ""Jay"" Lyons, III Memorial Scholarship 2022",Submitted; Complete; Complete,Denied, , , , , , , , , , , , , , , , , , , , , , , , , , , , , , , ,Hasana,Quach
"Lieutenant James F. ""Jay"" Lyons, III Memorial Scholarship 2022",Submitted; Complete; Complete,Denied, , , , , , , , , , , , , , , , , , , , , , , , , , , , , , , ,Tuhfa,Vecellio
"Lieutenant James F. ""Jay"" Lyons, III Memorial Scholarship 2022",Complete; Complete; Complete; Complete; Complete; Complete; Complete; Complete; Complete; Complete,Denied, , , , , , , , , , , , , , , , , , , , , , , , , , , ,Harvard University, , , ,Kaitlyn,Arviso-Aguirre
"Lieutenant James F. ""Jay"" Lyons, III Memorial Scholarship 2022",Submitted; Complete; Complete,Denied, , , , , , , , , , , , , , , , , , , , , , , , , , , , , , , ,Jasper,James
"Lieutenant James F. ""Jay"" Lyons, III Memorial Scholarship 2022",Submitted; Complete; Complete; Complete; Complete; Complete; Complete,Denied, , , , , , , , , , , , , , , , , , , , , , , , , , , , , , , ,Emonie,Schetgen
"Lieutenant James F. ""Jay"" Lyons, III Memorial Scholarship 2022",Submitted; Complete; Complete,Denied, , , , , , , , , , , , , , , , , , , , , , , , , , , , , , , ,Thomas,Kemp
"Lieutenant James F. ""Jay"" Lyons, III Memorial Scholarship 2022",Complete; Complete; Complete,Denied, , , , , , , , , , , , , , , , , , , , , , , , , , , , , , , ,Aimee,el-Hannan
"Lieutenant James F. ""Jay"" Lyons, III Memorial Scholarship 2022",Submitted; Complete; Complete,Denied, , , , , , , , , , , , , , , , , , , , , , , , , , , , , , , ,Cheyanne,Rumsey
"Lieutenant James F. ""Jay"" Lyons, III Memorial Scholarship 2022",Submitted; Complete; Complete,Denied, , , , , , , , , , , , , , , , , , , , , , , , , , , , , , , ,Mishaari,Gustafson
"Lieutenant James F. ""Jay"" Lyons, III Memorial Scholarship 2022",Submitted; Complete; Complete,Denied, , , , , , , , , , , , , , , , , , , , , , , , , , , , , , , ,Trina,Powell
"Lieutenant James F. ""Jay"" Lyons, III Memorial Scholarship 2022",Submitted; Complete; Complete,Denied, , , , , , , , , , , , , , , , , , , , , , , , , , , , , , , ,Abiy,Rocha
"Lieutenant James F. ""Jay"" Lyons, III Memorial Scholarship 2022",Submitted; Complete; Complete,Denied, , , , , , , , , , , , , , , , , , , , , , , , , , , , , , , ,Davis,Townsend
Love Your Neighbor Award 2022,Complete; Complete; Complete; Complete; Complete; Complete; Complete,Denied, , , , , , , , , , , , , , , , , , , , , , , , , , , ,Boston University, , , ,Essence,Farris
Love Your Neighbor Award 2022,Submitted; Complete; Complete,Denied, , , , , , , , , , , , , , , , , , , , , , , , , , , , , , , ,Keren,Ramdas
Love Your Neighbor Award 2022,Submitted; Complete; Complete; Complete,Denied, , , , , , , , , , , , , , , , , , , , , , , , , , , , , , , ,Nabeela,Desmond
Love Your Neighbor Award 2022,Submitted; Complete; Complete,Denied, , , , , , , , , , , , , , , , , , , , , , , , , , , , , , , ,Abiy,al-Sadiq
Love Your Neighbor Award 2022,Submitted; Complete; Complete,Denied, , , , , , , , , , , , , , , , , , , , , , , , , , , , , , , ,Arnold,Verde
Love Your Neighbor Award 2022,Submitted; Complete; Complete,Denied, , , , , , , , , , , , , , , , , , , , , , , , , , , , , , , ,Al Lyn,Orr
Love Your Neighbor Award 2022,Submitted; Complete; Complete,Denied, , , , , , , , , , , , , , , , , , , , , , , , , , , , , , , ,Ationa,Halpine
Love Your Neighbor Award 2022,Submitted; Complete; Complete,Denied, , , , , , , , , , , , , , , , , , , , , , , , , , , , , , , ,Shaakira,Shazier
Love Your Neighbor Award 2022,Complete; Complete; Complete; Complete,Denied, , , , , , , , , , , , , , , , , , , , , , , , , , , , , , , ,Khaalida,al-Amir
Love Your Neighbor Award 2022,Submitted; Complete; Complete,Denied, , , , , , , , , , , , , , , , , , , , , , , , , , , , , , , ,Khongmong,Halsey
Love Your Neighbor Award 2022,Submitted; Complete; Complete,Denied, , , , , , , , , , , , , , , , , , , , , , , , , , , , , , , ,Careese,Munguia
Love Your Neighbor Award 2022,Submitted; Complete; Complete; Complete,Denied, , , , , , , , , , , , , , , , , , , , , , , , , , , , , , , ,Jerald,Forte
Love Your Neighbor Award 2022,Submitted; Complete; Complete; Complete; Complete; Complete,Denied, , , , , , , , , , , , , , , , , , , , , , , , , , , , , , , ,Jyotshal,al-Hariri
Love Your Neighbor Award 2022,Submitted; Complete; Complete,Denied, , , , , , , , , , , , , , , , , , , , , , , , , , , , , , , ,Bonnie,al-Hashem
Love Your Neighbor Award 2022,Submitted; Complete; Complete,Denied, , , , , , , , , , , , , , , , , , , , , , , , , , , , , , , ,Phillips,Munn
Love Your Neighbor Award 2022,Submitted; Complete; Complete; Complete,Denied, , , , , , , , , , , , , , , , , , , , , , , , , , , , , , , ,Alex,Joyner
Love Your Neighbor Award 2022,Submitted; Complete; Complete,Denied, , , , , , , , , , , , , , , , , , , , , , , , , , , , , , , ,Dhaafir,Niblet
Love Your Neighbor Award 2022,Submitted; Complete; Complete,Denied, , , , , , , , , , , , , , , , , , , , , , , , , , , , , , , ,Nam,Lopez Cruz
Love Your Neighbor Award 2022,Submitted; Complete; Complete,Denied, , , , , , , , , , , , , , , , , , , , , , , , , , , , , , , ,Ohitike,Dion
Love Your Neighbor Award 2022,Submitted; Complete; Complete,Denied, , , , , , , , , , , , , , , , , , , , , , , , , , , , , , , ,Qaasim,Boddiger
Love Your Neighbor Award 2022,Complete; Complete; Complete,Denied, , , , , , , , , , , , , , , , , , , , , , , , , , , , , , , ,Vanya,Carrillo
Love Your Neighbor Award 2022,Submitted; Complete; Complete,Denied, , , , , , , , , , , , , , , , , , , , , , , , , , , , , , , ,Joo,Norman
Love Your Neighbor Award 2022,Submitted; Complete; Complete,Denied, , , , , , , , , , , , , , , , , , , , , , , , , , , , , , , ,Kent,Hillstrom
Love Your Neighbor Award 2022,Submitted; Complete; Complete; Complete,Denied, , , , , , , , , , , , , , , , , , , , , , , , , , , , , , , ,Se Ra,el-Hosseini
Love Your Neighbor Award 2022,Submitted; Complete; Complete; Complete; Complete; Complete,Denied, , , , , , , , , , , , , , , , , , , , , , , , , , , , , , , ,Shawnia,Saeed
Love Your Neighbor Award 2022,Submitted; Complete; Complete; Complete,Denied, , , , , , , , , , , , , , , , , , , , , , , , , , , , , , , ,Anjel,el-Sesay
Love Your Neighbor Award 2022,Complete; Complete; Complete; Complete; Complete; Complete; Complete; Complete; Complete; Complete; Complete; Complete; Complete,Denied, , , , , , , , , , , , , , , , , , , , , , , , , , , ,Boston University, , , ,Yadira,Graves
Love Your Neighbor Award 2022,Submitted; Complete; Complete,Denied, , , , , , , , , , , , , , , , , , , , , , , , , , , , , , , ,Angelika,el-Saab
Love Your Neighbor Award 2022,Submitted; Submitted; Complete,Denied, , , , , , , , , , , , , , , , , , , , , , , , , , , , , , , ,Katherin,Beyale
Love Your Neighbor Award 2022,Complete; Complete; Complete; Complete,Denied, , , , , , , , , , , , , , , , , , , , , , , , , , , , , , , ,Ashanti,Punzal
Love Your Neighbor Award 2022,Submitted; Complete; Complete; Complete; Complete; Complete; Complete,Denied, , , , , , , , , , , , , , , , , , , , , , , , , , , , , , , ,Ari,Brehe
Love Your Neighbor Award 2022,Submitted; Complete; Complete; Complete; Complete; Complete; Complete; Complete; Complete,Denied, , , , , , , , , , , , , , , , , , , , , , , , , , , ,University of Massachusetts at Amherst, , , ,Alexxis,Cellars
Love Your Neighbor Award 2022,Complete; Complete; Complete; Complete,Denied, , , , , , , , , , , , , , , , , , , , , , , , , , , , , , , ,Whitnie,el-Bari
Love Your Neighbor Award 2022,Submitted; Complete; Complete,Denied, , , , , , , , , , , , , , , , , , , , , , , , , , , , , , , ,Musheera,Neff
Love Your Neighbor Award 2022,Complete; Complete; Complete; Complete,Denied, , , , , , , , , , , , , , , , , , , , , , , , , , , , , , , ,Cheyanne,Savoian
Love Your Neighbor Award 2022,Complete; Complete; Complete,Denied, , , , , , , , , , , , , , , , , , , , , , , , , , , , , , , ,Barbra,Mikulic
Love Your Neighbor Award 2022,Submitted; Complete; Complete,Denied, , , , , , , , , , , , , , , , , , , , , , , , , , , , , , , ,Salena,Tisthammer
Love Your Neighbor Award 2022,Submitted; Complete; Complete,Denied, , , , , , , , , , , , , , , , , , , , , , , , , , , , , , , ,Ilea,al-Ahsan
Love Your Neighbor Award 2022,Submitted; Complete; Complete; Complete; Complete; Complete; Complete; Complete; Complete,Denied, , , , , , , , , , , , , , , , , , , , , , , , , , , ,Virginia Polytechnic Institute and State University, , , ,Travonta,Two Crow
Love Your Neighbor Award 2022,Submitted; Complete; Complete,Denied, , , , , , , , , , , , , , , , , , , , , , , , , , , , , , , ,Fawz,al-Hoque
Love Your Neighbor Award 2022,Complete; Complete; Complete,Denied, , , , , , , , , , , , , , , , , , , , , , , , , , , , , , , ,Xai,Clardy
Love Your Neighbor Award 2022,Submitted; Complete; Complete,Denied, , , , , , , , , , , , , , , , , , , , , , , , , , , , , , , ,Abhaya,al-Maroun
Love Your Neighbor Award 2022,Submitted; Complete; Complete,Denied, , , , , , , , , , , , , , , , , , , , , , , , , , , , , , , ,Xai,Jones-Robnett
Love Your Neighbor Award 2022,Submitted; Complete; Complete,Denied, , , , , , , , , , , , , , , , , , , , , , , , , , , , , , , ,Saamyya,Guthrie
Love Your Neighbor Award 2022,Submitted; Complete; Complete; Complete; Complete; Complete; Complete; Complete; Complete,Denied, , , , , , , , , , , , , , , , , , , , , , , , , , , ,Harvard University, , , ,Rachael,Joiner
Love Your Neighbor Award 2022,Submitted; Complete; Complete; Complete,Denied, , , , , , , , , , , , , , , , , , , , , , , , , , , , , , , ,Camrey,Merlos Solorzano
Love Your Neighbor Award 2022,Submitted; Complete; Complete; Complete,Denied, , , , , , , , , , , , , , , , , , , , , , , , , , , , , , , ,Ramon,Deleon-Rodriguez
Love Your Neighbor Award 2022,Submitted; Submitted; Complete,Denied, , , , , , , , , , , , , , , , , , , , , , , , , , , , , , , ,Kailee,Torres
Love Your Neighbor Award 2022,Submitted; Complete; Complete,Denied, , , , , , , , , , , , , , , , , , , , , , , , , , , , , , , ,Larae,Bachler
Love Your Neighbor Award 2022,Complete; Complete; Complete,Denied, , , , , , , , , , , , , , , , , , , , , , , , , , , , , , , ,Kabao,al-Farran
Love Your Neighbor Award 2022,Submitted; Complete; Complete,Denied, , , , , , , , , , , , , , , , , , , , , , , , , , , , , , , ,Mareeon,Field
Love Your Neighbor Award 2022,Submitted; Complete; Complete,Denied, , , , , , , , , , , , , , , , , , , , , , , , , , , , , , , ,Saamyya,Peterman
Love Your Neighbor Award 2022,Submitted; Complete; Complete,Denied, , , , , , , , , , , , , , , , , , , , , , , , , , , , , , , ,Rani,Mose
Love Your Neighbor Award 2022,Submitted; Complete; Complete; Complete,Denied, , , , , , , , , , , , , , , , , , , , , , , , , , , , , , , ,Heroki,Absher
Love Your Neighbor Award 2022,Complete; Complete; Complete,Denied, , , , , , , , , , , , , , , , , , , , , , , , , , , , , , , ,Shajee'a,Ye
Love Your Neighbor Award 2022,Submitted; Complete; Complete,Denied, , , , , , , , , , , , , , , , , , , , , , , , , , , , , , , ,Reyna,Asuega
Love Your Neighbor Award 2022,Submitted; Complete; Complete,Denied, , , , , , , , , , , , , , , , , , , , , , , , , , , , , , , ,Sahel,Petry
Love Your Neighbor Award 2022,Complete; Complete; Complete,Denied, , , , , , , , , , , , , , , , , , , , , , , , , , , , , , , ,Waleed,Mahamud
Love Your Neighbor Award 2022,Submitted; Complete; Complete; Complete; Complete; Complete; Complete; Complete; Complete,Denied, , , , , , , , , , , , , , , , , , , , , , , , , , , ,Syracuse University, , , ,Qaasim,el-Zaidi
Love Your Neighbor Award 2022,Submitted; Complete; Complete; Complete,Denied, , , , , , , , , , , , , , , , , , , , , , , , , , , , , , , ,Julia Isabel,Quintana Jr
Love Your Neighbor Award 2022,Submitted; Complete; Complete,Denied, , , , , , , , , , , , , , , , , , , , , , , , , , , , , , , ,Javier-Luis,Melchor-Candelario
Love Your Neighbor Award 2022,Submitted; Complete; Complete; Complete; Complete; Complete; Complete; Complete; Complete,Denied, , , , , , , , , , , , , , , , , , , , , , , , , , , ,Tuskegee University, , , ,Nooriyya,al-Kanan
Love Your Neighbor Award 2022,Submitted; Complete; Complete; Complete; Complete; Complete,Denied, , , , , , , , , , , , , , , , , , , , , , , , , , , , , , , ,Xai,Barron
Love Your Neighbor Award 2022,Submitted; Complete; Complete,Denied, , , , , , , , , , , , , , , , , , , , , , , , , , , , , , , ,Gericko,Gutierrez-Garcia
Love Your Neighbor Award 2022,Complete; Complete; Complete,Denied, , , , , , , , , , , , , , , , , , , , , , , , , , , , , , , ,Rahma,Cordero
Love Your Neighbor Award 2022,Complete; Complete; Complete,Denied, , , , , , , , , , , , , , , , , , , , , , , , , , , , , , , ,Jyotshal,Wenner
Love Your Neighbor Award 2022,Submitted; Complete; Complete; Complete,Denied, , , , , , , , , , , , , , , , , , , , , , , , , , , , , , , ,Saamyya,Gang
Love Your Neighbor Award 2022,Submitted; Complete; Complete; Complete; Complete; Complete; Complete; Complete; Complete; Complete; Complete; Complete,Denied, , , , , , , , , , , , , , , , , , , , , , , , , , , ,University of Massachusetts at Amherst, , , ,Rasheeq,Lalonde
Love Your Neighbor Award 2022,Submitted; Complete; Complete,Denied, , , , , , , , , , , , , , , , , , , , , , , , , , , , , , , ,"Jam,Aan",Largo
Love Your Neighbor Award 2022,Submitted; Complete; Complete,Denied, , , , , , , , , , , , , , , , , , , , , , , , , , , , , , , ,Jonet,Lujan
Love Your Neighbor Award 2022,Submitted; Complete; Complete; Complete,Denied, , , , , , , , , , , , , , , , , , , , , , , , , , , , , , , ,Natasha,Worker
Love Your Neighbor Award 2022,Complete; Complete; Complete,Denied, , , , , , , , , , , , , , , , , , , , , , , , , , , , , , , ,Emilio,Narciso Salgado
Love Your Neighbor Award 2022,Submitted; Complete; Complete,Denied, , , , , , , , , , , , , , , , , , , , , , , , , , , , , , , ,Trina,el-Nagi
Love Your Neighbor Award 2022,Complete; Complete; Complete,Denied, , , , , , , , , , , , , , , , , , , , , , , , , , , , , , , ,Deondrey,Anchondo
Love Your Neighbor Award 2022,Submitted; Complete; Complete; Complete,Denied, , , , , , , , , , , , , , , , , , , , , , , , , , , , , , , ,Xai,Sargent
Love Your Neighbor Award 2022,Submitted; Complete; Complete; Complete; Complete; Complete; Complete; Complete; Complete; Complete,Denied, , , , , , , , , , , , , , , , , , , , , , , , , , , ,Endicott College, , , ,Zaamil,Peterman
Love Your Neighbor Award 2022,Submitted; Complete; Complete,Denied, , , , , , , , , , , , , , , , , , , , , , , , , , , , , , , ,Maa'iz,el-Abdoo
Love Your Neighbor Award 2022,Submitted; Complete; Complete; Complete; Complete; Complete,Denied, , , , , , , , , , , , , , , , , , , , , , , , , , , , , , , ,Debonair,Donels
Love Your Neighbor Award 2022,Submitted; Complete; Complete,Denied, , , , , , , , , , , , , , , , , , , , , , , , , , , , , , , ,Jason,Flowers
Love Your Neighbor Award 2022,Submitted; Complete; Complete,Denied, , , , , , , , , , , , , , , , , , , , , , , , , , , , , , , ,Keanu,Abfalter
Love Your Neighbor Award 2022,Submitted; Complete; Complete,Denied, , , , , , , , , , , , , , , , , , , , , , , , , , , , , , , ,Myneshia,Koskovich
Love Your Neighbor Award 2022,Submitted; Complete; Complete,Denied, , , , , , , , , , , , , , , , , , , , , , , , , , , , , , , ,Atit,Roda
Love Your Neighbor Award 2022,Submitted; Complete; Complete,Denied, , , , , , , , , , , , , , , , , , , , , , , , , , , , , , , ,Sushmita,Kyle
Love Your Neighbor Award 2022,Complete; Complete; Complete; Complete; Complete; Complete; Complete; Complete; Complete; Complete,Denied, , , , , , , , , , , , , , , , , , , , , , , , , , , ,Harvard University, , , ,Kaitlyn,Arviso-Aguirre
Love Your Neighbor Award 2022,Submitted; Complete; Complete; Complete,Denied, , , , , , , , , , , , , , , , , , , , , , , , , , , , , , , ,Ciera,Jarrett
Love Your Neighbor Award 2022,Submitted; Complete; Complete; Complete,Denied, , , , , , , , , , , , , , , , , , , , , , , , , , , , , , , ,Jessiah,Otgontulga
Love Your Neighbor Award 2022,Submitted; Complete; Complete,Denied, , , , , , , , , , , , , , , , , , , , , , , , , , , , , , , ,Yadira,Laroche
Love Your Neighbor Award 2022,Submitted; Complete; Complete; Complete,Denied, , , , , , , , , , , , , , , , , , , , , , , , , , , , , , , ,Carina,Phonthongsy
Love Your Neighbor Award 2022,Submitted; Complete; Complete,Denied, , , , , , , , , , , , , , , , , , , , , , , , , , , , , , , ,Jaime,Baumann
Love Your Neighbor Award 2022,Submitted; Complete; Complete,Denied, , , , , , , , , , , , , , , , , , , , , , , , , , , , , , , ,Shafaaa,el-Salih
Love Your Neighbor Award 2022,Submitted; Submitted; Complete,Denied, , , , , , , , , , , , , , , , , , , , , , , , , , , , , , , ,Anh,Gerace
Love Your Neighbor Award 2022,Complete; Complete; Complete; Complete,Denied, , , , , , , , , , , , , , , , , , , , , , , , , , , , , , , ,Catarina,Garman
Love Your Neighbor Award 2022,Submitted; Complete; Complete,Denied, , , , , , , , , , , , , , , , , , , , , , , , , , , , , , , ,Mishaari,Gustafson
Lunenburg Opportunity Fund Scholarship 2022,Submitted; Complete; Complete; Complete; Complete; Complete,Denied, , , , , , , , , , , , , , , , , , , , , , , , , , , , , , , ,"Jam,Aan",Espinoza
Lunenburg Opportunity Fund Scholarship 2022,Complete; Complete; Complete,Denied, , , , , , , , , , , , , , , , , , , , , , , , , , , , , , , ,Abdul Noor,al-Kassem
Lunenburg Opportunity Fund Scholarship 2022,Submitted; Complete; Complete; Complete; Complete; Complete,Denied, , , , , , , , , , , , , , , , , , , , , , , , , , , , , , , ,Christine,Mcguire
Lunenburg Opportunity Fund Scholarship 2022,Complete; Complete; Complete; Complete; Complete,Denied, , , , , , , , , , , , , , , , , , , , , , , , , , , , , , , ,Sushmita,Sanni
Lunenburg Opportunity Fund Scholarship 2022,Complete; Complete; Complete,Denied, , , , , , , , , , , , , , , , , , , , , , , , , , , , , , , ,Xai,Clardy
Lunenburg Opportunity Fund Scholarship 2022,Submitted; Complete; Complete,Denied, , , , , , , , , , , , , , , , , , , , , , , , , , , , , , , ,Armonno,Duong
Lunenburg Opportunity Fund Scholarship 2022,Submitted; Complete; Complete; Complete; Complete; Complete,Denied, , , , , , , , , , , , , , , , , , , , , , , , , , , , , , , ,Shabeeba,al-Obeid
Lunenburg Opportunity Fund Scholarship 2022,Complete; Complete; Complete,Denied, , , , , , , , , , , , , , , , , , , , , , , , , , , , , , , ,Aiyana,Aquiningoc
Lunenburg Opportunity Fund Scholarship 2022,Submitted; Complete; Complete,Denied, , , , , , , , , , , , , , , , , , , , , , , , , , , , , , , ,Hanoona,Adu
Magee Family Education Scholarship 2022,Submitted; Complete; Complete,Denied, , , , , , , , , , , , , , , , , , , , , , , , , , , , , , , ,Izzaddeen,Hasan
Magee Family Education Scholarship 2022,Complete; Complete; Complete; Complete; Complete; Complete; Complete,Denied, , , , , , , , , , , , , , , , , , , , , , , , , , , , , , , ,Dalene,al-Amini
Magee Family Education Scholarship 2022,Submitted; Complete; Complete; Complete,Denied, , , , , , , , , , , , , , , , , , , , , , , , , , , , , , , ,Shanice,Gellatly
Magee Family Education Scholarship 2022,Submitted; Complete; Complete,Denied, , , , , , , , , , , , , , , , , , , , , , , , , , , , , , , ,Adriea,Halliburton
Magee Family Education Scholarship 2022,Complete; Complete; Complete,Denied, , , , , , , , , , , , , , , , , , , , , , , , , , , , , , , ,Marisah,Starbird
Magee Family Education Scholarship 2022,Submitted; Complete; Complete; Complete; Complete; Complete; Complete,Denied, , , , , , , , , , , , , , , , , , , , , , , , , , , , , , , ,Maleeka,Chhoeun
Magee Family Education Scholarship 2022,Submitted; Complete; Complete,Denied, , , , , , , , , , , , , , , , , , , , , , , , , , , , , , , ,Michalyn,Berry
Magee Family Education Scholarship 2022,Submitted; Complete; Complete; Complete,Denied, , , , , , , , , , , , , , , , , , , , , , , , , , , , , , , ,Nabeel,Dye
Magee Family Education Scholarship 2022,Submitted; Complete; Complete,Denied, , , , , , , , , , , , , , , , , , , , , , , , , , , , , , , ,Sam,Dorrance
Magee Family Education Scholarship 2022,Submitted; Complete; Complete; Complete; Complete; Complete; Complete,Denied, , , , , , , , , , , , , , , , , , , , , , , , , , , , , , , ,Xavier,Lagunas
Magee Family Education Scholarship 2022,Submitted; Complete; Complete; Complete; Complete; Complete; Complete; Complete,Denied, , , , , , , , , , , , , , , , , , , , , , , , , , , , , , , ,Carina,Phonthongsy
Margaret G. Wolcott Scholarship 2022,Submitted; Complete; Complete,Denied, , , , , , , , , , , , , , , , , , , , , , , , , , , , , , , ,Armonno,Field
Margaret G. Wolcott Scholarship 2022,Complete; Complete; Complete; Complete; Complete; Complete; Complete; Complete,Denied, , , , , , , , , , , , , , , , , , , , , , , , , , , , , , , ,Vanya,Carrillo
Margaret G. Wolcott Scholarship 2022,Complete; Complete; Complete,Denied, , , , , , , , , , , , , , , , , , , , , , , , , , , , , , , ,Gabrielle,Teske
Margaret G. Wolcott Scholarship 2022,Submitted; Complete; Complete,Denied, , , , , , , , , , , , , , , , , , , , , , , , , , , , , , , ,Adiam,Yang
Margaret G. Wolcott Scholarship 2022,Complete; Complete; Complete,Denied, , , , , , , , , , , , , , , , , , , , , , , , , , , , , , , ,Wanbli,el-Tabet
Margaret G. Wolcott Scholarship 2022,Submitted; Complete; Complete,Denied, , , , , , , , , , , , , , , , , , , , , , , , , , , , , , , ,Russell,Henz
Margaret G. Wolcott Scholarship 2022,Complete; Complete; Complete,Denied, , , , , , , , , , , , , , , , , , , , , , , , , , , , , , , ,Abdul Khaliq,Kuhlmann Kazay
Margaret G. Wolcott Scholarship 2022,Submitted; Complete; Complete,Denied, , , , , , , , , , , , , , , , , , , , , , , , , , , , , , , ,Karah,Peebles
Margaret G. Wolcott Scholarship 2022,Submitted; Complete; Complete; Complete; Complete; Complete; Complete; Complete,Denied, , , , , , , , , , , , , , , , , , , , , , , , , , , , , , , ,Khaleela,al-Agha
Margaret G. Wolcott Scholarship 2022,Complete; Complete; Complete,Denied, , , , , , , , , , , , , , , , , , , , , , , , , , , , , , , ,Behron,Prieto Perez
Margaret G. Wolcott Scholarship 2022,Submitted; Complete; Complete; Complete; Complete; Complete; Complete; Complete,Denied, , , , , , , , , , , , , , , , , , , , , , , , , , , , , , , ,Camrey,Carrillo
Mark MacPherson Lightbown Memorial Scholarship 2022,Submitted; Complete; Complete,Denied, , , , , , , , , , , , , , , , , , , , , , , , , , , , , , , ,Sankeerth,Majalca
Mark MacPherson Lightbown Memorial Scholarship 2022,Submitted; Submitted; Complete,Denied, , , , , , , , , , , , , , , , , , , , , , , , , , , , , , , ,Benjamin,Peacock
Mark MacPherson Lightbown Memorial Scholarship 2022,Submitted; Complete; Complete; Complete; Complete; Complete,Denied, , , , , , , , , , , , , , , , , , , , , , , , , , , , , , , ,Emilio,Honstein
Mark MacPherson Lightbown Memorial Scholarship 2022,Submitted; Complete; Complete,Denied, , , , , , , , , , , , , , , , , , , , , , , , , , , , , , , ,Ronnie,Kijprachakorn
Mark MacPherson Lightbown Memorial Scholarship 2022,Submitted; Complete; Complete,Denied, , , , , , , , , , , , , , , , , , , , , , , , , , , , , , , ,Adiam,Babcock
Mark MacPherson Lightbown Memorial Scholarship 2022,Submitted; Complete; Complete; Complete; Complete; Complete,Denied, , , , , , , , , , , , , , , , , , , , , , , , , , , , , , , ,Markangelo,Collier
Mark MacPherson Lightbown Memorial Scholarship 2022,Submitted; Complete; Complete,Denied, , , , , , , , , , , , , , , , , , , , , , , , , , , , , , , ,Mujaahida,Palacios
Mark MacPherson Lightbown Memorial Scholarship 2022,Submitted; Complete; Complete; Complete; Complete; Complete,Denied, , , , , , , , , , , , , , , , , , , , , , , , , , , , , , , ,Monique,Case
Mark MacPherson Lightbown Memorial Scholarship 2022,Submitted; Complete; Complete; Complete,Denied, , , , , , , , , , , , , , , , , , , , , , , , , , , , , , , ,Xai,Sargent
Mark MacPherson Lightbown Memorial Scholarship 2022,Submitted; Complete; Complete,Denied, , , , , , , , , , , , , , , , , , , , , , , , , , , , , , , ,Alex,al-Kazemi
Mark MacPherson Lightbown Memorial Scholarship 2022,Submitted; Complete; Complete; Complete; Complete; Complete; Complete; Complete,Denied, , , , , , , , , , , , , , , , , , , , , , , , , , , ,Endicott College, , , ,Sushmita,Frost
Mark MacPherson Lightbown Memorial Scholarship 2022,Submitted; Complete; Complete,Denied, , , , , , , , , , , , , , , , , , , , , , , , , , , , , , , ,May,el-Alam
Mark MacPherson Lightbown Memorial Scholarship 2022,Submitted; Complete; Complete,Denied, , , , , , , , , , , , , , , , , , , , , , , , , , , , , , , ,Cheyane,Omer
Mark W. Tripp Scholarship 2022,Complete; Complete; Complete,Denied, , , , , , , , , , , , , , , , , , , , , , , , , , , , , , , ,Kabowd,Macias
Mark W. Tripp Scholarship 2022,Submitted; Complete; Complete; Complete; Complete; Complete; Complete; Complete,Denied, , , , , , , , , , , , , , , , , , , , , , , , , , , , , , , ,Tien,Herrera
Mark W. Tripp Scholarship 2022,Submitted; Complete; Complete; Complete,Denied, , , , , , , , , , , , , , , , , , , , , , , , , , , , , , , ,Leonardo,el-Syed
Mark W. Tripp Scholarship 2022,Submitted; Complete; Complete,Denied, , , , , , , , , , , , , , , , , , , , , , , , , , , , , , , ,Gi Hun,Botello
Mark W. Tripp Scholarship 2022,Submitted; Complete; Complete,Denied, , , , , , , , , , , , , , , , , , , , , , , , , , , , , , , ,Patricia,Caster
Mark W. Tripp Scholarship 2022,Submitted; Complete; Complete; Complete; Complete; Complete; Complete; Complete; Complete; Complete,Denied, , , , , , , , , , , , , , , , , , , , , , , , , , , ,Howard University, , , ,Gregg,al-Khalifa
Mark W. Tripp Scholarship 2022,Submitted; Complete; Complete,Denied, , , , , , , , , , , , , , , , , , , , , , , , , , , , , , , ,Nabeel,el-Gaber
Mark W. Tripp Scholarship 2022,Submitted; Complete; Complete,Denied, , , , , , , , , , , , , , , , , , , , , , , , , , , , , , , ,Keren,Bigback
Mark W. Tripp Scholarship 2022,Submitted; Complete; Complete; Complete,Denied, , , , , , , , , , , , , , , , , , , , , , , , , , , , , , , ,Jerald,Forte
Mark W. Tripp Scholarship 2022,Submitted; Complete; Complete; Complete,Denied, , , , , , , , , , , , , , , , , , , , , , , , , , , , , , , ,Thomas,Kellum
Mark W. Tripp Scholarship 2022,Submitted; Complete; Complete,Denied, , , , , , , , , , , , , , , , , , , , , , , , , , , , , , , ,Asiah,Sedillo
Mark W. Tripp Scholarship 2022,Complete; Complete; Complete,Denied, , , , , , , , , , , , , , , , , , , , , , , , , , , , , , , ,Derrick,al-Shahid
Mark W. Tripp Scholarship 2022,Submitted; Complete; Complete,Denied, , , , , , , , , , , , , , , , , , , , , , , , , , , , , , , ,Muneefa,Benson
Mark W. Tripp Scholarship 2022,Submitted; Complete; Complete; Complete; Complete; Complete; Complete; Complete; Complete,Denied, , , , , , , , , , , , , , , , , , , , , , , , , , , , , , , ,Phillips,Munn
Mark W. Tripp Scholarship 2022,Submitted; Complete; Complete; Complete; Complete; Complete; Complete; Complete; Complete; Complete,Denied, , , , , , , , , , , , , , , , , , , , , , , , , , , , , , , ,Alex,Joyner
Mark W. Tripp Scholarship 2022,Submitted; Complete; Complete,Denied, , , , , , , , , , , , , , , , , , , , , , , , , , , , , , , ,Tyrelle,el-Salahuddin
Mark W. Tripp Scholarship 2022,Submitted; Complete; Complete,Denied, , , , , , , , , , , , , , , , , , , , , , , , , , , , , , , ,Ohitike,Dion
Mark W. Tripp Scholarship 2022,Submitted; Complete; Complete,Denied, , , , , , , , , , , , , , , , , , , , , , , , , , , , , , , ,Idrianna,el-Kader
Mark W. Tripp Scholarship 2022,Submitted; Complete; Complete,Denied, , , , , , , , , , , , , , , , , , , , , , , , , , , , , , , ,Binh,Kumar
Mark W. Tripp Scholarship 2022,Submitted; Complete; Complete; Complete,Denied, , , , , , , , , , , , , , , , , , , , , , , , , , , , , , , ,Schyeler,el-Ghanem
Mark W. Tripp Scholarship 2022,Submitted; Complete; Complete; Complete; Complete; Complete; Complete; Complete; Complete,Denied, , , , , , , , , , , , , , , , , , , , , , , , , , , ,Marymount University, , , ,Katelyn,Evison
Mark W. Tripp Scholarship 2022,Submitted; Complete; Complete,Denied, , , , , , , , , , , , , , , , , , , , , , , , , , , , , , , ,Kentorra,Abila
Mark W. Tripp Scholarship 2022,Complete; Complete; Complete,Denied, , , , , , , , , , , , , , , , , , , , , , , , , , , , , , , ,Yesenia,el-Burki
Mark W. Tripp Scholarship 2022,Submitted; Complete; Complete,Denied, , , , , , , , , , , , , , , , , , , , , , , , , , , , , , , ,D'Mitri,Pickett
Mark W. Tripp Scholarship 2022,Submitted; Complete; Complete,Denied, , , , , , , , , , , , , , , , , , , , , , , , , , , , , , , ,Daizha,Caldwell-Kentris
Mark W. Tripp Scholarship 2022,Submitted; Submitted; Complete,Denied, , , , , , , , , , , , , , , , , , , , , , , , , , , , , , , ,Monique,el-Ramin
Mark W. Tripp Scholarship 2022,Submitted; Complete; Complete; Complete; Complete; Complete; Complete; Complete; Complete,Denied, , , , , , , , , , , , , , , , , , , , , , , , , , , , , , , ,Angelika,el-Saab
Mark W. Tripp Scholarship 2022,Submitted; Complete; Complete,Denied, , , , , , , , , , , , , , , , , , , , , , , , , , , , , , , ,Khaiir,Jarrell
Mark W. Tripp Scholarship 2022,Submitted; Complete; Complete; Complete; Complete; Complete; Complete; Complete; Complete,Denied, , , , , , , , , , , , , , , , , , , , , , , , , , , , , , , ,Salena,Tisthammer
Mark W. Tripp Scholarship 2022,Submitted; Complete; Complete,Denied, , , , , , , , , , , , , , , , , , , , , , , , , , , , , , , ,Sheena,Holladay
Mark W. Tripp Scholarship 2022,Submitted; Complete; Complete; Complete,Denied, , , , , , , , , , , , , , , , , , , , , , , , , , , , , , , ,Gericko,Stoops
Mark W. Tripp Scholarship 2022,Complete; Complete; Complete,Denied, , , , , , , , , , , , , , , , , , , , , , , , , , , , , , , ,Xai,Lamar
Mark W. Tripp Scholarship 2022,Submitted; Complete; Complete,Denied, , , , , , , , , , , , , , , , , , , , , , , , , , , , , , , ,Logan,Holst
Mark W. Tripp Scholarship 2022,Submitted; Complete; Complete; Complete; Complete; Complete; Complete; Complete; Complete,Denied, , , , , , , , , , , , , , , , , , , , , , , , , , , ,Virginia Polytechnic Institute and State University, , , ,Travonta,Two Crow
Mark W. Tripp Scholarship 2022,Submitted; Complete; Complete; Complete,Denied, , , , , , , , , , , , , , , , , , , , , , , , , , , , , , , ,Tione,Huh
Mark W. Tripp Scholarship 2022,Submitted; Complete; Complete,Denied, , , , , , , , , , , , , , , , , , , , , , , , , , , , , , , ,Tu,Meza Barrera
Mark W. Tripp Scholarship 2022,Complete; Complete; Complete,Denied, , , , , , , , , , , , , , , , , , , , , , , , , , , , , , , ,Kameel,Jahner
Mark W. Tripp Scholarship 2022,Submitted; Complete; Complete,Denied, , , , , , , , , , , , , , , , , , , , , , , , , , , , , , , ,Armonno,Duong
Mark W. Tripp Scholarship 2022,Submitted; Complete; Complete,Denied, , , , , , , , , , , , , , , , , , , , , , , , , , , , , , , ,Cormac,Rothey
Mark W. Tripp Scholarship 2022,Submitted; Complete; Complete,Denied, , , , , , , , , , , , , , , , , , , , , , , , , , , , , , , ,Kianna,Fels
Mark W. Tripp Scholarship 2022,Submitted; Complete; Complete; Complete,Denied, , , , , , , , , , , , , , , , , , , , , , , , , , , , , , , ,Thomas,el-Sinai
Mark W. Tripp Scholarship 2022,Submitted; Complete; Complete,Denied, , , , , , , , , , , , , , , , , , , , , , , , , , , , , , , ,Jeremy,Covington
Mark W. Tripp Scholarship 2022,Submitted; Complete; Complete; Complete,Denied, , , , , , , , , , , , , , , , , , , , , , , , , , , , , , , ,Ohitike,el-Sinai
Mark W. Tripp Scholarship 2022,Submitted; Complete; Complete,Denied, , , , , , , , , , , , , , , , , , , , , , , , , , , , , , , ,Olivya,al-Samad
Mark W. Tripp Scholarship 2022,Submitted; Submitted; Complete,Denied, , , , , , , , , , , , , , , , , , , , , , , , , , , , , , , ,Alex,Littles
Mark W. Tripp Scholarship 2022,Submitted; Complete; Complete,Denied, , , , , , , , , , , , , , , , , , , , , , , , , , , , , , , ,Larae,Bachler
Mark W. Tripp Scholarship 2022,Submitted; Complete; Complete; Complete,Denied, , , , , , , , , , , , , , , , , , , , , , , , , , , , , , , ,Kristie,Gregg
Mark W. Tripp Scholarship 2022,Submitted; Complete; Complete,Denied, , , , , , , , , , , , , , , , , , , , , , , , , , , , , , , ,Armonno,Chanthavongsa
Mark W. Tripp Scholarship 2022,Submitted; Complete; Complete,Denied, , , , , , , , , , , , , , , , , , , , , , , , , , , , , , , ,Monique,Case
Mark W. Tripp Scholarship 2022,Submitted; Complete; Complete; Complete,Denied, , , , , , , , , , , , , , , , , , , , , , , , , , , , , , , ,Shawnquelle,Malone-Rogers
Mark W. Tripp Scholarship 2022,Submitted; Complete; Complete,Denied, , , , , , , , , , , , , , , , , , , , , , , , , , , , , , , ,Judy,Lopez-Carrizales
Mark W. Tripp Scholarship 2022,Submitted; Complete; Complete,Denied, , , , , , , , , , , , , , , , , , , , , , , , , , , , , , , ,L'Rae,Bertholf
Mark W. Tripp Scholarship 2022,Submitted; Complete; Complete,Denied, , , , , , , , , , , , , , , , , , , , , , , , , , , , , , , ,Pedro,Holt
Mark W. Tripp Scholarship 2022,Submitted; Complete; Complete,Denied, , , , , , , , , , , , , , , , , , , , , , , , , , , , , , , ,Joy,Schuette
Mark W. Tripp Scholarship 2022,Submitted; Complete; Complete,Denied, , , , , , , , , , , , , , , , , , , , , , , , , , , , , , , ,Nuha,Crummett
Mark W. Tripp Scholarship 2022,Submitted; Complete; Complete,Denied, , , , , , , , , , , , , , , , , , , , , , , , , , , , , , , ,Kent,al-Arif
Mark W. Tripp Scholarship 2022,Submitted; Complete; Complete,Denied, , , , , , , , , , , , , , , , , , , , , , , , , , , , , , , ,Trina,el-Nagi
Mark W. Tripp Scholarship 2022,Submitted; Complete; Complete; Complete,Denied, , , , , , , , , , , , , , , , , , , , , , , , , , , , , , , ,Shabeeba,al-Obeid
Mark W. Tripp Scholarship 2022,Submitted; Complete; Complete,Denied, , , , , , , , , , , , , , , , , , , , , , , , , , , , , , , ,Beatrice,al-Mahdavi
Mark W. Tripp Scholarship 2022,Submitted; Complete; Complete,Denied, , , , , , , , , , , , , , , , , , , , , , , , , , , , , , , ,Mareeon,el-Laham
Mark W. Tripp Scholarship 2022,Complete; Complete; Complete; Complete,Denied, , , , , , , , , , , , , , , , , , , , , , , , , , , , , , , ,Obdulia,Jacobs
Mark W. Tripp Scholarship 2022,Complete; Complete; Complete,Denied, , , , , , , , , , , , , , , , , , , , , , , , , , , , , , , ,Picabo,Olave
Mark W. Tripp Scholarship 2022,Submitted; Complete; Complete,Denied, , , , , , , , , , , , , , , , , , , , , , , , , , , , , , , ,Saphire,Trebus
Mark W. Tripp Scholarship 2022,Submitted; Complete; Complete,Denied, , , , , , , , , , , , , , , , , , , , , , , , , , , , , , , ,Qaasim,Bron
Mark W. Tripp Scholarship 2022,Submitted; Complete; Complete,Denied, , , , , , , , , , , , , , , , , , , , , , , , , , , , , , , ,Roderick,Bajwa
Mark W. Tripp Scholarship 2022,Submitted; Complete; Complete,Denied, , , , , , , , , , , , , , , , , , , , , , , , , , , , , , , ,Clayton,el-Hashmi
Mark W. Tripp Scholarship 2022,Submitted; Complete; Complete,Denied, , , , , , , , , , , , , , , , , , , , , , , , , , , , , , , ,Munisa,Dych
Mark W. Tripp Scholarship 2022,Submitted; Complete; Complete,Denied, , , , , , , , , , , , , , , , , , , , , , , , , , , , , , , ,Monique,al-Amer
Mark W. Tripp Scholarship 2022,Submitted; Complete; Complete; Complete; Complete; Complete; Complete; Complete; Complete; Complete,Denied, , , , , , , , , , , , , , , , , , , , , , , , , , , , , , , ,Ciera,Jarrett
Mark W. Tripp Scholarship 2022,Submitted; Complete; Complete; Complete; Complete; Complete; Complete,Denied, , , , , , , , , , , , , , , , , , , , , , , , , , , ,Worcester Polytechnic Institute, , , ,Mubeena,Magwood
Mark W. Tripp Scholarship 2022,Submitted; Complete; Complete,Denied, , , , , , , , , , , , , , , , , , , , , , , , , , , , , , , ,Dhaafir,Cather
Mark W. Tripp Scholarship 2022,Submitted; Complete; Complete,Denied, , , , , , , , , , , , , , , , , , , , , , , , , , , , , , , ,Sapphire,Esparza Medina
Mark W. Tripp Scholarship 2022,Submitted; Complete; Complete; Complete,Denied, , , , , , , , , , , , , , , , , , , , , , , , , , , , , , , ,Trent,Busby
Mark W. Tripp Scholarship 2022,Submitted; Complete; Complete,Denied, , , , , , , , , , , , , , , , , , , , , , , , , , , , , , , ,Mutadi,Jibowu
Mark W. Tripp Scholarship 2022,Complete; Complete; Complete; Complete; Complete,Denied, , , , , , , , , , , , , , , , , , , , , , , , , , , , , , , ,Mubeena,Seiler
Mark W. Tripp Scholarship 2022,Submitted; Complete; Complete; Complete; Complete,Denied, , , , , , , , , , , , , , , , , , , , , , , , , , , , , , , ,Sultana,Caudillo
Mark W. Tripp Scholarship 2022,Submitted; Complete; Complete,Denied, , , , , , , , , , , , , , , , , , , , , , , , , , , , , , , ,Samira,Berrier
Mark W. Tripp Scholarship 2022,Submitted; Complete; Complete; Complete,Denied, , , , , , , , , , , , , , , , , , , , , , , , , , , , , , , ,Randy,el-Khalil
Mark W. Tripp Scholarship 2022,Submitted; Submitted; Complete,Denied, , , , , , , , , , , , , , , , , , , , , , , , , , , , , , , ,Vanya,Carrasco Faudoa
Mark W. Tripp Scholarship 2022,Submitted; Complete; Complete; Complete; Complete; Complete; Complete,Denied, , , , , , , , , , , , , , , , , , , , , , , , , , , , , , , ,Emonie,Schetgen
Mark W. Tripp Scholarship 2022,Submitted; Complete; Complete,Denied, , , , , , , , , , , , , , , , , , , , , , , , , , , , , , , ,Jonet,el-Rahmani
Mark W. Tripp Scholarship 2022,Complete; Complete; Complete,Denied, , , , , , , , , , , , , , , , , , , , , , , , , , , , , , , ,Shawnia,Cervantes
Mark W. Tripp Scholarship 2022,Submitted; Complete; Complete; Complete,Denied, , , , , , , , , , , , , , , , , , , , , , , , , , , , , , , ,Najeem,Gregory
Mark W. Tripp Scholarship 2022,Submitted; Complete; Complete,Denied, , , , , , , , , , , , , , , , , , , , , , , , , , , , , , , ,Azmi,Daly
Mark W. Tripp Scholarship 2022,Complete; Complete; Complete,Denied, , , , , , , , , , , , , , , , , , , , , , , , , , , , , , , ,Corissa,Mckoy
Mark W. Tripp Scholarship 2022,Submitted; Complete; Complete,Denied, , , , , , , , , , , , , , , , , , , , , , , , , , , , , , , ,Idrees,el-Jalil
Marty Hastings Memorial Scholarship 2022,Submitted; Complete; Complete,Denied, , , , , , , , , , , , , , , , , , , , , , , , , , , , , , , ,Abiy,al-Sadiq
Marty Hastings Memorial Scholarship 2022,Submitted; Complete; Complete,Denied, , , , , , , , , , , , , , , , , , , , , , , , , , , , , , , ,Ziyaad,Crespin
Marty Hastings Memorial Scholarship 2022,Submitted; Complete; Complete; Complete; Complete; Complete; Complete; Complete,Denied, , , , , , , , , , , , , , , , , , , , , , , , , , , , , , , ,Ian,al-Sadiq
Marty Hastings Memorial Scholarship 2022,Submitted; Complete; Complete; Complete; Complete; Complete; Complete; Complete; Complete; Complete; Complete; Complete; Complete,Denied, , , , , , , , , , , , , , , , , , , , , , , , , , , , , , , ,Alfonso,el-Dawood
Marty Hastings Memorial Scholarship 2022,Submitted; Complete; Complete; Complete; Complete; Complete; Complete; Complete; Complete,Denied, , , , , , , , , , , , , , , , , , , , , , , , , , , , , , , ,Natasha,Worker
Marty Hastings Memorial Scholarship 2022,Submitted; Complete; Complete; Complete; Complete; Complete; Complete; Complete; Complete; Complete; Complete; Complete; Complete; Complete,Denied, , , , , , , , , , , , , , , , , , , , , , , , , , , ,Boston University, , , ,Colette,Forkell
Marty Hastings Memorial Scholarship 2022,Submitted; Complete; Complete; Complete; Complete; Complete; Complete; Complete; Complete,Denied, , , , , , , , , , , , , , , , , , , , , , , , , , , ,Drexel University, , , ,Jourdan,Perea
Marty Hastings Memorial Scholarship 2022,Complete; Complete; Complete; Complete,Denied, , , , , , , , , , , , , , , , , , , , , , , , , , , , , , , ,Samira,Slife
Mary and John Buckley Memorial Education Scholarship 2022,Complete; Complete; Complete; Complete; Complete; Complete; Complete,Denied, , , , , , , , , , , , , , , , , , , , , , , , , , , ,Boston University, , , ,Essence,Farris
Mary and John Buckley Memorial Education Scholarship 2022,Submitted; Complete; Complete; Complete; Complete; Complete; Complete,Denied, , , , , , , , , , , , , , , , , , , , , , , , , , , , , , , ,Keren,Ramdas
Mary and John Buckley Memorial Education Scholarship 2022,Submitted; Complete; Complete,Denied, , , , , , , , , , , , , , , , , , , , , , , , , , , , , , , ,Abdul Hakeem,Wethington
Mary and John Buckley Memorial Education Scholarship 2022,Submitted; Complete; Complete,Denied, , , , , , , , , , , , , , , , , , , , , , , , , , , , , , , ,Kezia,Asebedo
Mary and John Buckley Memorial Education Scholarship 2022,Submitted; Complete; Complete; Complete; Complete; Complete; Complete; Complete,Denied, , , , , , , , , , , , , , , , , , , , , , , , , , , , , , , ,Tien,Herrera
Mary and John Buckley Memorial Education Scholarship 2022,Submitted; Complete; Complete; Complete,Denied, , , , , , , , , , , , , , , , , , , , , , , , , , , , , , , ,Alton,Barnabas
Mary and John Buckley Memorial Education Scholarship 2022,Complete; Complete; Complete,Denied, , , , , , , , , , , , , , , , , , , , , , , , , , , , , , , ,Alexandria,Basak
Mary and John Buckley Memorial Education Scholarship 2022,Submitted; Complete; Complete,Denied, , , , , , , , , , , , , , , , , , , , , , , , , , , , , , , ,Eduardo,al-Malak
Mary and John Buckley Memorial Education Scholarship 2022,Submitted; Complete; Complete; Complete; Complete; Complete; Complete; Complete; Complete; Complete; Complete; Complete; Complete,Denied, , , , , , , , , , , , , , , , , , , , , , , , , , , ,Assumption University, , , ,Pornchai,el-Pashia
Mary and John Buckley Memorial Education Scholarship 2022,Submitted; Complete; Complete; Complete; Complete; Complete,Denied, , , , , , , , , , , , , , , , , , , , , , , , , , , , , , , ,Hakeema,Redd
Mary and John Buckley Memorial Education Scholarship 2022,Submitted; Complete; Complete,Denied, , , , , , , , , , , , , , , , , , , , , , , , , , , , , , , ,Idrianna,Srinivasan
Mary and John Buckley Memorial Education Scholarship 2022,Submitted; Complete; Complete,Denied, , , , , , , , , , , , , , , , , , , , , , , , , , , , , , , ,Mutadi,Kennon
Mary and John Buckley Memorial Education Scholarship 2022,Submitted; Complete; Complete,Denied, , , , , , , , , , , , , , , , , , , , , , , , , , , , , , , ,Cheyane,el-Radwan
Mary and John Buckley Memorial Education Scholarship 2022,Submitted; Complete; Complete; Complete; Complete; Complete; Complete; Complete; Complete,Denied, , , , , , , , , , , , , , , , , , , , , , , , , , , , , , , ,Whitney,Sok
Mary and John Buckley Memorial Education Scholarship 2022,Submitted; Complete; Complete,Denied, , , , , , , , , , , , , , , , , , , , , , , , , , , , , , , ,Michel,Coyhis
Mary and John Buckley Memorial Education Scholarship 2022,Submitted; Complete; Complete,Denied, , , , , , , , , , , , , , , , , , , , , , , , , , , , , , , ,Samir,Brandon
Mary and John Buckley Memorial Education Scholarship 2022,Submitted; Complete; Complete,Denied, , , , , , , , , , , , , , , , , , , , , , , , , , , , , , , ,"Jam,Aan",Espinoza
Mary and John Buckley Memorial Education Scholarship 2022,Submitted; Complete; Complete,Denied, , , , , , , , , , , , , , , , , , , , , , , , , , , , , , , ,Monique,Malecha
Mary and John Buckley Memorial Education Scholarship 2022,Submitted; Complete; Complete,Denied, , , , , , , , , , , , , , , , , , , , , , , , , , , , , , , ,Colette,Cannady
Mary and John Buckley Memorial Education Scholarship 2022,Submitted; Complete; Complete; Complete,Denied, , , , , , , , , , , , , , , , , , , , , , , , , , , , , , , ,Alex,Joyner
Mary and John Buckley Memorial Education Scholarship 2022,Submitted; Complete; Complete,Denied, , , , , , , , , , , , , , , , , , , , , , , , , , , , , , , ,Tatiyana,el-Safi
Mary and John Buckley Memorial Education Scholarship 2022,Submitted; Complete; Complete; Complete,Denied, , , , , , , , , , , , , , , , , , , , , , , , , , , , , , , ,Toryn,Johnson-Hayward
Mary and John Buckley Memorial Education Scholarship 2022,Submitted; Complete; Complete,Denied, , , , , , , , , , , , , , , , , , , , , , , , , , , , , , , ,Nam,Lopez Cruz
Mary and John Buckley Memorial Education Scholarship 2022,Submitted; Complete; Complete,Denied, , , , , , , , , , , , , , , , , , , , , , , , , , , , , , , ,Armonno,Field
Mary and John Buckley Memorial Education Scholarship 2022,Submitted; Complete; Complete,Denied, , , , , , , , , , , , , , , , , , , , , , , , , , , , , , , ,Chykeiljah,Longwing
Mary and John Buckley Memorial Education Scholarship 2022,Submitted; Complete; Complete,Denied, , , , , , , , , , , , , , , , , , , , , , , , , , , , , , , ,Idrianna,el-Kader
Mary and John Buckley Memorial Education Scholarship 2022,Submitted; Complete; Complete,Denied, , , , , , , , , , , , , , , , , , , , , , , , , , , , , , , ,Qaasim,Boddiger
Mary and John Buckley Memorial Education Scholarship 2022,Submitted; Complete; Complete,Denied, , , , , , , , , , , , , , , , , , , , , , , , , , , , , , , ,Cole,Gutierrez Grimaldo
Mary and John Buckley Memorial Education Scholarship 2022,Submitted; Complete; Complete,Denied, , , , , , , , , , , , , , , , , , , , , , , , , , , , , , , ,Roderick,Bellitt
Mary and John Buckley Memorial Education Scholarship 2022,Submitted; Complete; Complete,Denied, , , , , , , , , , , , , , , , , , , , , , , , , , , , , , , ,Xai,Reda-Arefaine
Mary and John Buckley Memorial Education Scholarship 2022,Submitted; Complete; Complete,Denied, , , , , , , , , , , , , , , , , , , , , , , , , , , , , , , ,Kentorra,Abila
Mary and John Buckley Memorial Education Scholarship 2022,Submitted; Complete; Complete; Complete; Complete; Complete; Complete,Denied, , , , , , , , , , , , , , , , , , , , , , , , , , , , , , , ,Shawnia,Saeed
Mary and John Buckley Memorial Education Scholarship 2022,Submitted; Complete; Complete,Denied, , , , , , , , , , , , , , , , , , , , , , , , , , , , , , , ,D'Mitri,Pickett
Mary and John Buckley Memorial Education Scholarship 2022,Submitted; Complete; Complete; Complete,Denied, , , , , , , , , , , , , , , , , , , , , , , , , , , , , , , ,Kent,al-Amer
Mary and John Buckley Memorial Education Scholarship 2022,Submitted; Complete; Complete,Denied, , , , , , , , , , , , , , , , , , , , , , , , , , , , , , , ,Daylamae,Whitley
Mary and John Buckley Memorial Education Scholarship 2022,Submitted; Complete; Complete,Denied, , , , , , , , , , , , , , , , , , , , , , , , , , , , , , , ,Daizha,Caldwell-Kentris
Mary and John Buckley Memorial Education Scholarship 2022,Submitted; Complete; Complete,Denied, , , , , , , , , , , , , , , , , , , , , , , , , , , , , , , ,Nabeeh,Michaelkovich
Mary and John Buckley Memorial Education Scholarship 2022,Submitted; Submitted; Complete,Denied, , , , , , , , , , , , , , , , , , , , , , , , , , , , , , , ,Monique,el-Ramin
Mary and John Buckley Memorial Education Scholarship 2022,Submitted; Complete; Complete; Complete,Denied, , , , , , , , , , , , , , , , , , , , , , , , , , , , , , , ,Emilio,Music
Mary and John Buckley Memorial Education Scholarship 2022,Submitted; Complete; Complete,Denied, , , , , , , , , , , , , , , , , , , , , , , , , , , , , , , ,Kent,Aranda
Mary and John Buckley Memorial Education Scholarship 2022,Submitted; Complete; Complete,Denied, , , , , , , , , , , , , , , , , , , , , , , , , , , , , , , ,Davis,Atkins
Mary and John Buckley Memorial Education Scholarship 2022,Submitted; Complete; Complete,Denied, , , , , , , , , , , , , , , , , , , , , , , , , , , , , , , ,Sushmita,Berumen
Mary and John Buckley Memorial Education Scholarship 2022,Submitted; Submitted; Complete,Denied, , , , , , , , , , , , , , , , , , , , , , , , , , , , , , , ,Katherin,Beyale
Mary and John Buckley Memorial Education Scholarship 2022,Submitted; Complete; Complete; Complete; Complete; Complete; Complete; Complete,Denied, , , , , , , , , , , , , , , , , , , , , , , , , , , , , , , ,Ari,Brehe
Mary and John Buckley Memorial Education Scholarship 2022,Submitted; Complete; Complete,Denied, , , , , , , , , , , , , , , , , , , , , , , , , , , , , , , ,Heroki,Baird
Mary and John Buckley Memorial Education Scholarship 2022,Complete; Complete; Complete; Complete,Denied, , , , , , , , , , , , , , , , , , , , , , , , , , , , , , , ,Whitnie,el-Bari
Mary and John Buckley Memorial Education Scholarship 2022,Submitted; Complete; Complete,Denied, , , , , , , , , , , , , , , , , , , , , , , , , , , , , , , ,Kianna,Victorino
Mary and John Buckley Memorial Education Scholarship 2022,Submitted; Complete; Complete; Complete; Complete; Complete; Complete,Denied, , , , , , , , , , , , , , , , , , , , , , , , , , , , , , , ,Cheyanne,Riner
Mary and John Buckley Memorial Education Scholarship 2022,Submitted; Complete; Complete,Denied, , , , , , , , , , , , , , , , , , , , , , , , , , , , , , , ,Ian,al-Sadiq
Mary and John Buckley Memorial Education Scholarship 2022,Submitted; Complete; Complete,Denied, , , , , , , , , , , , , , , , , , , , , , , , , , , , , , , ,Musheera,Neff
Mary and John Buckley Memorial Education Scholarship 2022,Submitted; Complete; Complete,Denied, , , , , , , , , , , , , , , , , , , , , , , , , , , , , , , ,Norma,Lau
Mary and John Buckley Memorial Education Scholarship 2022,Submitted; Complete; Complete,Denied, , , , , , , , , , , , , , , , , , , , , , , , , , , , , , , ,Mikala,el-Mir
Mary and John Buckley Memorial Education Scholarship 2022,Submitted; Complete; Complete,Denied, , , , , , , , , , , , , , , , , , , , , , , , , , , , , , , ,Sheena,Holladay
Mary and John Buckley Memorial Education Scholarship 2022,Submitted; Complete; Complete,Denied, , , , , , , , , , , , , , , , , , , , , , , , , , , , , , , ,Markangelo,Collier
Mary and John Buckley Memorial Education Scholarship 2022,Submitted; Complete; Complete,Denied, , , , , , , , , , , , , , , , , , , , , , , , , , , , , , , ,Azhaar,Dewberry
Mary and John Buckley Memorial Education Scholarship 2022,Submitted; Complete; Complete,Denied, , , , , , , , , , , , , , , , , , , , , , , , , , , , , , , ,Logan,Holst
Mary and John Buckley Memorial Education Scholarship 2022,Submitted; Complete; Complete,Denied, , , , , , , , , , , , , , , , , , , , , , , , , , , , , , , ,Mutadi,Oliva
Mary and John Buckley Memorial Education Scholarship 2022,Submitted; Complete; Complete,Denied, , , , , , , , , , , , , , , , , , , , , , , , , , , , , , , ,Mujaahida,Palacios
Mary and John Buckley Memorial Education Scholarship 2022,Submitted; Complete; Complete,Denied, , , , , , , , , , , , , , , , , , , , , , , , , , , , , , , ,Crissela,Rosales-Bass
Mary and John Buckley Memorial Education Scholarship 2022,Submitted; Complete; Complete; Complete,Denied, , , , , , , , , , , , , , , , , , , , , , , , , , , , , , , ,Nikki,Woolum
Mary and John Buckley Memorial Education Scholarship 2022,Submitted; Complete; Complete,Denied, , , , , , , , , , , , , , , , , , , , , , , , , , , , , , , ,Fawz,al-Hoque
Mary and John Buckley Memorial Education Scholarship 2022,Submitted; Complete; Complete,Denied, , , , , , , , , , , , , , , , , , , , , , , , , , , , , , , ,Jeremy,Covington
Mary and John Buckley Memorial Education Scholarship 2022,Submitted; Complete; Complete,Denied, , , , , , , , , , , , , , , , , , , , , , , , , , , , , , , ,Roger,Higley
Mary and John Buckley Memorial Education Scholarship 2022,Submitted; Complete; Complete; Complete,Denied, , , , , , , , , , , , , , , , , , , , , , , , , , , , , , , ,Najeem,Dionese
Mary and John Buckley Memorial Education Scholarship 2022,Submitted; Complete; Complete,Denied, , , , , , , , , , , , , , , , , , , , , , , , , , , , , , , ,Roger,Dragan
Mary and John Buckley Memorial Education Scholarship 2022,Submitted; Complete; Complete,Denied, , , , , , , , , , , , , , , , , , , , , , , , , , , , , , , ,Olivya,al-Samad
Mary and John Buckley Memorial Education Scholarship 2022,Submitted; Submitted; Complete,Denied, , , , , , , , , , , , , , , , , , , , , , , , , , , , , , , ,Kailee,Torres
Mary and John Buckley Memorial Education Scholarship 2022,Submitted; Complete; Complete; Complete,Denied, , , , , , , , , , , , , , , , , , , , , , , , , , , , , , , ,Katherin,Bilal
Mary and John Buckley Memorial Education Scholarship 2022,Submitted; Complete; Complete,Denied, , , , , , , , , , , , , , , , , , , , , , , , , , , , , , , ,Larae,Bachler
Mary and John Buckley Memorial Education Scholarship 2022,Submitted; Complete; Complete; Complete; Complete; Complete; Complete; Complete; Complete,Denied, , , , , , , , , , , , , , , , , , , , , , , , , , , ,College of the Holy Cross, , , ,Markangelo,el-Fadel
Mary and John Buckley Memorial Education Scholarship 2022,Submitted; Complete; Complete,Denied, , , , , , , , , , , , , , , , , , , , , , , , , , , , , , , ,Mareeon,Field
Mary and John Buckley Memorial Education Scholarship 2022,Submitted; Complete; Complete,Denied, , , , , , , , , , , , , , , , , , , , , , , , , , , , , , , ,Cole,Jefferson
Mary and John Buckley Memorial Education Scholarship 2022,Submitted; Complete; Complete; Complete,Denied, , , , , , , , , , , , , , , , , , , , , , , , , , , , , , , ,Heroki,Absher
Mary and John Buckley Memorial Education Scholarship 2022,Submitted; Complete; Complete,Denied, , , , , , , , , , , , , , , , , , , , , , , , , , , , , , , ,Picabo,Skyhorse
Mary and John Buckley Memorial Education Scholarship 2022,Submitted; Complete; Complete,Denied, , , , , , , , , , , , , , , , , , , , , , , , , , , , , , , ,Sarah,el-Fadel
Mary and John Buckley Memorial Education Scholarship 2022,Submitted; Complete; Complete; Complete,Denied, , , , , , , , , , , , , , , , , , , , , , , , , , , , , , , ,Julia Isabel,Quintana Jr
Mary and John Buckley Memorial Education Scholarship 2022,Complete; Complete; Complete,Denied, , , , , , , , , , , , , , , , , , , , , , , , , , , , , , , ,Kameel,Ewing
Mary and John Buckley Memorial Education Scholarship 2022,Submitted; Complete; Complete,Denied, , , , , , , , , , , , , , , , , , , , , , , , , , , , , , , ,Beau,Fuino
Mary and John Buckley Memorial Education Scholarship 2022,Submitted; Complete; Complete,Denied, , , , , , , , , , , , , , , , , , , , , , , , , , , , , , , ,Starla,Yohannes
Mary and John Buckley Memorial Education Scholarship 2022,Submitted; Complete; Complete,Denied, , , , , , , , , , , , , , , , , , , , , , , , , , , , , , , ,Jalaal,Farrell
Mary and John Buckley Memorial Education Scholarship 2022,Complete; Complete; Complete,Denied, , , , , , , , , , , , , , , , , , , , , , , , , , , , , , , ,Jyotshal,Wenner
Mary and John Buckley Memorial Education Scholarship 2022,Submitted; Complete; Complete,Denied, , , , , , , , , , , , , , , , , , , , , , , , , , , , , , , ,Cyra,Farrell
Mary and John Buckley Memorial Education Scholarship 2022,Submitted; Complete; Complete; Complete,Denied, , , , , , , , , , , , , , , , , , , , , , , , , , , , , , , ,Saamyya,Gang
Mary and John Buckley Memorial Education Scholarship 2022,Submitted; Complete; Complete,Denied, , , , , , , , , , , , , , , , , , , , , , , , , , , , , , , ,Vanya,Victoria
Mary and John Buckley Memorial Education Scholarship 2022,Submitted; Complete; Complete,Denied, , , , , , , , , , , , , , , , , , , , , , , , , , , , , , , ,Roger,Tipton
Mary and John Buckley Memorial Education Scholarship 2022,Complete; Complete; Complete; Complete; Complete; Complete; Complete; Complete; Complete,Denied, , , , , , , , , , , , , , , , , , , , , , , , , , , ,College of the Holy Cross, , , ,Wisaam,Hunnell
Mary and John Buckley Memorial Education Scholarship 2022,Submitted; Complete; Complete,Denied, , , , , , , , , , , , , , , , , , , , , , , , , , , , , , , ,Kent,al-Arif
Mary and John Buckley Memorial Education Scholarship 2022,Submitted; Complete; Complete,Denied, , , , , , , , , , , , , , , , , , , , , , , , , , , , , , , ,Alex,Coyhis
Mary and John Buckley Memorial Education Scholarship 2022,Complete; Complete; Complete,Denied, , , , , , , , , , , , , , , , , , , , , , , , , , , , , , , ,Monique,Hurd
Mary and John Buckley Memorial Education Scholarship 2022,Submitted; Complete; Complete; Complete,Denied, , , , , , , , , , , , , , , , , , , , , , , , , , , , , , , ,Xai,Sargent
Mary and John Buckley Memorial Education Scholarship 2022,Submitted; Complete; Complete; Complete; Complete; Complete; Complete; Complete; Complete; Complete,Denied, , , , , , , , , , , , , , , , , , , , , , , , , , , ,Endicott College, , , ,Zaamil,Peterman
Mary and John Buckley Memorial Education Scholarship 2022,Submitted; Complete; Complete,Denied, , , , , , , , , , , , , , , , , , , , , , , , , , , , , , , ,Treamon,Pammant
Mary and John Buckley Memorial Education Scholarship 2022,Submitted; Complete; Complete,Denied, , , , , , , , , , , , , , , , , , , , , , , , , , , , , , , ,Madison,Frandsen
Mary and John Buckley Memorial Education Scholarship 2022,Submitted; Complete; Complete,Denied, , , , , , , , , , , , , , , , , , , , , , , , , , , , , , , ,Adham,al-Raad
Mary and John Buckley Memorial Education Scholarship 2022,Submitted; Complete; Complete; Complete; Complete,Denied, , , , , , , , , , , , , , , , , , , , , , , , , , , , , , , ,Tonya,Schumacher
Mary and John Buckley Memorial Education Scholarship 2022,Submitted; Complete; Complete,Denied, , , , , , , , , , , , , , , , , , , , , , , , , , , , , , , ,Nazeema,Samake
Mary and John Buckley Memorial Education Scholarship 2022,Submitted; Complete; Complete,Denied, , , , , , , , , , , , , , , , , , , , , , , , , , , , , , , ,Derrick,Lopez Cruz
Mary and John Buckley Memorial Education Scholarship 2022,Submitted; Complete; Complete,Denied, , , , , , , , , , , , , , , , , , , , , , , , , , , , , , , ,Yadira,al-Jan
Mary and John Buckley Memorial Education Scholarship 2022,Submitted; Complete; Complete,Denied, , , , , , , , , , , , , , , , , , , , , , , , , , , , , , , ,Jason,Flowers
Mary and John Buckley Memorial Education Scholarship 2022,Submitted; Complete; Complete,Denied, , , , , , , , , , , , , , , , , , , , , , , , , , , , , , , ,Munisa,Dych
Mary and John Buckley Memorial Education Scholarship 2022,Submitted; Complete; Complete,Denied, , , , , , , , , , , , , , , , , , , , , , , , , , , , , , , ,Zaamil,Randolph
Mary and John Buckley Memorial Education Scholarship 2022,Submitted; Submitted; Complete,Denied, , , , , , , , , , , , , , , , , , , , , , , , , , , , , , , ,Karlos,Kraft
Mary and John Buckley Memorial Education Scholarship 2022,Submitted; Complete; Complete,Denied, , , , , , , , , , , , , , , , , , , , , , , , , , , , , , , ,Monique,al-Amer
Mary and John Buckley Memorial Education Scholarship 2022,Complete; Complete; Complete,Denied, , , , , , , , , , , , , , , , , , , , , , , , , , , , , , , ,Aiyana,Aquiningoc
Mary and John Buckley Memorial Education Scholarship 2022,Submitted; Complete; Complete,Denied, , , , , , , , , , , , , , , , , , , , , , , , , , , , , , , ,Sushmita,Kyle
Mary and John Buckley Memorial Education Scholarship 2022,Submitted; Complete; Complete,Denied, , , , , , , , , , , , , , , , , , , , , , , , , , , , , , , ,Khongmong,Neighbors
Mary and John Buckley Memorial Education Scholarship 2022,Submitted; Complete; Complete,Denied, , , , , , , , , , , , , , , , , , , , , , , , , , , , , , , ,Jamarian,Ham
Mary and John Buckley Memorial Education Scholarship 2022,Submitted; Complete; Complete,Denied, , , , , , , , , , , , , , , , , , , , , , , , , , , , , , , ,Badruddeen,Eyre
Mary and John Buckley Memorial Education Scholarship 2022,Submitted; Complete; Complete; Complete,Denied, , , , , , , , , , , , , , , , , , , , , , , , , , , , , , , ,Marshall,al-Shahin
Mary and John Buckley Memorial Education Scholarship 2022,Submitted; Complete; Complete,Denied, , , , , , , , , , , , , , , , , , , , , , , , , , , , , , , ,Dhaafir,Cather
Mary and John Buckley Memorial Education Scholarship 2022,Submitted; Complete; Complete; Complete; Complete; Complete; Complete; Complete,Denied, , , , , , , , , , , , , , , , , , , , , , , , , , , ,Endicott College, , , ,Sushmita,Frost
Mary and John Buckley Memorial Education Scholarship 2022,Submitted; Complete; Complete,Denied, , , , , , , , , , , , , , , , , , , , , , , , , , , , , , , ,Khongmong,Booker
Mary and John Buckley Memorial Education Scholarship 2022,Submitted; Complete; Complete,Denied, , , , , , , , , , , , , , , , , , , , , , , , , , , , , , , ,Kent,Martinez Martin
Mary and John Buckley Memorial Education Scholarship 2022,Submitted; Complete; Complete,Denied, , , , , , , , , , , , , , , , , , , , , , , , , , , , , , , ,Yadira,Laroche
Mary and John Buckley Memorial Education Scholarship 2022,Submitted; Complete; Complete,Denied, , , , , , , , , , , , , , , , , , , , , , , , , , , , , , , ,Monique,Dougherty
Mary and John Buckley Memorial Education Scholarship 2022,Submitted; Complete; Complete,Denied, , , , , , , , , , , , , , , , , , , , , , , , , , , , , , , ,Carina,Cerdenola
Mary and John Buckley Memorial Education Scholarship 2022,Submitted; Complete; Complete,Denied, , , , , , , , , , , , , , , , , , , , , , , , , , , , , , , ,Safwaan,al-Shaheen
Mary and John Buckley Memorial Education Scholarship 2022,Submitted; Complete; Complete,Denied, , , , , , , , , , , , , , , , , , , , , , , , , , , , , , , ,Keanna,Thapa
Mary and John Buckley Memorial Education Scholarship 2022,Submitted; Complete; Complete,Denied, , , , , , , , , , , , , , , , , , , , , , , , , , , , , , , ,Saajid,Kerr
Mary and John Buckley Memorial Education Scholarship 2022,Complete; Complete; Complete,Denied, , , , , , , , , , , , , , , , , , , , , , , , , , , , , , , ,Aimee,el-Hannan
Mary and John Buckley Memorial Education Scholarship 2022,Submitted; Complete; Complete,Denied, , , , , , , , , , , , , , , , , , , , , , , , , , , , , , , ,Cheyane,Omer
Mary and John Buckley Memorial Education Scholarship 2022,Submitted; Complete; Complete,Denied, , , , , , , , , , , , , , , , , , , , , , , , , , , , , , , ,Idrees,el-Jalil
Mary and John Buckley Memorial Education Scholarship 2022,Submitted; Complete; Complete; Complete,Denied, , , , , , , , , , , , , , , , , , , , , , , , , , , , , , , ,Julianna,Woods
Mary Ann Binkoski Scholarship 2022,Submitted; Complete; Complete; Complete; Complete; Complete; Complete,Denied, , , , , , , , , , , , , , , , , , , , , , , , , , , , , , , ,Ziyaad,Crespin
Mary Ann Binkoski Scholarship 2022,Submitted; Complete; Complete; Complete; Complete; Complete; Complete; Complete,Denied, , , , , , , , , , , , , , , , , , , , , , , , , , , , , , , ,Camrey,Merlos Solorzano
Mary Ann Binkoski Scholarship 2022,Complete; Complete; Complete; Complete; Complete; Complete; Complete,Denied, , , , , , , , , , , , , , , , , , , , , , , , , , , , , , , ,Aimee,el-Hannan
Mary Connolly Memorial Scholarship 2022,Submitted; Complete; Complete; Complete; Complete; Complete; Complete; Complete; Complete; Complete,Denied, , , , , , , , , , , , , , , , , , , , , , , , , , , , , , , ,Mutadi,Kennon
Mary Olive Wood Scholarship 2022,Complete; Complete; Complete,Denied, , , , , , , , , , , , , , , , , , , , , , , , , , , , , , , ,Dalene,al-Amini
Mary Olive Wood Scholarship 2022,Submitted; Complete; Complete,Denied, , , , , , , , , , , , , , , , , , , , , , , , , , , , , , , ,Yaasmeen,He
Mary Olive Wood Scholarship 2022,Submitted; Complete; Complete,Denied, , , , , , , , , , , , , , , , , , , , , , , , , , , , , , , ,Shawnia,Briceno
Mary Olive Wood Scholarship 2022,Submitted; Complete; Complete,Denied, , , , , , , , , , , , , , , , , , , , , , , , , , , , , , , ,Bonnie,al-Hashem
Mary Olive Wood Scholarship 2022,Complete; Complete; Complete; Complete; Complete; Complete; Complete; Complete; Complete,Denied, , , , , , , , , , , , , , , , , , , , , , , , , , , ,Worcester State University, , , ,Sahel,Bugarin Jr
Mary Olive Wood Scholarship 2022,Submitted; Complete; Complete; Complete; Complete; Complete; Complete; Complete; Complete,Denied, , , , , , , , , , , , , , , , , , , , , , , , , , , ,Westfield State University, , , ,Colette,Villano
Mary Olive Wood Scholarship 2022,Submitted; Complete; Complete; Complete; Complete; Complete; Complete; Complete; Complete,Denied, , , , , , , , , , , , , , , , , , , , , , , , , , , ,University of New Haven, , , ,Russell,Pettit
Mary R. Fedeli Memorial Scholarship Fund 2022,Submitted; Complete; Complete; Complete; Complete; Complete; Complete; Complete; Complete,Denied, , , , , , , , , , , , , , , , , , , , , , , , , , , , , , , ,Mareeon,Field
Mary R. Fedeli Memorial Scholarship Fund 2022,Submitted; Complete; Complete; Complete; Complete; Complete; Complete; Complete; Complete,Denied, , , , , , , , , , , , , , , , , , , , , , , , , , , , , , , ,Pedro,Holt
Mary R. Fedeli Memorial Scholarship Fund 2022,Submitted; Complete; Complete; Complete; Complete; Complete; Complete; Complete; Complete,Denied, , , , , , , , , , , , , , , , , , , , , , , , , , , , , , , ,Yadira,Laroche
Mary Sahagan Lonstein Scholarship 2022,Submitted; Complete; Complete; Complete,Denied, , , , , , , , , , , , , , , , , , , , , , , , , , , , , , , ,Se Ra,el-Hosseini
Mary Sahagan Lonstein Scholarship 2022,Submitted; Complete; Complete,Denied, , , , , , , , , , , , , , , , , , , , , , , , , , , , , , , ,Olivya,al-Samad
Mary Sahagan Lonstein Scholarship 2022,Submitted; Complete; Complete,Denied, , , , , , , , , , , , , , , , , , , , , , , , , , , , , , , ,Mahbooba,Ocampo
Mary Sahagan Lonstein Scholarship 2022,Submitted; Complete; Complete,Denied, , , , , , , , , , , , , , , , , , , , , , , , , , , , , , , ,Maajid,Turman
Mary Sahagan Lonstein Scholarship 2022,Submitted; Complete; Complete,Denied, , , , , , , , , , , , , , , , , , , , , , , , , , , , , , , ,Hasana,Quach
Mary Sahagan Lonstein Scholarship 2022,Submitted; Complete; Complete,Denied, , , , , , , , , , , , , , , , , , , , , , , , , , , , , , , ,Tuhfa,Vecellio
Maureen Henrickson Memorial Scholarship 2022,Submitted; Complete; Complete,Denied, , , , , , , , , , , , , , , , , , , , , , , , , , , , , , , ,Jonet,el-Fadel
Maureen Henrickson Memorial Scholarship 2022,Submitted; Complete; Complete,Denied, , , , , , , , , , , , , , , , , , , , , , , , , , , , , , , ,Mutadi,Kennon
Maureen Henrickson Memorial Scholarship 2022,Submitted; Complete; Complete,Denied, , , , , , , , , , , , , , , , , , , , , , , , , , , , , , , ,Ohitike,O'Rell
Maureen Henrickson Memorial Scholarship 2022,Submitted; Complete; Complete,Denied, , , , , , , , , , , , , , , , , , , , , , , , , , , , , , , ,Andres,Quick Bear
Maureen Henrickson Memorial Scholarship 2022,Submitted; Complete; Complete,Denied, , , , , , , , , , , , , , , , , , , , , , , , , , , , , , , ,Isela,el-Jaffer
Maureen Henrickson Memorial Scholarship 2022,Submitted; Complete; Complete; Complete; Complete; Complete; Complete; Complete; Complete; Complete,Denied, , , , , , , , , , , , , , , , , , , , , , , , , , , , , , , ,Chykeiljah,Longwing
Maureen Henrickson Memorial Scholarship 2022,Submitted; Complete; Complete,Denied, , , , , , , , , , , , , , , , , , , , , , , , , , , , , , , ,Xai,Reda-Arefaine
Maureen Henrickson Memorial Scholarship 2022,Submitted; Complete; Complete,Denied, , , , , , , , , , , , , , , , , , , , , , , , , , , , , , , ,Qaasim,Mateo
Maureen Henrickson Memorial Scholarship 2022,Submitted; Complete; Complete; Complete,Denied, , , , , , , , , , , , , , , , , , , , , , , , , , , , , , , ,Emilio,Music
Maureen Henrickson Memorial Scholarship 2022,Submitted; Complete; Complete,Denied, , , , , , , , , , , , , , , , , , , , , , , , , , , , , , , ,Arafaat,Penny
Maureen Henrickson Memorial Scholarship 2022,Submitted; Complete; Complete; Complete,Denied, , , , , , , , , , , , , , , , , , , , , , , , , , , , , , , ,Saami,Mcgee
Maureen Henrickson Memorial Scholarship 2022,Submitted; Complete; Complete; Complete; Complete; Complete; Complete; Complete; Complete; Complete; Complete,Denied, , , , , , , , , , , , , , , , , , , , , , , , , , , , , , , ,Nikki,Woolum
Maureen Henrickson Memorial Scholarship 2022,Submitted; Complete; Complete,Denied, , , , , , , , , , , , , , , , , , , , , , , , , , , , , , , ,Michalyn,Berry
Maureen Henrickson Memorial Scholarship 2022,Submitted; Complete; Complete,Denied, , , , , , , , , , , , , , , , , , , , , , , , , , , , , , , ,Picabo,Skyhorse
Maureen Henrickson Memorial Scholarship 2022,Submitted; Complete; Complete,Denied, , , , , , , , , , , , , , , , , , , , , , , , , , , , , , , ,Sarah,el-Fadel
Maureen Henrickson Memorial Scholarship 2022,Submitted; Complete; Complete,Denied, , , , , , , , , , , , , , , , , , , , , , , , , , , , , , , ,Izaak,el-Chahine
Maureen Henrickson Memorial Scholarship 2022,Submitted; Submitted; Complete,Denied, , , , , , , , , , , , , , , , , , , , , , , , , , , , , , , ,Yadira,Otgontulga
Maureen Henrickson Memorial Scholarship 2022,Submitted; Complete; Complete,Denied, , , , , , , , , , , , , , , , , , , , , , , , , , , , , , , ,Vanya,Victoria
Maureen Henrickson Memorial Scholarship 2022,Submitted; Complete; Complete,Denied, , , , , , , , , , , , , , , , , , , , , , , , , , , , , , , ,Alex,Coyhis
Maureen Henrickson Memorial Scholarship 2022,Submitted; Submitted; Complete,Denied, , , , , , , , , , , , , , , , , , , , , , , , , , , , , , , ,Kent,Gonzales
Maureen Henrickson Memorial Scholarship 2022,Submitted; Complete; Complete,Denied, , , , , , , , , , , , , , , , , , , , , , , , , , , , , , , ,Khongmong,Neighbors
Maureen Henrickson Memorial Scholarship 2022,Submitted; Complete; Complete,Denied, , , , , , , , , , , , , , , , , , , , , , , , , , , , , , , ,Jamarian,Ham
Maureen Henrickson Memorial Scholarship 2022,Submitted; Complete; Complete; Complete,Denied, , , , , , , , , , , , , , , , , , , , , , , , , , , , , , , ,Marshall,al-Shahin
Maureen Henrickson Memorial Scholarship 2022,Submitted; Complete; Complete,Denied, , , , , , , , , , , , , , , , , , , , , , , , , , , , , , , ,Kentorra,Baskerville
Maureen Henrickson Memorial Scholarship 2022,Submitted; Complete; Complete,Denied, , , , , , , , , , , , , , , , , , , , , , , , , , , , , , , ,Tasneem,Farley
Maureen Henrickson Memorial Scholarship 2022,Submitted; Complete; Complete; Complete; Complete; Complete; Complete; Complete; Complete; Complete,Denied, , , , , , , , , , , , , , , , , , , , , , , , , , , , , , , ,Samira,Berrier
Maureen Henrickson Memorial Scholarship 2022,Submitted; Submitted; Complete,Denied, , , , , , , , , , , , , , , , , , , , , , , , , , , , , , , ,Taamira,Keele
Maureen Henrickson Memorial Scholarship 2022,Submitted; Complete; Complete,Denied, , , , , , , , , , , , , , , , , , , , , , , , , , , , , , , ,Zahra,el-Salame
Maureen Henrickson Memorial Scholarship 2022,Submitted; Complete; Complete,Denied, , , , , , , , , , , , , , , , , , , , , , , , , , , , , , , ,Samira,Schwartz
Maureen Henrickson Memorial Scholarship 2022,Submitted; Complete; Complete,Denied, , , , , , , , , , , , , , , , , , , , , , , , , , , , , , , ,Shaunae,Renkel
Max H. and Eloise A. Kuhner Scholarship 2022,Submitted; Complete; Complete; Complete; Complete; Complete; Complete; Complete,Denied, , , , , , , , , , , , , , , , , , , , , , , , , , , , , , , ,Emmanuel,Ginsberg
Max H. and Eloise A. Kuhner Scholarship 2022,Submitted; Complete; Complete; Complete; Complete; Complete; Complete,Denied, , , , , , , , , , , , , , , , , , , , , , , , , , , , , , , ,Taeler,Duran
Max H. and Eloise A. Kuhner Scholarship 2022,Submitted; Complete; Complete; Complete; Complete; Complete; Complete,Denied, , , , , , , , , , , , , , , , , , , , , , , , , , , , , , , ,"Jam,Aan",Lacuesta
Max H. and Eloise A. Kuhner Scholarship 2022,Submitted; Complete; Complete; Complete; Complete; Complete; Complete,Denied, , , , , , , , , , , , , , , , , , , , , , , , , , , , , , , ,Keanna,Thapa
Melanie Davidian Memorial Scholarship 2022,Submitted; Complete; Complete; Complete; Complete; Complete; Complete; Complete,Denied, , , , , , , , , , , , , , , , , , , , , , , , , , , , , , , ,Rawda,el-Latif
Michael Minty Memorial Scholarship 2022,Submitted; Complete; Complete,Denied, , , , , , , , , , , , , , , , , , , , , , , , , , , , , , , ,Idrianna,Srinivasan
Michael Minty Memorial Scholarship 2022,Submitted; Complete; Complete,Denied, , , , , , , , , , , , , , , , , , , , , , , , , , , , , , , ,Picabo,al-Zaman
Michael Minty Memorial Scholarship 2022,Submitted; Submitted; Complete,Denied, , , , , , , , , , , , , , , , , , , , , , , , , , , , , , , ,Alex,Ferrie
Michael Minty Memorial Scholarship 2022,Submitted; Complete; Complete,Denied, , , , , , , , , , , , , , , , , , , , , , , , , , , , , , , ,Thomas,Kemp
Nichols Academy Marilyn T. and Gerald Fels Scholarship 2022,Submitted; Complete; Complete; Complete; Complete; Complete; Complete; Complete; Complete,Denied, , , , , , , , , , , , , , , , , , , , , , , , , , , , , , , ,Juanita,Smalldon
Nichols Academy Marilyn T. and Gerald Fels Scholarship 2022,Submitted; Complete; Complete; Complete,Denied, , , , , , , , , , , , , , , , , , , , , , , , , , , , , , , ,Karlos,al-Farra
Nichols Academy Marilyn T. and Gerald Fels Scholarship 2022,Submitted; Complete; Complete,Denied, , , , , , , , , , , , , , , , , , , , , , , , , , , , , , , ,Zaamil,Buasri
Nichols Academy Marilyn T. and Gerald Fels Scholarship 2022,Submitted; Complete; Complete; Complete; Complete; Complete; Complete; Complete; Complete; Complete; Complete; Complete; Complete; Complete; Complete,Denied, , , , , , , , , , , , , , , , , , , , , , , , , , , ,Westfield State University, , , ,Colette,Villano
Nichols Academy Marilyn T. and Gerald Fels Scholarship 2022,Submitted; Complete; Complete,Denied, , , , , , , , , , , , , , , , , , , , , , , , , , , , , , , ,Farhaana,Galvan
Nichols Academy Marilyn T. and Gerald Fels Scholarship 2022,Submitted; Complete; Complete,Denied, , , , , , , , , , , , , , , , , , , , , , , , , , , , , , , ,"Jam,Aan",Largo
Nichols Academy Marilyn T. and Gerald Fels Scholarship 2022,Submitted; Complete; Complete; Complete; Complete; Complete; Complete; Complete; Complete; Complete,Denied, , , , , , , , , , , , , , , , , , , , , , , , , , , , , , , ,Sultana,Caudillo
Nichols Academy Marilyn T. and Gerald Fels Scholarship 2022,Submitted; Complete; Complete,Denied, , , , , , , , , , , , , , , , , , , , , , , , , , , , , , , ,Josaphina,Rolston
Patrica A. and Robert M. Bourke Memorial Scholarship 2022,Complete; Complete; Complete; Complete; Complete; Complete; Complete; Complete; Complete; Complete; Complete,Denied, , , , , , , , , , , , , , , , , , , , , , , , , , , ,Boston University, , , ,Essence,Farris
Patrica A. and Robert M. Bourke Memorial Scholarship 2022,Submitted; Complete; Complete,Denied, , , , , , , , , , , , , , , , , , , , , , , , , , , , , , , ,Cheyane,el-Radwan
Patrica A. and Robert M. Bourke Memorial Scholarship 2022,Submitted; Complete; Complete,Denied, , , , , , , , , , , , , , , , , , , , , , , , , , , , , , , ,Sundus,Basnet
Patrica A. and Robert M. Bourke Memorial Scholarship 2022,Submitted; Complete; Complete; Complete; Complete; Complete; Complete,Denied, , , , , , , , , , , , , , , , , , , , , , , , , , , , , , , ,Picabo,Colten
Patrica A. and Robert M. Bourke Memorial Scholarship 2022,Submitted; Complete; Complete,Denied, , , , , , , , , , , , , , , , , , , , , , , , , , , , , , , ,Shakoora,Villano
Patrica A. and Robert M. Bourke Memorial Scholarship 2022,Submitted; Complete; Complete,Denied, , , , , , , , , , , , , , , , , , , , , , , , , , , , , , , ,Zaamil,Randolph
Patrica A. and Robert M. Bourke Memorial Scholarship 2022,Submitted; Complete; Complete; Complete; Complete; Complete; Complete; Complete,Denied, , , , , , , , , , , , , , , , , , , , , , , , , , , , , , , ,Dhaafir,el-Jan
Patricia Proko Morris Memorial Scholarship 2022,Submitted; Complete; Complete; Complete; Complete; Complete; Complete; Complete,Denied, , , , , , , , , , , , , , , , , , , , , , , , , , , , , , , ,Xai,Barron
Patricia Proko Morris Memorial Scholarship 2022,Submitted; Complete; Complete; Complete; Complete; Complete; Complete; Complete,Denied, , , , , , , , , , , , , , , , , , , , , , , , , , , , , , , ,Yadira,Laroche
Patricia Proko Morris Memorial Scholarship 2022,Submitted; Complete; Complete; Complete; Complete; Complete; Complete; Complete,Denied, , , , , , , , , , , , , , , , , , , , , , , , , , , , , , , ,Freddy,Aptidon
Paul J. Westberg Memorial Scholarship 2022,Submitted; Complete; Complete,Denied, , , , , , , , , , , , , , , , , , , , , , , , , , , , , , , ,Khongmong,Doria
Paul J. Westberg Memorial Scholarship 2022,Complete; Complete; Complete; Complete; Complete; Complete; Complete; Complete,Denied, , , , , , , , , , , , , , , , , , , , , , , , , , , , , , , ,Aubrianna,el-Shaikh
Paul J. Westberg Memorial Scholarship 2022,Submitted; Complete; Complete,Denied, , , , , , , , , , , , , , , , , , , , , , , , , , , , , , , ,Adriea,Halliburton
Paul J. Westberg Memorial Scholarship 2022,Complete; Complete; Complete; Complete; Complete; Complete; Complete; Complete,Denied, , , , , , , , , , , , , , , , , , , , , , , , , , , , , , , ,Azamat,Ablan
Paul J. Westberg Memorial Scholarship 2022,Submitted; Complete; Complete; Complete; Complete; Complete; Complete; Complete; Complete,Denied, , , , , , , , , , , , , , , , , , , , , , , , , , , , , , , ,Ari,Brehe
Paul J. Westberg Memorial Scholarship 2022,Submitted; Complete; Complete,Denied, , , , , , , , , , , , , , , , , , , , , , , , , , , , , , , ,Ian,al-Sadiq
Paul J. Westberg Memorial Scholarship 2022,Submitted; Complete; Complete,Denied, , , , , , , , , , , , , , , , , , , , , , , , , , , , , , , ,Musheera,Neff
Paul J. Westberg Memorial Scholarship 2022,Submitted; Complete; Complete,Denied, , , , , , , , , , , , , , , , , , , , , , , , , , , , , , , ,Roger,Higley
Paul J. Westberg Memorial Scholarship 2022,Submitted; Complete; Complete; Complete; Complete; Complete; Complete; Complete; Complete,Denied, , , , , , , , , , , , , , , , , , , , , , , , , , , , , , , ,Xai,Robertson
Paul J. Westberg Memorial Scholarship 2022,Submitted; Complete; Complete; Complete; Complete; Complete; Complete; Complete; Complete,Denied, , , , , , , , , , , , , , , , , , , , , , , , , , , , , , , ,Jorden,Wendelin
Paul J. Westberg Memorial Scholarship 2022,Submitted; Complete; Complete,Denied, , , , , , , , , , , , , , , , , , , , , , , , , , , , , , , ,Roderick,Bajwa
Paul J. Westberg Memorial Scholarship 2022,Submitted; Complete; Complete,Denied, , , , , , , , , , , , , , , , , , , , , , , , , , , , , , , ,Manaahil,Blanton
Paul J. Westberg Memorial Scholarship 2022,Submitted; Complete; Complete,Denied, , , , , , , , , , , , , , , , , , , , , , , , , , , , , , , ,Areli,al-Farha
Paul J. Westberg Memorial Scholarship 2022,Submitted; Complete; Complete; Complete,Denied, , , , , , , , , , , , , , , , , , , , , , , , , , , , , , , ,Julianna,Woods
Paul M. Gervais Memorial Music Scholarship 2022,Complete; Complete; Complete; Complete,Denied, , , , , , , , , , , , , , , , , , , , , , , , , , , , , , , ,Khaalida,al-Amir
Paul M. Gervais Memorial Music Scholarship 2022,Submitted; Complete; Complete,Denied, , , , , , , , , , , , , , , , , , , , , , , , , , , , , , , ,Samir,Brandon
Paul M. Gervais Memorial Music Scholarship 2022,Submitted; Complete; Complete,Denied, , , , , , , , , , , , , , , , , , , , , , , , , , , , , , , ,Uthmaa N,Roberson
Paul M. Gervais Memorial Music Scholarship 2022,Complete; Complete; Complete,Denied, , , , , , , , , , , , , , , , , , , , , , , , , , , , , , , ,Aubrianna,el-Shaikh
Paul M. Gervais Memorial Music Scholarship 2022,Complete; Complete; Complete,Denied, , , , , , , , , , , , , , , , , , , , , , , , , , , , , , , ,Azamat,Ablan
Paul M. Gervais Memorial Music Scholarship 2022,Submitted; Complete; Complete,Denied, , , , , , , , , , , , , , , , , , , , , , , , , , , , , , , ,Ziyaad,Crespin
Paul M. Gervais Memorial Music Scholarship 2022,Submitted; Complete; Complete; Complete; Complete; Complete; Complete; Complete; Complete,Denied, , , , , , , , , , , , , , , , , , , , , , , , , , , , , , , ,Kimberley,Reddell
Paul M. Gervais Memorial Music Scholarship 2022,Submitted; Complete; Complete; Complete; Complete; Complete; Complete; Complete; Complete,Denied, , , , , , , , , , , , , , , , , , , , , , , , , , , , , , , ,Shawnia,Saeed
Paul M. Gervais Memorial Music Scholarship 2022,Submitted; Complete; Complete,Denied, , , , , , , , , , , , , , , , , , , , , , , , , , , , , , , ,D'Mitri,Pickett
Paul M. Gervais Memorial Music Scholarship 2022,Submitted; Complete; Complete,Denied, , , , , , , , , , , , , , , , , , , , , , , , , , , , , , , ,Vincente,Melgares
Paul M. Gervais Memorial Music Scholarship 2022,Submitted; Complete; Complete,Denied, , , , , , , , , , , , , , , , , , , , , , , , , , , , , , , ,Daylamae,Whitley
Paul M. Gervais Memorial Music Scholarship 2022,Submitted; Complete; Complete,Denied, , , , , , , , , , , , , , , , , , , , , , , , , , , , , , , ,Daizha,Caldwell-Kentris
Paul M. Gervais Memorial Music Scholarship 2022,Submitted; Complete; Complete; Complete,Denied, , , , , , , , , , , , , , , , , , , , , , , , , , , , , , , ,Qaasim,Van Lue
Paul M. Gervais Memorial Music Scholarship 2022,Submitted; Complete; Complete,Denied, , , , , , , , , , , , , , , , , , , , , , , , , , , , , , , ,Musheera,Neff
Paul M. Gervais Memorial Music Scholarship 2022,Submitted; Complete; Complete,Denied, , , , , , , , , , , , , , , , , , , , , , , , , , , , , , , ,Mikala,el-Mir
Paul M. Gervais Memorial Music Scholarship 2022,Submitted; Complete; Complete,Denied, , , , , , , , , , , , , , , , , , , , , , , , , , , , , , , ,Brendan,el-Kaleel
Paul M. Gervais Memorial Music Scholarship 2022,Submitted; Complete; Complete,Denied, , , , , , , , , , , , , , , , , , , , , , , , , , , , , , , ,Mutadi,Oliva
Paul M. Gervais Memorial Music Scholarship 2022,Submitted; Complete; Complete,Denied, , , , , , , , , , , , , , , , , , , , , , , , , , , , , , , ,Abhaya,al-Maroun
Paul M. Gervais Memorial Music Scholarship 2022,Submitted; Complete; Complete; Complete,Denied, , , , , , , , , , , , , , , , , , , , , , , , , , , , , , , ,Ricky,Reeder
Paul M. Gervais Memorial Music Scholarship 2022,Complete; Complete; Complete,Denied, , , , , , , , , , , , , , , , , , , , , , , , , , , , , , , ,Jeffery,al-Naqvi
Paul M. Gervais Memorial Music Scholarship 2022,Submitted; Complete; Complete,Denied, , , , , , , , , , , , , , , , , , , , , , , , , , , , , , , ,Starla,Yohannes
Paul M. Gervais Memorial Music Scholarship 2022,Submitted; Complete; Complete; Complete,Denied, , , , , , , , , , , , , , , , , , , , , , , , , , , , , , , ,Zvi,Gast
Paul M. Gervais Memorial Music Scholarship 2022,Submitted; Complete; Complete; Complete,Denied, , , , , , , , , , , , , , , , , , , , , , , , , , , , , , , ,Natasha,Worker
Paul M. Gervais Memorial Music Scholarship 2022,Complete; Complete; Complete; Complete; Complete; Complete; Complete; Complete; Complete,Denied, , , , , , , , , , , , , , , , , , , , , , , , , , , ,College of the Holy Cross, , , ,Wisaam,Hunnell
Paul M. Gervais Memorial Music Scholarship 2022,Submitted; Complete; Complete; Complete; Complete; Complete; Complete; Complete; Complete,Denied, , , , , , , , , , , , , , , , , , , , , , , , , , , ,Boston University, , , ,Colette,Forkell
Paul M. Gervais Memorial Music Scholarship 2022,Submitted; Complete; Complete; Complete,Denied, , , , , , , , , , , , , , , , , , , , , , , , , , , , , , , ,Azamat,el-Jabbar
Paul M. Gervais Memorial Music Scholarship 2022,Submitted; Complete; Complete,Denied, , , , , , , , , , , , , , , , , , , , , , , , , , , , , , , ,Yadira,Stansberry
Paul M. Gervais Memorial Music Scholarship 2022,Submitted; Complete; Complete; Complete,Denied, , , , , , , , , , , , , , , , , , , , , , , , , , , , , , , ,Tamikah,Amgalanbayar
Paul M. Gervais Memorial Music Scholarship 2022,Submitted; Complete; Complete,Denied, , , , , , , , , , , , , , , , , , , , , , , , , , , , , , , ,Nazeema,Samake
Paul M. Gervais Memorial Music Scholarship 2022,Submitted; Complete; Complete,Denied, , , , , , , , , , , , , , , , , , , , , , , , , , , , , , , ,Shawnia,Rodri
Paul M. Gervais Memorial Music Scholarship 2022,Submitted; Complete; Complete,Denied, , , , , , , , , , , , , , , , , , , , , , , , , , , , , , , ,Jason,Flowers
Paul M. Gervais Memorial Music Scholarship 2022,Submitted; Complete; Complete; Complete,Denied, , , , , , , , , , , , , , , , , , , , , , , , , , , , , , , ,Eleazar,Freeman
Paul M. Gervais Memorial Music Scholarship 2022,Complete; Complete; Complete; Complete; Complete; Complete; Complete; Complete; Complete; Complete,Denied, , , , , , , , , , , , , , , , , , , , , , , , , , , ,Harvard University, , , ,Kaitlyn,Arviso-Aguirre
Paul M. Gervais Memorial Music Scholarship 2022,Submitted; Complete; Complete; Complete; Complete; Complete; Complete; Complete; Complete,Denied, , , , , , , , , , , , , , , , , , , , , , , , , , , , , , , ,Saajid,Kerr
Paul M. Gervais Memorial Music Scholarship 2022,Submitted; Complete; Complete; Complete; Complete; Complete; Complete; Complete; Complete,Denied, , , , , , , , , , , , , , , , , , , , , , , , , , , , , , , ,Shelby,Hume
Paul M. Gervais Memorial Music Scholarship 2022,Submitted; Complete; Complete,Denied, , , , , , , , , , , , , , , , , , , , , , , , , , , , , , , ,Cordero,al-Idris
Paul M. Gervais Memorial Music Scholarship 2022,Submitted; Complete; Complete,Denied, , , , , , , , , , , , , , , , , , , , , , , , , , , , , , , ,Trina,Powell
Paul M. Gervais Memorial Music Scholarship 2022,Complete; Complete; Complete; Complete,Denied, , , , , , , , , , , , , , , , , , , , , , , , , , , , , , , ,Samira,Slife
Project Aspire Scholarship 2022,Submitted; Complete; Complete,Denied, , , , , , , , , , , , , , , , , , , , , , , , , , , , , , , ,Garen,Miller
Project Aspire Scholarship 2022,Submitted; Complete; Complete,Denied, , , , , , , , , , , , , , , , , , , , , , , , , , , , , , , ,Muhammad,Gaulden-Meyer
Project Aspire Scholarship 2022,Submitted; Complete; Complete; Complete,Denied, , , , , , , , , , , , , , , , , , , , , , , , , , , , , , , ,Ari,Brehe
Project Aspire Scholarship 2022,Submitted; Complete; Complete,Denied, , , , , , , , , , , , , , , , , , , , , , , , , , , , , , , ,Sahel,Petry
Project Aspire Scholarship 2022,Submitted; Complete; Complete,Denied, , , , , , , , , , , , , , , , , , , , , , , , , , , , , , , ,Maimoona,Fuqua
Project Aspire Scholarship 2022,Submitted; Complete; Complete,Denied, , , , , , , , , , , , , , , , , , , , , , , , , , , , , , , ,Tione,Simmons
Project Aspire Scholarship 2022,Submitted; Complete; Complete; Complete,Denied, , , , , , , , , , , , , , , , , , , , , , , , , , , , , , , ,Azamat,el-Jabbar
Project Aspire Scholarship 2022,Submitted; Complete; Complete,Denied, , , , , , , , , , , , , , , , , , , , , , , , , , , , , , , ,Tammassha,Vazquez
Rev. Richard & Shirley Wright Emmanuel Baptist Church Scholarship 2022,Complete; Complete; Complete,Denied, , , , , , , , , , , , , , , , , , , , , , , , , , , , , , , ,Haamida,Gold
Rev. Richard & Shirley Wright Emmanuel Baptist Church Scholarship 2022,Complete; Complete; Complete; Complete; Complete; Complete; Complete; Complete; Complete; Complete,Denied, , , , , , , , , , , , , , , , , , , , , , , , , , , ,Brandeis University, , , ,Aeneva,Murphy
Richard and Jeanne Ahlquist Scholarship 2022,Submitted; Complete; Complete,Denied, , , , , , , , , , , , , , , , , , , , , , , , , , , , , , , ,Ma Chalah,Montgomery
Richard and Jeanne Ahlquist Scholarship 2022,Submitted; Complete; Complete,Denied, , , , , , , , , , , , , , , , , , , , , , , , , , , , , , , ,Idrianna,Srinivasan
Richard and Jeanne Ahlquist Scholarship 2022,Submitted; Complete; Complete; Complete; Complete; Complete; Complete,Denied, , , , , , , , , , , , , , , , , , , , , , , , , , , , , , , ,Shaakira,Shazier
Richard and Jeanne Ahlquist Scholarship 2022,Submitted; Complete; Complete,Denied, , , , , , , , , , , , , , , , , , , , , , , , , , , , , , , ,Ryker,Main
Richard and Jeanne Ahlquist Scholarship 2022,Submitted; Complete; Complete,Denied, , , , , , , , , , , , , , , , , , , , , , , , , , , , , , , ,Dhaafir,Niblet
Richard and Jeanne Ahlquist Scholarship 2022,Submitted; Complete; Complete; Complete; Complete; Complete; Complete,Denied, , , , , , , , , , , , , , , , , , , , , , , , , , , , , , , ,Qaasim,Boddiger
Richard and Jeanne Ahlquist Scholarship 2022,Submitted; Complete; Complete,Denied, , , , , , , , , , , , , , , , , , , , , , , , , , , , , , , ,Imtinaan,Sukkum
Richard and Jeanne Ahlquist Scholarship 2022,Submitted; Complete; Complete,Denied, , , , , , , , , , , , , , , , , , , , , , , , , , , , , , , ,Xai,Lundquist
Richard and Jeanne Ahlquist Scholarship 2022,Submitted; Complete; Complete,Denied, , , , , , , , , , , , , , , , , , , , , , , , , , , , , , , ,Jeni,Payne
Richard and Jeanne Ahlquist Scholarship 2022,Submitted; Complete; Complete,Denied, , , , , , , , , , , , , , , , , , , , , , , , , , , , , , , ,Tyrelle,Agripino-Alvarado
Richard and Jeanne Ahlquist Scholarship 2022,Submitted; Complete; Complete,Denied, , , , , , , , , , , , , , , , , , , , , , , , , , , , , , , ,Cheyanne,Botts
Richard and Jeanne Ahlquist Scholarship 2022,Submitted; Complete; Complete,Denied, , , , , , , , , , , , , , , , , , , , , , , , , , , , , , , ,Haaritha,Boyce
Richard and Jeanne Ahlquist Scholarship 2022,Submitted; Complete; Complete; Complete; Complete; Complete; Complete; Complete; Complete,Denied, , , , , , , , , , , , , , , , , , , , , , , , , , , ,University of Massachusetts at Amherst, , , ,Alexxis,Cellars
Richard and Jeanne Ahlquist Scholarship 2022,Submitted; Complete; Complete,Denied, , , , , , , , , , , , , , , , , , , , , , , , , , , , , , , ,Heroki,Baird
Richard and Jeanne Ahlquist Scholarship 2022,Submitted; Complete; Complete,Denied, , , , , , , , , , , , , , , , , , , , , , , , , , , , , , , ,Alex,Xiang
Richard and Jeanne Ahlquist Scholarship 2022,Submitted; Complete; Complete,Denied, , , , , , , , , , , , , , , , , , , , , , , , , , , , , , , ,Khaiir,Jarrell
Richard and Jeanne Ahlquist Scholarship 2022,Submitted; Complete; Complete,Denied, , , , , , , , , , , , , , , , , , , , , , , , , , , , , , , ,Cheyanne,Riner
Richard and Jeanne Ahlquist Scholarship 2022,Submitted; Complete; Complete,Denied, , , , , , , , , , , , , , , , , , , , , , , , , , , , , , , ,Colette,Hazel
Richard and Jeanne Ahlquist Scholarship 2022,Submitted; Complete; Complete,Denied, , , , , , , , , , , , , , , , , , , , , , , , , , , , , , , ,Armonno,Chanthavongsa
Richard and Jeanne Ahlquist Scholarship 2022,Submitted; Complete; Complete,Denied, , , , , , , , , , , , , , , , , , , , , , , , , , , , , , , ,Molly,Jasper
Richard and Jeanne Ahlquist Scholarship 2022,Submitted; Complete; Complete,Denied, , , , , , , , , , , , , , , , , , , , , , , , , , , , , , , ,Jennis,Jasper
Richard and Jeanne Ahlquist Scholarship 2022,Complete; Complete; Complete,Denied, , , , , , , , , , , , , , , , , , , , , , , , , , , , , , , ,Allegra,Trout
Richard and Jeanne Ahlquist Scholarship 2022,Complete; Complete; Complete,Denied, , , , , , , , , , , , , , , , , , , , , , , , , , , , , , , ,Waleed,Mahamud
Richard and Jeanne Ahlquist Scholarship 2022,Submitted; Complete; Complete,Denied, , , , , , , , , , , , , , , , , , , , , , , , , , , , , , , ,Roger,Sato
Richard and Jeanne Ahlquist Scholarship 2022,Submitted; Complete; Complete,Denied, , , , , , , , , , , , , , , , , , , , , , , , , , , , , , , ,Joy,Schuette
Richard and Jeanne Ahlquist Scholarship 2022,Submitted; Complete; Complete,Denied, , , , , , , , , , , , , , , , , , , , , , , , , , , , , , , ,Ismael,Medina Perez
Richard and Jeanne Ahlquist Scholarship 2022,Submitted; Complete; Complete,Denied, , , , , , , , , , , , , , , , , , , , , , , , , , , , , , , ,Shawqi,Kinchlow
Richard and Jeanne Ahlquist Scholarship 2022,Submitted; Complete; Complete,Denied, , , , , , , , , , , , , , , , , , , , , , , , , , , , , , , ,Lana,Harshberger
Richard and Jeanne Ahlquist Scholarship 2022,Submitted; Complete; Complete,Denied, , , , , , , , , , , , , , , , , , , , , , , , , , , , , , , ,Adham,al-Raad
Richard and Jeanne Ahlquist Scholarship 2022,Submitted; Complete; Complete,Denied, , , , , , , , , , , , , , , , , , , , , , , , , , , , , , , ,Yadira,al-Jan
Richard and Jeanne Ahlquist Scholarship 2022,Submitted; Complete; Complete; Complete,Denied, , , , , , , , , , , , , , , , , , , , , , , , , , , , , , , ,Sonya,Mason
Richard and Jeanne Ahlquist Scholarship 2022,Submitted; Complete; Complete,Denied, , , , , , , , , , , , , , , , , , , , , , , , , , , , , , , ,Vincente,Chacon Jr
Richard and Jeanne Ahlquist Scholarship 2022,Submitted; Complete; Complete,Denied, , , , , , , , , , , , , , , , , , , , , , , , , , , , , , , ,Khongmong,Booker
Richard and Jeanne Ahlquist Scholarship 2022,Complete; Complete; Complete,Denied, , , , , , , , , , , , , , , , , , , , , , , , , , , , , , , ,Shakeel,al-Jamil
Richard and Jeanne Ahlquist Scholarship 2022,Submitted; Complete; Complete,Denied, , , , , , , , , , , , , , , , , , , , , , , , , , , , , , , ,Alisha,Dhakal
Richard and Jeanne Ahlquist Scholarship 2022,Complete; Complete; Complete; Complete; Complete; Complete; Complete,Denied, , , , , , , , , , , , , , , , , , , , , , , , , , , , , , , ,Rahma,Randel
Richard and Jeanne Ahlquist Scholarship 2022,Complete; Complete; Complete,Denied, , , , , , , , , , , , , , , , , , , , , , , , , , , , , , , ,Linda,Eastman
Richard and Jeanne Ahlquist Scholarship 2022,Submitted; Complete; Complete,Denied, , , , , , , , , , , , , , , , , , , , , , , , , , , , , , , ,Xavier,Reeder
Richard and Jeanne Ahlquist Scholarship 2022,Complete; Complete; Complete,Denied, , , , , , , , , , , , , , , , , , , , , , , , , , , , , , , ,Fahmi,Hobley
Richard W. Pierce Scholarship 2022,Complete; Complete; Complete,Denied, , , , , , , , , , , , , , , , , , , , , , , , , , , , , , , ,Aimee,Aldret
Richard W. Pierce Scholarship 2022,Submitted; Complete; Complete,Denied, , , , , , , , , , , , , , , , , , , , , , , , , , , , , , , ,Al Lyn,Orr
Richard W. Pierce Scholarship 2022,Submitted; Complete; Complete; Complete,Denied, , , , , , , , , , , , , , , , , , , , , , , , , , , , , , , ,Saami,Mcgee
Richard W. Pierce Scholarship 2022,Submitted; Complete; Complete,Denied, , , , , , , , , , , , , , , , , , , , , , , , , , , , , , , ,Jovonni,Lytle
Richard W. Pierce Scholarship 2022,Submitted; Complete; Complete,Denied, , , , , , , , , , , , , , , , , , , , , , , , , , , , , , , ,Aerial,Ousley-Gude
Robert P. Currie Scholarship 2022,Submitted; Complete; Complete,Denied, , , , , , , , , , , , , , , , , , , , , , , , , , , , , , , ,Karissa,Deeming
Robert P. Currie Scholarship 2022,Submitted; Complete; Complete,Denied, , , , , , , , , , , , , , , , , , , , , , , , , , , , , , , ,Kezia,Asebedo
Robert P. Currie Scholarship 2022,Submitted; Complete; Complete; Complete; Complete; Complete; Complete; Complete,Denied, , , , , , , , , , , , , , , , , , , , , , , , , , , , , , , ,Tien,Herrera
Robert P. Currie Scholarship 2022,Submitted; Complete; Complete; Complete; Complete; Complete,Denied, , , , , , , , , , , , , , , , , , , , , , , , , , , , , , , ,Abiy,al-Sadiq
Robert P. Currie Scholarship 2022,Submitted; Complete; Complete,Denied, , , , , , , , , , , , , , , , , , , , , , , , , , , , , , , ,Yadira,Weber
Robert P. Currie Scholarship 2022,Submitted; Complete; Complete,Denied, , , , , , , , , , , , , , , , , , , , , , , , , , , , , , , ,Muhammad,Gaulden-Meyer
Robert P. Currie Scholarship 2022,Submitted; Complete; Complete,Denied, , , , , , , , , , , , , , , , , , , , , , , , , , , , , , , ,Kiduse,Paine
Robert P. Currie Scholarship 2022,Submitted; Complete; Complete; Complete; Complete; Complete; Complete,Denied, , , , , , , , , , , , , , , , , , , , , , , , , , , , , , , ,Jerald,Forte
Robert P. Currie Scholarship 2022,Complete; Complete; Complete,Denied, , , , , , , , , , , , , , , , , , , , , , , , , , , , , , , ,Derrick,al-Shahid
Robert P. Currie Scholarship 2022,Submitted; Complete; Complete,Denied, , , , , , , , , , , , , , , , , , , , , , , , , , , , , , , ,Andres,Quick Bear
Robert P. Currie Scholarship 2022,Submitted; Complete; Complete,Denied, , , , , , , , , , , , , , , , , , , , , , , , , , , , , , , ,Sundus,Basnet
Robert P. Currie Scholarship 2022,Submitted; Complete; Complete,Denied, , , , , , , , , , , , , , , , , , , , , , , , , , , , , , , ,Colette,Cannady
Robert P. Currie Scholarship 2022,Submitted; Complete; Complete,Denied, , , , , , , , , , , , , , , , , , , , , , , , , , , , , , , ,Ryker,Main
Robert P. Currie Scholarship 2022,Submitted; Complete; Complete,Denied, , , , , , , , , , , , , , , , , , , , , , , , , , , , , , , ,Dustin,Jarvis
Robert P. Currie Scholarship 2022,Submitted; Complete; Complete,Denied, , , , , , , , , , , , , , , , , , , , , , , , , , , , , , , ,Qaasim,Elizondo
Robert P. Currie Scholarship 2022,Submitted; Complete; Complete; Complete,Denied, , , , , , , , , , , , , , , , , , , , , , , , , , , , , , , ,Karlos,al-Farra
Robert P. Currie Scholarship 2022,Complete; Complete; Complete,Denied, , , , , , , , , , , , , , , , , , , , , , , , , , , , , , , ,Najee,Munoz
Robert P. Currie Scholarship 2022,Submitted; Complete; Complete,Denied, , , , , , , , , , , , , , , , , , , , , , , , , , , , , , , ,Roderick,Bellitt
Robert P. Currie Scholarship 2022,Submitted; Complete; Complete,Denied, , , , , , , , , , , , , , , , , , , , , , , , , , , , , , , ,Abhisaar,Kijprachakorn
Robert P. Currie Scholarship 2022,Submitted; Complete; Complete; Complete,Denied, , , , , , , , , , , , , , , , , , , , , , , , , , , , , , , ,Musheera,Folsom
Robert P. Currie Scholarship 2022,Submitted; Complete; Complete,Denied, , , , , , , , , , , , , , , , , , , , , , , , , , , , , , , ,Jeni,Payne
Robert P. Currie Scholarship 2022,Submitted; Complete; Complete,Denied, , , , , , , , , , , , , , , , , , , , , , , , , , , , , , , ,Tyrelle,Agripino-Alvarado
Robert P. Currie Scholarship 2022,Submitted; Complete; Complete,Denied, , , , , , , , , , , , , , , , , , , , , , , , , , , , , , , ,Daizha,Caldwell-Kentris
Robert P. Currie Scholarship 2022,Submitted; Complete; Complete,Denied, , , , , , , , , , , , , , , , , , , , , , , , , , , , , , , ,Kent,Aranda
Robert P. Currie Scholarship 2022,Submitted; Complete; Complete,Denied, , , , , , , , , , , , , , , , , , , , , , , , , , , , , , , ,Haaritha,Boyce
Robert P. Currie Scholarship 2022,Submitted; Complete; Complete; Complete; Complete; Complete; Complete; Complete,Denied, , , , , , , , , , , , , , , , , , , , , , , , , , , , , , , ,Alexxis,Vollrath
Robert P. Currie Scholarship 2022,Submitted; Complete; Complete,Denied, , , , , , , , , , , , , , , , , , , , , , , , , , , , , , , ,Kennedy,el-Mahdi
Robert P. Currie Scholarship 2022,Submitted; Complete; Complete; Complete; Complete; Complete; Complete; Complete; Complete,Denied, , , , , , , , , , , , , , , , , , , , , , , , , , , ,University of Massachusetts at Amherst, , , ,Faatin,Carrillo
Robert P. Currie Scholarship 2022,Submitted; Submitted; Complete,Denied, , , , , , , , , , , , , , , , , , , , , , , , , , , , , , , ,Aasiya,Caso
Robert P. Currie Scholarship 2022,Submitted; Complete; Complete,Denied, , , , , , , , , , , , , , , , , , , , , , , , , , , , , , , ,Mutadi,Oliva
Robert P. Currie Scholarship 2022,Submitted; Complete; Complete; Complete,Denied, , , , , , , , , , , , , , , , , , , , , , , , , , , , , , , ,Tione,Huh
Robert P. Currie Scholarship 2022,Submitted; Complete; Complete,Denied, , , , , , , , , , , , , , , , , , , , , , , , , , , , , , , ,Armonno,el-Sadiq
Robert P. Currie Scholarship 2022,Submitted; Complete; Complete,Denied, , , , , , , , , , , , , , , , , , , , , , , , , , , , , , , ,Priscilla,Hoots
Robert P. Currie Scholarship 2022,Submitted; Complete; Complete; Complete,Denied, , , , , , , , , , , , , , , , , , , , , , , , , , , , , , , ,Nikki,Woolum
Robert P. Currie Scholarship 2022,Submitted; Complete; Complete; Complete; Complete; Complete,Denied, , , , , , , , , , , , , , , , , , , , , , , , , , , , , , , ,Fawz,al-Hoque
Robert P. Currie Scholarship 2022,Submitted; Complete; Complete,Denied, , , , , , , , , , , , , , , , , , , , , , , , , , , , , , , ,Norma,Lopez-Carrizales
Robert P. Currie Scholarship 2022,Submitted; Complete; Complete,Denied, , , , , , , , , , , , , , , , , , , , , , , , , , , , , , , ,Elisah,Clyde
Robert P. Currie Scholarship 2022,Submitted; Complete; Complete,Denied, , , , , , , , , , , , , , , , , , , , , , , , , , , , , , , ,Jeremy,Covington
Robert P. Currie Scholarship 2022,Submitted; Complete; Complete,Denied, , , , , , , , , , , , , , , , , , , , , , , , , , , , , , , ,Farhaana,Galvan
Robert P. Currie Scholarship 2022,Submitted; Complete; Complete; Complete; Complete; Complete; Complete; Complete; Complete,Denied, , , , , , , , , , , , , , , , , , , , , , , , , , , ,University of Massachusetts at Amherst, , , ,Ethan,Gallemore
Robert P. Currie Scholarship 2022,Submitted; Complete; Complete; Complete; Complete; Complete,Denied, , , , , , , , , , , , , , , , , , , , , , , , , , , , , , , ,Mareeon,Field
Robert P. Currie Scholarship 2022,Submitted; Complete; Complete,Denied, , , , , , , , , , , , , , , , , , , , , , , , , , , , , , , ,Armonno,Chanthavongsa
Robert P. Currie Scholarship 2022,Submitted; Complete; Complete,Denied, , , , , , , , , , , , , , , , , , , , , , , , , , , , , , , ,Reyna,Asuega
Robert P. Currie Scholarship 2022,Submitted; Submitted; Complete,Denied, , , , , , , , , , , , , , , , , , , , , , , , , , , , , , , ,Yadira,Otgontulga
Robert P. Currie Scholarship 2022,Submitted; Complete; Complete,Denied, , , , , , , , , , , , , , , , , , , , , , , , , , , , , , , ,L'Rae,Bertholf
Robert P. Currie Scholarship 2022,Submitted; Complete; Complete,Denied, , , , , , , , , , , , , , , , , , , , , , , , , , , , , , , ,Cheyane,Lalonde
Robert P. Currie Scholarship 2022,Submitted; Complete; Complete,Denied, , , , , , , , , , , , , , , , , , , , , , , , , , , , , , , ,Joy,Schuette
Robert P. Currie Scholarship 2022,Submitted; Submitted; Complete,Denied, , , , , , , , , , , , , , , , , , , , , , , , , , , , , , , ,Trina,Earnest
Robert P. Currie Scholarship 2022,Submitted; Complete; Complete,Denied, , , , , , , , , , , , , , , , , , , , , , , , , , , , , , , ,Jonet,Lujan
Robert P. Currie Scholarship 2022,Complete; Complete; Complete,Denied, , , , , , , , , , , , , , , , , , , , , , , , , , , , , , , ,Monique,Ariza-Balter
Robert P. Currie Scholarship 2022,Submitted; Complete; Complete,Denied, , , , , , , , , , , , , , , , , , , , , , , , , , , , , , , ,Adrena,Varela-Hernandez
Robert P. Currie Scholarship 2022,Complete; Complete; Complete,Denied, , , , , , , , , , , , , , , , , , , , , , , , , , , , , , , ,Anastasia,el-Azimi
Robert P. Currie Scholarship 2022,Submitted; Complete; Complete,Denied, , , , , , , , , , , , , , , , , , , , , , , , , , , , , , , ,Beatrice,al-Mahdavi
Robert P. Currie Scholarship 2022,Submitted; Complete; Complete,Denied, , , , , , , , , , , , , , , , , , , , , , , , , , , , , , , ,Russell,Henz
Robert P. Currie Scholarship 2022,Submitted; Complete; Complete,Denied, , , , , , , , , , , , , , , , , , , , , , , , , , , , , , , ,Nazeema,Samake
Robert P. Currie Scholarship 2022,Submitted; Complete; Complete,Denied, , , , , , , , , , , , , , , , , , , , , , , , , , , , , , , ,Munisa,Dych
Robert P. Currie Scholarship 2022,Submitted; Complete; Complete,Denied, , , , , , , , , , , , , , , , , , , , , , , , , , , , , , , ,Michalyn,Rodriquez
Robert P. Currie Scholarship 2022,Submitted; Complete; Complete,Denied, , , , , , , , , , , , , , , , , , , , , , , , , , , , , , , ,Sapphire,Esparza Medina
Robert P. Currie Scholarship 2022,Submitted; Complete; Complete,Denied, , , , , , , , , , , , , , , , , , , , , , , , , , , , , , , ,Mutadi,Jibowu
Robert P. Currie Scholarship 2022,Submitted; Complete; Complete,Denied, , , , , , , , , , , , , , , , , , , , , , , , , , , , , , , ,Keyahna,Safar
Robert P. Currie Scholarship 2022,Submitted; Complete; Complete,Denied, , , , , , , , , , , , , , , , , , , , , , , , , , , , , , , ,Josaphina,Rolston
Robert P. Currie Scholarship 2022,Submitted; Complete; Complete,Denied, , , , , , , , , , , , , , , , , , , , , , , , , , , , , , , ,Shafaaa,el-Salih
Robert P. Currie Scholarship 2022,Submitted; Complete; Complete; Complete,Denied, , , , , , , , , , , , , , , , , , , , , , , , , , , , , , , ,Najeem,Gregory
Robert P. Currie Scholarship 2022,Complete; Complete; Complete; Complete,Denied, , , , , , , , , , , , , , , , , , , , , , , , , , , , , , , ,Catarina,Garman
Robert P. Goulet Memorial Scholarship 2022,Submitted; Complete; Complete,Denied, , , , , , , , , , , , , , , , , , , , , , , , , , , , , , , ,Abhisaar,Kijprachakorn
Robert P. Goulet Memorial Scholarship 2022,Submitted; Complete; Complete; Complete; Complete; Complete; Complete,Denied, , , , , , , , , , , , , , , , , , , , , , , , , , , , , , , ,"Jam,Aan",Wommack
Robert P. Goulet Memorial Scholarship 2022,Submitted; Complete; Complete; Complete; Complete; Complete; Complete; Complete,Denied, , , , , , , , , , , , , , , , , , , , , , , , , , , , , , , ,Jorden,Wendelin
Robert P. Goulet Memorial Scholarship 2022,Submitted; Complete; Complete,Denied, , , , , , , , , , , , , , , , , , , , , , , , , , , , , , , ,Shakoora,Saidy
Robert P. Goulet Memorial Scholarship 2022,Complete; Complete; Complete,Denied, , , , , , , , , , , , , , , , , , , , , , , , , , , , , , , ,Roderick,Oldham
Robert P. Goulet Memorial Scholarship 2022,Submitted; Complete; Complete,Denied, , , , , , , , , , , , , , , , , , , , , , , , , , , , , , , ,Howard,Dajani
Robert P. Goulet Memorial Scholarship 2022,Submitted; Complete; Complete; Complete; Complete; Complete; Complete,Denied, , , , , , , , , , , , , , , , , , , , , , , , , , , , , , , ,Sydnee,el-Assaf
Robert P. Goulet Memorial Scholarship 2022,Submitted; Complete; Complete; Complete; Complete; Complete; Complete; Complete,Denied, , , , , , , , , , , , , , , , , , , , , , , , , , , , , , , ,Mareeon,Graves
Santo J. and Ellen M. DiDonato Memorial Scholarship 2022,Submitted; Complete; Complete,Denied, , , , , , , , , , , , , , , , , , , , , , , , , , , , , , , ,Juanita,Smalldon
Santo J. and Ellen M. DiDonato Memorial Scholarship 2022,Submitted; Complete; Complete; Complete,Denied, , , , , , , , , , , , , , , , , , , , , , , , , , , , , , , ,Thomas,Kellum
Santo J. and Ellen M. DiDonato Memorial Scholarship 2022,Submitted; Complete; Complete; Complete; Complete; Complete; Complete; Complete,Denied, , , , , , , , , , , , , , , , , , , , , , , , , , , , , , , ,Karlos,al-Farra
Santo J. and Ellen M. DiDonato Memorial Scholarship 2022,Submitted; Complete; Complete,Denied, , , , , , , , , , , , , , , , , , , , , , , , , , , , , , , ,Cole,Gutierrez Grimaldo
Santo J. and Ellen M. DiDonato Memorial Scholarship 2022,Submitted; Complete; Complete; Complete; Complete; Complete; Complete,Denied, , , , , , , , , , , , , , , , , , , , , , , , , , , , , , , ,Zaamil,Buasri
Santo J. and Ellen M. DiDonato Memorial Scholarship 2022,Submitted; Complete; Complete,Denied, , , , , , , , , , , , , , , , , , , , , , , , , , , , , , , ,Sushmita,Tennell
Santo J. and Ellen M. DiDonato Memorial Scholarship 2022,Submitted; Complete; Complete; Complete; Complete; Complete; Complete,Denied, , , , , , , , , , , , , , , , , , , , , , , , , , , , , , , ,Shafee'a,Lee Graham
Santo J. and Ellen M. DiDonato Memorial Scholarship 2022,Submitted; Complete; Complete; Complete; Complete; Complete; Complete,Denied, , , , , , , , , , , , , , , , , , , , , , , , , , , , , , , ,Farhaana,Galvan
Santo J. and Ellen M. DiDonato Memorial Scholarship 2022,Complete; Complete; Complete,Denied, , , , , , , , , , , , , , , , , , , , , , , , , , , , , , , ,Angel,el-Ghazi
Santo J. and Ellen M. DiDonato Memorial Scholarship 2022,Complete; Complete; Complete,Denied, , , , , , , , , , , , , , , , , , , , , , , , , , , , , , , ,Kiduse,Flores
Santo J. and Ellen M. DiDonato Memorial Scholarship 2022,Submitted; Complete; Complete,Denied, , , , , , , , , , , , , , , , , , , , , , , , , , , , , , , ,Javier-Luis,Melchor-Candelario
Santo J. and Ellen M. DiDonato Memorial Scholarship 2022,Submitted; Complete; Complete,Denied, , , , , , , , , , , , , , , , , , , , , , , , , , , , , , , ,L'Rae,Bertholf
Santo J. and Ellen M. DiDonato Memorial Scholarship 2022,Submitted; Complete; Complete; Complete; Complete; Complete; Complete; Complete,Denied, , , , , , , , , , , , , , , , , , , , , , , , , , , , , , , ,Jessiah,O'Malley
Santo J. and Ellen M. DiDonato Memorial Scholarship 2022,Submitted; Complete; Complete,Denied, , , , , , , , , , , , , , , , , , , , , , , , , , , , , , , ,Sushmita,Kyle
Santo J. and Ellen M. DiDonato Memorial Scholarship 2022,Submitted; Complete; Complete,Denied, , , , , , , , , , , , , , , , , , , , , , , , , , , , , , , ,Carina,Cerdenola
Santo J. and Ellen M. DiDonato Memorial Scholarship 2022,Submitted; Complete; Complete,Denied, , , , , , , , , , , , , , , , , , , , , , , , , , , , , , , ,Jonet,el-Rahmani
Santo J. and Ellen M. DiDonato Memorial Scholarship 2022,Submitted; Complete; Complete; Complete; Complete; Complete; Complete,Denied, , , , , , , , , , , , , , , , , , , , , , , , , , , , , , , ,Josaphina,Rolston
Santo J. and Ellen M. DiDonato Memorial Scholarship 2022,Complete; Complete; Complete,Denied, , , , , , , , , , , , , , , , , , , , , , , , , , , , , , , ,Andres,Britton
Sarah Daniels Pettit and William O. Pettit Scholarship 2022,Submitted; Complete; Complete,Denied, , , , , , , , , , , , , , , , , , , , , , , , , , , , , , , ,Karissa,Deeming
Sarah Daniels Pettit and William O. Pettit Scholarship 2022,Complete; Complete; Complete; Complete; Complete; Complete; Complete; Complete; Complete,Denied, , , , , , , , , , , , , , , , , , , , , , , , , , , , , , , ,Taeler,Van Lue
Sarah Daniels Pettit and William O. Pettit Scholarship 2022,Submitted; Complete; Complete,Denied, , , , , , , , , , , , , , , , , , , , , , , , , , , , , , , ,Abdul Majeed,Del Rio
Sarah Daniels Pettit and William O. Pettit Scholarship 2022,Submitted; Complete; Complete; Complete,Denied, , , , , , , , , , , , , , , , , , , , , , , , , , , , , , , ,Andres,Sajopha
Sarah Daniels Pettit and William O. Pettit Scholarship 2022,Complete; Complete; Complete,Denied, , , , , , , , , , , , , , , , , , , , , , , , , , , , , , , ,Azamat,Ablan
Sarah Daniels Pettit and William O. Pettit Scholarship 2022,Complete; Complete; Complete,Denied, , , , , , , , , , , , , , , , , , , , , , , , , , , , , , , ,Marisah,Starbird
Sarah Daniels Pettit and William O. Pettit Scholarship 2022,Submitted; Complete; Complete,Denied, , , , , , , , , , , , , , , , , , , , , , , , , , , , , , , ,Habeeba,Strobel
Sarah Daniels Pettit and William O. Pettit Scholarship 2022,Submitted; Complete; Complete,Denied, , , , , , , , , , , , , , , , , , , , , , , , , , , , , , , ,Shawnia,Saeed
Sarah Daniels Pettit and William O. Pettit Scholarship 2022,Submitted; Complete; Complete; Complete,Denied, , , , , , , , , , , , , , , , , , , , , , , , , , , , , , , ,Kelsey,Trinh
Sarah Daniels Pettit and William O. Pettit Scholarship 2022,Complete; Complete; Complete; Complete; Complete; Complete; Complete; Complete,Denied, , , , , , , , , , , , , , , , , , , , , , , , , , , , , , , ,Sitaara,Amgalanbayar
Sarah Daniels Pettit and William O. Pettit Scholarship 2022,Submitted; Complete; Complete; Complete,Denied, , , , , , , , , , , , , , , , , , , , , , , , , , , , , , , ,Tione,Huh
Sarah Daniels Pettit and William O. Pettit Scholarship 2022,Submitted; Complete; Complete,Denied, , , , , , , , , , , , , , , , , , , , , , , , , , , , , , , ,Denice,al-Hamad
Sarah Daniels Pettit and William O. Pettit Scholarship 2022,Submitted; Complete; Complete; Complete; Complete; Complete; Complete; Complete,Denied, , , , , , , , , , , , , , , , , , , , , , , , , , , , , , , ,Shawnia,Eriacho
Sarah Daniels Pettit and William O. Pettit Scholarship 2022,Submitted; Complete; Complete,Denied, , , , , , , , , , , , , , , , , , , , , , , , , , , , , , , ,Elisah,Clyde
Sarah Daniels Pettit and William O. Pettit Scholarship 2022,Submitted; Complete; Complete; Complete,Denied, , , , , , , , , , , , , , , , , , , , , , , , , , , , , , , ,Marqus,Daly
Sarah Daniels Pettit and William O. Pettit Scholarship 2022,Submitted; Complete; Complete; Complete,Denied, , , , , , , , , , , , , , , , , , , , , , , , , , , , , , , ,Aasim,Nash
Sarah Daniels Pettit and William O. Pettit Scholarship 2022,Submitted; Complete; Complete; Complete; Complete; Complete; Complete; Complete; Complete,Denied, , , , , , , , , , , , , , , , , , , , , , , , , , , ,University of Massachusetts at Amherst, , , ,Rasheeq,Lalonde
Sarah Daniels Pettit and William O. Pettit Scholarship 2022,Submitted; Complete; Complete,Denied, , , , , , , , , , , , , , , , , , , , , , , , , , , , , , , ,Maimoona,Fuqua
Sarah Daniels Pettit and William O. Pettit Scholarship 2022,Submitted; Complete; Complete,Denied, , , , , , , , , , , , , , , , , , , , , , , , , , , , , , , ,Darel,al-Hariri
Sarah Daniels Pettit and William O. Pettit Scholarship 2022,Submitted; Complete; Complete,Denied, , , , , , , , , , , , , , , , , , , , , , , , , , , , , , , ,Tione,Simmons
Sarah Daniels Pettit and William O. Pettit Scholarship 2022,Submitted; Complete; Complete; Complete; Complete; Complete; Complete; Complete,Denied, , , , , , , , , , , , , , , , , , , , , , , , , , , , , , , ,Lance,Chay
Sarah Daniels Pettit and William O. Pettit Scholarship 2022,Submitted; Complete; Complete; Complete; Complete; Complete; Complete,Denied, , , , , , , , , , , , , , , , , , , , , , , , , , , , , , , ,Haaniya,Viswaroopan
Sarah Daniels Pettit and William O. Pettit Scholarship 2022,Submitted; Complete; Complete,Denied, , , , , , , , , , , , , , , , , , , , , , , , , , , , , , , ,Yaasmeena,al-Abbas
Sarah Daniels Pettit and William O. Pettit Scholarship 2022,Submitted; Complete; Complete; Complete; Complete; Complete; Complete,Denied, , , , , , , , , , , , , , , , , , , , , , , , , , , , , , , ,Vishnu,Dishmon
Sarah Daniels Pettit and William O. Pettit Scholarship 2022,Submitted; Complete; Complete; Complete,Denied, , , , , , , , , , , , , , , , , , , , , , , , , , , , , , , ,Natasha,Worker
Sarah Daniels Pettit and William O. Pettit Scholarship 2022,Submitted; Complete; Complete; Complete; Complete; Complete; Complete; Complete; Complete,Denied, , , , , , , , , , , , , , , , , , , , , , , , , , , ,Boston University, , , ,Shania,Bryant-Townsell
Sarah Daniels Pettit and William O. Pettit Scholarship 2022,Submitted; Complete; Complete; Complete; Complete; Complete; Complete; Complete; Complete; Complete; Complete; Complete; Complete,Denied, , , , , , , , , , , , , , , , , , , , , , , , , , , ,Boston University, , , ,Colette,Forkell
Sarah Daniels Pettit and William O. Pettit Scholarship 2022,Submitted; Complete; Complete; Complete,Denied, , , , , , , , , , , , , , , , , , , , , , , , , , , , , , , ,Tamikah,Amgalanbayar
Sarah Daniels Pettit and William O. Pettit Scholarship 2022,Submitted; Complete; Complete,Denied, , , , , , , , , , , , , , , , , , , , , , , , , , , , , , , ,Debonair,Donels
Sarah Daniels Pettit and William O. Pettit Scholarship 2022,Submitted; Complete; Complete; Complete; Complete,Denied, , , , , , , , , , , , , , , , , , , , , , , , , , , , , , , ,Kailey,Balogh
Sarah Daniels Pettit and William O. Pettit Scholarship 2022,Submitted; Complete; Complete; Complete; Complete; Complete; Complete; Complete; Complete; Complete; Complete; Complete; Complete; Complete,Denied, , , , , , , , , , , , , , , , , , , , , , , , , , , ,Howard University, , , ,Funmilayo,Willow
Sarah Daniels Pettit and William O. Pettit Scholarship 2022,Submitted; Complete; Complete; Complete; Complete; Complete; Complete,Denied, , , , , , , , , , , , , , , , , , , , , , , , , , , , , , , ,Emonie,Schetgen
Sarah Daniels Pettit and William O. Pettit Scholarship 2022,Submitted; Complete; Complete,Denied, , , , , , , , , , , , , , , , , , , , , , , , , , , , , , , ,Tammassha,Vazquez
Sarah Daniels Pettit and William O. Pettit Scholarship 2022,Submitted; Complete; Complete,Denied, , , , , , , , , , , , , , , , , , , , , , , , , , , , , , , ,Trina,Powell
Sarah Daniels Pettit and William O. Pettit Scholarship 2022,Complete; Complete; Complete,Denied, , , , , , , , , , , , , , , , , , , , , , , , , , , , , , , ,Corissa,Mckoy
Stephen G. and Jacqueline A. Economos Scholar Athlete Scholarship 2022,Submitted; Complete; Complete,Denied, , , , , , , , , , , , , , , , , , , , , , , , , , , , , , , ,Yadira,Weber
Stephen G. and Jacqueline A. Economos Scholar Athlete Scholarship 2022,Submitted; Complete; Complete; Complete; Complete; Complete,Denied, , , , , , , , , , , , , , , , , , , , , , , , , , , , , , , ,Hakeema,Redd
Stephen G. and Jacqueline A. Economos Scholar Athlete Scholarship 2022,Submitted; Complete; Complete; Complete; Complete; Complete; Complete; Complete,Denied, , , , , , , , , , , , , , , , , , , , , , , , , , , , , , , ,"Jam,Aan",Carbajal
Stephen G. and Jacqueline A. Economos Scholar Athlete Scholarship 2022,Complete; Complete; Complete,Denied, , , , , , , , , , , , , , , , , , , , , , , , , , , , , , , ,Derrick,al-Shahid
Stephen G. and Jacqueline A. Economos Scholar Athlete Scholarship 2022,Submitted; Complete; Complete,Denied, , , , , , , , , , , , , , , , , , , , , , , , , , , , , , , ,Colette,Cannady
Stephen G. and Jacqueline A. Economos Scholar Athlete Scholarship 2022,Submitted; Complete; Complete,Denied, , , , , , , , , , , , , , , , , , , , , , , , , , , , , , , ,Bonnie,al-Hashem
Stephen G. and Jacqueline A. Economos Scholar Athlete Scholarship 2022,Submitted; Complete; Complete,Denied, , , , , , , , , , , , , , , , , , , , , , , , , , , , , , , ,Kabowd,al-Sahli
Stephen G. and Jacqueline A. Economos Scholar Athlete Scholarship 2022,Submitted; Complete; Complete; Complete,Denied, , , , , , , , , , , , , , , , , , , , , , , , , , , , , , , ,Fat'hiyaa,Bunting
Stephen G. and Jacqueline A. Economos Scholar Athlete Scholarship 2022,Submitted; Complete; Complete; Complete; Complete; Complete; Complete; Complete; Complete; Complete,Denied, , , , , , , , , , , , , , , , , , , , , , , , , , , , , , , ,Awda,Dionese
Stephen G. and Jacqueline A. Economos Scholar Athlete Scholarship 2022,Submitted; Complete; Complete,Denied, , , , , , , , , , , , , , , , , , , , , , , , , , , , , , , ,Zaamil,Buasri
Stephen G. and Jacqueline A. Economos Scholar Athlete Scholarship 2022,Submitted; Complete; Complete; Complete; Complete; Complete; Complete; Complete; Complete,Denied, , , , , , , , , , , , , , , , , , , , , , , , , , , , , , , ,Sushmita,Berumen
Stephen G. and Jacqueline A. Economos Scholar Athlete Scholarship 2022,Submitted; Complete; Complete,Denied, , , , , , , , , , , , , , , , , , , , , , , , , , , , , , , ,Kianna,Victorino
Stephen G. and Jacqueline A. Economos Scholar Athlete Scholarship 2022,Submitted; Complete; Complete,Denied, , , , , , , , , , , , , , , , , , , , , , , , , , , , , , , ,Shakoora,Villano
Stephen G. and Jacqueline A. Economos Scholar Athlete Scholarship 2022,Submitted; Complete; Complete,Denied, , , , , , , , , , , , , , , , , , , , , , , , , , , , , , , ,Ronnie,Kijprachakorn
Stephen G. and Jacqueline A. Economos Scholar Athlete Scholarship 2022,Submitted; Complete; Complete,Denied, , , , , , , , , , , , , , , , , , , , , , , , , , , , , , , ,Mujaahida,Palacios
Stephen G. and Jacqueline A. Economos Scholar Athlete Scholarship 2022,Submitted; Complete; Complete; Complete; Complete; Complete; Complete; Complete; Complete,Denied, , , , , , , , , , , , , , , , , , , , , , , , , , , , , , , ,Yadira,el-Tamer
Stephen G. and Jacqueline A. Economos Scholar Athlete Scholarship 2022,Submitted; Complete; Complete; Complete; Complete; Complete; Complete; Complete; Complete,Denied, , , , , , , , , , , , , , , , , , , , , , , , , , , , , , , ,Priscilla,Hoots
Stephen G. and Jacqueline A. Economos Scholar Athlete Scholarship 2022,Submitted; Complete; Complete,Denied, , , , , , , , , , , , , , , , , , , , , , , , , , , , , , , ,Picabo,al-Zaman
Stephen G. and Jacqueline A. Economos Scholar Athlete Scholarship 2022,Submitted; Complete; Complete,Denied, , , , , , , , , , , , , , , , , , , , , , , , , , , , , , , ,Michalyn,Berry
Stephen G. and Jacqueline A. Economos Scholar Athlete Scholarship 2022,Submitted; Complete; Complete; Complete,Denied, , , , , , , , , , , , , , , , , , , , , , , , , , , , , , , ,Najeem,Dionese
Stephen G. and Jacqueline A. Economos Scholar Athlete Scholarship 2022,Submitted; Complete; Complete,Denied, , , , , , , , , , , , , , , , , , , , , , , , , , , , , , , ,Saamyya,Guthrie
Stephen G. and Jacqueline A. Economos Scholar Athlete Scholarship 2022,Submitted; Complete; Complete,Denied, , , , , , , , , , , , , , , , , , , , , , , , , , , , , , , ,"Jam,Aan",Wommack
Stephen G. and Jacqueline A. Economos Scholar Athlete Scholarship 2022,Submitted; Complete; Complete; Complete,Denied, , , , , , , , , , , , , , , , , , , , , , , , , , , , , , , ,Xai,Robertson
Stephen G. and Jacqueline A. Economos Scholar Athlete Scholarship 2022,Submitted; Complete; Complete,Denied, , , , , , , , , , , , , , , , , , , , , , , , , , , , , , , ,Saamyya,Peterman
Stephen G. and Jacqueline A. Economos Scholar Athlete Scholarship 2022,Submitted; Complete; Complete,Denied, , , , , , , , , , , , , , , , , , , , , , , , , , , , , , , ,Rani,Mose
Stephen G. and Jacqueline A. Economos Scholar Athlete Scholarship 2022,Submitted; Complete; Complete; Complete; Complete; Complete; Complete; Complete; Complete,Denied, , , , , , , , , , , , , , , , , , , , , , , , , , , ,Syracuse University, , , ,Qaasim,el-Zaidi
Stephen G. and Jacqueline A. Economos Scholar Athlete Scholarship 2022,Submitted; Complete; Complete; Complete; Complete; Complete; Complete; Complete; Complete,Denied, , , , , , , , , , , , , , , , , , , , , , , , , , , ,Massachusetts College of Art and Design, , , ,Musheera,Werth
Stephen G. and Jacqueline A. Economos Scholar Athlete Scholarship 2022,Submitted; Complete; Complete,Denied, , , , , , , , , , , , , , , , , , , , , , , , , , , , , , , ,Jalaal,Farrell
Stephen G. and Jacqueline A. Economos Scholar Athlete Scholarship 2022,Submitted; Complete; Complete,Denied, , , , , , , , , , , , , , , , , , , , , , , , , , , , , , , ,Angel,Paiz
Stephen G. and Jacqueline A. Economos Scholar Athlete Scholarship 2022,Submitted; Complete; Complete,Denied, , , , , , , , , , , , , , , , , , , , , , , , , , , , , , , ,"Jam,Aan",Largo
Stephen G. and Jacqueline A. Economos Scholar Athlete Scholarship 2022,Submitted; Complete; Complete; Complete,Denied, , , , , , , , , , , , , , , , , , , , , , , , , , , , , , , ,Natasha,Worker
Stephen G. and Jacqueline A. Economos Scholar Athlete Scholarship 2022,Complete; Complete; Complete,Denied, , , , , , , , , , , , , , , , , , , , , , , , , , , , , , , ,Picabo,Olave
Stephen G. and Jacqueline A. Economos Scholar Athlete Scholarship 2022,Submitted; Complete; Complete,Denied, , , , , , , , , , , , , , , , , , , , , , , , , , , , , , , ,Xavier,Reeder
Stephen G. and Jacqueline A. Economos Scholar Athlete Scholarship 2022,Complete; Complete; Complete,Denied, , , , , , , , , , , , , , , , , , , , , , , , , , , , , , , ,Aimee,el-Hannan
Stephen G. and Jacqueline A. Economos Scholar Athlete Scholarship 2022,Submitted; Complete; Complete; Complete; Complete; Complete; Complete; Complete; Complete,Denied, , , , , , , , , , , , , , , , , , , , , , , , , , , , , , , ,Mishaari,Gustafson
Summers Family Education Scholarship 2022,Submitted; Complete; Complete,Denied, , , , , , , , , , , , , , , , , , , , , , , , , , , , , , , ,Norma,Kamp
Summers Family Education Scholarship 2022,Complete; Complete; Complete,Denied, , , , , , , , , , , , , , , , , , , , , , , , , , , , , , , ,Kent,Gates
Summers Family Education Scholarship 2022,Submitted; Complete; Complete,Denied, , , , , , , , , , , , , , , , , , , , , , , , , , , , , , , ,Qaasim,Elizondo
Summers Family Education Scholarship 2022,Submitted; Complete; Complete,Denied, , , , , , , , , , , , , , , , , , , , , , , , , , , , , , , ,Joy,Schuette
Summers Family Education Scholarship 2022,Submitted; Complete; Complete,Denied, , , , , , , , , , , , , , , , , , , , , , , , , , , , , , , ,Qaasim,Bron
Summers Family Education Scholarship 2022,Submitted; Complete; Complete; Complete,Denied, , , , , , , , , , , , , , , , , , , , , , , , , , , , , , , ,Trent,Busby
Sumner B. Tilton Memorial Scholarship 2022,Complete; Complete; Complete,Denied, , , , , , , , , , , , , , , , , , , , , , , , , , , , , , , ,Aimee,Aldret
Sumner B. Tilton Memorial Scholarship 2022,Submitted; Complete; Complete; Complete,Denied, , , , , , , , , , , , , , , , , , , , , , , , , , , , , , , ,Teresa,al-Hariri
Sumner B. Tilton Memorial Scholarship 2022,Complete; Complete; Complete; Complete; Complete; Complete; Complete,Denied, , , , , , , , , , , , , , , , , , , , , , , , , , , ,Boston University, , , ,Essence,Farris
Sumner B. Tilton Memorial Scholarship 2022,Submitted; Complete; Complete,Denied, , , , , , , , , , , , , , , , , , , , , , , , , , , , , , , ,Kezia,Asebedo
Sumner B. Tilton Memorial Scholarship 2022,Submitted; Complete; Complete; Complete; Complete; Complete; Complete; Complete,Denied, , , , , , , , , , , , , , , , , , , , , , , , , , , , , , , ,Tien,Herrera
Sumner B. Tilton Memorial Scholarship 2022,Complete; Complete; Complete; Complete; Complete,Denied, , , , , , , , , , , , , , , , , , , , , , , , , , , , , , , ,Taeler,Van Lue
Sumner B. Tilton Memorial Scholarship 2022,Submitted; Complete; Complete; Complete,Denied, , , , , , , , , , , , , , , , , , , , , , , , , , , , , , , ,Desare,Mungia
Sumner B. Tilton Memorial Scholarship 2022,Submitted; Complete; Complete,Denied, , , , , , , , , , , , , , , , , , , , , , , , , , , , , , , ,Garen,Miller
Sumner B. Tilton Memorial Scholarship 2022,Submitted; Complete; Complete,Denied, , , , , , , , , , , , , , , , , , , , , , , , , , , , , , , ,Brenna,Briggs
Sumner B. Tilton Memorial Scholarship 2022,Submitted; Complete; Complete; Complete; Complete,Denied, , , , , , , , , , , , , , , , , , , , , , , , , , , , , , , ,Lavies,Abdullah
Sumner B. Tilton Memorial Scholarship 2022,Submitted; Complete; Complete,Denied, , , , , , , , , , , , , , , , , , , , , , , , , , , , , , , ,Gi Hun,Botello
Sumner B. Tilton Memorial Scholarship 2022,Submitted; Submitted; Complete,Denied, , , , , , , , , , , , , , , , , , , , , , , , , , , , , , , ,Parnia,Battumur
Sumner B. Tilton Memorial Scholarship 2022,Submitted; Complete; Complete,Denied, , , , , , , , , , , , , , , , , , , , , , , , , , , , , , , ,Rawda,el-Latif
Sumner B. Tilton Memorial Scholarship 2022,Submitted; Complete; Complete,Denied, , , , , , , , , , , , , , , , , , , , , , , , , , , , , , , ,Eduardo,al-Malak
Sumner B. Tilton Memorial Scholarship 2022,Submitted; Complete; Complete; Complete; Complete; Complete; Complete; Complete; Complete,Denied, , , , , , , , , , , , , , , , , , , , , , , , , , , ,Assumption University, , , ,Pornchai,el-Pashia
Sumner B. Tilton Memorial Scholarship 2022,Submitted; Complete; Complete,Denied, , , , , , , , , , , , , , , , , , , , , , , , , , , , , , , ,Adiam,Hall
Sumner B. Tilton Memorial Scholarship 2022,Submitted; Complete; Complete; Complete,Denied, , , , , , , , , , , , , , , , , , , , , , , , , , , , , , , ,Andres,Sajopha
Sumner B. Tilton Memorial Scholarship 2022,Submitted; Complete; Complete,Denied, , , , , , , , , , , , , , , , , , , , , , , , , , , , , , , ,Desiree,Almdale
Sumner B. Tilton Memorial Scholarship 2022,Submitted; Complete; Complete; Complete; Complete; Complete,Denied, , , , , , , , , , , , , , , , , , , , , , , , , , , , , , , ,Hakeema,Redd
Sumner B. Tilton Memorial Scholarship 2022,Submitted; Complete; Complete,Denied, , , , , , , , , , , , , , , , , , , , , , , , , , , , , , , ,Idrianna,Srinivasan
Sumner B. Tilton Memorial Scholarship 2022,Submitted; Complete; Complete,Denied, , , , , , , , , , , , , , , , , , , , , , , , , , , , , , , ,Isaiah,O'Neal
Sumner B. Tilton Memorial Scholarship 2022,Submitted; Complete; Complete; Complete,Denied, , , , , , , , , , , , , , , , , , , , , , , , , , , , , , , ,Mytruc,Hsu
Sumner B. Tilton Memorial Scholarship 2022,Submitted; Complete; Complete,Denied, , , , , , , , , , , , , , , , , , , , , , , , , , , , , , , ,Kiduse,Paine
Sumner B. Tilton Memorial Scholarship 2022,Submitted; Complete; Complete,Denied, , , , , , , , , , , , , , , , , , , , , , , , , , , , , , , ,Khongmong,Doria
Sumner B. Tilton Memorial Scholarship 2022,Submitted; Complete; Complete,Denied, , , , , , , , , , , , , , , , , , , , , , , , , , , , , , , ,Cheyane,el-Radwan
Sumner B. Tilton Memorial Scholarship 2022,Complete; Complete; Complete; Complete,Denied, , , , , , , , , , , , , , , , , , , , , , , , , , , , , , , ,Khaalida,al-Amir
Sumner B. Tilton Memorial Scholarship 2022,Submitted; Complete; Complete; Complete; Complete,Denied, , , , , , , , , , , , , , , , , , , , , , , , , , , , , , , ,Whitney,Sok
Sumner B. Tilton Memorial Scholarship 2022,Submitted; Complete; Complete,Denied, , , , , , , , , , , , , , , , , , , , , , , , , , , , , , , ,Michel,Coyhis
Sumner B. Tilton Memorial Scholarship 2022,Submitted; Complete; Complete,Denied, , , , , , , , , , , , , , , , , , , , , , , , , , , , , , , ,Careese,Munguia
Sumner B. Tilton Memorial Scholarship 2022,Submitted; Complete; Complete,Denied, , , , , , , , , , , , , , , , , , , , , , , , , , , , , , , ,Samir,Brandon
Sumner B. Tilton Memorial Scholarship 2022,Submitted; Complete; Complete,Denied, , , , , , , , , , , , , , , , , , , , , , , , , , , , , , , ,Jyotshal,al-Hariri
Sumner B. Tilton Memorial Scholarship 2022,Submitted; Complete; Complete,Denied, , , , , , , , , , , , , , , , , , , , , , , , , , , , , , , ,Uthmaa N,Roberson
Sumner B. Tilton Memorial Scholarship 2022,Submitted; Complete; Complete,Denied, , , , , , , , , , , , , , , , , , , , , , , , , , , , , , , ,Asiah,Sedillo
Sumner B. Tilton Memorial Scholarship 2022,Complete; Complete; Complete,Denied, , , , , , , , , , , , , , , , , , , , , , , , , , , , , , , ,Derrick,al-Shahid
Sumner B. Tilton Memorial Scholarship 2022,Submitted; Complete; Complete,Denied, , , , , , , , , , , , , , , , , , , , , , , , , , , , , , , ,Sundus,Basnet
Sumner B. Tilton Memorial Scholarship 2022,Submitted; Complete; Complete,Denied, , , , , , , , , , , , , , , , , , , , , , , , , , , , , , , ,Muneefa,Benson
Sumner B. Tilton Memorial Scholarship 2022,Submitted; Complete; Complete; Complete,Denied, , , , , , , , , , , , , , , , , , , , , , , , , , , , , , , ,Alex,Joyner
Sumner B. Tilton Memorial Scholarship 2022,Submitted; Complete; Complete; Complete,Denied, , , , , , , , , , , , , , , , , , , , , , , , , , , , , , , ,Vandross,el-Hares
Sumner B. Tilton Memorial Scholarship 2022,Submitted; Complete; Complete,Denied, , , , , , , , , , , , , , , , , , , , , , , , , , , , , , , ,Dustin,Jarvis
Sumner B. Tilton Memorial Scholarship 2022,Submitted; Complete; Complete; Complete,Denied, , , , , , , , , , , , , , , , , , , , , , , , , , , , , , , ,Yadira,Palmer
Sumner B. Tilton Memorial Scholarship 2022,Submitted; Complete; Complete,Denied, , , , , , , , , , , , , , , , , , , , , , , , , , , , , , , ,Dhaafir,Niblet
Sumner B. Tilton Memorial Scholarship 2022,Submitted; Complete; Complete,Denied, , , , , , , , , , , , , , , , , , , , , , , , , , , , , , , ,Picabo,Colten
Sumner B. Tilton Memorial Scholarship 2022,Submitted; Complete; Complete,Denied, , , , , , , , , , , , , , , , , , , , , , , , , , , , , , , ,Kabowd,al-Sahli
Sumner B. Tilton Memorial Scholarship 2022,Submitted; Complete; Complete,Denied, , , , , , , , , , , , , , , , , , , , , , , , , , , , , , , ,Teale,Brown
Sumner B. Tilton Memorial Scholarship 2022,Submitted; Complete; Complete,Denied, , , , , , , , , , , , , , , , , , , , , , , , , , , , , , , ,Yonathan,Brink
Sumner B. Tilton Memorial Scholarship 2022,Submitted; Complete; Complete; Complete,Denied, , , , , , , , , , , , , , , , , , , , , , , , , , , , , , , ,Fat'hiyaa,Bunting
Sumner B. Tilton Memorial Scholarship 2022,Complete; Complete; Complete,Denied, , , , , , , , , , , , , , , , , , , , , , , , , , , , , , , ,Marisah,Starbird
Sumner B. Tilton Memorial Scholarship 2022,Submitted; Complete; Complete; Complete,Denied, , , , , , , , , , , , , , , , , , , , , , , , , , , , , , , ,Marina,Vong Vi Chith
Sumner B. Tilton Memorial Scholarship 2022,Submitted; Complete; Complete,Denied, , , , , , , , , , , , , , , , , , , , , , , , , , , , , , , ,Sofia,Krabbe
Sumner B. Tilton Memorial Scholarship 2022,Submitted; Complete; Complete,Denied, , , , , , , , , , , , , , , , , , , , , , , , , , , , , , , ,Armonno,Field
Sumner B. Tilton Memorial Scholarship 2022,Submitted; Complete; Complete,Denied, , , , , , , , , , , , , , , , , , , , , , , , , , , , , , , ,Qaasim,Boddiger
Sumner B. Tilton Memorial Scholarship 2022,Submitted; Complete; Complete,Denied, , , , , , , , , , , , , , , , , , , , , , , , , , , , , , , ,Ziyaad,Crespin
Sumner B. Tilton Memorial Scholarship 2022,Submitted; Complete; Complete,Denied, , , , , , , , , , , , , , , , , , , , , , , , , , , , , , , ,Abhisaar,Kijprachakorn
Sumner B. Tilton Memorial Scholarship 2022,Submitted; Complete; Complete,Denied, , , , , , , , , , , , , , , , , , , , , , , , , , , , , , , ,Joo,Norman
Sumner B. Tilton Memorial Scholarship 2022,Submitted; Complete; Complete; Complete,Denied, , , , , , , , , , , , , , , , , , , , , , , , , , , , , , , ,Awda,Dionese
Sumner B. Tilton Memorial Scholarship 2022,Submitted; Complete; Complete; Complete; Complete; Complete; Complete; Complete; Complete,Denied, , , , , , , , , , , , , , , , , , , , , , , , , , , ,University of Massachusetts at Amherst, , , ,Qaasim,Copeland
Sumner B. Tilton Memorial Scholarship 2022,Submitted; Complete; Complete; Complete,Denied, , , , , , , , , , , , , , , , , , , , , , , , , , , , , , , ,Schyeler,el-Ghanem
Sumner B. Tilton Memorial Scholarship 2022,Submitted; Complete; Complete,Denied, , , , , , , , , , , , , , , , , , , , , , , , , , , , , , , ,Xai,Lundquist
Sumner B. Tilton Memorial Scholarship 2022,Submitted; Complete; Complete; Complete; Complete; Complete; Complete; Complete; Complete,Denied, , , , , , , , , , , , , , , , , , , , , , , , , , , ,MCPHS University, , , ,Dahab,Heaton
Sumner B. Tilton Memorial Scholarship 2022,Submitted; Complete; Complete; Complete,Denied, , , , , , , , , , , , , , , , , , , , , , , , , , , , , , , ,Se Ra,el-Hosseini
Sumner B. Tilton Memorial Scholarship 2022,Submitted; Complete; Complete,Denied, , , , , , , , , , , , , , , , , , , , , , , , , , , , , , , ,Jeni,Payne
Sumner B. Tilton Memorial Scholarship 2022,Submitted; Complete; Complete,Denied, , , , , , , , , , , , , , , , , , , , , , , , , , , , , , , ,Cheyane,Meza Chavez
Sumner B. Tilton Memorial Scholarship 2022,Complete; Complete; Complete,Denied, , , , , , , , , , , , , , , , , , , , , , , , , , , , , , , ,Madison,Ghebre
Sumner B. Tilton Memorial Scholarship 2022,Submitted; Complete; Complete,Denied, , , , , , , , , , , , , , , , , , , , , , , , , , , , , , , ,D'Mitri,Pickett
Sumner B. Tilton Memorial Scholarship 2022,Submitted; Complete; Complete; Complete,Denied, , , , , , , , , , , , , , , , , , , , , , , , , , , , , , , ,Anjel,el-Sesay
Sumner B. Tilton Memorial Scholarship 2022,Submitted; Complete; Complete,Denied, , , , , , , , , , , , , , , , , , , , , , , , , , , , , , , ,Vincente,Melgares
Sumner B. Tilton Memorial Scholarship 2022,Submitted; Complete; Complete,Denied, , , , , , , , , , , , , , , , , , , , , , , , , , , , , , , ,Howard,Trinh
Sumner B. Tilton Memorial Scholarship 2022,Submitted; Complete; Complete; Complete,Denied, , , , , , , , , , , , , , , , , , , , , , , , , , , , , , , ,Kent,al-Amer
Sumner B. Tilton Memorial Scholarship 2022,Submitted; Complete; Complete,Denied, , , , , , , , , , , , , , , , , , , , , , , , , , , , , , , ,Tyrelle,Agripino-Alvarado
Sumner B. Tilton Memorial Scholarship 2022,Submitted; Complete; Complete,Denied, , , , , , , , , , , , , , , , , , , , , , , , , , , , , , , ,Daylamae,Whitley
Sumner B. Tilton Memorial Scholarship 2022,Submitted; Complete; Complete,Denied, , , , , , , , , , , , , , , , , , , , , , , , , , , , , , , ,Daizha,Caldwell-Kentris
Sumner B. Tilton Memorial Scholarship 2022,Submitted; Complete; Complete,Denied, , , , , , , , , , , , , , , , , , , , , , , , , , , , , , , ,Davis,Halaseh
Sumner B. Tilton Memorial Scholarship 2022,Submitted; Complete; Complete,Denied, , , , , , , , , , , , , , , , , , , , , , , , , , , , , , , ,Armonno,Botts
Sumner B. Tilton Memorial Scholarship 2022,Submitted; Complete; Complete; Complete; Complete; Complete; Complete; Complete; Complete,Denied, , , , , , , , , , , , , , , , , , , , , , , , , , , ,College of the Holy Cross, , , ,Lydia,Bonstead
Sumner B. Tilton Memorial Scholarship 2022,Submitted; Submitted; Complete,Denied, , , , , , , , , , , , , , , , , , , , , , , , , , , , , , , ,Monique,el-Ramin
Sumner B. Tilton Memorial Scholarship 2022,Submitted; Complete; Complete,Denied, , , , , , , , , , , , , , , , , , , , , , , , , , , , , , , ,K'Sandra,al-Afzal
Sumner B. Tilton Memorial Scholarship 2022,Submitted; Complete; Complete,Denied, , , , , , , , , , , , , , , , , , , , , , , , , , , , , , , ,Adiam,Yang
Sumner B. Tilton Memorial Scholarship 2022,Submitted; Complete; Complete,Denied, , , , , , , , , , , , , , , , , , , , , , , , , , , , , , , ,Weston,Valles
Sumner B. Tilton Memorial Scholarship 2022,Submitted; Complete; Complete; Complete,Denied, , , , , , , , , , , , , , , , , , , , , , , , , , , , , , , ,Qaasim,Van Lue
Sumner B. Tilton Memorial Scholarship 2022,Submitted; Complete; Complete,Denied, , , , , , , , , , , , , , , , , , , , , , , , , , , , , , , ,Haaritha,Boyce
Sumner B. Tilton Memorial Scholarship 2022,Submitted; Complete; Complete,Denied, , , , , , , , , , , , , , , , , , , , , , , , , , , , , , , ,Sushmita,Berumen
Sumner B. Tilton Memorial Scholarship 2022,Submitted; Complete; Complete,Denied, , , , , , , , , , , , , , , , , , , , , , , , , , , , , , , ,Salwa,Carmichael
Sumner B. Tilton Memorial Scholarship 2022,Complete; Complete; Complete; Complete; Complete; Complete; Complete; Complete,Denied, , , , , , , , , , , , , , , , , , , , , , , , , , , , , , , ,Ashanti,Punzal
Sumner B. Tilton Memorial Scholarship 2022,Submitted; Complete; Complete,Denied, , , , , , , , , , , , , , , , , , , , , , , , , , , , , , , ,Cheyanne,el-Hamed
Sumner B. Tilton Memorial Scholarship 2022,Submitted; Complete; Complete; Complete,Denied, , , , , , , , , , , , , , , , , , , , , , , , , , , , , , , ,Melyzjah,Fresques
Sumner B. Tilton Memorial Scholarship 2022,Submitted; Complete; Complete; Complete,Denied, , , , , , , , , , , , , , , , , , , , , , , , , , , , , , , ,Ari,Brehe
Sumner B. Tilton Memorial Scholarship 2022,Submitted; Complete; Complete; Complete; Complete; Complete; Complete; Complete; Complete,Denied, , , , , , , , , , , , , , , , , , , , , , , , , , , ,University of Massachusetts at Amherst, , , ,Alexxis,Cellars
Sumner B. Tilton Memorial Scholarship 2022,Submitted; Complete; Complete; Complete; Complete; Complete; Complete; Complete,Denied, , , , , , , , , , , , , , , , , , , , , , , , , , , , , , , ,Alexxis,Vollrath
Sumner B. Tilton Memorial Scholarship 2022,Submitted; Complete; Complete; Complete,Denied, , , , , , , , , , , , , , , , , , , , , , , , , , , , , , , ,Kelsey,Trinh
Sumner B. Tilton Memorial Scholarship 2022,Submitted; Complete; Complete,Denied, , , , , , , , , , , , , , , , , , , , , , , , , , , , , , , ,Trina,Otgontulga
Sumner B. Tilton Memorial Scholarship 2022,Submitted; Complete; Complete,Denied, , , , , , , , , , , , , , , , , , , , , , , , , , , , , , , ,Khaiir,Jarrell
Sumner B. Tilton Memorial Scholarship 2022,Submitted; Complete; Complete; Complete; Complete; Complete; Complete; Complete; Complete,Denied, , , , , , , , , , , , , , , , , , , , , , , , , , , ,University of Massachusetts at Amherst, , , ,Faatin,Carrillo
Sumner B. Tilton Memorial Scholarship 2022,Submitted; Complete; Complete; Complete; Complete; Complete; Complete; Complete; Assigned,Denied, , , , , , , , , , , , , , , , , , , , , , , , , , , , , , , ,Alysha,Span
Sumner B. Tilton Memorial Scholarship 2022,Complete; Complete; Complete; Complete,Denied, , , , , , , , , , , , , , , , , , , , , , , , , , , , , , , ,Sitaara,Amgalanbayar
Sumner B. Tilton Memorial Scholarship 2022,Submitted; Complete; Complete,Denied, , , , , , , , , , , , , , , , , , , , , , , , , , , , , , , ,Shakoora,Villano
Sumner B. Tilton Memorial Scholarship 2022,Submitted; Complete; Complete,Denied, , , , , , , , , , , , , , , , , , , , , , , , , , , , , , , ,Ian,al-Sadiq
Sumner B. Tilton Memorial Scholarship 2022,Submitted; Complete; Complete; Complete,Denied, , , , , , , , , , , , , , , , , , , , , , , , , , , , , , , ,Saami,Mcgee
Sumner B. Tilton Memorial Scholarship 2022,Submitted; Complete; Complete,Denied, , , , , , , , , , , , , , , , , , , , , , , , , , , , , , , ,Norma,Lau
Sumner B. Tilton Memorial Scholarship 2022,Submitted; Complete; Complete,Denied, , , , , , , , , , , , , , , , , , , , , , , , , , , , , , , ,Mikala,el-Mir
Sumner B. Tilton Memorial Scholarship 2022,Submitted; Complete; Complete,Denied, , , , , , , , , , , , , , , , , , , , , , , , , , , , , , , ,Brendan,el-Kaleel
Sumner B. Tilton Memorial Scholarship 2022,Submitted; Complete; Complete,Denied, , , , , , , , , , , , , , , , , , , , , , , , , , , , , , , ,Logan,Holst
Sumner B. Tilton Memorial Scholarship 2022,Submitted; Complete; Complete; Complete; Complete; Complete; Complete; Complete; Complete,Denied, , , , , , , , , , , , , , , , , , , , , , , , , , , ,Virginia Polytechnic Institute and State University, , , ,Travonta,Two Crow
Sumner B. Tilton Memorial Scholarship 2022,Submitted; Complete; Complete; Complete,Denied, , , , , , , , , , , , , , , , , , , , , , , , , , , , , , , ,Xavier,Ewing-Rhodes
Sumner B. Tilton Memorial Scholarship 2022,Submitted; Complete; Complete,Denied, , , , , , , , , , , , , , , , , , , , , , , , , , , , , , , ,Mutadi,Oliva
Sumner B. Tilton Memorial Scholarship 2022,Submitted; Complete; Complete; Complete,Denied, , , , , , , , , , , , , , , , , , , , , , , , , , , , , , , ,Tione,Huh
Sumner B. Tilton Memorial Scholarship 2022,Submitted; Complete; Complete,Denied, , , , , , , , , , , , , , , , , , , , , , , , , , , , , , , ,Denice,al-Hamad
Sumner B. Tilton Memorial Scholarship 2022,Submitted; Complete; Complete; Complete,Denied, , , , , , , , , , , , , , , , , , , , , , , , , , , , , , , ,Shawnia,Eriacho
Sumner B. Tilton Memorial Scholarship 2022,Submitted; Complete; Complete,Denied, , , , , , , , , , , , , , , , , , , , , , , , , , , , , , , ,Crissela,Rosales-Bass
Sumner B. Tilton Memorial Scholarship 2022,Submitted; Complete; Complete; Complete,Denied, , , , , , , , , , , , , , , , , , , , , , , , , , , , , , , ,Karlos,Espino Aguilar
Sumner B. Tilton Memorial Scholarship 2022,Complete; Complete; Complete,Denied, , , , , , , , , , , , , , , , , , , , , , , , , , , , , , , ,Kameel,Jahner
Sumner B. Tilton Memorial Scholarship 2022,Complete; Complete; Complete,Denied, , , , , , , , , , , , , , , , , , , , , , , , , , , , , , , ,Kianna,Arens
Sumner B. Tilton Memorial Scholarship 2022,Submitted; Complete; Complete; Complete; Complete; Complete; Complete; Complete; Complete,Denied, , , , , , , , , , , , , , , , , , , , , , , , , , , ,University of Massachusetts at Boston, , , ,Elisah,Forney
Sumner B. Tilton Memorial Scholarship 2022,Complete; Complete; Complete,Denied, , , , , , , , , , , , , , , , , , , , , , , , , , , , , , , ,Travonta,al-Hariri
Sumner B. Tilton Memorial Scholarship 2022,Submitted; Complete; Complete,Denied, , , , , , , , , , , , , , , , , , , , , , , , , , , , , , , ,Picabo,al-Zaman
Sumner B. Tilton Memorial Scholarship 2022,Submitted; Complete; Complete,Denied, , , , , , , , , , , , , , , , , , , , , , , , , , , , , , , ,Samira,Anchondo
Sumner B. Tilton Memorial Scholarship 2022,Submitted; Complete; Complete,Denied, , , , , , , , , , , , , , , , , , , , , , , , , , , , , , , ,Elisah,Clyde
Sumner B. Tilton Memorial Scholarship 2022,Submitted; Complete; Complete,Denied, , , , , , , , , , , , , , , , , , , , , , , , , , , , , , , ,Dale,Amgalanbayar
Sumner B. Tilton Memorial Scholarship 2022,Submitted; Complete; Complete,Denied, , , , , , , , , , , , , , , , , , , , , , , , , , , , , , , ,Thamra,Ryen
Sumner B. Tilton Memorial Scholarship 2022,Submitted; Complete; Complete; Complete; Complete; Complete; Complete; Complete,Denied, , , , , , , , , , , , , , , , , , , , , , , , , , , , , , , ,Alfonso,el-Dawood
Sumner B. Tilton Memorial Scholarship 2022,Submitted; Complete; Complete,Denied, , , , , , , , , , , , , , , , , , , , , , , , , , , , , , , ,Saood,al-Eid
Sumner B. Tilton Memorial Scholarship 2022,Submitted; Complete; Complete,Denied, , , , , , , , , , , , , , , , , , , , , , , , , , , , , , , ,Roger,Higley
Sumner B. Tilton Memorial Scholarship 2022,Submitted; Complete; Complete; Complete,Denied, , , , , , , , , , , , , , , , , , , , , , , , , , , , , , , ,Najeem,Dionese
Sumner B. Tilton Memorial Scholarship 2022,Submitted; Complete; Complete,Denied, , , , , , , , , , , , , , , , , , , , , , , , , , , , , , , ,Kiduse,Caffrey
Sumner B. Tilton Memorial Scholarship 2022,Submitted; Complete; Complete; Complete,Denied, , , , , , , , , , , , , , , , , , , , , , , , , , , , , , , ,Ricky,Reeder
Sumner B. Tilton Memorial Scholarship 2022,Submitted; Complete; Complete; Complete,Denied, , , , , , , , , , , , , , , , , , , , , , , , , , , , , , , ,Ryker,Doucette
Sumner B. Tilton Memorial Scholarship 2022,Complete; Complete; Complete; Complete; Complete; Complete; Complete; Complete; Complete; Complete,Denied, , , , , , , , , , , , , , , , , , , , , , , , , , , ,Brandeis University, , , ,Aeneva,Murphy
Sumner B. Tilton Memorial Scholarship 2022,Complete; Complete; Complete,Denied, , , , , , , , , , , , , , , , , , , , , , , , , , , , , , , ,Erik,Tat
Sumner B. Tilton Memorial Scholarship 2022,Submitted; Complete; Complete,Denied, , , , , , , , , , , , , , , , , , , , , , , , , , , , , , , ,"Jam,Aan",Wommack
Sumner B. Tilton Memorial Scholarship 2022,Submitted; Complete; Complete; Complete,Denied, , , , , , , , , , , , , , , , , , , , , , , , , , , , , , , ,Xai,Robertson
Sumner B. Tilton Memorial Scholarship 2022,Submitted; Complete; Complete; Complete,Denied, , , , , , , , , , , , , , , , , , , , , , , , , , , , , , , ,Celia,Santiago
Sumner B. Tilton Memorial Scholarship 2022,Submitted; Complete; Complete; Complete,Denied, , , , , , , , , , , , , , , , , , , , , , , , , , , , , , , ,Khanh,al-Wali
Sumner B. Tilton Memorial Scholarship 2022,Submitted; Complete; Complete; Complete,Denied, , , , , , , , , , , , , , , , , , , , , , , , , , , , , , , ,Camrey,Merlos Solorzano
Sumner B. Tilton Memorial Scholarship 2022,Submitted; Complete; Complete; Complete,Denied, , , , , , , , , , , , , , , , , , , , , , , , , , , , , , , ,Ramon,Deleon-Rodriguez
Sumner B. Tilton Memorial Scholarship 2022,Submitted; Complete; Complete; Complete,Denied, , , , , , , , , , , , , , , , , , , , , , , , , , , , , , , ,Katherin,Bilal
Sumner B. Tilton Memorial Scholarship 2022,Submitted; Complete; Complete,Denied, , , , , , , , , , , , , , , , , , , , , , , , , , , , , , , ,Larae,Bachler
Sumner B. Tilton Memorial Scholarship 2022,Submitted; Complete; Complete; Complete,Denied, , , , , , , , , , , , , , , , , , , , , , , , , , , , , , , ,Jorden,Wendelin
Sumner B. Tilton Memorial Scholarship 2022,Submitted; Complete; Complete,Denied, , , , , , , , , , , , , , , , , , , , , , , , , , , , , , , ,Shakoora,Saidy
Sumner B. Tilton Memorial Scholarship 2022,Submitted; Complete; Complete,Denied, , , , , , , , , , , , , , , , , , , , , , , , , , , , , , , ,Cole,Jefferson
Sumner B. Tilton Memorial Scholarship 2022,Submitted; Complete; Complete,Denied, , , , , , , , , , , , , , , , , , , , , , , , , , , , , , , ,Saamyya,Peterman
Sumner B. Tilton Memorial Scholarship 2022,Submitted; Complete; Complete,Denied, , , , , , , , , , , , , , , , , , , , , , , , , , , , , , , ,Taeler,Duran
Sumner B. Tilton Memorial Scholarship 2022,Submitted; Complete; Complete; Complete,Denied, , , , , , , , , , , , , , , , , , , , , , , , , , , , , , , ,Kristie,Gregg
Sumner B. Tilton Memorial Scholarship 2022,Submitted; Complete; Complete; Complete; Complete; Complete; Complete; Complete; Complete,Denied, , , , , , , , , , , , , , , , , , , , , , , , , , , ,University of Massachusetts at Amherst, , , ,Haaroon,Ramos-Rangel
Sumner B. Tilton Memorial Scholarship 2022,Submitted; Complete; Complete; Complete,Denied, , , , , , , , , , , , , , , , , , , , , , , , , , , , , , , ,Brenna,Yun
Sumner B. Tilton Memorial Scholarship 2022,Submitted; Complete; Complete,Denied, , , , , , , , , , , , , , , , , , , , , , , , , , , , , , , ,Mahbooba,Ocampo
Sumner B. Tilton Memorial Scholarship 2022,Submitted; Complete; Complete; Complete,Denied, , , , , , , , , , , , , , , , , , , , , , , , , , , , , , , ,Armonno,Mesa
Sumner B. Tilton Memorial Scholarship 2022,Complete; Complete; Complete; Complete; Complete; Complete; Complete; Complete; Complete,Denied, , , , , , , , , , , , , , , , , , , , , , , , , , , ,University of Massachusetts at Boston, , , ,Armonno,Sotelo
Sumner B. Tilton Memorial Scholarship 2022,Submitted; Complete; Complete,Denied, , , , , , , , , , , , , , , , , , , , , , , , , , , , , , , ,Emoni,Glenn-Bracey
Sumner B. Tilton Memorial Scholarship 2022,Submitted; Complete; Complete; Complete,Denied, , , , , , , , , , , , , , , , , , , , , , , , , , , , , , , ,Julia Isabel,Quintana Jr
Sumner B. Tilton Memorial Scholarship 2022,Submitted; Complete; Complete; Complete,Denied, , , , , , , , , , , , , , , , , , , , , , , , , , , , , , , ,Shawnquelle,Malone-Rogers
Sumner B. Tilton Memorial Scholarship 2022,Submitted; Complete; Complete,Denied, , , , , , , , , , , , , , , , , , , , , , , , , , , , , , , ,Taeler,Ho
Sumner B. Tilton Memorial Scholarship 2022,Submitted; Complete; Complete,Denied, , , , , , , , , , , , , , , , , , , , , , , , , , , , , , , ,Beau,Fuino
Sumner B. Tilton Memorial Scholarship 2022,Submitted; Complete; Complete,Denied, , , , , , , , , , , , , , , , , , , , , , , , , , , , , , , ,Maajid,Turman
Sumner B. Tilton Memorial Scholarship 2022,Submitted; Complete; Complete,Denied, , , , , , , , , , , , , , , , , , , , , , , , , , , , , , , ,Starla,Yohannes
Sumner B. Tilton Memorial Scholarship 2022,Submitted; Complete; Complete,Denied, , , , , , , , , , , , , , , , , , , , , , , , , , , , , , , ,Russell,Lee
Sumner B. Tilton Memorial Scholarship 2022,Submitted; Complete; Complete,Denied, , , , , , , , , , , , , , , , , , , , , , , , , , , , , , , ,Yadira,al-Ramadan
Sumner B. Tilton Memorial Scholarship 2022,Submitted; Complete; Complete,Denied, , , , , , , , , , , , , , , , , , , , , , , , , , , , , , , ,Jalaal,Farrell
Sumner B. Tilton Memorial Scholarship 2022,Submitted; Complete; Complete,Denied, , , , , , , , , , , , , , , , , , , , , , , , , , , , , , , ,Howard,Amgalanbayar
Sumner B. Tilton Memorial Scholarship 2022,Submitted; Complete; Complete,Denied, , , , , , , , , , , , , , , , , , , , , , , , , , , , , , , ,Cyra,Farrell
Sumner B. Tilton Memorial Scholarship 2022,Submitted; Complete; Complete; Complete; Complete; Complete; Complete; Complete; Complete,Denied, , , , , , , , , , , , , , , , , , , , , , , , , , , ,University of Massachusetts at Amherst, , , ,Rasheeq,Lalonde
Sumner B. Tilton Memorial Scholarship 2022,Submitted; Complete; Complete,Denied, , , , , , , , , , , , , , , , , , , , , , , , , , , , , , , ,Maimoona,Fuqua
Sumner B. Tilton Memorial Scholarship 2022,Submitted; Complete; Complete,Denied, , , , , , , , , , , , , , , , , , , , , , , , , , , , , , , ,Darel,al-Hariri
Sumner B. Tilton Memorial Scholarship 2022,Complete; Complete; Complete,Denied, , , , , , , , , , , , , , , , , , , , , , , , , , , , , , , ,Jimmy,Morris
Sumner B. Tilton Memorial Scholarship 2022,Submitted; Complete; Complete; Complete; Complete; Complete; Complete; Complete; Complete,Denied, , , , , , , , , , , , , , , , , , , , , , , , , , , ,University of New Haven, , , ,Russell,Pettit
Sumner B. Tilton Memorial Scholarship 2022,Submitted; Complete; Complete; Complete; Complete; Complete; Complete; Complete; Complete,Denied, , , , , , , , , , , , , , , , , , , , , , , , , , , ,University of Rhode Island, , , ,Meghin,al-Mahfouz
Sumner B. Tilton Memorial Scholarship 2022,Submitted; Complete; Complete; Complete,Denied, , , , , , , , , , , , , , , , , , , , , , , , , , , , , , , ,Lance,Chay
Sumner B. Tilton Memorial Scholarship 2022,Submitted; Submitted; Complete,Denied, , , , , , , , , , , , , , , , , , , , , , , , , , , , , , , ,Trina,Earnest
Sumner B. Tilton Memorial Scholarship 2022,Submitted; Complete; Complete,Denied, , , , , , , , , , , , , , , , , , , , , , , , , , , , , , , ,Roger,Tipton
Sumner B. Tilton Memorial Scholarship 2022,Submitted; Complete; Complete,Denied, , , , , , , , , , , , , , , , , , , , , , , , , , , , , , , ,Haaniya,Viswaroopan
Sumner B. Tilton Memorial Scholarship 2022,Complete; Complete; Complete,Denied, , , , , , , , , , , , , , , , , , , , , , , , , , , , , , , ,Wisaam,al-Ismail
Sumner B. Tilton Memorial Scholarship 2022,Submitted; Complete; Complete,Denied, , , , , , , , , , , , , , , , , , , , , , , , , , , , , , , ,Vishnu,Dishmon
Sumner B. Tilton Memorial Scholarship 2022,Submitted; Complete; Complete,Denied, , , , , , , , , , , , , , , , , , , , , , , , , , , , , , , ,Jonet,Lujan
Sumner B. Tilton Memorial Scholarship 2022,Submitted; Complete; Complete,Denied, , , , , , , , , , , , , , , , , , , , , , , , , , , , , , , ,Nuha,Crummett
Sumner B. Tilton Memorial Scholarship 2022,Submitted; Complete; Complete; Complete; Complete; Complete; Complete; Complete; Complete,Denied, , , , , , , , , , , , , , , , , , , , , , , , , , , ,Boston University, , , ,Mutammam,al-Ammar
Sumner B. Tilton Memorial Scholarship 2022,Submitted; Complete; Complete; Complete,Denied, , , , , , , , , , , , , , , , , , , , , , , , , , , , , , , ,Natasha,Worker
Sumner B. Tilton Memorial Scholarship 2022,Submitted; Complete; Complete; Complete; Complete; Complete; Complete; Complete; Complete,Denied, , , , , , , , , , , , , , , , , , , , , , , , , , , ,Suffolk University, , , ,Nabeel,Tagawa
Sumner B. Tilton Memorial Scholarship 2022,Complete; Complete; Complete; Complete; Complete; Complete; Complete; Complete; Complete,Denied, , , , , , , , , , , , , , , , , , , , , , , , , , , ,College of the Holy Cross, , , ,Wisaam,Hunnell
Sumner B. Tilton Memorial Scholarship 2022,Complete; Complete; Complete,Denied, , , , , , , , , , , , , , , , , , , , , , , , , , , , , , , ,Khongmong,Mcneil
Sumner B. Tilton Memorial Scholarship 2022,Submitted; Complete; Complete; Complete; Complete; Complete; Complete; Complete; Complete,Denied, , , , , , , , , , , , , , , , , , , , , , , , , , , ,Boston University, , , ,Shania,Bryant-Townsell
Sumner B. Tilton Memorial Scholarship 2022,Complete; Complete; Complete,Denied, , , , , , , , , , , , , , , , , , , , , , , , , , , , , , , ,Wanbli,el-Tabet
Sumner B. Tilton Memorial Scholarship 2022,Submitted; Complete; Complete,Denied, , , , , , , , , , , , , , , , , , , , , , , , , , , , , , , ,Masroora,el-Dia
Sumner B. Tilton Memorial Scholarship 2022,Submitted; Complete; Complete,Denied, , , , , , , , , , , , , , , , , , , , , , , , , , , , , , , ,Curtis,Yeturu
Sumner B. Tilton Memorial Scholarship 2022,Complete; Complete; Complete,Denied, , , , , , , , , , , , , , , , , , , , , , , , , , , , , , , ,Monique,Hurd
Sumner B. Tilton Memorial Scholarship 2022,Submitted; Complete; Complete; Complete,Denied, , , , , , , , , , , , , , , , , , , , , , , , , , , , , , , ,Azamat,el-Jabbar
Sumner B. Tilton Memorial Scholarship 2022,Submitted; Complete; Complete,Denied, , , , , , , , , , , , , , , , , , , , , , , , , , , , , , , ,Yadira,Stansberry
Sumner B. Tilton Memorial Scholarship 2022,Submitted; Complete; Complete; Complete,Denied, , , , , , , , , , , , , , , , , , , , , , , , , , , , , , , ,Tamikah,Amgalanbayar
Sumner B. Tilton Memorial Scholarship 2022,Submitted; Complete; Complete,Denied, , , , , , , , , , , , , , , , , , , , , , , , , , , , , , , ,Lana,Harshberger
Sumner B. Tilton Memorial Scholarship 2022,Submitted; Complete; Complete,Denied, , , , , , , , , , , , , , , , , , , , , , , , , , , , , , , ,Souphakone,Woodard
Sumner B. Tilton Memorial Scholarship 2022,Complete; Complete; Complete; Complete,Denied, , , , , , , , , , , , , , , , , , , , , , , , , , , , , , , ,Obdulia,Jacobs
Sumner B. Tilton Memorial Scholarship 2022,Complete; Complete; Complete,Denied, , , , , , , , , , , , , , , , , , , , , , , , , , , , , , , ,Picabo,Olave
Sumner B. Tilton Memorial Scholarship 2022,Submitted; Complete; Complete,Denied, , , , , , , , , , , , , , , , , , , , , , , , , , , , , , , ,Saphire,Trebus
Sumner B. Tilton Memorial Scholarship 2022,Submitted; Complete; Complete,Denied, , , , , , , , , , , , , , , , , , , , , , , , , , , , , , , ,Madison,Frandsen
Sumner B. Tilton Memorial Scholarship 2022,Submitted; Complete; Complete,Denied, , , , , , , , , , , , , , , , , , , , , , , , , , , , , , , ,Adham,al-Raad
Sumner B. Tilton Memorial Scholarship 2022,Submitted; Complete; Complete,Denied, , , , , , , , , , , , , , , , , , , , , , , , , , , , , , , ,Xavier,Lagunas
Sumner B. Tilton Memorial Scholarship 2022,Submitted; Complete; Complete,Denied, , , , , , , , , , , , , , , , , , , , , , , , , , , , , , , ,Roderick,Bajwa
Sumner B. Tilton Memorial Scholarship 2022,Submitted; Complete; Complete,Denied, , , , , , , , , , , , , , , , , , , , , , , , , , , , , , , ,Nazeema,Samake
Sumner B. Tilton Memorial Scholarship 2022,Submitted; Complete; Complete; Complete; Complete; Complete; Complete; Complete; Complete,Denied, , , , , , , , , , , , , , , , , , , , , , , , , , , ,Drexel University, , , ,Jourdan,Perea
Sumner B. Tilton Memorial Scholarship 2022,Submitted; Complete; Complete; Complete; Complete; Complete; Complete; Complete; Complete,Denied, , , , , , , , , , , , , , , , , , , , , , , , , , , ,Worcester Polytechnic Institute, , , ,Maisara,Schippers
Sumner B. Tilton Memorial Scholarship 2022,Submitted; Complete; Complete; Complete,Denied, , , , , , , , , , , , , , , , , , , , , , , , , , , , , , , ,Johnny,Botts
Sumner B. Tilton Memorial Scholarship 2022,Submitted; Complete; Complete,Denied, , , , , , , , , , , , , , , , , , , , , , , , , , , , , , , ,Debonair,Donels
Sumner B. Tilton Memorial Scholarship 2022,Submitted; Complete; Complete,Denied, , , , , , , , , , , , , , , , , , , , , , , , , , , , , , , ,Markus,Huger
Sumner B. Tilton Memorial Scholarship 2022,Submitted; Complete; Complete,Denied, , , , , , , , , , , , , , , , , , , , , , , , , , , , , , , ,Yadira,al-Jan
Sumner B. Tilton Memorial Scholarship 2022,Submitted; Complete; Complete,Denied, , , , , , , , , , , , , , , , , , , , , , , , , , , , , , , ,Jason,Flowers
Sumner B. Tilton Memorial Scholarship 2022,Submitted; Complete; Complete,Denied, , , , , , , , , , , , , , , , , , , , , , , , , , , , , , , ,Zaamil,Randolph
Sumner B. Tilton Memorial Scholarship 2022,Complete; Complete; Complete,Denied, , , , , , , , , , , , , , , , , , , , , , , , , , , , , , , ,Abdul Khaliq,Kuhlmann Kazay
Sumner B. Tilton Memorial Scholarship 2022,Submitted; Complete; Complete,Denied, , , , , , , , , , , , , , , , , , , , , , , , , , , , , , , ,Monique,al-Amer
Sumner B. Tilton Memorial Scholarship 2022,Submitted; Complete; Complete; Complete,Denied, , , , , , , , , , , , , , , , , , , , , , , , , , , , , , , ,Sonya,Mason
Sumner B. Tilton Memorial Scholarship 2022,Submitted; Complete; Complete,Denied, , , , , , , , , , , , , , , , , , , , , , , , , , , , , , , ,Hasana,Quach
Sumner B. Tilton Memorial Scholarship 2022,Submitted; Complete; Complete,Denied, , , , , , , , , , , , , , , , , , , , , , , , , , , , , , , ,Tuhfa,Vecellio
Sumner B. Tilton Memorial Scholarship 2022,Complete; Complete; Complete,Denied, , , , , , , , , , , , , , , , , , , , , , , , , , , , , , , ,Jocilynn,Shaver
Sumner B. Tilton Memorial Scholarship 2022,Submitted; Complete; Complete; Complete,Denied, , , , , , , , , , , , , , , , , , , , , , , , , , , , , , , ,Eleazar,Freeman
Sumner B. Tilton Memorial Scholarship 2022,Submitted; Complete; Complete,Denied, , , , , , , , , , , , , , , , , , , , , , , , , , , , , , , ,Valeria,al-Omer
Sumner B. Tilton Memorial Scholarship 2022,Submitted; Complete; Complete; Complete,Denied, , , , , , , , , , , , , , , , , , , , , , , , , , , , , , , ,Mareeon,Graves
Sumner B. Tilton Memorial Scholarship 2022,Submitted; Complete; Complete,Denied, , , , , , , , , , , , , , , , , , , , , , , , , , , , , , , ,Michalyn,Rodriquez
Sumner B. Tilton Memorial Scholarship 2022,Submitted; Complete; Complete,Denied, , , , , , , , , , , , , , , , , , , , , , , , , , , , , , , ,Vincente,Chacon Jr
Sumner B. Tilton Memorial Scholarship 2022,Submitted; Complete; Complete; Complete,Denied, , , , , , , , , , , , , , , , , , , , , , , , , , , , , , , ,Jessiah,Otgontulga
Sumner B. Tilton Memorial Scholarship 2022,Complete; Complete; Complete,Denied, , , , , , , , , , , , , , , , , , , , , , , , , , , , , , , ,Rahma,Randel
Sumner B. Tilton Memorial Scholarship 2022,Submitted; Complete; Complete,Denied, , , , , , , , , , , , , , , , , , , , , , , , , , , , , , , ,Tahvia,Bradley
Sumner B. Tilton Memorial Scholarship 2022,Submitted; Complete; Complete,Denied, , , , , , , , , , , , , , , , , , , , , , , , , , , , , , , ,Sajiyya,al-Salek
Sumner B. Tilton Memorial Scholarship 2022,Submitted; Complete; Complete,Denied, , , , , , , , , , , , , , , , , , , , , , , , , , , , , , , ,Kitana,Deden
Sumner B. Tilton Memorial Scholarship 2022,Submitted; Complete; Complete; Complete; Complete,Denied, , , , , , , , , , , , , , , , , , , , , , , , , , , , , , , ,Kailey,Balogh
Sumner B. Tilton Memorial Scholarship 2022,Submitted; Complete; Complete,Denied, , , , , , , , , , , , , , , , , , , , , , , , , , , , , , , ,Jasper,James
Sumner B. Tilton Memorial Scholarship 2022,Submitted; Complete; Complete,Denied, , , , , , , , , , , , , , , , , , , , , , , , , , , , , , , ,Khaleela,al-Agha
Sumner B. Tilton Memorial Scholarship 2022,Submitted; Complete; Complete,Denied, , , , , , , , , , , , , , , , , , , , , , , , , , , , , , , ,Yongyee,al-Habib
Sumner B. Tilton Memorial Scholarship 2022,Submitted; Complete; Complete,Denied, , , , , , , , , , , , , , , , , , , , , , , , , , , , , , , ,Freddy,Aptidon
Sumner B. Tilton Memorial Scholarship 2022,Complete; Complete; Complete,Denied, , , , , , , , , , , , , , , , , , , , , , , , , , , , , , , ,Tre,Yamaguchi
Sumner B. Tilton Memorial Scholarship 2022,Submitted; Complete; Complete; Complete,Denied, , , , , , , , , , , , , , , , , , , , , , , , , , , , , , , ,Randy,el-Khalil
Sumner B. Tilton Memorial Scholarship 2022,Submitted; Complete; Complete; Complete; Complete; Complete; Complete,Denied, , , , , , , , , , , , , , , , , , , , , , , , , , , , , , , ,Emonie,Schetgen
Sumner B. Tilton Memorial Scholarship 2022,Submitted; Complete; Complete,Denied, , , , , , , , , , , , , , , , , , , , , , , , , , , , , , , ,Thomas,Kemp
Sumner B. Tilton Memorial Scholarship 2022,Complete; Complete; Complete,Denied, , , , , , , , , , , , , , , , , , , , , , , , , , , , , , , ,Aimee,el-Hannan
Sumner B. Tilton Memorial Scholarship 2022,Complete; Complete; Complete,Denied, , , , , , , , , , , , , , , , , , , , , , , , , , , , , , , ,Shawnia,Cervantes
Sumner B. Tilton Memorial Scholarship 2022,Submitted; Complete; Complete,Denied, , , , , , , , , , , , , , , , , , , , , , , , , , , , , , , ,Cordero,al-Idris
Sumner B. Tilton Memorial Scholarship 2022,Submitted; Complete; Complete,Denied, , , , , , , , , , , , , , , , , , , , , , , , , , , , , , , ,Mishaari,Gustafson
Sumner B. Tilton Memorial Scholarship 2022,Submitted; Complete; Complete,Denied, , , , , , , , , , , , , , , , , , , , , , , , , , , , , , , ,Areli,al-Farha
Sumner B. Tilton Memorial Scholarship 2022,Complete; Complete; Complete; Complete,Denied, , , , , , , , , , , , , , , , , , , , , , , , , , , , , , , ,Samira,Slife
Sumner B. Tilton Memorial Scholarship 2022,Submitted; Submitted; Complete,Denied, , , , , , , , , , , , , , , , , , , , , , , , , , , , , , , ,Vincente,Cruze
Sumner B. Tilton Memorial Scholarship 2022,Submitted; Complete; Complete,Denied, , , , , , , , , , , , , , , , , , , , , , , , , , , , , , , ,Camrey,Carrillo
Sumner B. Tilton Memorial Scholarship 2022,Submitted; Complete; Complete; Complete,Denied, , , , , , , , , , , , , , , , , , , , , , , , , , , , , , , ,Julianna,Woods
Swedish National Federation Scholarship 2022,Submitted; Complete; Complete; Complete; Complete; Complete,Denied, , , , , , , , , , , , , , , , , , , , , , , , , , , , , , , ,Jonet,el-Fadel
Swedish National Federation Scholarship 2022,Submitted; Complete; Complete,Denied, , , , , , , , , , , , , , , , , , , , , , , , , , , , , , , ,Norma,Kamp
Swedish National Federation Scholarship 2022,Submitted; Complete; Complete,Denied, , , , , , , , , , , , , , , , , , , , , , , , , , , , , , , ,Fareeda,Ogsbury
Swedish National Federation Scholarship 2022,Submitted; Complete; Complete,Denied, , , , , , , , , , , , , , , , , , , , , , , , , , , , , , , ,Samir,Brandon
Swedish National Federation Scholarship 2022,Submitted; Complete; Complete,Denied, , , , , , , , , , , , , , , , , , , , , , , , , , , , , , , ,Ohitike,O'Rell
Swedish National Federation Scholarship 2022,Submitted; Complete; Complete,Denied, , , , , , , , , , , , , , , , , , , , , , , , , , , , , , , ,"Jam,Aan",Espinoza
Swedish National Federation Scholarship 2022,Submitted; Complete; Complete; Complete; Complete; Complete,Denied, , , , , , , , , , , , , , , , , , , , , , , , , , , , , , , ,Ramza,al-Azzi
Swedish National Federation Scholarship 2022,Submitted; Complete; Complete,Denied, , , , , , , , , , , , , , , , , , , , , , , , , , , , , , , ,Monique,Malecha
Swedish National Federation Scholarship 2022,Submitted; Complete; Complete,Denied, , , , , , , , , , , , , , , , , , , , , , , , , , , , , , , ,Phillips,Munn
Swedish National Federation Scholarship 2022,Submitted; Complete; Complete,Denied, , , , , , , , , , , , , , , , , , , , , , , , , , , , , , , ,Ohitike,Dion
Swedish National Federation Scholarship 2022,Submitted; Complete; Complete,Denied, , , , , , , , , , , , , , , , , , , , , , , , , , , , , , , ,Chykeiljah,Longwing
Swedish National Federation Scholarship 2022,Submitted; Complete; Complete,Denied, , , , , , , , , , , , , , , , , , , , , , , , , , , , , , , ,Ziyaad,Crespin
Swedish National Federation Scholarship 2022,Submitted; Complete; Complete,Denied, , , , , , , , , , , , , , , , , , , , , , , , , , , , , , , ,Binh,Kumar
Swedish National Federation Scholarship 2022,Submitted; Complete; Complete,Denied, , , , , , , , , , , , , , , , , , , , , , , , , , , , , , , ,Roderick,Bellitt
Swedish National Federation Scholarship 2022,Submitted; Complete; Complete,Denied, , , , , , , , , , , , , , , , , , , , , , , , , , , , , , , ,Kentorra,Abila
Swedish National Federation Scholarship 2022,Submitted; Complete; Complete,Denied, , , , , , , , , , , , , , , , , , , , , , , , , , , , , , , ,D'Mitri,Pickett
Swedish National Federation Scholarship 2022,Submitted; Complete; Complete,Denied, , , , , , , , , , , , , , , , , , , , , , , , , , , , , , , ,Tyrelle,Agripino-Alvarado
Swedish National Federation Scholarship 2022,Submitted; Complete; Complete; Complete; Complete; Complete; Complete; Complete,Denied, , , , , , , , , , , , , , , , , , , , , , , , , , , ,University of Massachusetts at Amherst, , , ,Saajida,Costello
Swedish National Federation Scholarship 2022,Submitted; Complete; Complete; Complete; Complete; Complete,Denied, , , , , , , , , , , , , , , , , , , , , , , , , , , , , , , ,Armonno,Botts
Swedish National Federation Scholarship 2022,Submitted; Complete; Complete; Complete; Complete; Complete; Complete,Denied, , , , , , , , , , , , , , , , , , , , , , , , , , , , , , , ,Emilio,Music
Swedish National Federation Scholarship 2022,Submitted; Complete; Complete; Complete; Complete; Complete,Denied, , , , , , , , , , , , , , , , , , , , , , , , , , , , , , , ,Davis,Atkins
Swedish National Federation Scholarship 2022,Submitted; Complete; Complete,Denied, , , , , , , , , , , , , , , , , , , , , , , , , , , , , , , ,Adiam,Yang
Swedish National Federation Scholarship 2022,Complete; Complete; Complete; Complete; Complete; Complete; Complete; Complete; Complete,Denied, , , , , , , , , , , , , , , , , , , , , , , , , , , ,Worcester State University, , , ,Sahel,Bugarin Jr
Swedish National Federation Scholarship 2022,Submitted; Complete; Complete; Complete,Denied, , , , , , , , , , , , , , , , , , , , , , , , , , , , , , , ,Saami,Mcgee
Swedish National Federation Scholarship 2022,Submitted; Complete; Complete,Denied, , , , , , , , , , , , , , , , , , , , , , , , , , , , , , , ,Tione,Viruet
Swedish National Federation Scholarship 2022,Submitted; Complete; Complete,Denied, , , , , , , , , , , , , , , , , , , , , , , , , , , , , , , ,Toryn,el-Ashraf
Swedish National Federation Scholarship 2022,Complete; Complete; Complete,Denied, , , , , , , , , , , , , , , , , , , , , , , , , , , , , , , ,Sydnee,Harville
Swedish National Federation Scholarship 2022,Submitted; Complete; Complete,Denied, , , , , , , , , , , , , , , , , , , , , , , , , , , , , , , ,Mutadi,Oliva
Swedish National Federation Scholarship 2022,Submitted; Complete; Complete,Denied, , , , , , , , , , , , , , , , , , , , , , , , , , , , , , , ,Mujaahida,Palacios
Swedish National Federation Scholarship 2022,Submitted; Complete; Complete,Denied, , , , , , , , , , , , , , , , , , , , , , , , , , , , , , , ,Tu,Meza Barrera
Swedish National Federation Scholarship 2022,Submitted; Complete; Complete,Denied, , , , , , , , , , , , , , , , , , , , , , , , , , , , , , , ,Carina,Springfield
Swedish National Federation Scholarship 2022,Submitted; Complete; Complete,Denied, , , , , , , , , , , , , , , , , , , , , , , , , , , , , , , ,Picabo,al-Zaman
Swedish National Federation Scholarship 2022,Submitted; Complete; Complete,Denied, , , , , , , , , , , , , , , , , , , , , , , , , , , , , , , ,Kianna,Fels
Swedish National Federation Scholarship 2022,Submitted; Complete; Complete; Complete; Complete; Complete,Denied, , , , , , , , , , , , , , , , , , , , , , , , , , , , , , , ,Kiduse,Caffrey
Swedish National Federation Scholarship 2022,Complete; Complete; Complete,Denied, , , , , , , , , , , , , , , , , , , , , , , , , , , , , , , ,Jeffery,al-Naqvi
Swedish National Federation Scholarship 2022,Submitted; Complete; Complete,Denied, , , , , , , , , , , , , , , , , , , , , , , , , , , , , , , ,"Jam,Aan",Wommack
Swedish National Federation Scholarship 2022,Submitted; Complete; Complete; Complete,Denied, , , , , , , , , , , , , , , , , , , , , , , , , , , , , , , ,Ramon,Deleon-Rodriguez
Swedish National Federation Scholarship 2022,Submitted; Complete; Complete; Complete; Complete; Complete; Complete; Complete; Complete,Denied, , , , , , , , , , , , , , , , , , , , , , , , , , , ,College of the Holy Cross, , , ,Markangelo,el-Fadel
Swedish National Federation Scholarship 2022,Submitted; Complete; Complete,Denied, , , , , , , , , , , , , , , , , , , , , , , , , , , , , , , ,Rani,Mose
Swedish National Federation Scholarship 2022,Submitted; Complete; Complete,Denied, , , , , , , , , , , , , , , , , , , , , , , , , , , , , , , ,Sarah,el-Fadel
Swedish National Federation Scholarship 2022,Submitted; Complete; Complete; Complete,Denied, , , , , , , , , , , , , , , , , , , , , , , , , , , , , , , ,Julia Isabel,Quintana Jr
Swedish National Federation Scholarship 2022,Submitted; Complete; Complete; Complete; Complete; Complete; Complete; Complete; Complete; Complete; Complete; Complete,Denied, , , , , , , , , , , , , , , , , , , , , , , , , , , ,University of Rhode Island, , , ,Meghin,al-Mahfouz
Swedish National Federation Scholarship 2022,Submitted; Complete; Complete,Denied, , , , , , , , , , , , , , , , , , , , , , , , , , , , , , , ,Shawqi,Kinchlow
Swedish National Federation Scholarship 2022,Submitted; Complete; Complete; Complete; Complete; Complete,Denied, , , , , , , , , , , , , , , , , , , , , , , , , , , , , , , ,Masroora,el-Dia
Swedish National Federation Scholarship 2022,Submitted; Complete; Complete,Denied, , , , , , , , , , , , , , , , , , , , , , , , , , , , , , , ,Adrena,Varela-Hernandez
Swedish National Federation Scholarship 2022,Complete; Complete; Complete,Denied, , , , , , , , , , , , , , , , , , , , , , , , , , , , , , , ,Suhaib,Ellingsen
Swedish National Federation Scholarship 2022,Submitted; Submitted; Complete,Denied, , , , , , , , , , , , , , , , , , , , , , , , , , , , , , , ,Qaasim,Pinto
Swedish National Federation Scholarship 2022,Submitted; Submitted; Complete,Denied, , , , , , , , , , , , , , , , , , , , , , , , , , , , , , , ,Karlos,Kraft
Swedish National Federation Scholarship 2022,Submitted; Complete; Complete,Denied, , , , , , , , , , , , , , , , , , , , , , , , , , , , , , , ,Jamarian,Ham
Swedish National Federation Scholarship 2022,Submitted; Complete; Complete; Complete,Denied, , , , , , , , , , , , , , , , , , , , , , , , , , , , , , , ,Marshall,al-Shahin
Swedish National Federation Scholarship 2022,Submitted; Complete; Complete; Complete,Denied, , , , , , , , , , , , , , , , , , , , , , , , , , , , , , , ,Jessiah,Otgontulga
Swedish National Federation Scholarship 2022,Submitted; Complete; Complete,Denied, , , , , , , , , , , , , , , , , , , , , , , , , , , , , , , ,Alex,Maiden
Swedish National Federation Scholarship 2022,Submitted; Complete; Complete,Denied, , , , , , , , , , , , , , , , , , , , , , , , , , , , , , , ,Yadira,el-Fadel
Swedish National Federation Scholarship 2022,Submitted; Complete; Complete; Complete; Complete; Complete,Denied, , , , , , , , , , , , , , , , , , , , , , , , , , , , , , , ,Sapphire,Esparza Medina
Swedish National Federation Scholarship 2022,Submitted; Complete; Complete,Denied, , , , , , , , , , , , , , , , , , , , , , , , , , , , , , , ,Jonet,el-Rahmani
Tahanto Regional High School Scholarship 2022,Submitted; Complete; Complete; Complete,Denied, , , , , , , , , , , , , , , , , , , , , , , , , , , , , , , ,Alex,Joyner
Tahanto Regional High School Scholarship 2022,Submitted; Complete; Complete; Complete; Complete; Complete; Complete,Denied, , , , , , , , , , , , , , , , , , , , , , , , , , , , , , , ,Abhisaar,Kijprachakorn
Tahanto Regional High School Scholarship 2022,Submitted; Complete; Complete; Complete; Complete; Complete; Complete,Denied, , , , , , , , , , , , , , , , , , , , , , , , , , , , , , , ,"Jam,Aan",Wommack
Tahanto Regional High School Scholarship 2022,Submitted; Complete; Complete; Complete; Complete; Complete; Complete,Denied, , , , , , , , , , , , , , , , , , , , , , , , , , , , , , , ,Shakoora,Saidy
Tahanto Regional High School Scholarship 2022,Complete; Complete; Complete,Denied, , , , , , , , , , , , , , , , , , , , , , , , , , , , , , , ,Roderick,Oldham
Tahanto Regional High School Scholarship 2022,Submitted; Complete; Complete; Complete; Complete; Complete; Complete,Denied, , , , , , , , , , , , , , , , , , , , , , , , , , , , , , , ,Howard,Dajani
Tahanto Regional High School Scholarship 2022,Submitted; Complete; Complete,Denied, , , , , , , , , , , , , , , , , , , , , , , , , , , , , , , ,Sydnee,el-Assaf
Wallace D. and Dorothy M. Andrews Scholarship 2022,Submitted; Complete; Complete,Denied, , , , , , , , , , , , , , , , , , , , , , , , , , , , , , , ,Careese,Munguia
Wallace D. and Dorothy M. Andrews Scholarship 2022,Submitted; Complete; Complete; Complete; Complete; Complete; Complete; Complete; Complete,Denied, , , , , , , , , , , , , , , , , , , , , , , , , , , , , , , ,Trina,Otgontulga
Wallace D. and Dorothy M. Andrews Scholarship 2022,Submitted; Complete; Complete; Complete,Denied, , , , , , , , , , , , , , , , , , , , , , , , , , , , , , , ,Gericko,Stoops
Wallace D. and Dorothy M. Andrews Scholarship 2022,Submitted; Complete; Complete,Denied, , , , , , , , , , , , , , , , , , , , , , , , , , , , , , , ,Thamra,Ryen
Wallace D. and Dorothy M. Andrews Scholarship 2022,Complete; Complete; Complete,Denied, , , , , , , , , , , , , , , , , , , , , , , , , , , , , , , ,Wyleen,el-Allam
Wallace D. and Dorothy M. Andrews Scholarship 2022,Complete; Complete; Complete,Denied, , , , , , , , , , , , , , , , , , , , , , , , , , , , , , , ,Allegra,Trout
Wallace D. and Dorothy M. Andrews Scholarship 2022,Complete; Complete; Complete; Complete; Complete; Complete; Complete; Complete; Complete,Denied, , , , , , , , , , , , , , , , , , , , , , , , , , , , , , , ,Jimmy,Morris
Wallace D. and Dorothy M. Andrews Scholarship 2022,Complete; Complete; Complete,Denied, , , , , , , , , , , , , , , , , , , , , , , , , , , , , , , ,Josiah,al-Sattar
Wallace D. and Dorothy M. Andrews Scholarship 2022,Submitted; Complete; Complete; Complete; Complete; Complete; Complete; Complete; Complete,Denied, , , , , , , , , , , , , , , , , , , , , , , , , , , , , , , ,Saajid,Kerr
Wallace D. and Dorothy M. Andrews Scholarship 2022,Submitted; Submitted; Complete,Denied, , , , , , , , , , , , , , , , , , , , , , , , , , , , , , , ,Gabrielle,Powers
Wallace D. and Dorothy M. Andrews Scholarship 2022,Submitted; Complete; Complete; Complete; Complete; Complete; Complete; Complete; Complete,Denied, , , , , , , , , , , , , , , , , , , , , , , , , , , , , , , ,Aubree,Steele
Webster Square Business Association Scholarship 2022,Complete; Complete; Complete,Denied, , , , , , , , , , , , , , , , , , , , , , , , , , , , , , , ,Aimee,Aldret
Webster Square Business Association Scholarship 2022,Submitted; Complete; Complete,Denied, , , , , , , , , , , , , , , , , , , , , , , , , , , , , , , ,Rawda,el-Latif
Webster Square Business Association Scholarship 2022,Submitted; Complete; Complete,Denied, , , , , , , , , , , , , , , , , , , , , , , , , , , , , , , ,Adiam,Hall
Webster Square Business Association Scholarship 2022,Submitted; Complete; Complete,Denied, , , , , , , , , , , , , , , , , , , , , , , , , , , , , , , ,Khongmong,Doria
Webster Square Business Association Scholarship 2022,Submitted; Complete; Complete; Complete; Complete; Complete; Complete; Complete,Denied, , , , , , , , , , , , , , , , , , , , , , , , , , , , , , , ,Michel,Coyhis
Webster Square Business Association Scholarship 2022,Submitted; Complete; Complete; Complete,Denied, , , , , , , , , , , , , , , , , , , , , , , , , , , , , , , ,Jerald,Forte
Webster Square Business Association Scholarship 2022,Complete; Complete; Complete; Complete,Denied, , , , , , , , , , , , , , , , , , , , , , , , , , , , , , , ,Mahbooba,Hankins
Webster Square Business Association Scholarship 2022,Submitted; Complete; Complete; Complete; Complete; Complete; Complete; Complete; Complete,Denied, , , , , , , , , , , , , , , , , , , , , , , , , , , , , , , ,Kelsey,Trinh
Webster Square Business Association Scholarship 2022,Submitted; Complete; Complete; Complete,Denied, , , , , , , , , , , , , , , , , , , , , , , , , , , , , , , ,Karlos,Espino Aguilar
Webster Square Business Association Scholarship 2022,Submitted; Complete; Complete,Denied, , , , , , , , , , , , , , , , , , , , , , , , , , , , , , , ,Picabo,al-Zaman
Webster Square Business Association Scholarship 2022,Submitted; Complete; Complete; Complete; Complete; Complete; Complete; Complete,Denied, , , , , , , , , , , , , , , , , , , , , , , , , , , , , , , ,Yadira,al-Ramadan
Webster Square Business Association Scholarship 2022,Submitted; Complete; Complete; Complete; Complete; Complete; Complete; Complete; Complete,Denied, , , , , , , , , , , , , , , , , , , , , , , , , , , ,University of Massachusetts at Amherst, , , ,Rasheeq,Lalonde
Webster Square Business Association Scholarship 2022,Submitted; Complete; Complete; Complete; Complete; Complete; Complete; Complete; Complete,Denied, , , , , , , , , , , , , , , , , , , , , , , , , , , ,Boston University, , , ,Shania,Bryant-Townsell
Webster Square Business Association Scholarship 2022,Submitted; Complete; Complete; Complete,Denied, , , , , , , , , , , , , , , , , , , , , , , , , , , , , , , ,Tamikah,Amgalanbayar
Webster Square Business Association Scholarship 2022,Complete; Complete; Complete; Complete; Complete; Complete; Complete; Complete; Complete,Denied, , , , , , , , , , , , , , , , , , , , , , , , , , , , , , , ,Obdulia,Jacobs
Webster Square Business Association Scholarship 2022,Submitted; Complete; Complete,Denied, , , , , , , , , , , , , , , , , , , , , , , , , , , , , , , ,Jason,Flowers
Webster Square Business Association Scholarship 2022,Submitted; Complete; Complete; Complete; Complete,Denied, , , , , , , , , , , , , , , , , , , , , , , , , , , , , , , ,Kailey,Balogh
Webster Square Business Association Scholarship 2022,Submitted; Complete; Complete,Denied, , , , , , , , , , , , , , , , , , , , , , , , , , , , , , , ,Yongyee,al-Habib
Webster Square Business Association Scholarship 2022,Complete; Complete; Complete,Denied, , , , , , , , , , , , , , , , , , , , , , , , , , , , , , , ,Tre,Yamaguchi
William J. Short Scholarship 2022,Submitted; Complete; Complete,Denied, , , , , , , , , , , , , , , , , , , , , , , , , , , , , , , ,Kezia,Asebedo
William J. Short Scholarship 2022,Submitted; Complete; Complete; Complete,Denied, , , , , , , , , , , , , , , , , , , , , , , , , , , , , , , ,Mytruc,Hsu
William J. Short Scholarship 2022,Submitted; Complete; Complete,Denied, , , , , , , , , , , , , , , , , , , , , , , , , , , , , , , ,Kiduse,Paine
William J. Short Scholarship 2022,Submitted; Complete; Complete,Denied, , , , , , , , , , , , , , , , , , , , , , , , , , , , , , , ,Khongmong,Doria
William J. Short Scholarship 2022,Submitted; Complete; Complete; Complete; Complete; Complete; Complete,Denied, , , , , , , , , , , , , , , , , , , , , , , , , , , , , , , ,Andres,Quick Bear
William J. Short Scholarship 2022,Submitted; Complete; Complete,Denied, , , , , , , , , , , , , , , , , , , , , , , , , , , , , , , ,Sundus,Basnet
William J. Short Scholarship 2022,Submitted; Complete; Complete,Denied, , , , , , , , , , , , , , , , , , , , , , , , , , , , , , , ,Colette,Cannady
William J. Short Scholarship 2022,Complete; Complete; Complete,Denied, , , , , , , , , , , , , , , , , , , , , , , , , , , , , , , ,Aubrianna,el-Shaikh
William J. Short Scholarship 2022,Submitted; Complete; Complete,Denied, , , , , , , , , , , , , , , , , , , , , , , , , , , , , , , ,Ryker,Main
William J. Short Scholarship 2022,Submitted; Complete; Complete,Denied, , , , , , , , , , , , , , , , , , , , , , , , , , , , , , , ,Dustin,Jarvis
William J. Short Scholarship 2022,Submitted; Complete; Complete,Denied, , , , , , , , , , , , , , , , , , , , , , , , , , , , , , , ,Qaasim,Elizondo
William J. Short Scholarship 2022,Submitted; Complete; Complete; Complete,Denied, , , , , , , , , , , , , , , , , , , , , , , , , , , , , , , ,Fat'hiyaa,Bunting
William J. Short Scholarship 2022,Submitted; Complete; Complete; Complete,Denied, , , , , , , , , , , , , , , , , , , , , , , , , , , , , , , ,Karlos,al-Farra
William J. Short Scholarship 2022,Submitted; Complete; Complete,Denied, , , , , , , , , , , , , , , , , , , , , , , , , , , , , , , ,Jeni,Payne
William J. Short Scholarship 2022,Submitted; Complete; Complete,Denied, , , , , , , , , , , , , , , , , , , , , , , , , , , , , , , ,Tyrelle,Agripino-Alvarado
William J. Short Scholarship 2022,Submitted; Complete; Complete,Denied, , , , , , , , , , , , , , , , , , , , , , , , , , , , , , , ,Haaritha,Boyce
William J. Short Scholarship 2022,Submitted; Complete; Complete; Complete; Complete; Complete; Complete; Complete,Denied, , , , , , , , , , , , , , , , , , , , , , , , , , , , , , , ,Ari,Brehe
William J. Short Scholarship 2022,Submitted; Complete; Complete,Denied, , , , , , , , , , , , , , , , , , , , , , , , , , , , , , , ,Ian,al-Sadiq
William J. Short Scholarship 2022,Submitted; Complete; Complete; Complete; Complete; Complete; Complete,Denied, , , , , , , , , , , , , , , , , , , , , , , , , , , , , , , ,Musheera,Neff
William J. Short Scholarship 2022,Submitted; Complete; Complete,Denied, , , , , , , , , , , , , , , , , , , , , , , , , , , , , , , ,Shafee'a,Lee Graham
William J. Short Scholarship 2022,Submitted; Complete; Complete; Complete,Denied, , , , , , , , , , , , , , , , , , , , , , , , , , , , , , , ,Tione,Huh
William J. Short Scholarship 2022,Submitted; Complete; Complete,Denied, , , , , , , , , , , , , , , , , , , , , , , , , , , , , , , ,Armonno,el-Sadiq
William J. Short Scholarship 2022,Submitted; Complete; Complete; Complete,Denied, , , , , , , , , , , , , , , , , , , , , , , , , , , , , , , ,Nikki,Woolum
William J. Short Scholarship 2022,Submitted; Complete; Complete,Denied, , , , , , , , , , , , , , , , , , , , , , , , , , , , , , , ,Elisah,Clyde
William J. Short Scholarship 2022,Submitted; Complete; Complete,Denied, , , , , , , , , , , , , , , , , , , , , , , , , , , , , , , ,Roger,Higley
William J. Short Scholarship 2022,Submitted; Complete; Complete,Denied, , , , , , , , , , , , , , , , , , , , , , , , , , , , , , , ,Farhaana,Galvan
William J. Short Scholarship 2022,Submitted; Complete; Complete; Complete,Denied, , , , , , , , , , , , , , , , , , , , , , , , , , , , , , , ,Xai,Robertson
William J. Short Scholarship 2022,Submitted; Complete; Complete; Complete; Complete; Complete; Complete; Complete; Complete; Complete; Complete; Complete; Complete,Denied, , , , , , , , , , , , , , , , , , , , , , , , , , , ,Harvard University, , , ,Rachael,Joiner
William J. Short Scholarship 2022,Submitted; Complete; Complete; Complete; Complete; Complete; Complete; Complete; Complete,Denied, , , , , , , , , , , , , , , , , , , , , , , , , , , ,University of Massachusetts at Amherst, , , ,Ethan,Gallemore
William J. Short Scholarship 2022,Submitted; Complete; Complete; Complete; Complete; Complete; Complete; Complete,Denied, , , , , , , , , , , , , , , , , , , , , , , , , , , , , , , ,Jorden,Wendelin
William J. Short Scholarship 2022,Submitted; Complete; Complete; Complete; Complete; Complete; Complete,Denied, , , , , , , , , , , , , , , , , , , , , , , , , , , , , , , ,Saamyya,Peterman
William J. Short Scholarship 2022,Submitted; Complete; Complete,Denied, , , , , , , , , , , , , , , , , , , , , , , , , , , , , , , ,Armonno,Chanthavongsa
William J. Short Scholarship 2022,Submitted; Complete; Complete; Complete,Denied, , , , , , , , , , , , , , , , , , , , , , , , , , , , , , , ,Brenna,Yun
William J. Short Scholarship 2022,Submitted; Submitted; Complete,Denied, , , , , , , , , , , , , , , , , , , , , , , , , , , , , , , ,Yadira,Otgontulga
William J. Short Scholarship 2022,Submitted; Complete; Complete,Denied, , , , , , , , , , , , , , , , , , , , , , , , , , , , , , , ,L'Rae,Bertholf
William J. Short Scholarship 2022,Submitted; Complete; Complete,Denied, , , , , , , , , , , , , , , , , , , , , , , , , , , , , , , ,Vanya,Victoria
William J. Short Scholarship 2022,Submitted; Complete; Complete,Denied, , , , , , , , , , , , , , , , , , , , , , , , , , , , , , , ,Joy,Schuette
William J. Short Scholarship 2022,Submitted; Submitted; Complete,Denied, , , , , , , , , , , , , , , , , , , , , , , , , , , , , , , ,Trina,Earnest
William J. Short Scholarship 2022,Submitted; Complete; Complete; Complete,Denied, , , , , , , , , , , , , , , , , , , , , , , , , , , , , , , ,Heroki,Prince
William J. Short Scholarship 2022,Submitted; Complete; Complete,Denied, , , , , , , , , , , , , , , , , , , , , , , , , , , , , , , ,Roderick,Bajwa
William J. Short Scholarship 2022,Submitted; Complete; Complete,Denied, , , , , , , , , , , , , , , , , , , , , , , , , , , , , , , ,Manaahil,Blanton
William J. Short Scholarship 2022,Submitted; Complete; Complete,Denied, , , , , , , , , , , , , , , , , , , , , , , , , , , , , , , ,May,el-Alam
William J. Short Scholarship 2022,Submitted; Complete; Complete,Denied, , , , , , , , , , , , , , , , , , , , , , , , , , , , , , , ,Mutadi,Jibowu
William J. Short Scholarship 2022,Submitted; Complete; Complete,Denied, , , , , , , , , , , , , , , , , , , , , , , , , , , , , , , ,Sajiyya,al-Salek
William J. Short Scholarship 2022,Submitted; Complete; Complete; Complete; Complete; Complete; Complete; Complete; Complete,Denied, , , , , , , , , , , , , , , , , , , , , , , , , , , ,University of Connecticut, , , ,Trent,Anthony
William J. Short Scholarship 2022,Submitted; Complete; Complete,Denied, , , , , , , , , , , , , , , , , , , , , , , , , , , , , , , ,Josaphina,Rolston
William J. Short Scholarship 2022,Submitted; Complete; Complete; Complete; Complete; Complete; Complete,Denied, , , , , , , , , , , , , , , , , , , , , , , , , , , , , , , ,Shafaaa,el-Salih
William J. Short Scholarship 2022,Submitted; Complete; Complete; Complete,Denied, , , , , , , , , , , , , , , , , , , , , , , , , , , , , , , ,Julianna,Woods
William P. and Carolyn C. Cannon Scholarship 2022,Submitted; Complete; Complete; Complete; Complete; Complete; Complete; Complete; Complete,Denied, , , , , , , , , , , , , , , , , , , , , , , , , , , , , , , ,Asiah,Sedillo
William P. and Carolyn C. Cannon Scholarship 2022,Submitted; Complete; Complete; Complete; Complete; Complete; Complete; Complete; Complete,Denied, , , , , , , , , , , , , , , , , , , , , , , , , , , , , , , ,Armonno,Botts
William P. and Carolyn C. Cannon Scholarship 2022,Submitted; Complete; Complete; Complete; Complete; Complete; Complete; Complete; Complete,Denied, , , , , , , , , , , , , , , , , , , , , , , , , , , , , , , ,Saamyya,Peterman
Worcester Area Women in Development Community Service Award 2022,Complete; Complete; Complete,Denied, , , , , , , , , , , , , , , , , , , , , , , , , , , , , , , ,Aimee,Aldret
Worcester Area Women in Development Community Service Award 2022,Complete; Complete; Complete; Complete; Complete; Complete; Complete; Complete,Denied, , , , , , , , , , , , , , , , , , , , , , , , , , , , , , , ,Fawz,al-Basha
Worcester Area Women in Development Community Service Award 2022,Submitted; Complete; Complete; Complete; Complete; Complete; Complete; Complete,Denied, , , , , , , , , , , , , , , , , , , , , , , , , , , , , , , ,Tien,Herrera
Worcester Area Women in Development Community Service Award 2022,Submitted; Complete; Complete,Denied, , , , , , , , , , , , , , , , , , , , , , , , , , , , , , , ,Gi Hun,Botello
Worcester Area Women in Development Community Service Award 2022,Submitted; Complete; Complete; Complete,Denied, , , , , , , , , , , , , , , , , , , , , , , , , , , , , , , ,Nabeela,Desmond
Worcester Area Women in Development Community Service Award 2022,Submitted; Complete; Complete,Denied, , , , , , , , , , , , , , , , , , , , , , , , , , , , , , , ,Arnold,Verde
Worcester Area Women in Development Community Service Award 2022,Complete; Complete; Complete,Denied, , , , , , , , , , , , , , , , , , , , , , , , , , , , , , , ,Alexandria,Basak
Worcester Area Women in Development Community Service Award 2022,Complete; Complete; Complete,Denied, , , , , , , , , , , , , , , , , , , , , , , , , , , , , , , ,Dalene,al-Amini
Worcester Area Women in Development Community Service Award 2022,Submitted; Complete; Complete,Denied, , , , , , , , , , , , , , , , , , , , , , , , , , , , , , , ,Eduardo,al-Malak
Worcester Area Women in Development Community Service Award 2022,Submitted; Complete; Complete; Complete; Complete; Complete; Complete; Complete; Complete,Denied, , , , , , , , , , , , , , , , , , , , , , , , , , , ,Assumption University, , , ,Pornchai,el-Pashia
Worcester Area Women in Development Community Service Award 2022,Submitted; Complete; Complete,Denied, , , , , , , , , , , , , , , , , , , , , , , , , , , , , , , ,Ationa,Halpine
Worcester Area Women in Development Community Service Award 2022,Submitted; Complete; Complete,Denied, , , , , , , , , , , , , , , , , , , , , , , , , , , , , , , ,Norma,Kamp
Worcester Area Women in Development Community Service Award 2022,Submitted; Complete; Complete,Denied, , , , , , , , , , , , , , , , , , , , , , , , , , , , , , , ,Ma Chalah,Montgomery
Worcester Area Women in Development Community Service Award 2022,Submitted; Complete; Complete; Complete,Denied, , , , , , , , , , , , , , , , , , , , , , , , , , , , , , , ,Mytruc,Hsu
Worcester Area Women in Development Community Service Award 2022,Submitted; Complete; Complete,Denied, , , , , , , , , , , , , , , , , , , , , , , , , , , , , , , ,Fareeda,Ogsbury
Worcester Area Women in Development Community Service Award 2022,Complete; Complete; Complete,Denied, , , , , , , , , , , , , , , , , , , , , , , , , , , , , , , ,Waseem,Son
Worcester Area Women in Development Community Service Award 2022,Submitted; Complete; Complete,Denied, , , , , , , , , , , , , , , , , , , , , , , , , , , , , , , ,Shaakira,Shazier
Worcester Area Women in Development Community Service Award 2022,Submitted; Complete; Complete,Denied, , , , , , , , , , , , , , , , , , , , , , , , , , , , , , , ,Khongmong,Doria
Worcester Area Women in Development Community Service Award 2022,Complete; Complete; Complete,Denied, , , , , , , , , , , , , , , , , , , , , , , , , , , , , , , ,Alexa,Burge
Worcester Area Women in Development Community Service Award 2022,Complete; Complete; Complete,Denied, , , , , , , , , , , , , , , , , , , , , , , , , , , , , , , ,Munisa,Arrick
Worcester Area Women in Development Community Service Award 2022,Submitted; Complete; Complete,Denied, , , , , , , , , , , , , , , , , , , , , , , , , , , , , , , ,Khongmong,Halsey
Worcester Area Women in Development Community Service Award 2022,Submitted; Complete; Complete,Denied, , , , , , , , , , , , , , , , , , , , , , , , , , , , , , , ,Brice,el-Javed
Worcester Area Women in Development Community Service Award 2022,Submitted; Complete; Complete,Denied, , , , , , , , , , , , , , , , , , , , , , , , , , , , , , , ,"Jam,Aan",Espinoza
Worcester Area Women in Development Community Service Award 2022,Submitted; Complete; Complete,Denied, , , , , , , , , , , , , , , , , , , , , , , , , , , , , , , ,Juanita,Smalldon
Worcester Area Women in Development Community Service Award 2022,Submitted; Complete; Complete; Complete; Complete; Complete; Complete; Complete,Denied, , , , , , , , , , , , , , , , , , , , , , , , , , , , , , , ,"Jam,Aan",Carbajal
Worcester Area Women in Development Community Service Award 2022,Submitted; Complete; Complete,Denied, , , , , , , , , , , , , , , , , , , , , , , , , , , , , , , ,Ramza,al-Azzi
Worcester Area Women in Development Community Service Award 2022,Complete; Complete; Complete,Denied, , , , , , , , , , , , , , , , , , , , , , , , , , , , , , , ,Tione,Stott
Worcester Area Women in Development Community Service Award 2022,Complete; Complete; Complete,Denied, , , , , , , , , , , , , , , , , , , , , , , , , , , , , , , ,Derrick,al-Shahid
Worcester Area Women in Development Community Service Award 2022,Complete; Complete; Complete,Denied, , , , , , , , , , , , , , , , , , , , , , , , , , , , , , , ,Xai,Rauer
Worcester Area Women in Development Community Service Award 2022,Submitted; Complete; Complete,Denied, , , , , , , , , , , , , , , , , , , , , , , , , , , , , , , ,Bonnie,al-Hashem
Worcester Area Women in Development Community Service Award 2022,Submitted; Complete; Complete,Denied, , , , , , , , , , , , , , , , , , , , , , , , , , , , , , , ,Pedro,Turner
Worcester Area Women in Development Community Service Award 2022,Submitted; Complete; Complete,Denied, , , , , , , , , , , , , , , , , , , , , , , , , , , , , , , ,Tatiyana,el-Safi
Worcester Area Women in Development Community Service Award 2022,Submitted; Complete; Complete; Complete,Denied, , , , , , , , , , , , , , , , , , , , , , , , , , , , , , , ,Yadira,Palmer
Worcester Area Women in Development Community Service Award 2022,Complete; Complete; Complete,Denied, , , , , , , , , , , , , , , , , , , , , , , , , , , , , , , ,Cheyenne,Noah
Worcester Area Women in Development Community Service Award 2022,Submitted; Complete; Complete,Denied, , , , , , , , , , , , , , , , , , , , , , , , , , , , , , , ,Dhaafir,Niblet
Worcester Area Women in Development Community Service Award 2022,Submitted; Complete; Complete,Denied, , , , , , , , , , , , , , , , , , , , , , , , , , , , , , , ,Qaasim,Elizondo
Worcester Area Women in Development Community Service Award 2022,Submitted; Complete; Complete; Complete,Denied, , , , , , , , , , , , , , , , , , , , , , , , , , , , , , , ,Shanice,Gellatly
Worcester Area Women in Development Community Service Award 2022,Submitted; Complete; Complete,Denied, , , , , , , , , , , , , , , , , , , , , , , , , , , , , , , ,Shawnia,Velasquez
Worcester Area Women in Development Community Service Award 2022,Submitted; Complete; Complete,Denied, , , , , , , , , , , , , , , , , , , , , , , , , , , , , , , ,Kelcee,Mitsuhashi
Worcester Area Women in Development Community Service Award 2022,Submitted; Complete; Complete,Denied, , , , , , , , , , , , , , , , , , , , , , , , , , , , , , , ,Kabowd,al-Sahli
Worcester Area Women in Development Community Service Award 2022,Submitted; Complete; Complete; Complete,Denied, , , , , , , , , , , , , , , , , , , , , , , , , , , , , , , ,Qaasim,Mendiola
Worcester Area Women in Development Community Service Award 2022,Complete; Complete; Complete,Denied, , , , , , , , , , , , , , , , , , , , , , , , , , , , , , , ,Marisah,Starbird
Worcester Area Women in Development Community Service Award 2022,Submitted; Submitted; Complete,Denied, , , , , , , , , , , , , , , , , , , , , , , , , , , , , , , ,Benjamin,Peacock
Worcester Area Women in Development Community Service Award 2022,Complete; Complete; Complete,Denied, , , , , , , , , , , , , , , , , , , , , , , , , , , , , , , ,Najee,Munoz
Worcester Area Women in Development Community Service Award 2022,Submitted; Complete; Complete,Denied, , , , , , , , , , , , , , , , , , , , , , , , , , , , , , , ,Armonno,Field
Worcester Area Women in Development Community Service Award 2022,Submitted; Complete; Complete,Denied, , , , , , , , , , , , , , , , , , , , , , , , , , , , , , , ,Derrick,Roybal
Worcester Area Women in Development Community Service Award 2022,Submitted; Complete; Complete,Denied, , , , , , , , , , , , , , , , , , , , , , , , , , , , , , , ,Qaasim,Boddiger
Worcester Area Women in Development Community Service Award 2022,Submitted; Submitted; Complete,Denied, , , , , , , , , , , , , , , , , , , , , , , , , , , , , , , ,Karlos,Siren
Worcester Area Women in Development Community Service Award 2022,Complete; Complete; Complete,Denied, , , , , , , , , , , , , , , , , , , , , , , , , , , , , , , ,Shadi,el-Dib
Worcester Area Women in Development Community Service Award 2022,Submitted; Complete; Complete; Complete,Denied, , , , , , , , , , , , , , , , , , , , , , , , , , , , , , , ,Musheera,Folsom
Worcester Area Women in Development Community Service Award 2022,Submitted; Complete; Complete,Denied, , , , , , , , , , , , , , , , , , , , , , , , , , , , , , , ,Xai,Reda-Arefaine
Worcester Area Women in Development Community Service Award 2022,Submitted; Complete; Complete,Denied, , , , , , , , , , , , , , , , , , , , , , , , , , , , , , , ,Joo,Norman
Worcester Area Women in Development Community Service Award 2022,Submitted; Complete; Complete; Complete,Denied, , , , , , , , , , , , , , , , , , , , , , , , , , , , , , , ,Awda,Dionese
Worcester Area Women in Development Community Service Award 2022,Submitted; Complete; Complete; Complete; Complete; Complete; Complete; Complete; Complete,Denied, , , , , , , , , , , , , , , , , , , , , , , , , , , ,University of Massachusetts at Amherst, , , ,Qaasim,Copeland
Worcester Area Women in Development Community Service Award 2022,Submitted; Complete; Complete,Denied, , , , , , , , , , , , , , , , , , , , , , , , , , , , , , , ,Xai,Lundquist
Worcester Area Women in Development Community Service Award 2022,Submitted; Complete; Complete; Complete; Complete; Complete; Complete; Complete; Complete,Denied, , , , , , , , , , , , , , , , , , , , , , , , , , , ,Marymount University, , , ,Katelyn,Evison
Worcester Area Women in Development Community Service Award 2022,Submitted; Complete; Complete,Denied, , , , , , , , , , , , , , , , , , , , , , , , , , , , , , , ,Jeni,Payne
Worcester Area Women in Development Community Service Award 2022,Submitted; Complete; Complete,Denied, , , , , , , , , , , , , , , , , , , , , , , , , , , , , , , ,Shawnia,Saeed
Worcester Area Women in Development Community Service Award 2022,Submitted; Complete; Complete,Denied, , , , , , , , , , , , , , , , , , , , , , , , , , , , , , , ,Sushmita,Tennell
Worcester Area Women in Development Community Service Award 2022,Complete; Complete; Complete; Complete; Complete; Complete; Complete; Complete; Complete; Complete,Denied, , , , , , , , , , , , , , , , , , , , , , , , , , , ,Boston University, , , ,Yadira,Graves
Worcester Area Women in Development Community Service Award 2022,Submitted; Complete; Complete,Denied, , , , , , , , , , , , , , , , , , , , , , , , , , , , , , , ,Cheyanne,Botts
Worcester Area Women in Development Community Service Award 2022,Submitted; Complete; Complete,Denied, , , , , , , , , , , , , , , , , , , , , , , , , , , , , , , ,K'Sandra,al-Afzal
Worcester Area Women in Development Community Service Award 2022,Submitted; Complete; Complete,Denied, , , , , , , , , , , , , , , , , , , , , , , , , , , , , , , ,Arafaat,Penny
Worcester Area Women in Development Community Service Award 2022,Submitted; Complete; Complete,Denied, , , , , , , , , , , , , , , , , , , , , , , , , , , , , , , ,Haaritha,Boyce
Worcester Area Women in Development Community Service Award 2022,Submitted; Complete; Complete,Denied, , , , , , , , , , , , , , , , , , , , , , , , , , , , , , , ,Angelika,el-Saab
Worcester Area Women in Development Community Service Award 2022,Submitted; Submitted; Complete,Denied, , , , , , , , , , , , , , , , , , , , , , , , , , , , , , , ,Katherin,Beyale
Worcester Area Women in Development Community Service Award 2022,Submitted; Complete; Complete,Denied, , , , , , , , , , , , , , , , , , , , , , , , , , , , , , , ,Salwa,Carmichael
Worcester Area Women in Development Community Service Award 2022,Complete; Complete; Complete,Denied, , , , , , , , , , , , , , , , , , , , , , , , , , , , , , , ,Tercell,Newton
Worcester Area Women in Development Community Service Award 2022,Complete; Complete; Complete; Complete,Denied, , , , , , , , , , , , , , , , , , , , , , , , , , , , , , , ,Ashanti,Punzal
Worcester Area Women in Development Community Service Award 2022,Submitted; Complete; Complete,Denied, , , , , , , , , , , , , , , , , , , , , , , , , , , , , , , ,Cheyanne,el-Hamed
Worcester Area Women in Development Community Service Award 2022,Submitted; Complete; Complete; Complete; Complete; Complete; Complete; Complete,Denied, , , , , , , , , , , , , , , , , , , , , , , , , , , , , , , ,Alexxis,Vollrath
Worcester Area Women in Development Community Service Award 2022,Submitted; Complete; Complete; Complete; Complete; Complete; Complete; Complete; Complete,Denied, , , , , , , , , , , , , , , , , , , , , , , , , , , ,Brandeis University, , , ,Picabo,Penny
Worcester Area Women in Development Community Service Award 2022,Submitted; Complete; Complete,Denied, , , , , , , , , , , , , , , , , , , , , , , , , , , , , , , ,Khaiir,Jarrell
Worcester Area Women in Development Community Service Award 2022,Submitted; Complete; Complete,Denied, , , , , , , , , , , , , , , , , , , , , , , , , , , , , , , ,Kianna,Victorino
Worcester Area Women in Development Community Service Award 2022,Submitted; Complete; Complete; Complete; Complete; Complete; Complete; Complete; Complete,Denied, , , , , , , , , , , , , , , , , , , , , , , , , , , ,University of Massachusetts at Amherst, , , ,Sushmita,Srinivasan
Worcester Area Women in Development Community Service Award 2022,Submitted; Complete; Complete,Denied, , , , , , , , , , , , , , , , , , , , , , , , , , , , , , , ,Musheera,Neff
Worcester Area Women in Development Community Service Award 2022,Submitted; Complete; Complete,Denied, , , , , , , , , , , , , , , , , , , , , , , , , , , , , , , ,Salena,Tisthammer
Worcester Area Women in Development Community Service Award 2022,Complete; Complete; Complete,Denied, , , , , , , , , , , , , , , , , , , , , , , , , , , , , , , ,Trizton,Oakley
Worcester Area Women in Development Community Service Award 2022,Submitted; Complete; Complete; Complete; Complete; Complete; Complete; Complete; Complete,Denied, , , , , , , , , , , , , , , , , , , , , , , , , , , ,University of Massachusetts at Amherst, , , ,Shakoora,Kunimune
Worcester Area Women in Development Community Service Award 2022,Submitted; Complete; Complete,Denied, , , , , , , , , , , , , , , , , , , , , , , , , , , , , , , ,Colette,Hazel
Worcester Area Women in Development Community Service Award 2022,Submitted; Complete; Complete; Complete,Denied, , , , , , , , , , , , , , , , , , , , , , , , , , , , , , , ,Emmanuel,Ginsberg
Worcester Area Women in Development Community Service Award 2022,Submitted; Complete; Complete,Denied, , , , , , , , , , , , , , , , , , , , , , , , , , , , , , , ,Azhaar,Dewberry
Worcester Area Women in Development Community Service Award 2022,Submitted; Complete; Complete; Complete,Denied, , , , , , , , , , , , , , , , , , , , , , , , , , , , , , , ,Xavier,Ewing-Rhodes
Worcester Area Women in Development Community Service Award 2022,Submitted; Complete; Complete,Denied, , , , , , , , , , , , , , , , , , , , , , , , , , , , , , , ,Mujaahida,Palacios
Worcester Area Women in Development Community Service Award 2022,Submitted; Complete; Complete,Denied, , , , , , , , , , , , , , , , , , , , , , , , , , , , , , , ,Raja,Charleston
Worcester Area Women in Development Community Service Award 2022,Submitted; Complete; Complete,Denied, , , , , , , , , , , , , , , , , , , , , , , , , , , , , , , ,Yadira,el-Tamer
Worcester Area Women in Development Community Service Award 2022,Submitted; Complete; Complete,Denied, , , , , , , , , , , , , , , , , , , , , , , , , , , , , , , ,Priscilla,Hoots
Worcester Area Women in Development Community Service Award 2022,Submitted; Complete; Complete,Denied, , , , , , , , , , , , , , , , , , , , , , , , , , , , , , , ,Crissela,Rosales-Bass
Worcester Area Women in Development Community Service Award 2022,Complete; Complete; Complete,Denied, , , , , , , , , , , , , , , , , , , , , , , , , , , , , , , ,Sushmita,Sanni
Worcester Area Women in Development Community Service Award 2022,Submitted; Complete; Complete; Complete; Complete; Complete; Complete; Complete; Complete; Complete,Denied, , , , , , , , , , , , , , , , , , , , , , , , , , , ,Franklin Pierce University, , , ,Urwa,Srinivasan
Worcester Area Women in Development Community Service Award 2022,Submitted; Submitted; Complete,Denied, , , , , , , , , , , , , , , , , , , , , , , , , , , , , , , ,Armonno,Lyon
Worcester Area Women in Development Community Service Award 2022,Submitted; Complete; Complete; Complete,Denied, , , , , , , , , , , , , , , , , , , , , , , , , , , , , , , ,Karlos,Espino Aguilar
Worcester Area Women in Development Community Service Award 2022,Submitted; Complete; Complete,Denied, , , , , , , , , , , , , , , , , , , , , , , , , , , , , , , ,Armonno,Duong
Worcester Area Women in Development Community Service Award 2022,Submitted; Complete; Complete,Denied, , , , , , , , , , , , , , , , , , , , , , , , , , , , , , , ,Samira,Anchondo
Worcester Area Women in Development Community Service Award 2022,Submitted; Complete; Complete,Denied, , , , , , , , , , , , , , , , , , , , , , , , , , , , , , , ,Norma,Lopez-Carrizales
Worcester Area Women in Development Community Service Award 2022,Submitted; Complete; Complete,Denied, , , , , , , , , , , , , , , , , , , , , , , , , , , , , , , ,Abhaya,al-Maroun
Worcester Area Women in Development Community Service Award 2022,Submitted; Complete; Complete,Denied, , , , , , , , , , , , , , , , , , , , , , , , , , , , , , , ,Xai,Jones-Robnett
Worcester Area Women in Development Community Service Award 2022,Submitted; Complete; Complete,Denied, , , , , , , , , , , , , , , , , , , , , , , , , , , , , , , ,Dale,Amgalanbayar
Worcester Area Women in Development Community Service Award 2022,Submitted; Complete; Complete,Denied, , , , , , , , , , , , , , , , , , , , , , , , , , , , , , , ,Michalyn,Berry
Worcester Area Women in Development Community Service Award 2022,Submitted; Complete; Complete,Denied, , , , , , , , , , , , , , , , , , , , , , , , , , , , , , , ,Kianna,Fels
Worcester Area Women in Development Community Service Award 2022,Complete; Complete; Complete,Denied, , , , , , , , , , , , , , , , , , , , , , , , , , , , , , , ,Munisa,Gellatly
Worcester Area Women in Development Community Service Award 2022,Submitted; Complete; Complete; Complete,Denied, , , , , , , , , , , , , , , , , , , , , , , , , , , , , , , ,Najeem,Dionese
Worcester Area Women in Development Community Service Award 2022,Submitted; Complete; Complete,Denied, , , , , , , , , , , , , , , , , , , , , , , , , , , , , , , ,Saamyya,Guthrie
Worcester Area Women in Development Community Service Award 2022,Submitted; Complete; Complete; Complete,Denied, , , , , , , , , , , , , , , , , , , , , , , , , , , , , , , ,Nabeel,Dye
Worcester Area Women in Development Community Service Award 2022,Submitted; Submitted; Complete,Denied, , , , , , , , , , , , , , , , , , , , , , , , , , , , , , , ,Alex,Littles
Worcester Area Women in Development Community Service Award 2022,Submitted; Complete; Complete,Denied, , , , , , , , , , , , , , , , , , , , , , , , , , , , , , , ,"Jam,Aan",Wommack
Worcester Area Women in Development Community Service Award 2022,Submitted; Complete; Complete; Complete; Complete; Complete; Complete; Complete; Complete,Denied, , , , , , , , , , , , , , , , , , , , , , , , , , , ,Harvard University, , , ,Rachael,Joiner
Worcester Area Women in Development Community Service Award 2022,Submitted; Submitted; Complete,Denied, , , , , , , , , , , , , , , , , , , , , , , , , , , , , , , ,Kailee,Torres
Worcester Area Women in Development Community Service Award 2022,Submitted; Complete; Complete,Denied, , , , , , , , , , , , , , , , , , , , , , , , , , , , , , , ,Larae,Bachler
Worcester Area Women in Development Community Service Award 2022,Complete; Complete; Complete,Denied, , , , , , , , , , , , , , , , , , , , , , , , , , , , , , , ,Kabao,al-Farran
Worcester Area Women in Development Community Service Award 2022,Submitted; Complete; Complete; Complete; Complete; Complete; Complete; Complete; Complete,Denied, , , , , , , , , , , , , , , , , , , , , , , , , , , ,University of Massachusetts at Amherst, , , ,Ethan,Gallemore
Worcester Area Women in Development Community Service Award 2022,Submitted; Complete; Complete; Complete,Denied, , , , , , , , , , , , , , , , , , , , , , , , , , , , , , , ,Jorden,Wendelin
Worcester Area Women in Development Community Service Award 2022,Submitted; Complete; Complete,Denied, , , , , , , , , , , , , , , , , , , , , , , , , , , , , , , ,Shakoora,Saidy
Worcester Area Women in Development Community Service Award 2022,Complete; Complete; Complete,Denied, , , , , , , , , , , , , , , , , , , , , , , , , , , , , , , ,Luwai,Daniel
Worcester Area Women in Development Community Service Award 2022,Submitted; Complete; Complete,Denied, , , , , , , , , , , , , , , , , , , , , , , , , , , , , , , ,Saamyya,Peterman
Worcester Area Women in Development Community Service Award 2022,Submitted; Complete; Complete,Denied, , , , , , , , , , , , , , , , , , , , , , , , , , , , , , , ,Taeler,Duran
Worcester Area Women in Development Community Service Award 2022,Submitted; Complete; Complete,Denied, , , , , , , , , , , , , , , , , , , , , , , , , , , , , , , ,"Jam,Aan",Lacuesta
Worcester Area Women in Development Community Service Award 2022,Submitted; Complete; Complete; Complete,Denied, , , , , , , , , , , , , , , , , , , , , , , , , , , , , , , ,Heroki,Absher
Worcester Area Women in Development Community Service Award 2022,Submitted; Complete; Complete,Denied, , , , , , , , , , , , , , , , , , , , , , , , , , , , , , , ,Armonno,Chanthavongsa
Worcester Area Women in Development Community Service Award 2022,Submitted; Complete; Complete,Denied, , , , , , , , , , , , , , , , , , , , , , , , , , , , , , , ,Jovonni,Lytle
Worcester Area Women in Development Community Service Award 2022,Complete; Complete; Complete,Denied, , , , , , , , , , , , , , , , , , , , , , , , , , , , , , , ,Marshall,Gavino
Worcester Area Women in Development Community Service Award 2022,Complete; Complete; Complete,Denied, , , , , , , , , , , , , , , , , , , , , , , , , , , , , , , ,Taeler,al-Sheikh
Worcester Area Women in Development Community Service Award 2022,Submitted; Complete; Complete,Denied, , , , , , , , , , , , , , , , , , , , , , , , , , , , , , , ,Picabo,Skyhorse
Worcester Area Women in Development Community Service Award 2022,Submitted; Complete; Complete,Denied, , , , , , , , , , , , , , , , , , , , , , , , , , , , , , , ,Molly,Jasper
Worcester Area Women in Development Community Service Award 2022,Submitted; Complete; Complete,Denied, , , , , , , , , , , , , , , , , , , , , , , , , , , , , , , ,Jennis,Jasper
Worcester Area Women in Development Community Service Award 2022,Submitted; Complete; Complete,Denied, , , , , , , , , , , , , , , , , , , , , , , , , , , , , , , ,Reyna,Asuega
Worcester Area Women in Development Community Service Award 2022,Submitted; Complete; Complete; Complete,Denied, , , , , , , , , , , , , , , , , , , , , , , , , , , , , , , ,Armonno,Mesa
Worcester Area Women in Development Community Service Award 2022,Submitted; Complete; Complete; Complete; Complete; Complete; Complete; Complete; Complete,Denied, , , , , , , , , , , , , , , , , , , , , , , , , , , ,Syracuse University, , , ,Qaasim,el-Zaidi
Worcester Area Women in Development Community Service Award 2022,Complete; Complete; Complete; Complete; Complete; Complete; Complete; Complete; Complete,Denied, , , , , , , , , , , , , , , , , , , , , , , , , , , ,University of Massachusetts at Boston, , , ,Armonno,Sotelo
Worcester Area Women in Development Community Service Award 2022,Submitted; Complete; Complete,Denied, , , , , , , , , , , , , , , , , , , , , , , , , , , , , , , ,Emoni,Glenn-Bracey
Worcester Area Women in Development Community Service Award 2022,Submitted; Complete; Complete; Complete,Denied, , , , , , , , , , , , , , , , , , , , , , , , , , , , , , , ,Shawnquelle,Malone-Rogers
Worcester Area Women in Development Community Service Award 2022,Submitted; Complete; Complete; Complete; Complete; Complete; Complete; Complete; Complete,Denied, , , , , , , , , , , , , , , , , , , , , , , , , , , ,Massachusetts College of Art and Design, , , ,Musheera,Werth
Worcester Area Women in Development Community Service Award 2022,Submitted; Complete; Complete,Denied, , , , , , , , , , , , , , , , , , , , , , , , , , , , , , , ,Taeler,Ho
Worcester Area Women in Development Community Service Award 2022,Submitted; Complete; Complete; Complete; Complete; Complete; Complete; Complete; Complete,Denied, , , , , , , , , , , , , , , , , , , , , , , , , , , ,Tuskegee University, , , ,Nooriyya,al-Kanan
Worcester Area Women in Development Community Service Award 2022,Submitted; Complete; Complete,Denied, , , , , , , , , , , , , , , , , , , , , , , , , , , , , , , ,Russell,Lee
Worcester Area Women in Development Community Service Award 2022,Submitted; Complete; Complete; Complete,Denied, , , , , , , , , , , , , , , , , , , , , , , , , , , , , , , ,Norma,Wade
Worcester Area Women in Development Community Service Award 2022,Submitted; Complete; Complete,Denied, , , , , , , , , , , , , , , , , , , , , , , , , , , , , , , ,Yadira,al-Ramadan
Worcester Area Women in Development Community Service Award 2022,Submitted; Submitted; Complete,Denied, , , , , , , , , , , , , , , , , , , , , , , , , , , , , , , ,Yadira,Otgontulga
Worcester Area Women in Development Community Service Award 2022,Submitted; Complete; Complete,Denied, , , , , , , , , , , , , , , , , , , , , , , , , , , , , , , ,Judy,Lopez-Carrizales
Worcester Area Women in Development Community Service Award 2022,Complete; Complete; Complete,Denied, , , , , , , , , , , , , , , , , , , , , , , , , , , , , , , ,Obdulia,York
Worcester Area Women in Development Community Service Award 2022,Submitted; Complete; Complete,Denied, , , , , , , , , , , , , , , , , , , , , , , , , , , , , , , ,Jalaal,Farrell
Worcester Area Women in Development Community Service Award 2022,Complete; Complete; Complete,Denied, , , , , , , , , , , , , , , , , , , , , , , , , , , , , , , ,Rahma,Cordero
Worcester Area Women in Development Community Service Award 2022,Submitted; Complete; Complete,Denied, , , , , , , , , , , , , , , , , , , , , , , , , , , , , , , ,Angel,Paiz
Worcester Area Women in Development Community Service Award 2022,Submitted; Complete; Complete,Denied, , , , , , , , , , , , , , , , , , , , , , , , , , , , , , , ,Cyra,Farrell
Worcester Area Women in Development Community Service Award 2022,Submitted; Complete; Complete; Complete,Denied, , , , , , , , , , , , , , , , , , , , , , , , , , , , , , , ,Zvi,Gast
Worcester Area Women in Development Community Service Award 2022,Submitted; Complete; Complete; Complete,Denied, , , , , , , , , , , , , , , , , , , , , , , , , , , , , , , ,Saamyya,Gang
Worcester Area Women in Development Community Service Award 2022,Submitted; Complete; Complete,Denied, , , , , , , , , , , , , , , , , , , , , , , , , , , , , , , ,Tiandrea,Mathys
Worcester Area Women in Development Community Service Award 2022,Submitted; Complete; Complete; Complete; Complete; Complete; Complete; Complete; Complete,Denied, , , , , , , , , , , , , , , , , , , , , , , , , , , ,University of New Haven, , , ,Russell,Pettit
Worcester Area Women in Development Community Service Award 2022,Submitted; Complete; Complete; Complete; Complete; Complete; Complete; Complete; Complete,Denied, , , , , , , , , , , , , , , , , , , , , , , , , , , ,University of Rhode Island, , , ,Meghin,al-Mahfouz
Worcester Area Women in Development Community Service Award 2022,Submitted; Complete; Complete; Complete,Denied, , , , , , , , , , , , , , , , , , , , , , , , , , , , , , , ,Lance,Chay
Worcester Area Women in Development Community Service Award 2022,Submitted; Complete; Complete,Denied, , , , , , , , , , , , , , , , , , , , , , , , , , , , , , , ,"Jam,Aan",Largo
Worcester Area Women in Development Community Service Award 2022,Submitted; Complete; Complete,Denied, , , , , , , , , , , , , , , , , , , , , , , , , , , , , , , ,Alex,Nweke
Worcester Area Women in Development Community Service Award 2022,Submitted; Complete; Complete; Complete,Denied, , , , , , , , , , , , , , , , , , , , , , , , , , , , , , , ,Heroki,Prince
Worcester Area Women in Development Community Service Award 2022,Complete; Complete; Complete,Denied, , , , , , , , , , , , , , , , , , , , , , , , , , , , , , , ,Wisaam,al-Ismail
Worcester Area Women in Development Community Service Award 2022,Submitted; Complete; Complete,Denied, , , , , , , , , , , , , , , , , , , , , , , , , , , , , , , ,Vishnu,Dishmon
Worcester Area Women in Development Community Service Award 2022,Submitted; Complete; Complete; Complete; Complete; Complete; Complete; Complete; Complete,Denied, , , , , , , , , , , , , , , , , , , , , , , , , , , ,Boston University, , , ,Mutammam,al-Ammar
Worcester Area Women in Development Community Service Award 2022,Submitted; Complete; Complete; Complete,Denied, , , , , , , , , , , , , , , , , , , , , , , , , , , , , , , ,Natasha,Worker
Worcester Area Women in Development Community Service Award 2022,Submitted; Complete; Complete; Complete; Complete; Complete; Complete; Complete; Complete,Denied, , , , , , , , , , , , , , , , , , , , , , , , , , , ,Suffolk University, , , ,Nabeel,Tagawa
Worcester Area Women in Development Community Service Award 2022,Submitted; Complete; Complete,Denied, , , , , , , , , , , , , , , , , , , , , , , , , , , , , , , ,Ismael,Medina Perez
Worcester Area Women in Development Community Service Award 2022,Complete; Complete; Complete,Denied, , , , , , , , , , , , , , , , , , , , , , , , , , , , , , , ,Lateefa,al-Saade
Worcester Area Women in Development Community Service Award 2022,Submitted; Complete; Complete,Denied, , , , , , , , , , , , , , , , , , , , , , , , , , , , , , , ,Alex,Coyhis
Worcester Area Women in Development Community Service Award 2022,Submitted; Complete; Complete; Complete; Complete; Complete; Complete; Complete; Complete,Denied, , , , , , , , , , , , , , , , , , , , , , , , , , , ,Boston University, , , ,Shania,Bryant-Townsell
Worcester Area Women in Development Community Service Award 2022,Complete; Complete; Complete,Denied, , , , , , , , , , , , , , , , , , , , , , , , , , , , , , , ,Wanbli,el-Tabet
Worcester Area Women in Development Community Service Award 2022,Submitted; Complete; Complete,Denied, , , , , , , , , , , , , , , , , , , , , , , , , , , , , , , ,Zaamil,Oliva
Worcester Area Women in Development Community Service Award 2022,Submitted; Complete; Complete; Complete; Complete; Complete; Complete; Complete; Complete,Denied, , , , , , , , , , , , , , , , , , , , , , , , , , , ,Boston University, , , ,Colette,Forkell
Worcester Area Women in Development Community Service Award 2022,Submitted; Complete; Complete,Denied, , , , , , , , , , , , , , , , , , , , , , , , , , , , , , , ,Masroora,el-Dia
Worcester Area Women in Development Community Service Award 2022,Complete; Complete; Complete,Denied, , , , , , , , , , , , , , , , , , , , , , , , , , , , , , , ,Jaden,Quint
Worcester Area Women in Development Community Service Award 2022,Submitted; Complete; Complete; Complete,Denied, , , , , , , , , , , , , , , , , , , , , , , , , , , , , , , ,Shabeeba,al-Obeid
Worcester Area Women in Development Community Service Award 2022,Submitted; Complete; Complete; Complete; Complete; Complete; Complete; Complete; Complete; Complete,Denied, , , , , , , , , , , , , , , , , , , , , , , , , , , ,Endicott College, , , ,Zaamil,Peterman
Worcester Area Women in Development Community Service Award 2022,Submitted; Complete; Complete; Complete,Denied, , , , , , , , , , , , , , , , , , , , , , , , , , , , , , , ,Tamikah,Amgalanbayar
Worcester Area Women in Development Community Service Award 2022,Submitted; Complete; Complete,Denied, , , , , , , , , , , , , , , , , , , , , , , , , , , , , , , ,Lana,Harshberger
Worcester Area Women in Development Community Service Award 2022,Submitted; Complete; Complete,Denied, , , , , , , , , , , , , , , , , , , , , , , , , , , , , , , ,Souphakone,Woodard
Worcester Area Women in Development Community Service Award 2022,Complete; Complete; Complete; Complete,Denied, , , , , , , , , , , , , , , , , , , , , , , , , , , , , , , ,Obdulia,Jacobs
Worcester Area Women in Development Community Service Award 2022,Complete; Complete; Complete,Denied, , , , , , , , , , , , , , , , , , , , , , , , , , , , , , , ,Picabo,Olave
Worcester Area Women in Development Community Service Award 2022,Submitted; Complete; Complete,Denied, , , , , , , , , , , , , , , , , , , , , , , , , , , , , , , ,Saphire,Trebus
Worcester Area Women in Development Community Service Award 2022,Submitted; Complete; Complete,Denied, , , , , , , , , , , , , , , , , , , , , , , , , , , , , , , ,Qaasim,Bron
Worcester Area Women in Development Community Service Award 2022,Submitted; Complete; Complete,Denied, , , , , , , , , , , , , , , , , , , , , , , , , , , , , , , ,Russell,Henz
Worcester Area Women in Development Community Service Award 2022,Submitted; Complete; Complete,Denied, , , , , , , , , , , , , , , , , , , , , , , , , , , , , , , ,Adham,al-Raad
Worcester Area Women in Development Community Service Award 2022,Submitted; Complete; Complete,Denied, , , , , , , , , , , , , , , , , , , , , , , , , , , , , , , ,Xavier,Lagunas
Worcester Area Women in Development Community Service Award 2022,Submitted; Complete; Complete; Complete,Denied, , , , , , , , , , , , , , , , , , , , , , , , , , , , , , , ,Russell,Quijano
Worcester Area Women in Development Community Service Award 2022,Submitted; Complete; Complete; Complete,Denied, , , , , , , , , , , , , , , , , , , , , , , , , , , , , , , ,Jessiah,O'Malley
Worcester Area Women in Development Community Service Award 2022,Submitted; Complete; Complete,Denied, , , , , , , , , , , , , , , , , , , , , , , , , , , , , , , ,Maa'iz,el-Abdoo
Worcester Area Women in Development Community Service Award 2022,Submitted; Complete; Complete; Complete; Complete; Complete; Complete; Complete; Complete,Denied, , , , , , , , , , , , , , , , , , , , , , , , , , , ,Drexel University, , , ,Jourdan,Perea
Worcester Area Women in Development Community Service Award 2022,Submitted; Complete; Complete,Denied, , , , , , , , , , , , , , , , , , , , , , , , , , , , , , , ,Clayton,el-Hashmi
Worcester Area Women in Development Community Service Award 2022,Submitted; Complete; Complete,Denied, , , , , , , , , , , , , , , , , , , , , , , , , , , , , , , ,Derrick,Lopez Cruz
Worcester Area Women in Development Community Service Award 2022,Submitted; Complete; Complete,Denied, , , , , , , , , , , , , , , , , , , , , , , , , , , , , , , ,Debonair,Donels
Worcester Area Women in Development Community Service Award 2022,Submitted; Complete; Complete,Denied, , , , , , , , , , , , , , , , , , , , , , , , , , , , , , , ,Shawnia,Rodri
Worcester Area Women in Development Community Service Award 2022,Submitted; Complete; Complete,Denied, , , , , , , , , , , , , , , , , , , , , , , , , , , , , , , ,Yadira,al-Jan
Worcester Area Women in Development Community Service Award 2022,Submitted; Complete; Complete,Denied, , , , , , , , , , , , , , , , , , , , , , , , , , , , , , , ,Jason,Flowers
Worcester Area Women in Development Community Service Award 2022,Submitted; Complete; Complete,Denied, , , , , , , , , , , , , , , , , , , , , , , , , , , , , , , ,Munisa,Dych
Worcester Area Women in Development Community Service Award 2022,Complete; Complete; Complete,Denied, , , , , , , , , , , , , , , , , , , , , , , , , , , , , , , ,Khongmong,Amgalanbayar
Worcester Area Women in Development Community Service Award 2022,Submitted; Complete; Complete,Denied, , , , , , , , , , , , , , , , , , , , , , , , , , , , , , , ,Keanu,Abfalter
Worcester Area Women in Development Community Service Award 2022,Complete; Complete; Complete,Denied, , , , , , , , , , , , , , , , , , , , , , , , , , , , , , , ,Aiyana,Aquiningoc
Worcester Area Women in Development Community Service Award 2022,Submitted; Complete; Complete; Complete,Denied, , , , , , , , , , , , , , , , , , , , , , , , , , , , , , , ,Sonya,Mason
Worcester Area Women in Development Community Service Award 2022,Submitted; Complete; Complete,Denied, , , , , , , , , , , , , , , , , , , , , , , , , , , , , , , ,Jarvis,Bribiesca
Worcester Area Women in Development Community Service Award 2022,Submitted; Complete; Complete,Denied, , , , , , , , , , , , , , , , , , , , , , , , , , , , , , , ,Sushmita,Kyle
Worcester Area Women in Development Community Service Award 2022,Submitted; Complete; Complete,Denied, , , , , , , , , , , , , , , , , , , , , , , , , , , , , , , ,Khongmong,Neighbors
Worcester Area Women in Development Community Service Award 2022,Submitted; Complete; Complete,Denied, , , , , , , , , , , , , , , , , , , , , , , , , , , , , , , ,Karah,Peebles
Worcester Area Women in Development Community Service Award 2022,Submitted; Complete; Complete,Denied, , , , , , , , , , , , , , , , , , , , , , , , , , , , , , , ,Jamarian,Ham
Worcester Area Women in Development Community Service Award 2022,Submitted; Complete; Complete,Denied, , , , , , , , , , , , , , , , , , , , , , , , , , , , , , , ,Valeria,al-Omer
Worcester Area Women in Development Community Service Award 2022,Submitted; Complete; Complete; Complete,Denied, , , , , , , , , , , , , , , , , , , , , , , , , , , , , , , ,Ciera,Jarrett
Worcester Area Women in Development Community Service Award 2022,Submitted; Complete; Complete,Denied, , , , , , , , , , , , , , , , , , , , , , , , , , , , , , , ,Michalyn,Rodriquez
Worcester Area Women in Development Community Service Award 2022,Submitted; Complete; Complete; Complete; Complete; Complete; Complete; Complete,Denied, , , , , , , , , , , , , , , , , , , , , , , , , , , ,Endicott College, , , ,Sushmita,Frost
Worcester Area Women in Development Community Service Award 2022,Submitted; Complete; Complete; Complete,Denied, , , , , , , , , , , , , , , , , , , , , , , , , , , , , , , ,Jessiah,Otgontulga
Worcester Area Women in Development Community Service Award 2022,Submitted; Complete; Complete,Denied, , , , , , , , , , , , , , , , , , , , , , , , , , , , , , , ,Khongmong,Booker
Worcester Area Women in Development Community Service Award 2022,Submitted; Complete; Complete,Denied, , , , , , , , , , , , , , , , , , , , , , , , , , , , , , , ,Yadira,el-Fadel
Worcester Area Women in Development Community Service Award 2022,Complete; Complete; Complete,Denied, , , , , , , , , , , , , , , , , , , , , , , , , , , , , , , ,Rahma,Randel
Worcester Area Women in Development Community Service Award 2022,Submitted; Complete; Complete; Complete,Denied, , , , , , , , , , , , , , , , , , , , , , , , , , , , , , , ,Munisa,Kirbow
Worcester Area Women in Development Community Service Award 2022,Submitted; Complete; Complete,Denied, , , , , , , , , , , , , , , , , , , , , , , , , , , , , , , ,Yadira,Laroche
Worcester Area Women in Development Community Service Award 2022,Submitted; Complete; Complete,Denied, , , , , , , , , , , , , , , , , , , , , , , , , , , , , , , ,Tahvia,Bradley
Worcester Area Women in Development Community Service Award 2022,Submitted; Complete; Complete; Complete,Denied, , , , , , , , , , , , , , , , , , , , , , , , , , , , , , , ,Trent,Busby
Worcester Area Women in Development Community Service Award 2022,Complete; Complete; Complete,Denied, , , , , , , , , , , , , , , , , , , , , , , , , , , , , , , ,Linda,Eastman
Worcester Area Women in Development Community Service Award 2022,Submitted; Complete; Complete,Denied, , , , , , , , , , , , , , , , , , , , , , , , , , , , , , , ,May,el-Alam
Worcester Area Women in Development Community Service Award 2022,Submitted; Complete; Complete,Denied, , , , , , , , , , , , , , , , , , , , , , , , , , , , , , , ,Tasneem,Farley
Worcester Area Women in Development Community Service Award 2022,Submitted; Complete; Complete; Complete; Complete; Complete; Complete; Complete; Complete,Denied, , , , , , , , , , , , , , , , , , , , , , , , , , , ,University of Connecticut, , , ,Trent,Anthony
Worcester Area Women in Development Community Service Award 2022,Submitted; Complete; Complete,Denied, , , , , , , , , , , , , , , , , , , , , , , , , , , , , , , ,Kitana,Deden
Worcester Area Women in Development Community Service Award 2022,Submitted; Complete; Complete; Complete; Complete,Denied, , , , , , , , , , , , , , , , , , , , , , , , , , , , , , , ,Sultana,Caudillo
Worcester Area Women in Development Community Service Award 2022,Submitted; Complete; Complete,Denied, , , , , , , , , , , , , , , , , , , , , , , , , , , , , , , ,Keyahna,Safar
Worcester Area Women in Development Community Service Award 2022,Submitted; Complete; Complete,Denied, , , , , , , , , , , , , , , , , , , , , , , , , , , , , , , ,Xavier,Reeder
Worcester Area Women in Development Community Service Award 2022,Submitted; Complete; Complete,Denied, , , , , , , , , , , , , , , , , , , , , , , , , , , , , , , ,Khaleela,al-Agha
Worcester Area Women in Development Community Service Award 2022,Submitted; Complete; Complete,Denied, , , , , , , , , , , , , , , , , , , , , , , , , , , , , , , ,Yongyee,al-Habib
Worcester Area Women in Development Community Service Award 2022,Submitted; Complete; Complete; Complete,Denied, , , , , , , , , , , , , , , , , , , , , , , , , , , , , , , ,Randy,el-Khalil
Worcester Area Women in Development Community Service Award 2022,Submitted; Complete; Complete,Denied, , , , , , , , , , , , , , , , , , , , , , , , , , , , , , , ,Hanoona,Adu
Worcester Area Women in Development Community Service Award 2022,Complete; Complete; Complete,Denied, , , , , , , , , , , , , , , , , , , , , , , , , , , , , , , ,Corissa,Dickinson
Worcester Area Women in Development Community Service Award 2022,Complete; Complete; Complete,Denied, , , , , , , , , , , , , , , , , , , , , , , , , , , , , , , ,Shawnia,Cervantes
Worcester Area Women in Development Community Service Award 2022,Submitted; Complete; Complete,Denied, , , , , , , , , , , , , , , , , , , , , , , , , , , , , , , ,Shelby,Hume
Worcester Area Women in Development Community Service Award 2022,Submitted; Complete; Complete; Complete,Denied, , , , , , , , , , , , , , , , , , , , , , , , , , , , , , , ,Cheyanne,el-Khawaja
Worcester Area Women in Development Community Service Award 2022,Submitted; Complete; Complete,Denied, , , , , , , , , , , , , , , , , , , , , , , , , , , , , , , ,Cheyanne,Rumsey
Worcester Area Women in Development Community Service Award 2022,Submitted; Submitted; Complete,Denied, , , , , , , , , , , , , , , , , , , , , , , , , , , , , , , ,Anh,Gerace
Worcester Area Women in Development Community Service Award 2022,Submitted; Complete; Complete; Complete,Denied, , , , , , , , , , , , , , , , , , , , , , , , , , , , , , , ,Najeem,Gregory
Worcester Area Women in Development Community Service Award 2022,Submitted; Complete; Complete,Denied, , , , , , , , , , , , , , , , , , , , , , , , , , , , , , , ,Azmi,Daly
Worcester Area Women in Development Community Service Award 2022,Complete; Complete; Complete; Complete,Denied, , , , , , , , , , , , , , , , , , , , , , , , , , , , , , , ,Samira,Slife
Worcester Area Women in Development Community Service Award 2022,Submitted; Submitted; Complete,Denied, , , , , , , , , , , , , , , , , , , , , , , , , , , , , , , ,Vincente,Cruze
Worcester Area Women in Development Community Service Award 2022,Complete; Complete; Complete,Denied, , , , , , , , , , , , , , , , , , , , , , , , , , , , , , , ,Fahmi,Hobley
Worcester Area Women in Development Community Service Award 2022,Complete; Complete; Complete; Complete,Denied, , , , , , , , , , , , , , , , , , , , , , , , , , , , , , , ,Jolina,Trader-Bankston
Worcester Area Women in Development Community Service Award 2022,Complete; Complete; Complete,Denied, , , , , , , , , , , , , , , , , , , , , , , , , , , , , , , ,Bassil,Whitlock
Worcester Area Women in Development Community Service Award 2022,Complete; Complete; Complete,Denied, , , , , , , , , , , , , , , , , , , , , , , , , , , , , , , ,Samira,el-Saeed
Worcester Area Women in Development Community Service Award 2022,Submitted; Complete; Complete; Complete,Denied, , , , , , , , , , , , , , , , , , , , , , , , , , , , , , , ,Julianna,Woods
Worcester Latino Coalition Scholarship 2022,Submitted; Complete; Complete; Complete,Denied, , , , , , , , , , , , , , , , , , , , , , , , , , , , , , , ,Alton,Barnabas
Worcester Latino Coalition Scholarship 2022,Submitted; Complete; Complete,Denied, , , , , , , , , , , , , , , , , , , , , , , , , , , , , , , ,Gi Hun,Botello
Worcester Latino Coalition Scholarship 2022,Submitted; Complete; Complete; Complete; Complete; Complete; Complete,Denied, , , , , , , , , , , , , , , , , , , , , , , , , , , , , , , ,Yadira,Lohr
Worcester Latino Coalition Scholarship 2022,Submitted; Submitted; Complete,Denied, , , , , , , , , , , , , , , , , , , , , , , , , , , , , , , ,Benjamin,Peacock
Worcester Latino Coalition Scholarship 2022,Submitted; Complete; Complete,Denied, , , , , , , , , , , , , , , , , , , , , , , , , , , , , , , ,Kimberley,Reddell
Worcester Latino Coalition Scholarship 2022,Submitted; Complete; Complete; Complete; Complete; Complete; Complete; Complete; Assigned,Denied, , , , , , , , , , , , , , , , , , , , , , , , , , , , , , , ,Alysha,Span
Worcester Latino Coalition Scholarship 2022,Submitted; Complete; Complete; Complete; Complete; Complete; Complete,Denied, , , , , , , , , , , , , , , , , , , , , , , , , , , , , , , ,Logan,Holst
Worcester Latino Coalition Scholarship 2022,Complete; Complete; Complete,Denied, , , , , , , , , , , , , , , , , , , , , , , , , , , , , , , ,Kameel,Jahner
Worcester Latino Coalition Scholarship 2022,Submitted; Submitted; Complete,Denied, , , , , , , , , , , , , , , , , , , , , , , , , , , , , , , ,My,el-Irani
Worcester Latino Coalition Scholarship 2022,Complete; Complete; Complete,Denied, , , , , , , , , , , , , , , , , , , , , , , , , , , , , , , ,Erik,Tat
Worcester Latino Coalition Scholarship 2022,Submitted; Complete; Complete; Complete; Complete; Complete; Complete; Complete,Denied, , , , , , , , , , , , , , , , , , , , , , , , , , , , , , , ,Shawnquelle,Malone-Rogers
Worcester Latino Coalition Scholarship 2022,Submitted; Complete; Complete; Complete; Complete; Complete; Complete; Complete,Denied, , , , , , , , , , , , , , , , , , , , , , , , , , , , , , , ,Azamat,el-Jabbar
Worcester Latino Coalition Scholarship 2022,Submitted; Complete; Complete,Denied, , , , , , , , , , , , , , , , , , , , , , , , , , , , , , , ,Tammassha,Vazquez
Worcester Swedish Charitable Association Scholarship 2022,Submitted; Complete; Complete; Complete; Complete; Complete,Denied, , , , , , , , , , , , , , , , , , , , , , , , , , , , , , , ,Jonet,el-Fadel
Worcester Swedish Charitable Association Scholarship 2022,Submitted; Complete; Complete,Denied, , , , , , , , , , , , , , , , , , , , , , , , , , , , , , , ,Norma,Kamp
Worcester Swedish Charitable Association Scholarship 2022,Submitted; Complete; Complete,Denied, , , , , , , , , , , , , , , , , , , , , , , , , , , , , , , ,Fareeda,Ogsbury
Worcester Swedish Charitable Association Scholarship 2022,Submitted; Complete; Complete,Denied, , , , , , , , , , , , , , , , , , , , , , , , , , , , , , , ,Samir,Brandon
Worcester Swedish Charitable Association Scholarship 2022,Submitted; Complete; Complete,Denied, , , , , , , , , , , , , , , , , , , , , , , , , , , , , , , ,Ohitike,O'Rell
Worcester Swedish Charitable Association Scholarship 2022,Submitted; Complete; Complete,Denied, , , , , , , , , , , , , , , , , , , , , , , , , , , , , , , ,"Jam,Aan",Espinoza
Worcester Swedish Charitable Association Scholarship 2022,Submitted; Complete; Complete; Complete; Complete; Complete,Denied, , , , , , , , , , , , , , , , , , , , , , , , , , , , , , , ,Ramza,al-Azzi
Worcester Swedish Charitable Association Scholarship 2022,Submitted; Complete; Complete,Denied, , , , , , , , , , , , , , , , , , , , , , , , , , , , , , , ,Monique,Malecha
Worcester Swedish Charitable Association Scholarship 2022,Submitted; Complete; Complete,Denied, , , , , , , , , , , , , , , , , , , , , , , , , , , , , , , ,Phillips,Munn
Worcester Swedish Charitable Association Scholarship 2022,Submitted; Complete; Complete,Denied, , , , , , , , , , , , , , , , , , , , , , , , , , , , , , , ,Ohitike,Dion
Worcester Swedish Charitable Association Scholarship 2022,Submitted; Complete; Complete,Denied, , , , , , , , , , , , , , , , , , , , , , , , , , , , , , , ,Chykeiljah,Longwing
Worcester Swedish Charitable Association Scholarship 2022,Submitted; Complete; Complete,Denied, , , , , , , , , , , , , , , , , , , , , , , , , , , , , , , ,Ziyaad,Crespin
Worcester Swedish Charitable Association Scholarship 2022,Submitted; Complete; Complete,Denied, , , , , , , , , , , , , , , , , , , , , , , , , , , , , , , ,Binh,Kumar
Worcester Swedish Charitable Association Scholarship 2022,Submitted; Complete; Complete,Denied, , , , , , , , , , , , , , , , , , , , , , , , , , , , , , , ,Roderick,Bellitt
Worcester Swedish Charitable Association Scholarship 2022,Submitted; Complete; Complete,Denied, , , , , , , , , , , , , , , , , , , , , , , , , , , , , , , ,Kentorra,Abila
Worcester Swedish Charitable Association Scholarship 2022,Submitted; Complete; Complete,Denied, , , , , , , , , , , , , , , , , , , , , , , , , , , , , , , ,D'Mitri,Pickett
Worcester Swedish Charitable Association Scholarship 2022,Submitted; Complete; Complete,Denied, , , , , , , , , , , , , , , , , , , , , , , , , , , , , , , ,Tyrelle,Agripino-Alvarado
Worcester Swedish Charitable Association Scholarship 2022,Submitted; Complete; Complete; Complete; Complete; Complete; Complete; Complete,Denied, , , , , , , , , , , , , , , , , , , , , , , , , , , ,University of Massachusetts at Amherst, , , ,Saajida,Costello
Worcester Swedish Charitable Association Scholarship 2022,Submitted; Complete; Complete; Complete; Complete; Complete,Denied, , , , , , , , , , , , , , , , , , , , , , , , , , , , , , , ,Armonno,Botts
Worcester Swedish Charitable Association Scholarship 2022,Submitted; Complete; Complete; Complete; Complete; Complete; Complete,Denied, , , , , , , , , , , , , , , , , , , , , , , , , , , , , , , ,Emilio,Music
Worcester Swedish Charitable Association Scholarship 2022,Submitted; Complete; Complete; Complete; Complete; Complete,Denied, , , , , , , , , , , , , , , , , , , , , , , , , , , , , , , ,Davis,Atkins
Worcester Swedish Charitable Association Scholarship 2022,Submitted; Complete; Complete,Denied, , , , , , , , , , , , , , , , , , , , , , , , , , , , , , , ,Adiam,Yang
Worcester Swedish Charitable Association Scholarship 2022,Complete; Complete; Complete; Complete; Complete; Complete; Complete; Complete; Complete,Denied, , , , , , , , , , , , , , , , , , , , , , , , , , , ,Worcester State University, , , ,Sahel,Bugarin Jr
Worcester Swedish Charitable Association Scholarship 2022,Submitted; Complete; Complete; Complete,Denied, , , , , , , , , , , , , , , , , , , , , , , , , , , , , , , ,Saami,Mcgee
Worcester Swedish Charitable Association Scholarship 2022,Submitted; Complete; Complete,Denied, , , , , , , , , , , , , , , , , , , , , , , , , , , , , , , ,Tione,Viruet
Worcester Swedish Charitable Association Scholarship 2022,Submitted; Complete; Complete,Denied, , , , , , , , , , , , , , , , , , , , , , , , , , , , , , , ,Toryn,el-Ashraf
Worcester Swedish Charitable Association Scholarship 2022,Complete; Complete; Complete,Denied, , , , , , , , , , , , , , , , , , , , , , , , , , , , , , , ,Sydnee,Harville
Worcester Swedish Charitable Association Scholarship 2022,Submitted; Complete; Complete,Denied, , , , , , , , , , , , , , , , , , , , , , , , , , , , , , , ,Mutadi,Oliva
Worcester Swedish Charitable Association Scholarship 2022,Submitted; Complete; Complete,Denied, , , , , , , , , , , , , , , , , , , , , , , , , , , , , , , ,Mujaahida,Palacios
Worcester Swedish Charitable Association Scholarship 2022,Submitted; Complete; Complete,Denied, , , , , , , , , , , , , , , , , , , , , , , , , , , , , , , ,Tu,Meza Barrera
Worcester Swedish Charitable Association Scholarship 2022,Submitted; Complete; Complete,Denied, , , , , , , , , , , , , , , , , , , , , , , , , , , , , , , ,Carina,Springfield
Worcester Swedish Charitable Association Scholarship 2022,Submitted; Complete; Complete,Denied, , , , , , , , , , , , , , , , , , , , , , , , , , , , , , , ,Picabo,al-Zaman
Worcester Swedish Charitable Association Scholarship 2022,Submitted; Complete; Complete,Denied, , , , , , , , , , , , , , , , , , , , , , , , , , , , , , , ,Kianna,Fels
Worcester Swedish Charitable Association Scholarship 2022,Submitted; Complete; Complete; Complete; Complete; Complete,Denied, , , , , , , , , , , , , , , , , , , , , , , , , , , , , , , ,Kiduse,Caffrey
Worcester Swedish Charitable Association Scholarship 2022,Complete; Complete; Complete,Denied, , , , , , , , , , , , , , , , , , , , , , , , , , , , , , , ,Jeffery,al-Naqvi
Worcester Swedish Charitable Association Scholarship 2022,Submitted; Complete; Complete,Denied, , , , , , , , , , , , , , , , , , , , , , , , , , , , , , , ,"Jam,Aan",Wommack
Worcester Swedish Charitable Association Scholarship 2022,Submitted; Complete; Complete; Complete,Denied, , , , , , , , , , , , , , , , , , , , , , , , , , , , , , , ,Ramon,Deleon-Rodriguez
Worcester Swedish Charitable Association Scholarship 2022,Submitted; Complete; Complete; Complete; Complete; Complete; Complete; Complete; Complete,Denied, , , , , , , , , , , , , , , , , , , , , , , , , , , ,College of the Holy Cross, , , ,Markangelo,el-Fadel
Worcester Swedish Charitable Association Scholarship 2022,Submitted; Complete; Complete,Denied, , , , , , , , , , , , , , , , , , , , , , , , , , , , , , , ,Rani,Mose
Worcester Swedish Charitable Association Scholarship 2022,Submitted; Complete; Complete,Denied, , , , , , , , , , , , , , , , , , , , , , , , , , , , , , , ,Sarah,el-Fadel
Worcester Swedish Charitable Association Scholarship 2022,Submitted; Complete; Complete; Complete,Denied, , , , , , , , , , , , , , , , , , , , , , , , , , , , , , , ,Julia Isabel,Quintana Jr
Worcester Swedish Charitable Association Scholarship 2022,Submitted; Complete; Complete,Denied, , , , , , , , , , , , , , , , , , , , , , , , , , , , , , , ,Shawqi,Kinchlow
Worcester Swedish Charitable Association Scholarship 2022,Submitted; Complete; Complete; Complete; Complete; Complete,Denied, , , , , , , , , , , , , , , , , , , , , , , , , , , , , , , ,Masroora,el-Dia
Worcester Swedish Charitable Association Scholarship 2022,Submitted; Complete; Complete,Denied, , , , , , , , , , , , , , , , , , , , , , , , , , , , , , , ,Adrena,Varela-Hernandez
Worcester Swedish Charitable Association Scholarship 2022,Complete; Complete; Complete,Denied, , , , , , , , , , , , , , , , , , , , , , , , , , , , , , , ,Suhaib,Ellingsen
Worcester Swedish Charitable Association Scholarship 2022,Submitted; Submitted; Complete,Denied, , , , , , , , , , , , , , , , , , , , , , , , , , , , , , , ,Qaasim,Pinto
Worcester Swedish Charitable Association Scholarship 2022,Submitted; Submitted; Complete,Denied, , , , , , , , , , , , , , , , , , , , , , , , , , , , , , , ,Karlos,Kraft
Worcester Swedish Charitable Association Scholarship 2022,Submitted; Complete; Complete,Denied, , , , , , , , , , , , , , , , , , , , , , , , , , , , , , , ,Jamarian,Ham
Worcester Swedish Charitable Association Scholarship 2022,Submitted; Complete; Complete; Complete,Denied, , , , , , , , , , , , , , , , , , , , , , , , , , , , , , , ,Marshall,al-Shahin
Worcester Swedish Charitable Association Scholarship 2022,Submitted; Complete; Complete; Complete,Denied, , , , , , , , , , , , , , , , , , , , , , , , , , , , , , , ,Jessiah,Otgontulga
Worcester Swedish Charitable Association Scholarship 2022,Submitted; Complete; Complete,Denied, , , , , , , , , , , , , , , , , , , , , , , , , , , , , , , ,Alex,Maiden
Worcester Swedish Charitable Association Scholarship 2022,Submitted; Complete; Complete,Denied, , , , , , , , , , , , , , , , , , , , , , , , , , , , , , , ,Yadira,el-Fadel
Worcester Swedish Charitable Association Scholarship 2022,Submitted; Complete; Complete; Complete; Complete; Complete,Denied, , , , , , , , , , , , , , , , , , , , , , , , , , , , , , , ,Sapphire,Esparza Medina
Worcester Swedish Charitable Association Scholarship 2022,Submitted; Complete; Complete,Denied, , , , , , , , , , , , , , , , , , , , , , , , , , , , , , , ,Jonet,el-Rahmani
Worcester Woman's Club Scholarship 2022,Submitted; Complete; Complete; Complete,Denied, , , , , , , , , , , , , , , , , , , , , , , , , , , , , , , ,Andres,Sajopha
Worcester Woman's Club Scholarship 2022,Submitted; Complete; Complete,Denied, , , , , , , , , , , , , , , , , , , , , , , , , , , , , , , ,Desiree,Almdale
Worcester Woman's Club Scholarship 2022,Complete; Complete; Complete,Denied, , , , , , , , , , , , , , , , , , , , , , , , , , , , , , , ,Marisah,Starbird
Worcester Woman's Club Scholarship 2022,Submitted; Complete; Complete; Complete,Denied, , , , , , , , , , , , , , , , , , , , , , , , , , , , , , , ,Qaasim,Van Lue
Worcester Woman's Club Scholarship 2022,Submitted; Complete; Complete; Complete; Complete; Complete; Complete; Complete,Denied, , , , , , , , , , , , , , , , , , , , , , , , , , , , , , , ,Kelsey,Trinh
Worcester Woman's Club Scholarship 2022,Complete; Complete; Complete; Complete; Complete; Complete; Complete; Complete,Denied, , , , , , , , , , , , , , , , , , , , , , , , , , , , , , , ,Sitaara,Amgalanbayar
Worcester Woman's Club Scholarship 2022,Submitted; Complete; Complete; Complete,Denied, , , , , , , , , , , , , , , , , , , , , , , , , , , , , , , ,Tione,Huh
Worcester Woman's Club Scholarship 2022,Submitted; Complete; Complete,Denied, , , , , , , , , , , , , , , , , , , , , , , , , , , , , , , ,Denice,al-Hamad
Worcester Woman's Club Scholarship 2022,Submitted; Complete; Complete; Complete,Denied, , , , , , , , , , , , , , , , , , , , , , , , , , , , , , , ,Shawnia,Eriacho
Worcester Woman's Club Scholarship 2022,Submitted; Complete; Complete,Denied, , , , , , , , , , , , , , , , , , , , , , , , , , , , , , , ,Elisah,Clyde
Worcester Woman's Club Scholarship 2022,Submitted; Complete; Complete; Complete,Denied, , , , , , , , , , , , , , , , , , , , , , , , , , , , , , , ,Kristie,Gregg
Worcester Woman's Club Scholarship 2022,Submitted; Complete; Complete; Complete; Complete; Complete; Complete; Complete; Complete,Denied, , , , , , , , , , , , , , , , , , , , , , , , , , , ,University of Massachusetts at Amherst, , , ,Rasheeq,Lalonde
Worcester Woman's Club Scholarship 2022,Submitted; Complete; Complete,Denied, , , , , , , , , , , , , , , , , , , , , , , , , , , , , , , ,Maimoona,Fuqua
Worcester Woman's Club Scholarship 2022,Submitted; Complete; Complete,Denied, , , , , , , , , , , , , , , , , , , , , , , , , , , , , , , ,Darel,al-Hariri
Worcester Woman's Club Scholarship 2022,Submitted; Complete; Complete; Complete,Denied, , , , , , , , , , , , , , , , , , , , , , , , , , , , , , , ,Lance,Chay
Worcester Woman's Club Scholarship 2022,Submitted; Complete; Complete,Denied, , , , , , , , , , , , , , , , , , , , , , , , , , , , , , , ,Haaniya,Viswaroopan
Worcester Woman's Club Scholarship 2022,Submitted; Complete; Complete,Denied, , , , , , , , , , , , , , , , , , , , , , , , , , , , , , , ,Vishnu,Dishmon
Worcester Woman's Club Scholarship 2022,Submitted; Complete; Complete; Complete; Complete; Complete; Complete; Complete; Complete; Complete; Complete; Complete; Complete,Denied, , , , , , , , , , , , , , , , , , , , , , , , , , , ,Boston University, , , ,Mutammam,al-Ammar
Worcester Woman's Club Scholarship 2022,Submitted; Complete; Complete; Complete,Denied, , , , , , , , , , , , , , , , , , , , , , , , , , , , , , , ,Natasha,Worker
Worcester Woman's Club Scholarship 2022,Submitted; Complete; Complete; Complete; Complete; Complete; Complete; Complete; Complete; Complete; Complete; Complete; Complete,Denied, , , , , , , , , , , , , , , , , , , , , , , , , , , ,Suffolk University, , , ,Nabeel,Tagawa
Worcester Woman's Club Scholarship 2022,Submitted; Complete; Complete; Complete; Complete; Complete; Complete; Complete; Complete,Denied, , , , , , , , , , , , , , , , , , , , , , , , , , , ,Boston University, , , ,Shania,Bryant-Townsell
Worcester Woman's Club Scholarship 2022,Submitted; Complete; Complete; Complete; Complete; Complete; Complete; Complete; Complete,Denied, , , , , , , , , , , , , , , , , , , , , , , , , , , ,Boston University, , , ,Colette,Forkell
Worcester Woman's Club Scholarship 2022,Submitted; Complete; Complete; Complete,Denied, , , , , , , , , , , , , , , , , , , , , , , , , , , , , , , ,Tamikah,Amgalanbayar
Worcester Woman's Club Scholarship 2022,Submitted; Complete; Complete,Denied, , , , , , , , , , , , , , , , , , , , , , , , , , , , , , , ,Debonair,Donels
Worcester Woman's Club Scholarship 2022,Submitted; Complete; Complete; Complete; Complete,Denied, , , , , , , , , , , , , , , , , , , , , , , , , , , , , , , ,Kailey,Balogh
Worcester Woman's Club Scholarship 2022,Submitted; Complete; Complete; Complete; Complete; Complete; Complete; Complete; Complete; Complete; Complete; Complete; Complete; Complete,Denied, , , , , , , , , , , , , , , , , , , , , , , , , , , ,Howard University, , , ,Funmilayo,Willow
Worcester Woman's Club Scholarship 2022,Submitted; Complete; Complete; Complete; Complete; Complete; Complete,Denied, , , , , , , , , , , , , , , , , , , , , , , , , , , , , , , ,Emonie,Schetgen
Worcester Woman's Club Scholarship 2022,Submitted; Complete; Complete; Complete; Complete; Complete; Complete; Complete,Denied, , , , , , , , , , , , , , , , , , , , , , , , , , , , , , , ,Alfonso,el-Dawood
Admiral and Mrs. Louis E. Denfeld Scholarship 2022,Complete; Complete; Complete; Complete; Complete; Complete; Complete; Complete,Follow Up(s) Assigned,3000, , , , , , , , , , , , , , , , , , , , , , , , , , ,George Washington University, , , ,Cole,Brito
Alexander G. Simonatis Scholarship 2022,Submitted; Complete; Complete; Complete; Complete; Complete; Complete; Complete; Complete,Follow Up(s) Assigned,6000, , , , , , , , , , , , , , , , , , , , , , , , , , ,Salem State University, , , ,Lavies,Um
Alexander G. Simonatis Scholarship 2022,Submitted; Complete; Complete; Complete; Complete; Complete; Complete; Complete; Complete,Follow Up(s) Assigned,6000, , , , , , , , , , , , , , , , , , , , , , , , , , ,University of Massachusetts at Amherst, , , ,Shakoora,Kunimune
Arno and Roberta E. Wagner Scholarship 2022,Complete; Complete; Complete; Complete; Complete; Complete; Complete; Complete; Complete; Complete; Complete; Complete,Follow Up(s) Assigned,6000, , , , , , , , , , , , , , , , , , , , , , , , , , , , , , ,Fawz,al-Basha
Arno and Roberta E. Wagner Scholarship 2022,Submitted; Complete; Complete; Complete; Complete; Complete; Complete; Complete; Complete; Complete; Complete; Complete; Complete,Follow Up(s) Assigned,3000, , , , , , , , , , , , , , , , , , , , , , , , , , ,University of Massachusetts at Amherst, , , ,Kiduse,Rivera
Arno and Roberta E. Wagner Scholarship 2022,Submitted; Complete; Complete; Complete; Complete; Complete; Complete; Complete; Complete; Complete; Complete; Complete; Complete,Follow Up(s) Assigned,3000, , , , , , , , , , , , , , , , , , , , , , , , , , ,University of Connecticut, , , ,Trent,Anthony
Arthur J. Remillard Jr. Scholarship 2022,Submitted; Complete; Complete; Complete; Complete; Complete; Complete; Complete; Complete; Complete; Complete; Complete; Complete,Follow Up(s) Assigned,3000, , , , , , , , , , , , , , , , , , , , , , , , , , ,Assumption University, , , ,Pornchai,el-Pashia
Auburn Woman's Club Scholarship 2022,Complete; Complete; Complete; Complete; Complete; Complete; Complete; Complete; Complete; Complete; Complete,Follow Up(s) Assigned,2400, , , , , , , , , , , , , , , , , , , , , , , , , , ,Boston University, , , ,Essence,Farris
Auburn Woman's Club Scholarship 2022,Submitted; Complete; Complete; Complete; Complete; Complete; Complete; Complete; Complete; Complete; Complete; Complete; Complete,Follow Up(s) Assigned,3600, , , , , , , , , , , , , , , , , , , , , , , , , , ,College of the Holy Cross, , , ,Lydia,Bonstead
Carrick Foundation Scholarship 2022,Submitted; Complete; Complete; Complete; Complete; Complete; Complete; Complete; Complete; Complete; Complete; Complete; Complete,Follow Up(s) Assigned,15000, , , , , , , , , , , , , , , , , , , , , , , , , , ,Harvard University, , , ,Rachael,Joiner
Cynthia and Harrison Taylor Scholarship 2022,Complete; Complete; Complete; Complete; Complete; Complete; Complete; Complete; Complete,Follow Up(s) Assigned,3000, , , , , , , , , , , , , , , , , , , , , , , , , , ,University of Massachusetts Lowell, , , ,Jamekia,Hotsenpiller
December 3rd Scholarship 2022,Submitted; Complete; Complete; Complete; Complete; Complete; Complete; Complete; Complete; Complete; Complete; Complete,Follow Up(s) Assigned,6000, , , , , , , , , , , , , , , , , , , , , , , , , , , , , , ,Tien,Herrera
December 3rd Scholarship 2022,Submitted; Complete; Complete; Complete; Complete; Complete; Complete; Complete; Complete; Complete; Complete; Complete; Complete,Follow Up(s) Assigned,6000, , , , , , , , , , , , , , , , , , , , , , , , , , ,University of Massachusetts at Amherst, , , ,Qaasim,Copeland
December 3rd Scholarship 2022,Submitted; Complete; Complete; Complete; Complete; Complete; Complete; Complete; Complete; Complete; Complete; Complete; Assigned,Follow Up(s) Assigned,6000, , , , , , , , , , , , , , , , , , , , , , , , , , , , , , ,Alysha,Span
December 3rd Scholarship 2022,Submitted; Complete; Complete; Complete; Complete; Complete; Complete; Complete; Complete; Complete; Complete; Complete; Complete,Follow Up(s) Assigned,6000, , , , , , , , , , , , , , , , , , , , , , , , , , ,University of Massachusetts at Boston, , , ,Elisah,Forney
December 3rd Scholarship 2022,Submitted; Complete; Complete; Complete; Complete; Complete; Complete; Complete; Complete; Complete; Complete; Complete; Complete,Follow Up(s) Assigned,6000, , , , , , , , , , , , , , , , , , , , , , , , , , ,University of Massachusetts at Amherst, , , ,Haaroon,Ramos-Rangel
December 3rd Scholarship 2022,Submitted; Complete; Complete; Complete; Complete; Complete; Complete; Complete; Complete; Complete; Complete; Complete; Complete,Follow Up(s) Assigned,6000, , , , , , , , , , , , , , , , , , , , , , , , , , ,University of Massachusetts at Amherst, , , ,Cheyane,Doh
Emil Haddad Jazz Scholarship 2022,Submitted; Complete; Complete; Complete; Complete; Complete; Complete; Complete; Complete; Complete; Complete; Complete,Follow Up(s) Assigned,3000, , , , , , , , , , , , , , , , , , , , , , , , , , ,Pacific University, , , ,Shayla,Ishii
Fairlawn Foundation Scholarship 2022,Submitted; Complete; Complete; Complete; Complete; Complete; Complete; Complete; Complete; Complete; Complete; Complete; Complete; Complete,Follow Up(s) Assigned,7500, , , , , , , , , , , , , , , , , , , , , , , , , , ,MCPHS University, , , ,Dahab,Heaton
Finnish American Social Club Scholarship 2022,Submitted; Complete; Complete; Complete; Complete; Complete; Complete; Complete; Complete; Complete; Complete; Complete,Follow Up(s) Assigned,3000, , , , , , , , , , , , , , , , , , , , , , , , , , ,College of the Holy Cross, , , ,Markangelo,el-Fadel
Greg's Grant Scholarship 2022,Complete; Complete; Complete; Complete; Complete; Complete; Complete; Complete,Follow Up(s) Assigned,6000, , , , , , , , , , , , , , , , , , , , , , , , , , ,University of Massachusetts Dartmouth, , , ,Don'Alya,Ingham
GWCF General Scholarship 2022,Submitted; Complete; Complete; Complete; Complete; Complete; Complete; Complete; Complete,Follow Up(s) Assigned,3000, , , , , , , , , , , , , , , , , , , , , , , , , , ,Marymount University, , , ,Katelyn,Evison
Harold R. Jensen Scholarship 2022,Submitted; Complete; Complete; Complete; Complete; Complete; Complete; Complete; Complete,Follow Up(s) Assigned,12000, , , , , , , , , , , , , , , , , , , , , , , , , , ,University of Rhode Island, , , ,Meghin,al-Mahfouz
Harold R. Jensen Scholarship 2022,Submitted; Complete; Complete; Complete; Complete; Complete; Complete; Complete; Complete,Follow Up(s) Assigned,12000, , , , , , , , , , , , , , , , , , , , , , , , , , ,Boston University, , , ,Shania,Bryant-Townsell
Janet Fraser Scholarship 2022,Complete; Complete; Complete; Complete; Complete; Complete; Complete; Complete; Complete,Follow Up(s) Assigned,7500, , , , , , , , , , , , , , , , , , , , , , , , , , ,Stonehill College, , , ,Brenna,Armijo
Joseph D. Early Scholarship 2022,Submitted; Complete; Complete; Complete; Complete; Complete; Complete,Follow Up(s) Assigned,1600, , , , , , , , , , , , , , , , , , , , , , , , , , , , , , ,Emonie,Schetgen
Joseph F. and Claire L. Halvey Scholarship 2022,Submitted; Complete; Complete; Complete; Complete; Complete; Complete; Complete; Complete; Complete; Complete; Complete,Follow Up(s) Assigned,2000, , , , , , , , , , , , , , , , , , , , , , , , , , ,University of Massachusetts at Amherst, , , ,Saajida,Costello
L.W.V.O. Memorial Scholarship 2022,Complete; Complete; Complete; Complete; Complete; Complete; Complete; Complete; Complete; Complete; Complete; Complete; Complete; Complete,Follow Up(s) Assigned,6000, , , , , , , , , , , , , , , , , , , , , , , , , , ,Worcester State University, , , ,Sahel,Bugarin Jr
Lawrence M. and Augusta L. Keeler Scholarship 2022,Submitted; Complete; Complete; Complete; Complete; Complete; Complete; Complete; Complete; Complete; Complete,Follow Up(s) Assigned,3000, , , , , , , , , , , , , , , , , , , , , , , , , , ,Endicott College, , , ,Sushmita,Frost
Leicester Savings Bank Scholarship 2022,Submitted; Complete; Complete; Complete; Complete; Complete; Complete; Complete; Complete; Complete; Complete; Complete; Complete,Follow Up(s) Assigned,3000, , , , , , , , , , , , , , , , , , , , , , , , , , ,University of New Haven, , , ,Russell,Pettit
Leonard F. Leamy Scholarship 2022,Submitted; Complete; Complete; Complete; Complete; Complete; Complete; Complete; Complete; Complete; Complete; Complete,Follow Up(s) Assigned,12000, , , , , , , , , , , , , , , , , , , , , , , , , , ,Virginia Polytechnic Institute and State University, , , ,Travonta,Two Crow
Leonard F. Leamy Scholarship 2022,Submitted; Complete; Complete; Complete; Complete; Complete; Complete; Complete; Complete; Complete; Complete; Complete,Follow Up(s) Assigned,6000, , , , , , , , , , , , , , , , , , , , , , , , , , ,University of Massachusetts at Amherst, , , ,Roger,el-Kassem
Leonard F. Leamy Scholarship 2022,Submitted; Complete; Complete; Complete; Complete; Complete; Complete; Complete; Complete; Complete; Complete; Complete,Follow Up(s) Assigned,6000, , , , , , , , , , , , , , , , , , , , , , , , , , ,Drexel University, , , ,Jourdan,Perea
Lieutenant Colonel Irving A. and Colonel Marie C. Lepore Scholarship 2022,Submitted; Complete; Complete; Complete; Complete; Complete; Complete; Complete; Complete,Follow Up(s) Assigned,4500, , , , , , , , , , , , , , , , , , , , , , , , , , ,Worcester Polytechnic Institute, , , ,Maisara,Schippers
Lunenburg Opportunity Fund Scholarship 2022,Submitted; Complete; Complete; Complete; Complete; Complete; Complete; Complete; Complete; Complete; Complete,Follow Up(s) Assigned,7500, , , , , , , , , , , , , , , , , , , , , , , , , , , , , , ,"Jam,Aan",Carbajal
Magee Family Education Scholarship 2022,Submitted; Complete; Complete; Complete; Complete; Complete; Complete; Complete; Complete; Complete; Complete; Complete; Complete,Follow Up(s) Assigned,7500, , , , , , , , , , , , , , , , , , , , , , , , , , ,University of Massachusetts at Amherst, , , ,Alexxis,Cellars
Margaret G. Wolcott Scholarship 2022,Submitted; Complete; Complete; Complete; Complete; Complete; Complete; Complete; Complete; Complete; Complete; Complete; Complete,Follow Up(s) Assigned,3000, , , , , , , , , , , , , , , , , , , , , , , , , , , , , , ,Alexxis,Vollrath
Margaret G. Wolcott Scholarship 2022,Submitted; Complete; Complete; Complete; Complete; Complete; Complete; Complete; Complete; Complete; Complete; Complete; Complete; Complete,Follow Up(s) Assigned,3000, , , , , , , , , , , , , , , , , , , , , , , , , , ,University of Massachusetts at Amherst, , , ,Faatin,Carrillo
Mary Olive Wood Scholarship 2022,Submitted; Complete; Complete; Complete; Complete; Complete; Complete; Complete; Complete,Follow Up(s) Assigned,9000, , , , , , , , , , , , , , , , , , , , , , , , , , ,University of Massachusetts at Amherst, , , ,Sushmita,Srinivasan
Mary Olive Wood Scholarship 2022,Submitted; Complete; Complete; Complete; Complete; Complete; Complete; Complete; Complete; Complete,Follow Up(s) Assigned,9000, , , , , , , , , , , , , , , , , , , , , , , , , , ,Franklin Pierce University, , , ,Urwa,Srinivasan
Mary Olive Wood Scholarship 2022,Submitted; Complete; Complete; Complete; Complete; Complete; Complete; Complete; Complete,Follow Up(s) Assigned,9000, , , , , , , , , , , , , , , , , , , , , , , , , , ,University of Massachusetts at Amherst, , , ,Ethan,Gallemore
Mary R. Fedeli Memorial Scholarship Fund 2022,Submitted; Complete; Complete; Complete; Complete; Complete; Complete; Complete; Complete; Complete; Complete; Complete; Complete; Complete; Complete,Follow Up(s) Assigned,3000, , , , , , , , , , , , , , , , , , , , , , , , , , ,Syracuse University, , , ,Qaasim,el-Zaidi
Max H. and Eloise A. Kuhner Scholarship 2022,Submitted; Complete; Complete; Complete; Complete; Complete; Complete; Complete; Complete; Complete; Complete; Complete; Complete; Complete,Follow Up(s) Assigned,3000, , , , , , , , , , , , , , , , , , , , , , , , , , ,Endicott College, , , ,Zaamil,Peterman
Melanie Davidian Memorial Scholarship 2022,Submitted; Complete; Complete; Complete; Complete; Complete; Complete; Complete; Complete; Complete; Complete; Complete; Complete; Complete,Follow Up(s) Assigned,3000, , , , , , , , , , , , , , , , , , , , , , , , , , ,University of Massachusetts at Amherst, , , ,Rasheeq,Lalonde
Patricia Proko Morris Memorial Scholarship 2022,Submitted; Complete; Complete; Complete; Complete; Complete; Complete; Complete; Complete; Complete; Complete; Complete; Complete; Complete,Follow Up(s) Assigned,3000, , , , , , , , , , , , , , , , , , , , , , , , , , ,Brandeis University, , , ,Picabo,Penny
Richard W. Pierce Scholarship 2022,Submitted; Complete; Complete; Complete; Complete; Complete; Complete; Complete; Complete; Complete; Complete; Complete; Complete; Complete,Follow Up(s) Assigned,6000, , , , , , , , , , , , , , , , , , , , , , , , , , ,Westfield State University, , , ,Colette,Villano
Richard W. Pierce Scholarship 2022,Submitted; Complete; Complete; Complete; Complete; Complete; Complete; Complete; Complete; Complete; Complete; Complete; Complete; Complete,Follow Up(s) Assigned,4500, , , , , , , , , , , , , , , , , , , , , , , , , , ,Massachusetts College of Art and Design, , , ,Musheera,Werth
Richard W. Pierce Scholarship 2022,Complete; Complete; Complete; Complete; Complete; Complete; Complete; Complete; Complete; Complete; Complete; Complete; Complete; Complete,Follow Up(s) Assigned,7500, , , , , , , , , , , , , , , , , , , , , , , , , , ,College of the Holy Cross, , , ,Wisaam,Hunnell
Robert Thomson Scholarship 2022,Complete; Complete; Complete; Complete; Complete; Complete; Complete; Complete; Complete; Complete,Follow Up(s) Assigned,4500, , , , , , , , , , , , , , , , , , , , , , , , , , ,University of New Hampshire, , , ,Hasan,Mahnken
Santo J. and Ellen M. DiDonato Memorial Scholarship 2022,Complete; Complete; Complete; Complete; Complete; Complete; Complete; Complete; Complete; Complete; Complete; Complete; Complete; Complete,Follow Up(s) Assigned,3000, , , , , , , , , , , , , , , , , , , , , , , , , , ,Brandeis University, , , ,Aeneva,Murphy
Santo J. and Ellen M. DiDonato Memorial Scholarship 2022,Submitted; Complete; Complete; Complete; Complete; Complete; Complete; Complete; Complete; Complete; Complete,Follow Up(s) Assigned,2000, , , , , , , , , , , , , , , , , , , , , , , , , , ,Worcester Polytechnic Institute, , , ,Mubeena,Magwood
Sarah Daniels Pettit and William O. Pettit Scholarship 2022,Submitted; Complete; Complete; Complete; Complete; Complete; Complete; Complete; Complete; Complete; Complete; Complete; Complete,Follow Up(s) Assigned,6000, , , , , , , , , , , , , , , , , , , , , , , , , , ,Boston University, , , ,Mutammam,al-Ammar
Sarah Daniels Pettit and William O. Pettit Scholarship 2022,Submitted; Complete; Complete; Complete; Complete; Complete; Complete; Complete; Complete; Complete; Complete; Complete; Complete,Follow Up(s) Assigned,6000, , , , , , , , , , , , , , , , , , , , , , , , , , ,Suffolk University, , , ,Nabeel,Tagawa
Sarah Daniels Pettit and William O. Pettit Scholarship 2022,Submitted; Complete; Complete; Complete; Complete; Complete; Complete; Complete; Complete; Complete; Complete; Complete,Follow Up(s) Assigned,4000, , , , , , , , , , , , , , , , , , , , , , , , , , , , , , ,Alfonso,el-Dawood
Sumner B. Tilton Memorial Scholarship 2022,Submitted; Complete; Complete; Complete; Complete; Complete; Complete; Complete; Complete; Complete; Complete; Complete; Complete; Complete,Follow Up(s) Assigned,7500, , , , , , , , , , , , , , , , , , , , , , , , , , ,Howard University, , , ,Gregg,al-Khalifa
Sumner B. Tilton Memorial Scholarship 2022,Complete; Complete; Complete; Complete; Complete; Complete; Complete; Complete; Complete; Complete; Complete; Complete; Complete; Complete,Follow Up(s) Assigned,6000, , , , , , , , , , , , , , , , , , , , , , , , , , ,Boston University, , , ,Yadira,Graves
Sumner B. Tilton Memorial Scholarship 2022,Submitted; Complete; Complete; Complete; Complete; Complete; Complete; Complete; Complete; Complete; Complete; Complete; Complete,Follow Up(s) Assigned,4500, , , , , , , , , , , , , , , , , , , , , , , , , , ,Brandeis University, , , ,Picabo,Penny
Sumner B. Tilton Memorial Scholarship 2022,Submitted; Complete; Complete; Complete; Complete; Complete; Complete; Complete; Complete; Complete; Complete; Complete; Complete,Follow Up(s) Assigned,7500, , , , , , , , , , , , , , , , , , , , , , , , , , ,Tuskegee University, , , ,Nooriyya,al-Kanan
Sumner B. Tilton Memorial Scholarship 2022,Submitted; Complete; Complete; Complete; Complete; Complete; Complete; Complete; Complete; Complete; Complete; Complete; Complete,Follow Up(s) Assigned,7500, , , , , , , , , , , , , , , , , , , , , , , , , , ,Boston University, , , ,Colette,Forkell
Sumner B. Tilton Memorial Scholarship 2022,Submitted; Complete; Complete; Complete; Complete; Complete; Complete; Complete; Complete; Complete; Complete; Complete; Complete,Follow Up(s) Assigned,7500, , , , , , , , , , , , , , , , , , , , , , , , , , , , , , ,Macella,el-Kader
Sumner B. Tilton Memorial Scholarship 2022,Complete; Complete; Complete; Complete; Complete; Complete; Complete; Complete; Complete; Complete; Complete; Complete; Complete; Complete,Follow Up(s) Assigned,6000, , , , , , , , , , , , , , , , , , , , , , , , , , ,Harvard University, , , ,Kaitlyn,Arviso-Aguirre
Sumner B. Tilton Memorial Scholarship 2022,Submitted; Complete; Complete; Complete; Complete; Complete; Complete; Complete; Complete; Complete; Complete; Complete; Complete; Complete,Follow Up(s) Assigned,7500, , , , , , , , , , , , , , , , , , , , , , , , , , ,Howard University, , , ,Funmilayo,Willow
William P. and Carolyn C. Cannon Scholarship 2022,Complete; Complete; Complete; Complete; Complete; Complete; Complete; Complete; Complete; Complete; Complete; Complete; Complete; Complete; Complete,Follow Up(s) Assigned,15000, , , , , , , , , , , , , , , , , , , , , , , , , , ,University of Massachusetts at Boston, , , ,Armonno,Sotelo
