Process Name,Submission Status,Request Status,Amount Awarded,Student Status,Gender,GPA,High School Name,High School Name Other,State of Residence,State of Residence  Other,CityTown of Residence,Other CityTown,Residence Zip Code,Current Age,RaceEthnicity,HispanicLatino,Intended Field of Study,Intended Major,Other Major,Career Industry,Top Choice CollegeUniversity You Plan to Attend,AP Courses,Class Rank,Your ACT Score,Your SAT Score,Adjusted  Household Gross Income,Family Household Size,Household Members Currently in College,Public Benefits,CollegeUniversity Attending,Other CollegeUniversity,Major,Out of Pocket Costs,fake_first,fake_last
2023 GWCF Scholarship Application,Submitted; Assigned,Application Submitted, , , , , , , , , , , , , , , , , , , , , , , , , , , , , , , ,Tian,Wigdahl
2023 GWCF Scholarship Application,Submitted; Assigned; Assigned; Assigned; Assigned; Assigned; Assigned; Assigned; Assigned; Complete,Application Submitted, , , , , , , , , , , , , , , , , , , , , , , , , , , , , , , ,Kitana,Ault
2023 GWCF Scholarship Application,Submitted; Assigned,Application Submitted, , , , , , , , , , , , , , , , , , , , , , , , , , , , , , , ,Jim,Rivas
2023 GWCF Scholarship Application,Submitted; Assigned; Assigned; Assigned; Assigned; Assigned; Assigned; Assigned; Assigned; Complete,Application Submitted, , , , , , , , , , , , , , , , , , , , , , , , , , , , , , , ,Angel,Luttrell
2023 GWCF Scholarship Application,Submitted; Assigned; Assigned; Complete; Complete; Complete; Complete; Assigned,Application Submitted, , , , , , , , , , , , , , , , , , , , , , , , , , , ,Quinsigamond Community College: Business Office, , , ,Richard,Barnabas
2023 GWCF Scholarship Application,Submitted; Assigned; Assigned; Assigned; Assigned; Assigned,Application Submitted, , , , , , , , , , , , , , , , , , , , , , , , , , , , , , , ,Theodora,Wells
2023 GWCF Scholarship Application,Submitted; Assigned,Application Submitted, , , , , , , , , , , , , , , , , , , , , , , , , , , , , , , ,Ignacio,el-Baten
2023 GWCF Scholarship Application,Submitted; Assigned,Application Submitted, , , , , , , , , , , , , , , , , , , , , , , , , , , , , , , ,Shawnia,Briceno
2023 GWCF Scholarship Application,Submitted; Assigned; Assigned; Assigned; Assigned; Assigned; Assigned; Assigned; Complete,Application Submitted, , , , , , , , , , , , , , , , , , , , , , , , , , , , , , , ,Zahra,Parham
2023 GWCF Scholarship Application,Submitted; Assigned,Application Submitted, , , , , , , , , , , , , , , , , , , , , , , , , , , , , , , ,Russell,el-Sharifi
2023 GWCF Scholarship Application,Submitted; Assigned; Assigned; Assigned; Assigned; Assigned; Assigned; Assigned; Assigned; Assigned; Assigned; Assigned; Assigned; Assigned; Assigned; Assigned; Assigned; Assigned; Assigned; Assigned; Assigned; Assigned; Assigned; Assigned; Complete,Application Submitted, , , , , , , , , , , , , , , , , , , , , , , , , , , , , , , ,Faai Z,Nye
2023 GWCF Scholarship Application,Submitted; Assigned; Assigned; Assigned; Assigned; Assigned; Complete,Application Submitted, , , , , , , , , , , , , , , , , , , , , , , , , , , , , , , ,Rahma,Rumsey
2023 GWCF Scholarship Application,Submitted; Assigned; Assigned; Assigned; Assigned; Assigned; Complete,Application Submitted, , , , , , , , , , , , , , , , , , , , , , , , , , , , , , , ,Shadi,Natonabah
2023 GWCF Scholarship Application,Submitted; Assigned,Application Submitted, , , , , , , , , , , , , , , , , , , , , , , , , , , , , , , ,Heroki,Armstrong
2023 GWCF Scholarship Application,Submitted; Assigned,Application Submitted, , , , , , , , , , , , , , , , , , , , , , , , , , , , , , , ,Kabowd,Gjurekovec
2023 GWCF Scholarship Application,Submitted; Assigned; Assigned; Assigned; Assigned; Assigned; Assigned; Assigned; Assigned; Assigned; Assigned; Assigned; Assigned; Assigned; Assigned; Assigned; Assigned; Complete,Application Submitted, , , , , , , , , , , , , , , , , , , , , , , , , , , , , , , ,Roger,Carrera
2023 GWCF Scholarship Application,Submitted; Assigned,Application Submitted, , , , , , , , , , , , , , , , , , , , , , , , , , , , , , , ,Derrick,Angulo
2023 GWCF Scholarship Application,Submitted; Assigned,Application Submitted, , , , , , , , , , , , , , , , , , , , , , , , , , , , , , , ,Brice,Tisdale
2023 GWCF Scholarship Application,Submitted; Assigned,Application Submitted, , , , , , , , , , , , , , , , , , , , , , , , , , , , , , , ,Wisaam,Roybal
2023 GWCF Scholarship Application,Submitted; Assigned; Assigned; Complete,Application Submitted, , , , , , , , , , , , , , , , , , , , , , , , , , , , , , , ,Abdul Haleem,al-Huda
2023 GWCF Scholarship Application,Submitted; Assigned; Assigned; Assigned; Assigned; Assigned; Assigned,Application Submitted, , , , , , , , , , , , , , , , , , , , , , , , , , , , , , , ,Conner,Chestek
2023 GWCF Scholarship Application,Submitted; Assigned,Application Submitted, , , , , , , , , , , , , , , , , , , , , , , , , , , , , , , ,Xai,Womack
2023 GWCF Scholarship Application,Submitted; Assigned,Application Submitted, , , , , , , , , , , , , , , , , , , , , , , , , , , , , , , ,Abdul Wadood,Santiago
2023 GWCF Scholarship Application,Submitted; Assigned,Application Submitted, , , , , , , , , , , , , , , , , , , , , , , , , , , , , , , ,Karlos,Moua
2023 GWCF Scholarship Application,Submitted; Assigned,Application Submitted, , , , , , , , , , , , , , , , , , , , , , , , , , , , , , , ,Aimee,Nicholson
2023 GWCF Scholarship Application,Submitted; Assigned; Assigned; Assigned; Assigned; Assigned; Assigned; Assigned; Assigned,Application Submitted, , , , , , , , , , , , , , , , , , , , , , , , , , , , , , , ,Fawzia,al-Elamin
2023 GWCF Scholarship Application,Submitted; Assigned; Assigned; Assigned; Assigned; Assigned,Application Submitted, , , , , , , , , , , , , , , , , , , , , , , , , , , , , , , ,Gabriella,Ghiya
2023 GWCF Scholarship Application,Submitted; Assigned,Application Submitted, , , , , , , , , , , , , , , , , , , , , , , , , , , , , , , ,Danny,Miera
2023 GWCF Scholarship Application,Submitted; Assigned; Assigned; Assigned; Assigned; Assigned; Assigned; Assigned; Assigned; Assigned; Assigned; Assigned; Assigned; Assigned; Assigned; Complete; Complete; Complete; Complete; Complete,Application Submitted, , , , , , , , , , , , , , , , , , , , , , , , , , , ,Cornell University; Cornell University, , , ,Roger,el-Vaziri
2023 GWCF Scholarship Application,Submitted; Assigned,Application Submitted, , , , , , , , , , , , , , , , , , , , , , , , , , , , , , , ,Soryn,Palacios
2023 GWCF Scholarship Application,Submitted; Assigned; Assigned; Assigned; Assigned; Assigned; Assigned,Application Submitted, , , , , , , , , , , , , , , , , , , , , , , , , , , , , , , ,Jacina,Isobe
2023 GWCF Scholarship Application,Submitted; Assigned,Application Submitted, , , , , , , , , , , , , , , , , , , , , , , , , , , , , , , ,Lateefa,al-Hafeez
2023 GWCF Scholarship Application,Submitted; Assigned; Assigned; Assigned; Assigned; Assigned; Assigned; Assigned,Application Submitted, , , , , , , , , , , , , , , , , , , , , , , , , , , , , , , ,Andres,Norman-Wallace
2023 GWCF Scholarship Application,Submitted; Assigned,Application Submitted, , , , , , , , , , , , , , , , , , , , , , , , , , , , , , , ,Jereek,Wray Jr
2023 GWCF Scholarship Application,Submitted; Assigned; Assigned; Assigned; Assigned; Assigned; Assigned; Assigned,Application Submitted, , , , , , , , , , , , , , , , , , , , , , , , , , , , , , , ,Russell,Lombardi-Marsh
2023 GWCF Scholarship Application,Submitted; Assigned; Assigned; Complete,Application Submitted, , , , , , , , , , , , , , , , , , , , , , , , , , , , , , , ,Marysa,Vickles
2023 GWCF Scholarship Application,Submitted; Assigned; Assigned; Complete,Application Submitted, , , , , , , , , , , , , , , , , , , , , , , , , , , , , , , ,Alex,O'Neill
2023 GWCF Scholarship Application,Submitted; Assigned; Assigned; Assigned; Assigned; Assigned; Assigned; Assigned; Complete; Complete; Complete; Complete; Submitted,Application Submitted, , , , , , , , , , , , , , , , , , , , , , , , , , , ,Other; Other,Stanford University, , ,Will,el-Fayad
2023 GWCF Scholarship Application,Submitted; Assigned; Assigned; Assigned; Assigned; Assigned; Assigned; Assigned; Assigned; Assigned; Complete,Application Submitted, , , , , , , , , , , , , , , , , , , , , , , , , , , , , , , ,Cheno,Yates
2023 GWCF Scholarship Application,Submitted; Assigned; Assigned; Assigned; Assigned,Application Submitted, , , , , , , , , , , , , , , , , , , , , , , , , , , , , , , ,Khongmong,Majid
2023 GWCF Scholarship Application,Submitted; Assigned; Assigned; Assigned; Assigned; Assigned; Assigned; Assigned; Assigned; Assigned; Complete,Application Submitted, , , , , , , , , , , , , , , , , , , , , , , , , , , , , , , ,Arafaat,Verburg
2023 GWCF Scholarship Application,Submitted; Assigned; Assigned; Assigned; Assigned; Assigned; Assigned; Assigned; Assigned; Assigned; Complete,Application Submitted, , , , , , , , , , , , , , , , , , , , , , , , , , , , , , , ,Qaasim,Retana
2023 GWCF Scholarship Application,Submitted; Assigned; Assigned; Assigned; Assigned; Assigned; Assigned; Assigned; Assigned,Application Submitted, , , , , , , , , , , , , , , , , , , , , , , , , , , , , , , ,Soryn,Otgontulga
2023 GWCF Scholarship Application,Submitted; Assigned; Assigned; Assigned; Assigned; Assigned; Assigned; Assigned; Assigned; Assigned; Assigned; Assigned; Assigned; Complete,Application Submitted, , , , , , , , , , , , , , , , , , , , , , , , , , , , , , , ,Avianha,Behrens
2023 GWCF Scholarship Application,Submitted; Assigned,Application Submitted, , , , , , , , , , , , , , , , , , , , , , , , , , , , , , , ,Toby,Tidwell
2023 GWCF Scholarship Application,Submitted; Assigned,Application Submitted, , , , , , , , , , , , , , , , , , , , , , , , , , , , , , , ,Chrystina,Gorman
2023 GWCF Scholarship Application,Submitted; Assigned,Application Submitted, , , , , , , , , , , , , , , , , , , , , , , , , , , , , , , ,Dahab,Heaton
2023 GWCF Scholarship Application,Submitted; Assigned,Application Submitted, , , , , , , , , , , , , , , , , , , , , , , , , , , , , , , ,Fawz,el-Jaber
2023 GWCF Scholarship Application,Submitted; Assigned; Assigned; Assigned; Assigned,Application Submitted, , , , , , , , , , , , , , , , , , , , , , , , , , , , , , , ,Rian,Aldret
2023 GWCF Scholarship Application,Submitted; Assigned,Application Submitted, , , , , , , , , , , , , , , , , , , , , , , , , , , , , , , ,Juliana,el-Mannan
2023 GWCF Scholarship Application,Submitted; Assigned; Assigned; Assigned; Assigned; Assigned; Assigned; Assigned,Application Submitted, , , , , , , , , , , , , , , , , , , , , , , , , , , , , , , ,Catarina,Diggles
2023 GWCF Scholarship Application,Submitted; Assigned,Application Submitted, , , , , , , , , , , , , , , , , , , , , , , , , , , , , , , ,Angelo,Forfar-Jones
2023 GWCF Scholarship Application,Submitted; Assigned; Assigned; Assigned; Assigned; Assigned; Assigned; Assigned; Assigned; Complete,Application Submitted, , , , , , , , , , , , , , , , , , , , , , , , , , , , , , , ,Armonno,Patterson
2023 GWCF Scholarship Application,Submitted; Assigned; Assigned; Assigned; Assigned; Assigned,Application Submitted, , , , , , , , , , , , , , , , , , , , , , , , , , , , , , , ,Arghavan,Parrilla
2023 GWCF Scholarship Application,Submitted; Assigned,Application Submitted, , , , , , , , , , , , , , , , , , , , , , , , , , , , , , , ,Ireland,Otgontulga
2023 GWCF Scholarship Application,Submitted; Assigned,Application Submitted, , , , , , , , , , , , , , , , , , , , , , , , , , , , , , , ,Calandra,al-Habib
2023 GWCF Scholarship Application,Submitted; Assigned,Application Submitted, , , , , , , , , , , , , , , , , , , , , , , , , , , , , , , ,Rashawnya,English
2023 GWCF Scholarship Application,Submitted; Assigned; Assigned; Assigned; Assigned; Assigned; Assigned; Assigned; Assigned; Complete,Application Submitted, , , , , , , , , , , , , , , , , , , , , , , , , , , , , , , ,Whitney,Burnett
2023 GWCF Scholarship Application,Submitted; Assigned; Assigned; Assigned; Assigned; Complete; Complete; Complete; Complete; Complete,Application Submitted, , , , , , , , , , , , , , , , , , , , , , , , , , , ,Northeastern University; Northeastern University, , , ,Sajiyya,al-Wahab
2023 GWCF Scholarship Application,Submitted; Assigned; Assigned; Assigned; Assigned,Application Submitted, , , , , , , , , , , , , , , , , , , , , , , , , , , , , , , ,Taiseer,Casias
2023 GWCF Scholarship Application,Submitted; Assigned; Assigned; Assigned; Assigned; Assigned; Assigned; Assigned; Assigned; Assigned; Assigned; Complete,Application Submitted, , , , , , , , , , , , , , , , , , , , , , , , , , , , , , , ,Kortnee,al-Hariri
2023 GWCF Scholarship Application,Submitted; Assigned; Assigned; Assigned; Assigned; Assigned; Assigned; Assigned; Assigned; Complete; Complete; Complete; Complete; Complete,Application Submitted, , , , , , , , , , , , , , , , , , , , , , , , , , , ,University of Massachusetts at Amherst; University of Massachusetts at Amherst, , , ,Fernando,al-Bashara
2023 GWCF Scholarship Application,Submitted; Assigned,Application Submitted, , , , , , , , , , , , , , , , , , , , , , , , , , , , , , , ,Naaifa,Cleavenger
2023 GWCF Scholarship Application,Submitted; Assigned; Assigned; Assigned; Assigned; Assigned; Assigned; Complete,Application Submitted, , , , , , , , , , , , , , , , , , , , , , , , , , , , , , , ,Najimah,Brandon
2023 GWCF Scholarship Application,Submitted; Assigned,Application Submitted, , , , , , , , , , , , , , , , , , , , , , , , , , , , , , , ,Monique,Duong
2023 GWCF Scholarship Application,Submitted; Assigned; Assigned; Assigned; Assigned,Application Submitted, , , , , , , , , , , , , , , , , , , , , , , , , , , , , , , ,Malynda,Dykstra
2023 GWCF Scholarship Application,Submitted; Assigned,Application Submitted, , , , , , , , , , , , , , , , , , , , , , , , , , , , , , , ,Bobbi,Hathaway
2023 GWCF Scholarship Application,Submitted; Assigned; Assigned; Complete; Complete; Complete; Complete; Complete,Application Submitted, , , , , , , , , , , , , , , , , , , , , , , , , , , ,Providence College; Providence College, , , ,Matias,Herrington
2023 GWCF Scholarship Application,Submitted; Assigned; Assigned; Assigned; Assigned; Assigned; Assigned; Assigned; Assigned; Assigned; Complete,Application Submitted, , , , , , , , , , , , , , , , , , , , , , , , , , , , , , , ,Kent,Clough
2023 GWCF Scholarship Application,Submitted; Assigned; Assigned; Assigned; Assigned; Assigned; Assigned; Complete,Application Submitted, , , , , , , , , , , , , , , , , , , , , , , , , , , , , , , ,Abhaya,Browning
2023 GWCF Scholarship Application,Submitted; Assigned,Application Submitted, , , , , , , , , , , , , , , , , , , , , , , , , , , , , , , ,Marcos,Mason
2023 GWCF Scholarship Application,Submitted; Assigned; Assigned; Assigned; Assigned; Assigned; Assigned; Assigned; Assigned; Assigned; Assigned; Assigned; Complete; Complete; Complete; Complete; Complete,Application Submitted, , , , , , , , , , , , , , , , , , , , , , , , , , , ,Other; Other,Northwestern University; Northwestern University, , ,Tamanna,Larez
2023 GWCF Scholarship Application,Submitted; Assigned; Assigned; Assigned; Assigned; Assigned; Assigned; Assigned; Complete; Complete; Complete; Complete; Complete,Application Submitted, , , , , , , , , , , , , , , , , , , , , , , , , , , ,Boston University; Boston University, , , ,Magdalena,Gaskins
2023 GWCF Scholarship Application,Submitted; Assigned,Application Submitted, , , , , , , , , , , , , , , , , , , , , , , , , , , , , , , ,Waneesa,Parekh
2023 GWCF Scholarship Application,Submitted; Assigned; Assigned; Complete; Complete; Complete; Complete; Complete,Application Submitted, , , , , , , , , , , , , , , , , , , , , , , , , , , ,University of New Haven; University of New Haven, , , ,Fat'hiyaa,Ellerman
2023 GWCF Scholarship Application,Submitted; Assigned,Application Submitted, , , , , , , , , , , , , , , , , , , , , , , , , , , , , , , ,Janayle,Niemann
2023 GWCF Scholarship Application,Submitted; Assigned; Assigned; Assigned; Assigned; Assigned,Application Submitted, , , , , , , , , , , , , , , , , , , , , , , , , , , , , , , ,Taqi,Brandon
2023 GWCF Scholarship Application,Submitted; Assigned; Assigned; Complete; Complete; Complete; Complete; Complete,Application Submitted, , , , , , , , , , , , , , , , , , , , , , , , , , , ,Other; Other,Duke University; Duke University, , ,Nhan,Mangus
2023 GWCF Scholarship Application,Submitted; Assigned; Assigned; Assigned; Assigned; Assigned; Complete,Application Submitted, , , , , , , , , , , , , , , , , , , , , , , , , , , , , , , ,Reagan,Dymek
2023 GWCF Scholarship Application,Submitted; Assigned; Assigned; Assigned; Assigned; Assigned; Assigned; Assigned; Assigned; Assigned; Assigned; Assigned; Assigned; Complete,Application Submitted, , , , , , , , , , , , , , , , , , , , , , , , , , , , , , , ,Sheena,al-Pashia
2023 GWCF Scholarship Application,Submitted; Assigned; Assigned; Assigned; Assigned; Assigned; Assigned; Assigned; Assigned; Assigned; Assigned; Assigned; Assigned; Assigned; Complete,Application Submitted, , , , , , , , , , , , , , , , , , , , , , , , , , , , , , , ,Souphakone,Thorne
2023 GWCF Scholarship Application,Submitted; Assigned; Assigned; Assigned; Assigned; Assigned; Assigned; Assigned; Assigned; Assigned; Complete,Application Submitted, , , , , , , , , , , , , , , , , , , , , , , , , , , , , , , ,Kalleb,Balogh
2023 GWCF Scholarship Application,Submitted; Assigned; Assigned; Assigned; Assigned,Application Submitted, , , , , , , , , , , , , , , , , , , , , , , , , , , , , , , ,Matia,Barksdale
2023 GWCF Scholarship Application,Submitted; Assigned,Application Submitted, , , , , , , , , , , , , , , , , , , , , , , , , , , , , , , ,Clint,Reyes-Martinez
2023 GWCF Scholarship Application,Submitted; Assigned,Application Submitted, , , , , , , , , , , , , , , , , , , , , , , , , , , , , , , ,Saamyya,Peacock
2023 GWCF Scholarship Application,Submitted; Assigned,Application Submitted, , , , , , , , , , , , , , , , , , , , , , , , , , , , , , , ,Leisha,el-Salama
2023 GWCF Scholarship Application,Submitted; Assigned; Assigned; Assigned; Assigned; Assigned; Assigned; Assigned; Assigned; Assigned; Assigned; Assigned; Assigned,Application Submitted, , , , , , , , , , , , , , , , , , , , , , , , , , , , , , , ,Nia'Imani,Peacock
2023 GWCF Scholarship Application,Submitted; Assigned,Application Submitted, , , , , , , , , , , , , , , , , , , , , , , , , , , , , , , ,Nabeel,Kaeck
2023 GWCF Scholarship Application,Submitted; Assigned,Application Submitted, , , , , , , , , , , , , , , , , , , , , , , , , , , , , , , ,Emilio,Meli
2023 GWCF Scholarship Application,Submitted,Application Submitted, , , , , , , , , , , , , , , , , , , , , , , , , , , , , , , ,Woo Bin,Gashwazra
2023 GWCF Scholarship Application,Submitted; Assigned; Assigned; Assigned; Assigned; Assigned,Application Submitted, , , , , , , , , , , , , , , , , , , , , , , , , , , , , , , ,Mirza,al-Matar
2023 GWCF Scholarship Application,Submitted; Assigned,Application Submitted, , , , , , , , , , , , , , , , , , , , , , , , , , , , , , , ,Abdul Noor,Petrarca
2023 GWCF Scholarship Application,Submitted; Assigned; Assigned; Complete,Application Submitted, , , , , , , , , , , , , , , , , , , , , , , , , , , , , , , ,Jovon,al-Shehata
2023 GWCF Scholarship Application,Submitted; Assigned,Application Submitted, , , , , , , , , , , , , , , , , , , , , , , , , , , , , , , ,My,Burke
2023 GWCF Scholarship Application,Submitted; Assigned,Application Submitted, , , , , , , , , , , , , , , , , , , , , , , , , , , , , , , ,Carina,Keel
2023 GWCF Scholarship Application,Submitted; Assigned,Application Submitted, , , , , , , , , , , , , , , , , , , , , , , , , , , , , , , ,Davis,Santiago
2023 GWCF Scholarship Application,Submitted; Assigned,Application Submitted, , , , , , , , , , , , , , , , , , , , , , , , , , , , , , , ,Ohitike,Burke
2023 GWCF Scholarship Application,Submitted; Assigned; Assigned; Complete,Application Submitted, , , , , , , , , , , , , , , , , , , , , , , , , , , , , , , ,Muneefa,Ives
2023 GWCF Scholarship Application,Submitted; Assigned,Application Submitted, , , , , , , , , , , , , , , , , , , , , , , , , , , , , , , ,Yizel,Bonilla
2023 GWCF Scholarship Application,Submitted; Assigned,Application Submitted, , , , , , , , , , , , , , , , , , , , , , , , , , , , , , , ,Chykeiljah,Sarsam
2023 GWCF Scholarship Application,Submitted; Assigned; Assigned; Assigned; Assigned; Assigned; Complete,Application Submitted, , , , , , , , , , , , , , , , , , , , , , , , , , , , , , , ,Mychael,Halberg
2023 GWCF Scholarship Application,Submitted; Assigned,Application Submitted, , , , , , , , , , , , , , , , , , , , , , , , , , , , , , , ,Shayla,Stepter
2023 GWCF Scholarship Application,Submitted; Assigned,Application Submitted, , , , , , , , , , , , , , , , , , , , , , , , , , , , , , , ,"Jam,Aan",al-Ameen
2023 GWCF Scholarship Application,Submitted; Assigned; Assigned; Assigned; Assigned; Assigned; Assigned; Assigned; Assigned; Assigned; Assigned; Assigned; Assigned; Assigned; Complete; Complete; Assigned,Application Submitted, , , , , , , , , , , , , , , , , , , , , , , , , , , ,Assumption University, , , ,Aliyya,Linear
2023 GWCF Scholarship Application,Submitted; Assigned,Application Submitted, , , , , , , , , , , , , , , , , , , , , , , , , , , , , , , ,Urwa,Mikesell
2023 GWCF Scholarship Application,Submitted; Assigned,Application Submitted, , , , , , , , , , , , , , , , , , , , , , , , , , , , , , , ,Naaji,Rosencrans
2023 GWCF Scholarship Application,Submitted; Assigned; Assigned; Assigned; Assigned; Assigned; Assigned; Assigned; Assigned; Assigned; Assigned; Assigned; Complete; Complete; Complete; Complete; Complete,Application Submitted, , , , , , , , , , , , , , , , , , , , , , , , , , , ,University of Massachusetts at Amherst; University of Massachusetts at Amherst, , , ,Thomas,Olson
2023 GWCF Scholarship Application,Submitted; Assigned; Assigned; Complete,Application Submitted, , , , , , , , , , , , , , , , , , , , , , , , , , , , , , , ,Nina,Sprangers
2023 GWCF Scholarship Application,Submitted; Assigned,Application Submitted, , , , , , , , , , , , , , , , , , , , , , , , , , , , , , , ,Matia,Bak
2023 GWCF Scholarship Application,Submitted; Assigned; Assigned; Complete; Complete,Application Submitted, , , , , , , , , , , , , , , , , , , , , , , , , , , , , , , ,Chase,Brenner
2023 GWCF Scholarship Application,Submitted; Assigned,Application Submitted, , , , , , , , , , , , , , , , , , , , , , , , , , , , , , , ,Aimee,Slife
2023 GWCF Scholarship Application,Submitted; Assigned,Application Submitted, , , , , , , , , , , , , , , , , , , , , , , , , , , , , , , ,Lorissa,Verburg
2023 GWCF Scholarship Application,Submitted; Assigned; Assigned; Assigned; Assigned; Assigned; Assigned; Assigned; Assigned; Assigned; Assigned; Assigned; Assigned; Assigned; Assigned; Complete; Complete; Complete; Complete; Complete,Application Submitted, , , , , , , , , , , , , , , , , , , , , , , , , , , ,Anna Maria College; Anna Maria College, , , ,Ace,Tagawa
2023 GWCF Scholarship Application,Submitted; Assigned,Application Submitted, , , , , , , , , , , , , , , , , , , , , , , , , , , , , , , ,Zaamil,Medrano
2023 GWCF Scholarship Application,Submitted; Assigned,Application Submitted, , , , , , , , , , , , , , , , , , , , , , , , , , , , , , , ,Mazi Mathias,Watkins IV
2023 GWCF Scholarship Application,Submitted; Assigned; Assigned; Assigned; Assigned; Assigned,Application Submitted, , , , , , , , , , , , , , , , , , , , , , , , , , , , , , , ,Marion,Nedd
2023 GWCF Scholarship Application,Submitted; Assigned; Assigned; Assigned; Assigned; Assigned; Assigned; Assigned; Assigned; Assigned; Assigned; Assigned,Application Submitted, , , , , , , , , , , , , , , , , , , , , , , , , , , , , , , ,Nia'Imani,Ballesteros
2023 GWCF Scholarship Application,Submitted; Assigned,Application Submitted, , , , , , , , , , , , , , , , , , , , , , , , , , , , , , , ,Mariela,Ellis
2023 GWCF Scholarship Application,Submitted; Assigned; Assigned; Assigned; Assigned; Assigned; Assigned; Assigned; Assigned; Assigned; Assigned; Assigned; Assigned; Assigned; Complete,Application Submitted, , , , , , , , , , , , , , , , , , , , , , , , , , , , , , , ,Janei,Jennings
2023 GWCF Scholarship Application,Submitted; Assigned; Assigned; Assigned; Assigned; Assigned; Assigned,Application Submitted, , , , , , , , , , , , , , , , , , , , , , , , , , , , , , , ,Trevon,Yarangsy
2023 GWCF Scholarship Application,Submitted; Assigned,Application Submitted, , , , , , , , , , , , , , , , , , , , , , , , , , , , , , , ,Maegan,el-Mohiuddin
2023 GWCF Scholarship Application,Submitted; Assigned; Assigned; Assigned; Assigned; Assigned; Assigned,Application Submitted, , , , , , , , , , , , , , , , , , , , , , , , , , , , , , , ,Mashal,Bardsley
2023 GWCF Scholarship Application,Submitted; Assigned,Application Submitted, , , , , , , , , , , , , , , , , , , , , , , , , , , , , , , ,Natelle Rae,Hebda
2023 GWCF Scholarship Application,Submitted; Assigned,Application Submitted, , , , , , , , , , , , , , , , , , , , , , , , , , , , , , , ,Trent,al-Abdelrahman
2023 GWCF Scholarship Application,Submitted; Assigned,Application Submitted, , , , , , , , , , , , , , , , , , , , , , , , , , , , , , , ,Rahma,Khan
2023 GWCF Scholarship Application,Submitted; Assigned; Assigned; Assigned; Assigned,Application Submitted, , , , , , , , , , , , , , , , , , , , , , , , , , , , , , , ,Azhaar,Minor
2023 GWCF Scholarship Application,Submitted; Assigned,Application Submitted, , , , , , , , , , , , , , , , , , , , , , , , , , , , , , , ,Atsila,Long
2023 GWCF Scholarship Application,Submitted; Assigned,Application Submitted, , , , , , , , , , , , , , , , , , , , , , , , , , , , , , , ,Yadira,al-Naqvi
2023 GWCF Scholarship Application,Submitted; Assigned,Application Submitted, , , , , , , , , , , , , , , , , , , , , , , , , , , , , , , ,Saamyya,Rumsey
2023 GWCF Scholarship Application,Submitted; Assigned,Application Submitted, , , , , , , , , , , , , , , , , , , , , , , , , , , , , , , ,Samira,al-Salahuddin
2023 GWCF Scholarship Application,Submitted; Assigned; Assigned; Assigned; Assigned; Assigned; Assigned; Assigned; Complete; Complete; Complete,Application Submitted, , , , , , , , , , , , , , , , , , , , , , , , , , , ,Worcester State University; Worcester State University, , , ,Shasta,al-Zaman
2023 GWCF Scholarship Application,Submitted; Assigned; Assigned; Assigned; Assigned; Assigned; Assigned; Assigned; Complete,Application Submitted, , , , , , , , , , , , , , , , , , , , , , , , , , , , , , , ,Kameel,Kellum
2023 GWCF Scholarship Application,Submitted; Assigned; Assigned; Assigned; Assigned,Application Submitted, , , , , , , , , , , , , , , , , , , , , , , , , , , , , , , ,Shelia,el-Salame
2023 GWCF Scholarship Application,Submitted; Assigned; Assigned; Assigned; Assigned; Assigned; Assigned; Assigned; Assigned; Assigned; Assigned; Assigned; Assigned; Assigned; Assigned; Assigned; Assigned; Assigned; Assigned; Assigned,Application Submitted, , , , , , , , , , , , , , , , , , , , , , , , , , , , , , , ,Ihaab,Slowman
2023 GWCF Scholarship Application,Submitted; Assigned; Assigned; Assigned; Assigned; Assigned,Application Submitted, , , , , , , , , , , , , , , , , , , , , , , , , , , , , , , ,Moises,Maynes
2023 GWCF Scholarship Application,Submitted; Assigned,Application Submitted, , , , , , , , , , , , , , , , , , , , , , , , , , , , , , , ,Blain,Mahre
2023 GWCF Scholarship Application,Submitted; Assigned; Assigned; Assigned; Assigned; Assigned; Complete,Application Submitted, , , , , , , , , , , , , , , , , , , , , , , , , , , , , , , ,Divyanka,Urresti
2023 GWCF Scholarship Application,Submitted; Assigned; Assigned; Assigned; Assigned; Assigned; Assigned; Assigned; Assigned; Assigned; Assigned; Assigned,Application Submitted, , , , , , , , , , , , , , , , , , , , , , , , , , , , , , , ,Dajon,Mekonnen
2023 GWCF Scholarship Application,Submitted; Assigned; Assigned; Assigned; Assigned; Assigned; Assigned; Assigned; Assigned; Assigned; Assigned; Assigned; Assigned; Assigned; Complete,Application Submitted, , , , , , , , , , , , , , , , , , , , , , , , , , , , , , , ,Norma,Hensinger II
2023 GWCF Scholarship Application,Submitted; Assigned; Assigned; Assigned; Assigned; Assigned; Assigned; Assigned; Assigned; Assigned; Assigned; Assigned; Assigned; Assigned; Assigned; Assigned; Assigned; Complete; Complete; Complete; Complete; Complete,Application Submitted, , , , , , , , , , , , , , , , , , , , , , , , , , , ,Boston College; Boston College, , , ,Saamyya,Brizuela
2023 GWCF Scholarship Application,Submitted; Assigned,Application Submitted, , , , , , , , , , , , , , , , , , , , , , , , , , , , , , , ,Dametriese,Ritman
2023 GWCF Scholarship Application,Submitted; Assigned; Assigned; Assigned; Assigned; Assigned; Assigned; Assigned; Assigned; Complete,Application Submitted, , , , , , , , , , , , , , , , , , , , , , , , , , , , , , , ,Cole,Fernandez
2023 GWCF Scholarship Application,Submitted; Assigned; Assigned; Assigned; Assigned; Assigned; Assigned; Assigned,Application Submitted, , , , , , , , , , , , , , , , , , , , , , , , , , , , , , , ,Stephen,Wada
2023 GWCF Scholarship Application,Submitted; Assigned; Assigned; Assigned; Assigned; Assigned; Assigned; Assigned; Assigned; Assigned,Application Submitted, , , , , , , , , , , , , , , , , , , , , , , , , , , , , , , ,Musheera,Donez
2023 GWCF Scholarship Application,Submitted; Assigned; Assigned; Assigned; Assigned; Assigned; Assigned; Assigned,Application Submitted, , , , , , , , , , , , , , , , , , , , , , , , , , , , , , , ,Keren,Levin
2023 GWCF Scholarship Application,Submitted; Assigned,Application Submitted, , , , , , , , , , , , , , , , , , , , , , , , , , , , , , , ,Daizha,al-Mahdi
2023 GWCF Scholarship Application,Submitted; Assigned,Application Submitted, , , , , , , , , , , , , , , , , , , , , , , , , , , , , , , ,Cynthia,Bundrant
2023 GWCF Scholarship Application,Submitted; Assigned; Assigned; Assigned; Assigned; Assigned; Assigned; Assigned; Assigned; Complete,Application Submitted, , , , , , , , , , , , , , , , , , , , , , , , , , , , , , , ,Minh,Lowry
2023 GWCF Scholarship Application,Submitted; Assigned,Application Submitted, , , , , , , , , , , , , , , , , , , , , , , , , , , , , , , ,Rute,Dean
2023 GWCF Scholarship Application,Submitted; Assigned,Application Submitted, , , , , , , , , , , , , , , , , , , , , , , , , , , , , , , ,Sajiyya,Phillips
2023 GWCF Scholarship Application,Submitted; Assigned; Assigned; Assigned,Application Submitted, , , , , , , , , , , , , , , , , , , , , , , , , , , , , , , ,Cheyanne,Stirgus
2023 GWCF Scholarship Application,Submitted; Assigned,Application Submitted, , , , , , , , , , , , , , , , , , , , , , , , , , , , , , , ,Marqueze,el-Wali
2023 GWCF Scholarship Application,Submitted; Assigned,Application Submitted, , , , , , , , , , , , , , , , , , , , , , , , , , , , , , , ,Isiah,Anders
2023 GWCF Scholarship Application,Submitted; Assigned,Application Submitted, , , , , , , , , , , , , , , , , , , , , , , , , , , , , , , ,Jereek,Fajardo
2023 GWCF Scholarship Application,Submitted; Assigned,Application Submitted, , , , , , , , , , , , , , , , , , , , , , , , , , , , , , , ,Bonnie,el-Aydin
2023 GWCF Scholarship Application,Submitted; Assigned; Assigned; Assigned; Assigned; Assigned; Assigned; Complete; Complete; Complete; Complete; Complete,Application Submitted, , , , , , , , , , , , , , , , , , , , , , , , , , , ,University of Pennsylvania; University of Pennsylvania, , , ,Angela,al-Hariri
2023 GWCF Scholarship Application,Submitted; Assigned,Application Submitted, , , , , , , , , , , , , , , , , , , , , , , , , , , , , , , ,Awf,Fejeran
2023 GWCF Scholarship Application,Submitted; Assigned,Application Submitted, , , , , , , , , , , , , , , , , , , , , , , , , , , , , , , ,Ekom,Rosales
2023 GWCF Scholarship Application,Submitted; Assigned,Application Submitted, , , , , , , , , , , , , , , , , , , , , , , , , , , , , , , ,Alex,Tang
2023 GWCF Scholarship Application,Submitted; Assigned; Assigned; Assigned; Assigned; Assigned; Assigned; Assigned; Complete,Application Submitted, , , , , , , , , , , , , , , , , , , , , , , , , , , , , , , ,Akeem,Rodrukkwun
2023 GWCF Scholarship Application,Submitted; Assigned; Assigned; Assigned,Application Submitted, , , , , , , , , , , , , , , , , , , , , , , , , , , , , , , ,Khongmong,Vandergriff
2023 GWCF Scholarship Application,Submitted; Assigned; Assigned; Assigned; Assigned; Assigned; Assigned; Assigned; Assigned; Assigned; Assigned; Complete; Complete; Complete; Complete; Complete,Application Submitted, , , , , , , , , , , , , , , , , , , , , , , , , , , ,Worcester Polytechnic Institute; Worcester Polytechnic Institute, , , ,Jathan,Kaiser
2023 GWCF Scholarship Application,Submitted; Assigned,Application Submitted, , , , , , , , , , , , , , , , , , , , , , , , , , , , , , , ,Chance,al-Hana
2023 GWCF Scholarship Application,Submitted; Assigned; Assigned; Complete,Application Submitted, , , , , , , , , , , , , , , , , , , , , , , , , , , , , , , ,Xai,Christensen
2023 GWCF Scholarship Application,Submitted; Assigned; Assigned; Assigned; Assigned; Assigned; Assigned; Assigned; Assigned; Assigned; Assigned; Assigned; Assigned; Assigned; Assigned; Complete,Application Submitted, , , , , , , , , , , , , , , , , , , , , , , , , , , , , , , ,Leilani,Swimmer
2023 GWCF Scholarship Application,Submitted; Assigned,Application Submitted, , , , , , , , , , , , , , , , , , , , , , , , , , , , , , , ,Heroki,Elfvin
2023 GWCF Scholarship Application,Submitted; Assigned; Assigned; Assigned; Assigned; Assigned; Assigned; Assigned; Assigned; Assigned; Assigned; Assigned; Assigned; Assigned; Complete; Complete,Application Submitted, , , , , , , , , , , , , , , , , , , , , , , , , , , ,Worcester State University, , , ,Latasha,al-Guler
2023 GWCF Scholarship Application,Submitted; Assigned,Application Submitted, , , , , , , , , , , , , , , , , , , , , , , , , , , , , , , ,Trizton,Sath
2023 GWCF Scholarship Application,Submitted; Assigned,Application Submitted, , , , , , , , , , , , , , , , , , , , , , , , , , , , , , , ,Vanya,al-Burki
2023 GWCF Scholarship Application,Submitted; Assigned; Assigned; Assigned; Assigned; Assigned; Assigned; Assigned,Application Submitted, , , , , , , , , , , , , , , , , , , , , , , , , , , , , , , ,Adail,Abu-Khdeir
2023 GWCF Scholarship Application,Submitted; Assigned; Assigned; Assigned; Assigned; Assigned; Assigned; Assigned; Assigned; Assigned; Assigned; Complete; Complete; Complete; Complete; Complete,Application Submitted, , , , , , , , , , , , , , , , , , , , , , , , , , , ,Suffolk University; Boston College, , , ,Armonno,Mcglothlen
2023 GWCF Scholarship Application,Submitted; Assigned,Application Submitted, , , , , , , , , , , , , , , , , , , , , , , , , , , , , , , ,Luke,Flores-Rodriguez
2023 GWCF Scholarship Application,Submitted; Assigned,Application Submitted, , , , , , , , , , , , , , , , , , , , , , , , , , , , , , , ,Jyotshal,Amgalanbayar
2023 GWCF Scholarship Application,Submitted; Assigned,Application Submitted, , , , , , , , , , , , , , , , , , , , , , , , , , , , , , , ,Qisma,Mcguire
2023 GWCF Scholarship Application,Submitted; Assigned,Application Submitted, , , , , , , , , , , , , , , , , , , , , , , , , , , , , , , ,Radwa,al-Habeeb
2023 GWCF Scholarship Application,Submitted; Assigned; Assigned; Assigned; Assigned,Application Submitted, , , , , , , , , , , , , , , , , , , , , , , , , , , , , , , ,Martinealyse,Brandon
2023 GWCF Scholarship Application,Submitted; Assigned,Application Submitted, , , , , , , , , , , , , , , , , , , , , , , , , , , , , , , ,Jadira,Elizalde
2023 GWCF Scholarship Application,Submitted; Assigned; Assigned; Assigned; Assigned; Assigned; Assigned; Assigned; Assigned; Assigned; Complete,Application Submitted, , , , , , , , , , , , , , , , , , , , , , , , , , , , , , , ,Musheera,Cade Blanche
2023 GWCF Scholarship Application,Submitted; Assigned,Application Submitted, , , , , , , , , , , , , , , , , , , , , , , , , , , , , , , ,Cyra,el-Noor
2023 GWCF Scholarship Application,Submitted; Assigned,Application Submitted, , , , , , , , , , , , , , , , , , , , , , , , , , , , , , , ,Rahma,Chavez Jr
2023 GWCF Scholarship Application,Submitted; Assigned; Assigned; Assigned; Assigned; Assigned; Assigned; Assigned; Assigned; Assigned; Assigned; Assigned; Assigned; Assigned; Assigned; Assigned; Assigned; Assigned; Complete,Application Submitted, , , , , , , , , , , , , , , , , , , , , , , , , , , , , , , ,Shivani,Bliss
2023 GWCF Scholarship Application,Submitted; Assigned,Application Submitted, , , , , , , , , , , , , , , , , , , , , , , , , , , , , , , ,Mariela,Dzowo
2023 GWCF Scholarship Application,Submitted; Assigned; Assigned; Assigned; Assigned; Assigned; Assigned; Assigned,Application Submitted, , , , , , , , , , , , , , , , , , , , , , , , , , , , , , , ,Fikir,Mann
2023 GWCF Scholarship Application,Submitted; Assigned; Assigned; Complete,Application Submitted, , , , , , , , , , , , , , , , , , , , , , , , , , , , , , , ,Howard,Dickey
2023 GWCF Scholarship Application,Submitted; Assigned,Application Submitted, , , , , , , , , , , , , , , , , , , , , , , , , , , , , , , ,Jim,Paiz
2023 GWCF Scholarship Application,Submitted; Assigned; Assigned; Assigned; Assigned; Assigned; Assigned,Application Submitted, , , , , , , , , , , , , , , , , , , , , , , , , , , , , , , ,Dahlia,Kassahun
2023 GWCF Scholarship Application,Submitted; Assigned; Assigned; Complete,Application Submitted, , , , , , , , , , , , , , , , , , , , , , , , , , , , , , , ,Emilio,Flint
2023 GWCF Scholarship Application,Submitted; Assigned,Application Submitted, , , , , , , , , , , , , , , , , , , , , , , , , , , , , , , ,Xai,Aldapa-Humes
2023 GWCF Scholarship Application,Submitted; Assigned; Assigned; Assigned; Assigned; Assigned; Assigned; Assigned; Assigned; Assigned; Complete; Complete; Complete; Complete; Complete,Application Submitted, , , , , , , , , , , , , , , , , , , , , , , , , , , ,Assumption University; Assumption University, , , ,Taeler,Ginsberg
2023 GWCF Scholarship Application,Submitted; Assigned,Application Submitted, , , , , , , , , , , , , , , , , , , , , , , , , , , , , , , ,Allegra,Strobel
2023 GWCF Scholarship Application,Submitted; Assigned,Application Submitted, , , , , , , , , , , , , , , , , , , , , , , , , , , , , , , ,Heroki,Wong
2023 GWCF Scholarship Application,Submitted; Assigned,Application Submitted, , , , , , , , , , , , , , , , , , , , , , , , , , , , , , , ,Katherine,Getchell
2023 GWCF Scholarship Application,Submitted,Application Submitted, , , , , , , , , , , , , , , , , , , , , , , , , , , , , , , ,Khongmong,Ginsberg
2023 GWCF Scholarship Application,Submitted; Assigned,Application Submitted, , , , , , , , , , , , , , , , , , , , , , , , , , , , , , , ,Abiy,Oliva
2023 GWCF Scholarship Application,Submitted; Assigned; Assigned; Assigned; Assigned; Assigned; Assigned; Assigned; Assigned; Assigned; Assigned; Assigned; Complete,Application Submitted, , , , , , , , , , , , , , , , , , , , , , , , , , , , , , , ,Urwa,Tieu
2023 GWCF Scholarship Application,Submitted; Assigned; Assigned; Assigned; Assigned; Assigned; Assigned; Assigned; Assigned; Assigned; Assigned; Assigned; Assigned; Assigned; Assigned; Assigned; Complete,Application Submitted, , , , , , , , , , , , , , , , , , , , , , , , , , , , , , , ,Miranda,Atolani
2023 GWCF Scholarship Application,Submitted; Assigned; Assigned; Assigned; Assigned; Assigned; Assigned; Assigned,Application Submitted, , , , , , , , , , , , , , , , , , , , , , , , , , , , , , , ,Karlos,el-Bey
2023 GWCF Scholarship Application,Submitted; Assigned,Application Submitted, , , , , , , , , , , , , , , , , , , , , , , , , , , , , , , ,Jayree,Barrios
2023 GWCF Scholarship Application,Submitted; Assigned,Application Submitted, , , , , , , , , , , , , , , , , , , , , , , , , , , , , , , ,Gabrielle,Wong
2023 GWCF Scholarship Application,Submitted; Assigned,Application Submitted, , , , , , , , , , , , , , , , , , , , , , , , , , , , , , , ,Gianny,Aker
2023 GWCF Scholarship Application,Submitted; Assigned,Application Submitted, , , , , , , , , , , , , , , , , , , , , , , , , , , , , , , ,Kianna,Arguello
2023 GWCF Scholarship Application,Submitted; Assigned,Application Submitted, , , , , , , , , , , , , , , , , , , , , , , , , , , , , , , ,Saamyya,Tellez Gutierrez
2023 GWCF Scholarship Application,Submitted; Assigned; Assigned; Assigned; Assigned; Assigned; Complete,Application Submitted, , , , , , , , , , , , , , , , , , , , , , , , , , , , , , , ,Camrey,al-Khalili
2023 GWCF Scholarship Application,Submitted; Assigned; Assigned; Assigned; Assigned; Assigned,Application Submitted, , , , , , , , , , , , , , , , , , , , , , , , , , , , , , , ,Shabeeba,Marquardt
2023 GWCF Scholarship Application,Submitted; Assigned; Assigned; Assigned; Assigned; Assigned; Assigned; Assigned,Application Submitted, , , , , , , , , , , , , , , , , , , , , , , , , , , , , , , ,Brenna,el-Ansari
2023 GWCF Scholarship Application,Submitted; Assigned,Application Submitted, , , , , , , , , , , , , , , , , , , , , , , , , , , , , , , ,Izaak,Gellatly
2023 GWCF Scholarship Application,Submitted; Assigned,Application Submitted, , , , , , , , , , , , , , , , , , , , , , , , , , , , , , , ,Mashal,Tagawa
2023 GWCF Scholarship Application,Submitted; Assigned; Assigned; Assigned; Assigned; Assigned; Assigned,Application Submitted, , , , , , , , , , , , , , , , , , , , , , , , , , , , , , , ,Marvon,Hren
2023 GWCF Scholarship Application,Submitted,Application Submitted, , , , , , , , , , , , , , , , , , , , , , , , , , , , , , , ,Brenna,al-Nasrallah
2023 GWCF Scholarship Application,Submitted; Assigned; Assigned; Assigned; Assigned; Assigned; Assigned; Assigned; Assigned; Assigned; Complete; Complete; Complete; Complete; Complete,Application Submitted, , , , , , , , , , , , , , , , , , , , , , , , , , , ,Other; Other,Fashion Institute of Technology ; FIT, , ,Karan,Gandarilla
2023 GWCF Scholarship Application,Submitted; Assigned,Application Submitted, , , , , , , , , , , , , , , , , , , , , , , , , , , , , , , ,De'Vonta,Arenivar-Ruelas
2023 GWCF Scholarship Application,Submitted; Assigned,Application Submitted, , , , , , , , , , , , , , , , , , , , , , , , , , , , , , , ,Munisa,Hawley
2023 GWCF Scholarship Application,Submitted; Assigned,Application Submitted, , , , , , , , , , , , , , , , , , , , , , , , , , , , , , , ,Yadira,Safar
2023 GWCF Scholarship Application,Submitted; Assigned,Application Submitted, , , , , , , , , , , , , , , , , , , , , , , , , , , , , , , ,Xai,Coyote
2023 GWCF Scholarship Application,Submitted; Assigned; Assigned; Complete; Complete; Complete,Application Submitted, , , , , , , , , , , , , , , , , , , , , , , , , , , , , , , ,Adail,Segura
2023 GWCF Scholarship Application,Submitted; Assigned,Application Submitted, , , , , , , , , , , , , , , , , , , , , , , , , , , , , , , ,Munisa,Olson
2023 GWCF Scholarship Application,Submitted; Assigned; Assigned; Assigned; Assigned; Assigned; Assigned; Assigned; Assigned; Assigned; Assigned; Assigned; Assigned; Assigned; Assigned; Assigned; Assigned; Assigned; Complete; Complete; Complete; Complete; Complete,Application Submitted, , , , , , , , , , , , , , , , , , , , , , , , , , , ,Worcester State University; Worcester State University, , , ,Rod,Shorty
2023 GWCF Scholarship Application,Submitted; Assigned,Application Submitted, , , , , , , , , , , , , , , , , , , , , , , , , , , , , , , ,Katherine,Lund
2023 GWCF Scholarship Application,Submitted; Assigned; Assigned; Assigned,Application Submitted, , , , , , , , , , , , , , , , , , , , , , , , , , , , , , , ,Russell,Sun
2023 GWCF Scholarship Application,Submitted; Assigned,Application Submitted, , , , , , , , , , , , , , , , , , , , , , , , , , , , , , , ,Norma,Ashton
2023 GWCF Scholarship Application,Submitted; Assigned,Application Submitted, , , , , , , , , , , , , , , , , , , , , , , , , , , , , , , ,Shaakira,el-Zafar
2023 GWCF Scholarship Application,Submitted; Assigned,Application Submitted, , , , , , , , , , , , , , , , , , , , , , , , , , , , , , , ,Christine,Masar
2023 GWCF Scholarship Application,Submitted; Assigned,Application Submitted, , , , , , , , , , , , , , , , , , , , , , , , , , , , , , , ,Breana,Buffone
2023 GWCF Scholarship Application,Submitted; Assigned,Application Submitted, , , , , , , , , , , , , , , , , , , , , , , , , , , , , , , ,Roderick,Chavira-Delgado
2023 GWCF Scholarship Application,Submitted; Assigned; Assigned; Assigned; Assigned,Application Submitted, , , , , , , , , , , , , , , , , , , , , , , , , , , , , , , ,Armonno,Johnson III
2023 GWCF Scholarship Application,Submitted; Assigned,Application Submitted, , , , , , , , , , , , , , , , , , , , , , , , , , , , , , , ,Kent,Granados Garcia
2023 GWCF Scholarship Application,Submitted; Assigned,Application Submitted, , , , , , , , , , , , , , , , , , , , , , , , , , , , , , , ,Anasthasia,Vu
2023 GWCF Scholarship Application,Submitted; Assigned; Assigned; Assigned; Assigned,Application Submitted, , , , , , , , , , , , , , , , , , , , , , , , , , , , , , , ,Luke,Lewis
2023 GWCF Scholarship Application,Submitted; Assigned,Application Submitted, , , , , , , , , , , , , , , , , , , , , , , , , , , , , , , ,Abhaya,Rader
2023 GWCF Scholarship Application,Submitted; Assigned,Application Submitted, , , , , , , , , , , , , , , , , , , , , , , , , , , , , , , ,Mubeena,Anders
2023 GWCF Scholarship Application,Submitted; Assigned; Assigned; Assigned; Assigned; Assigned; Complete,Application Submitted, , , , , , , , , , , , , , , , , , , , , , , , , , , , , , , ,Karlos,al-Farra
2023 GWCF Scholarship Application,Submitted; Assigned,Application Submitted, , , , , , , , , , , , , , , , , , , , , , , , , , , , , , , ,Alexxis,Tahir
2023 GWCF Scholarship Application,Submitted; Assigned; Assigned; Assigned; Assigned; Assigned; Assigned; Assigned,Application Submitted, , , , , , , , , , , , , , , , , , , , , , , , , , , , , , , ,Dajon,Fritter
2023 GWCF Scholarship Application,Submitted; Assigned,Application Submitted, , , , , , , , , , , , , , , , , , , , , , , , , , , , , , , ,Alex,Rumsey
2023 GWCF Scholarship Application,Submitted; Assigned; Assigned; Assigned; Assigned; Assigned; Assigned; Assigned,Application Submitted, , , , , , , , , , , , , , , , , , , , , , , , , , , , , , , ,Xai,Lopez Rodriguez
2023 GWCF Scholarship Application,Submitted; Assigned; Assigned; Assigned; Assigned; Assigned; Assigned; Assigned; Assigned; Assigned; Assigned; Assigned; Assigned; Assigned; Assigned; Assigned; Assigned; Assigned; Assigned; Assigned,Application Submitted, , , , , , , , , , , , , , , , , , , , , , , , , , , , , , , ,Mahbooba,al-Shaikh
2023 GWCF Scholarship Application,Submitted; Assigned,Application Submitted, , , , , , , , , , , , , , , , , , , , , , , , , , , , , , , ,Malissa,Pena
2023 GWCF Scholarship Application,Submitted; Assigned,Application Submitted, , , , , , , , , , , , , , , , , , , , , , , , , , , , , , , ,Soua,al-Yousif
2023 GWCF Scholarship Application,Submitted; Assigned; Assigned; Assigned; Assigned; Assigned; Assigned; Assigned; Assigned,Application Submitted, , , , , , , , , , , , , , , , , , , , , , , , , , , , , , , ,K'Sandra,Brunson
2023 GWCF Scholarship Application,Submitted; Assigned; Assigned; Assigned,Application Submitted, , , , , , , , , , , , , , , , , , , , , , , , , , , , , , , ,Tione,Deboer
2023 GWCF Scholarship Application,Submitted; Assigned; Assigned; Assigned; Assigned; Assigned; Assigned; Assigned; Assigned; Assigned; Assigned; Complete; Complete,Application Submitted, , , , , , , , , , , , , , , , , , , , , , , , , , , , , , , ,Jared,Gordon
2023 GWCF Scholarship Application,Submitted; Assigned,Application Submitted, , , , , , , , , , , , , , , , , , , , , , , , , , , , , , , ,Emilio,al-Hamady
2023 GWCF Scholarship Application,Submitted; Assigned,Application Submitted, , , , , , , , , , , , , , , , , , , , , , , , , , , , , , , ,Shetarrah,Kuck
2023 GWCF Scholarship Application,Submitted; Assigned,Application Submitted, , , , , , , , , , , , , , , , , , , , , , , , , , , , , , , ,Brandyn,Darity
2023 GWCF Scholarship Application,Submitted; Assigned,Application Submitted, , , , , , , , , , , , , , , , , , , , , , , , , , , , , , , ,Naazil,Centeno
2023 GWCF Scholarship Application,Submitted; Assigned,Application Submitted, , , , , , , , , , , , , , , , , , , , , , , , , , , , , , , ,Westley,Barros
2023 GWCF Scholarship Application,Submitted; Assigned,Application Submitted, , , , , , , , , , , , , , , , , , , , , , , , , , , , , , , ,Michiyo,Varela
2023 GWCF Scholarship Application,Submitted; Assigned; Assigned; Assigned; Assigned,Application Submitted, , , , , , , , , , , , , , , , , , , , , , , , , , , , , , , ,Taaha,Lamb
2023 GWCF Scholarship Application,Submitted; Assigned,Application Submitted, , , , , , , , , , , , , , , , , , , , , , , , , , , , , , , ,Major,Loera Lomeli
2023 GWCF Scholarship Application,Submitted; Assigned; Assigned; Assigned; Assigned; Assigned; Assigned,Application Submitted, , , , , , , , , , , , , , , , , , , , , , , , , , , , , , , ,Chiana,Lowe
2023 GWCF Scholarship Application,Submitted; Assigned,Application Submitted, , , , , , , , , , , , , , , , , , , , , , , , , , , , , , , ,Tony,Yoo
2023 GWCF Scholarship Application,Submitted; Assigned; Assigned; Assigned; Assigned; Assigned; Assigned; Assigned,Application Submitted, , , , , , , , , , , , , , , , , , , , , , , , , , , , , , , ,Shabeeba,Arguello
2023 GWCF Scholarship Application,Submitted; Assigned,Application Submitted, , , , , , , , , , , , , , , , , , , , , , , , , , , , , , , ,Humaira,el-Obeid
2023 GWCF Scholarship Application,Submitted; Assigned,Application Submitted, , , , , , , , , , , , , , , , , , , , , , , , , , , , , , , ,Miqdaad,Torain
2023 GWCF Scholarship Application,Submitted; Assigned,Application Submitted, , , , , , , , , , , , , , , , , , , , , , , , , , , , , , , ,Sayfa,Fabrizio
2023 GWCF Scholarship Application,Submitted; Assigned; Assigned; Assigned; Assigned; Assigned; Complete,Application Submitted, , , , , , , , , , , , , , , , , , , , , , , , , , , , , , , ,Souphakone,Bandreddi
2023 GWCF Scholarship Application,Submitted; Assigned,Application Submitted, , , , , , , , , , , , , , , , , , , , , , , , , , , , , , , ,Shnika,Muralidharan
2023 GWCF Scholarship Application,Submitted; Assigned,Application Submitted, , , , , , , , , , , , , , , , , , , , , , , , , , , , , , , ,Waleed,Echohawk
2023 GWCF Scholarship Application,Submitted; Assigned,Application Submitted, , , , , , , , , , , , , , , , , , , , , , , , , , , , , , , ,Monolito,Gandarilla
2023 GWCF Scholarship Application,Submitted; Assigned; Assigned; Assigned; Assigned; Assigned; Assigned; Assigned; Complete; Complete; Complete; Complete; Complete,Application Submitted, , , , , , , , , , , , , , , , , , , , , , , , , , , ,Cornell University; Cornell University, , , ,Marquis,Dickey
2023 GWCF Scholarship Application,Submitted; Assigned; Assigned; Assigned; Assigned; Assigned; Assigned; Assigned; Assigned; Assigned; Assigned; Complete,Application Submitted, , , , , , , , , , , , , , , , , , , , , , , , , , , , , , , ,Russell,Koras
2023 GWCF Scholarship Application,Submitted; Assigned,Application Submitted, , , , , , , , , , , , , , , , , , , , , , , , , , , , , , , ,Teale,Throm
2023 GWCF Scholarship Application,Submitted; Assigned; Assigned; Assigned; Assigned; Assigned; Assigned; Assigned; Assigned; Complete; Complete; Complete; Complete; Complete,Application Submitted, , , , , , , , , , , , , , , , , , , , , , , , , , , ,Endicott College; Endicott College, , , ,Erika,Briones-Pena
2023 GWCF Scholarship Application,Submitted; Assigned; Assigned; Assigned; Assigned; Assigned; Assigned; Assigned; Assigned; Assigned; Assigned; Assigned; Assigned; Assigned; Assigned; Complete; Complete; Complete; Complete; Complete,Application Submitted, , , , , , , , , , , , , , , , , , , , , , , , , , , ,Springfield College; Springfield College, , , ,Maria Elena,Kytle
2023 GWCF Scholarship Application,Submitted; Assigned,Application Submitted, , , , , , , , , , , , , , , , , , , , , , , , , , , , , , , ,Mutasim,Dittloff
2023 GWCF Scholarship Application,Submitted; Assigned; Assigned; Assigned; Assigned; Assigned; Assigned; Assigned,Application Submitted, , , , , , , , , , , , , , , , , , , , , , , , , , , , , , , ,Jeffrey,Buehler
2023 GWCF Scholarship Application,Submitted; Assigned,Application Submitted, , , , , , , , , , , , , , , , , , , , , , , , , , , , , , , ,Kawthar,Byers
2023 GWCF Scholarship Application,Submitted; Assigned; Assigned; Complete,Application Submitted, , , , , , , , , , , , , , , , , , , , , , , , , , , , , , , ,Isiah,Day
2023 GWCF Scholarship Application,Submitted; Assigned,Application Submitted, , , , , , , , , , , , , , , , , , , , , , , , , , , , , , , ,Jordynn,Horta
2023 GWCF Scholarship Application,Submitted; Assigned,Application Submitted, , , , , , , , , , , , , , , , , , , , , , , , , , , , , , , ,Rayshaan,Tayon
2023 GWCF Scholarship Application,Submitted; Assigned,Application Submitted, , , , , , , , , , , , , , , , , , , , , , , , , , , , , , , ,Prodeo,Gookin
2023 GWCF Scholarship Application,Submitted; Assigned; Assigned; Assigned; Assigned; Assigned; Assigned; Assigned; Assigned; Complete; Complete; Complete; Complete; Complete,Application Submitted, , , , , , , , , , , , , , , , , , , , , , , , , , , ,University of Connecticut; University of Connecticut, , , ,Lateefa,Camarena-Cruz
2023 GWCF Scholarship Application,Submitted; Assigned; Assigned; Assigned; Assigned,Application Submitted, , , , , , , , , , , , , , , , , , , , , , , , , , , , , , , ,Shakoora,Hamer
2023 GWCF Scholarship Application,Submitted; Assigned; Assigned; Assigned; Assigned; Assigned; Assigned; Assigned; Assigned; Assigned; Assigned; Complete,Application Submitted, , , , , , , , , , , , , , , , , , , , , , , , , , , , , , , ,Taamira,el-Zakaria
2023 GWCF Scholarship Application,Submitted; Assigned; Assigned; Assigned; Assigned; Assigned; Assigned; Assigned; Assigned; Assigned; Assigned; Complete,Application Submitted, , , , , , , , , , , , , , , , , , , , , , , , , , , , , , , ,Nichole,Aker
2023 GWCF Scholarship Application,Submitted; Assigned; Assigned; Assigned; Assigned; Assigned; Assigned; Assigned; Assigned; Assigned; Complete,Application Submitted, , , , , , , , , , , , , , , , , , , , , , , , , , , , , , , ,Fareeda,Becker
2023 GWCF Scholarship Application,Submitted; Assigned; Assigned; Assigned; Assigned; Assigned,Application Submitted, , , , , , , , , , , , , , , , , , , , , , , , , , , , , , , ,Izzat,Heidrich
2023 GWCF Scholarship Application,Submitted; Assigned,Application Submitted, , , , , , , , , , , , , , , , , , , , , , , , , , , , , , , ,Long,el-Amir
2023 GWCF Scholarship Application,Submitted; Assigned,Application Submitted, , , , , , , , , , , , , , , , , , , , , , , , , , , , , , , ,Alton,Sage
2023 GWCF Scholarship Application,Submitted; Assigned,Application Submitted, , , , , , , , , , , , , , , , , , , , , , , , , , , , , , , ,Anh,Candelario
2023 GWCF Scholarship Application,Submitted; Assigned,Application Submitted, , , , , , , , , , , , , , , , , , , , , , , , , , , , , , , ,Jeffery,Sanni
2023 GWCF Scholarship Application,Submitted; Assigned,Application Submitted, , , , , , , , , , , , , , , , , , , , , , , , , , , , , , , ,Picabo,Amdur
2023 GWCF Scholarship Application,Submitted; Assigned; Assigned; Assigned; Assigned; Assigned; Assigned; Assigned,Application Submitted, , , , , , , , , , , , , , , , , , , , , , , , , , , , , , , ,Dahlia,al-Salek
2023 GWCF Scholarship Application,Submitted; Assigned,Application Submitted, , , , , , , , , , , , , , , , , , , , , , , , , , , , , , , ,Nabeel,Martin
2023 GWCF Scholarship Application,Submitted; Assigned; Assigned; Complete,Application Submitted, , , , , , , , , , , , , , , , , , , , , , , , , , , , , , , ,Luke,Crane
2023 GWCF Scholarship Application,Submitted; Assigned; Assigned; Assigned; Assigned; Assigned,Application Submitted, , , , , , , , , , , , , , , , , , , , , , , , , , , , , , , ,Taqi,Tuiolosega
2023 GWCF Scholarship Application,Submitted; Assigned,Application Submitted, , , , , , , , , , , , , , , , , , , , , , , , , , , , , , , ,Kaiya,Centeno Leon
2023 GWCF Scholarship Application,Submitted; Assigned; Assigned; Assigned; Assigned,Application Submitted, , , , , , , , , , , , , , , , , , , , , , , , , , , , , , , ,Kent,el-Shahan
2023 GWCF Scholarship Application,Submitted; Assigned; Assigned; Assigned; Assigned,Application Submitted, , , , , , , , , , , , , , , , , , , , , , , , , , , , , , , ,Ireland,No
2023 GWCF Scholarship Application,Submitted; Assigned; Assigned; Assigned; Assigned; Assigned; Assigned; Assigned; Assigned; Assigned; Assigned; Assigned; Complete; Complete; Complete; Complete; Complete,Application Submitted, , , , , , , , , , , , , , , , , , , , , , , , , , , ,Georgia State University; Georgia State University, , , ,Cesar,al-Ismael
2023 GWCF Scholarship Application,Submitted; Assigned,Application Submitted, , , , , , , , , , , , , , , , , , , , , , , , , , , , , , , ,Angel,Arambula
2023 GWCF Scholarship Application,Submitted; Assigned,Application Submitted, , , , , , , , , , , , , , , , , , , , , , , , , , , , , , , ,Azamat,Stice
2023 GWCF Scholarship Application,Submitted,Application Submitted, , , , , , , , , , , , , , , , , , , , , , , , , , , , , , , ,Westley,Eberharter
2023 GWCF Scholarship Application,Submitted; Assigned; Assigned; Assigned; Assigned; Assigned; Assigned,Application Submitted, , , , , , , , , , , , , , , , , , , , , , , , , , , , , , , ,Howe,Trinh
2023 GWCF Scholarship Application,Submitted; Assigned; Assigned; Assigned; Assigned; Assigned; Assigned; Complete,Application Submitted, , , , , , , , , , , , , , , , , , , , , , , , , , , , , , , ,Thong,Shaffer
2023 GWCF Scholarship Application,Submitted; Assigned; Assigned; Assigned; Assigned,Application Submitted, , , , , , , , , , , , , , , , , , , , , , , , , , , , , , , ,Joann,Soria
2023 GWCF Scholarship Application,Submitted; Assigned; Assigned; Assigned; Assigned; Assigned; Assigned; Assigned; Assigned; Assigned; Assigned; Assigned; Assigned; Complete; Complete; Complete; Complete; Complete,Application Submitted, , , , , , , , , , , , , , , , , , , , , , , , , , , ,MCPHS University; MCPHS University, , , ,Raheema,Amgalanbayar
2023 GWCF Scholarship Application,Submitted; Assigned; Assigned; Assigned; Assigned,Application Submitted, , , , , , , , , , , , , , , , , , , , , , , , , , , , , , , ,Trina,Boogert
2023 GWCF Scholarship Application,Submitted; Assigned; Assigned; Complete; Complete,Application Submitted, , , , , , , , , , , , , , , , , , , , , , , , , , , , , , , ,Alex,Hobley
2023 GWCF Scholarship Application,Submitted; Assigned,Application Submitted, , , , , , , , , , , , , , , , , , , , , , , , , , , , , , , ,Rosemary,Uhland
2023 GWCF Scholarship Application,Submitted; Assigned; Assigned; Assigned,Application Submitted, , , , , , , , , , , , , , , , , , , , , , , , , , , , , , , ,Brittney,Carrillo
2023 GWCF Scholarship Application,Submitted; Assigned,Application Submitted, , , , , , , , , , , , , , , , , , , , , , , , , , , , , , , ,Vanya,Lopez-Carrizales
2023 GWCF Scholarship Application,Submitted; Assigned,Application Submitted, , , , , , , , , , , , , , , , , , , , , , , , , , , , , , , ,Izaiah,Tu
2023 GWCF Scholarship Application,Submitted; Assigned; Assigned; Assigned; Assigned; Assigned; Assigned; Assigned; Assigned; Assigned; Assigned; Assigned; Assigned; Assigned; Assigned; Assigned; Complete; Complete; Complete; Complete; Complete,Application Submitted, , , , , , , , , , , , , , , , , , , , , , , , , , , ,Boston University; Boston University, , , ,Mi,Wands
2023 GWCF Scholarship Application,Submitted; Assigned,Application Submitted, , , , , , , , , , , , , , , , , , , , , , , , , , , , , , , ,Abdur Razzaaq,Durlin
2023 GWCF Scholarship Application,Submitted; Assigned,Application Submitted, , , , , , , , , , , , , , , , , , , , , , , , , , , , , , , ,Saajid,Dickey
2023 GWCF Scholarship Application,Submitted; Assigned,Application Submitted, , , , , , , , , , , , , , , , , , , , , , , , , , , , , , , ,Munisa,Bron
2023 GWCF Scholarship Application,Submitted; Assigned; Assigned; Complete,Application Submitted, , , , , , , , , , , , , , , , , , , , , , , , , , , , , , , ,Kindra,Celestin
2023 GWCF Scholarship Application,Submitted; Assigned; Assigned; Assigned; Assigned; Assigned; Assigned; Complete; Complete; Complete; Complete; Complete,Application Submitted, , , , , , , , , , , , , , , , , , , , , , , , , , , ,University of New England; University of New England, , , ,Karlos,el-Ramadan
2023 GWCF Scholarship Application,Submitted; Assigned,Application Submitted, , , , , , , , , , , , , , , , , , , , , , , , , , , , , , , ,Kurt,Senthil Nathan
2023 GWCF Scholarship Application,Submitted; Assigned; Assigned; Assigned; Assigned; Assigned; Assigned; Assigned,Application Submitted, , , , , , , , , , , , , , , , , , , , , , , , , , , , , , , ,Nabeel,Diaz-Meyer
2023 GWCF Scholarship Application,Submitted; Assigned,Application Submitted, , , , , , , , , , , , , , , , , , , , , , , , , , , , , , , ,Roger,al-Hameed
2023 GWCF Scholarship Application,Submitted; Assigned; Assigned; Assigned; Assigned; Assigned; Assigned; Assigned; Assigned; Assigned; Assigned; Assigned; Assigned; Assigned,Application Submitted, , , , , , , , , , , , , , , , , , , , , , , , , , , , , , , ,De'Vonta,Mcstraw
2023 GWCF Scholarship Application,Submitted; Assigned,Application Submitted, , , , , , , , , , , , , , , , , , , , , , , , , , , , , , , ,Hyeju,Dai
2023 GWCF Scholarship Application,Submitted; Assigned; Assigned; Assigned; Assigned; Assigned; Assigned; Assigned; Assigned; Assigned; Assigned,Application Submitted, , , , , , , , , , , , , , , , , , , , , , , , , , , , , , , ,Jalaal,Gaston
2023 GWCF Scholarship Application,Submitted; Assigned,Application Submitted, , , , , , , , , , , , , , , , , , , , , , , , , , , , , , , ,Kabeer,al-Abdulla
2023 GWCF Scholarship Application,Submitted; Assigned; Assigned; Assigned; Assigned; Assigned; Assigned; Assigned; Assigned; Assigned; Assigned; Assigned; Assigned; Assigned; Assigned; Assigned; Assigned; Assigned; Assigned; Assigned; Assigned; Assigned; Assigned; Assigned; Assigned; Assigned; Assigned; Assigned; Complete; Complete; Complete; Complete; Complete,Application Submitted, , , , , , , , , , , , , , , , , , , , , , , , , , , ,Gordon College; Gordon College, , , ,Jayelin,Rad
2023 GWCF Scholarship Application,Submitted; Assigned,Application Submitted, , , , , , , , , , , , , , , , , , , , , , , , , , , , , , , ,Allicia,al-Rehmann
2023 GWCF Scholarship Application,Submitted; Assigned; Assigned; Assigned; Assigned; Assigned; Assigned; Complete; Complete; Complete; Complete; Complete,Application Submitted, , , , , , , , , , , , , , , , , , , , , , , , , , , ,Cummings School of Veterinary Medicine at Tufts University; Tufts University, , , ,Abhaya,Cordero
2023 GWCF Scholarship Application,Submitted; Assigned; Assigned; Complete,Application Submitted, , , , , , , , , , , , , , , , , , , , , , , , , , , , , , , ,Ana Maria,Molina-Gutierrez
2023 GWCF Scholarship Application,Submitted; Assigned,Application Submitted, , , , , , , , , , , , , , , , , , , , , , , , , , , , , , , ,Andres,Vigil Salgado
2023 GWCF Scholarship Application,Submitted; Assigned; Assigned; Assigned; Assigned; Assigned; Assigned; Complete,Application Submitted, , , , , , , , , , , , , , , , , , , , , , , , , , , , , , , ,Picabo,Tejada
2023 GWCF Scholarship Application,Submitted; Assigned,Application Submitted, , , , , , , , , , , , , , , , , , , , , , , , , , , , , , , ,Jaalen,Ashcroft-Bitsilly
2023 GWCF Scholarship Application,Submitted; Assigned,Application Submitted, , , , , , , , , , , , , , , , , , , , , , , , , , , , , , , ,Brenda,Aguilera
2023 GWCF Scholarship Application,Submitted; Assigned; Assigned; Assigned; Assigned; Assigned; Assigned; Assigned; Assigned; Assigned; Assigned; Assigned,Application Submitted, , , , , , , , , , , , , , , , , , , , , , , , , , , , , , , ,Nahom,Koerner
2023 GWCF Scholarship Application,Submitted; Assigned,Application Submitted, , , , , , , , , , , , , , , , , , , , , , , , , , , , , , , ,Stephen,al-Halaby
2023 GWCF Scholarship Application,Submitted; Assigned; Assigned; Assigned; Assigned; Assigned; Assigned; Assigned; Assigned; Assigned; Assigned; Assigned; Assigned; Assigned; Assigned; Assigned; Assigned; Assigned; Assigned; Assigned; Assigned; Assigned; Complete; Complete; Complete; Complete; Complete,Application Submitted, , , , , , , , , , , , , , , , , , , , , , , , , , , ,Boston University; Boston University, , , ,Xavia,Mccarty
2023 GWCF Scholarship Application,Submitted; Assigned; Assigned; Assigned; Assigned; Assigned; Complete,Application Submitted, , , , , , , , , , , , , , , , , , , , , , , , , , , , , , , ,Ohitike,el-Sinai
2023 GWCF Scholarship Application,Submitted; Assigned; Assigned; Assigned; Assigned; Assigned; Assigned; Assigned; Assigned; Assigned; Assigned; Assigned; Assigned; Assigned; Complete,Application Submitted, , , , , , , , , , , , , , , , , , , , , , , , , , , , , , , ,Wyleen,Macasinag
2023 GWCF Scholarship Application,Submitted; Assigned; Assigned; Assigned; Assigned; Assigned; Assigned; Assigned; Complete,Application Submitted, , , , , , , , , , , , , , , , , , , , , , , , , , , , , , , ,Fernanda,Leamons
2023 GWCF Scholarship Application,Submitted; Assigned; Assigned; Assigned,Application Submitted, , , , , , , , , , , , , , , , , , , , , , , , , , , , , , , ,Ta,Donaldson
2023 GWCF Scholarship Application,Submitted; Assigned,Application Submitted, , , , , , , , , , , , , , , , , , , , , , , , , , , , , , , ,Halley,Howard
2023 GWCF Scholarship Application,Submitted; Assigned,Application Submitted, , , , , , , , , , , , , , , , , , , , , , , , , , , , , , , ,Xai,Robertson
2023 GWCF Scholarship Application,Submitted; Assigned,Application Submitted, , , , , , , , , , , , , , , , , , , , , , , , , , , , , , , ,Aqeela,Riggins
2023 GWCF Scholarship Application,Submitted; Assigned; Assigned; Assigned; Assigned,Application Submitted, , , , , , , , , , , , , , , , , , , , , , , , , , , , , , , ,Emmanuel,Montgomery
2023 GWCF Scholarship Application,Submitted; Assigned,Application Submitted, , , , , , , , , , , , , , , , , , , , , , , , , , , , , , , ,Armonno,Abebe
2023 GWCF Scholarship Application,Submitted; Assigned; Assigned; Assigned; Assigned; Assigned; Assigned; Assigned; Assigned; Assigned; Assigned; Assigned; Complete; Complete; Complete; Complete; Complete,Application Submitted, , , , , , , , , , , , , , , , , , , , , , , , , , , ,Assumption University; Assumption University, , , ,Ignacio,Longwing
2023 GWCF Scholarship Application,Submitted; Assigned,Application Submitted, , , , , , , , , , , , , , , , , , , , , , , , , , , , , , , ,Traivon,Petrie
2023 GWCF Scholarship Application,Submitted; Assigned; Assigned; Assigned; Assigned; Assigned; Assigned; Assigned; Assigned; Assigned; Assigned,Application Submitted, , , , , , , , , , , , , , , , , , , , , , , , , , , , , , , ,Jaquelin,Gamet
2023 GWCF Scholarship Application,Submitted; Assigned,Application Submitted, , , , , , , , , , , , , , , , , , , , , , , , , , , , , , , ,Bibek,el-Tamer
2023 GWCF Scholarship Application,Submitted; Assigned,Application Submitted, , , , , , , , , , , , , , , , , , , , , , , , , , , , , , , ,Humaidaan,el-Khalaf
2023 GWCF Scholarship Application,Submitted; Assigned; Assigned; Assigned,Application Submitted, , , , , , , , , , , , , , , , , , , , , , , , , , , , , , , ,Qaasim,Medina-Chavez
2023 GWCF Scholarship Application,Submitted; Assigned,Application Submitted, , , , , , , , , , , , , , , , , , , , , , , , , , , , , , , ,Gabrielle,Newby
2023 GWCF Scholarship Application,Submitted; Assigned,Application Submitted, , , , , , , , , , , , , , , , , , , , , , , , , , , , , , , ,Zaamil,Carolina
2023 GWCF Scholarship Application,Submitted; Assigned,Application Submitted, , , , , , , , , , , , , , , , , , , , , , , , , , , , , , , ,Aimee,Mckiver
2023 GWCF Scholarship Application,Submitted; Assigned; Assigned; Assigned; Assigned; Assigned; Assigned,Application Submitted, , , , , , , , , , , , , , , , , , , , , , , , , , , , , , , ,Jacob,Willcutt
2023 GWCF Scholarship Application,Submitted; Assigned,Application Submitted, , , , , , , , , , , , , , , , , , , , , , , , , , , , , , , ,Reese,el-Aman
2023 GWCF Scholarship Application,Submitted; Assigned,Application Submitted, , , , , , , , , , , , , , , , , , , , , , , , , , , , , , , ,Daizha,Oh
2023 GWCF Scholarship Application,Submitted; Assigned; Assigned; Assigned; Assigned; Assigned; Assigned,Application Submitted, , , , , , , , , , , , , , , , , , , , , , , , , , , , , , , ,Sahel,Weeks
2023 GWCF Scholarship Application,Submitted; Assigned,Application Submitted, , , , , , , , , , , , , , , , , , , , , , , , , , , , , , , ,Abiy,Carrillo Valencia
2023 GWCF Scholarship Application,Submitted; Assigned; Assigned; Complete,Application Submitted, , , , , , , , , , , , , , , , , , , , , , , , , , , , , , , ,Manaara,Ayers
2023 GWCF Scholarship Application,Submitted; Assigned,Application Submitted, , , , , , , , , , , , , , , , , , , , , , , , , , , , , , , ,Monique,Tor Agbidye
2023 GWCF Scholarship Application,Submitted; Assigned,Application Submitted, , , , , , , , , , , , , , , , , , , , , , , , , , , , , , , ,Vanya,Ayala
2023 GWCF Scholarship Application,Submitted; Assigned; Assigned; Assigned; Assigned; Assigned; Assigned,Application Submitted, , , , , , , , , , , , , , , , , , , , , , , , , , , , , , , ,Rian,Legarreta
2023 GWCF Scholarship Application,Submitted; Assigned,Application Submitted, , , , , , , , , , , , , , , , , , , , , , , , , , , , , , , ,Cynthia,Talbert
2023 GWCF Scholarship Application,Submitted; Assigned; Assigned; Complete,Application Submitted, , , , , , , , , , , , , , , , , , , , , , , , , , , , , , , ,Orlando,Ordaz
2023 GWCF Scholarship Application,Submitted; Assigned,Application Submitted, , , , , , , , , , , , , , , , , , , , , , , , , , , , , , , ,Luisa,al-Awan
2023 GWCF Scholarship Application,Submitted; Assigned; Assigned; Assigned; Assigned; Assigned; Assigned; Assigned; Assigned; Assigned,Application Submitted, , , , , , , , , , , , , , , , , , , , , , , , , , , , , , , ,Jaymie Leigh,Mamdu
2023 GWCF Scholarship Application,Submitted; Assigned; Assigned; Assigned; Assigned; Assigned; Assigned; Assigned; Assigned; Assigned; Assigned; Complete,Application Submitted, , , , , , , , , , , , , , , , , , , , , , , , , , , , , , , ,Allicia,Mckee
2023 GWCF Scholarship Application,Submitted; Assigned; Assigned; Assigned,Application Submitted, , , , , , , , , , , , , , , , , , , , , , , , , , , , , , , ,Abraham,Embry
2023 GWCF Scholarship Application,Submitted; Assigned,Application Submitted, , , , , , , , , , , , , , , , , , , , , , , , , , , , , , , ,Muneefa,Pourier
2023 GWCF Scholarship Application,Submitted; Assigned; Assigned; Assigned; Assigned; Assigned; Assigned; Assigned; Assigned,Application Submitted, , , , , , , , , , , , , , , , , , , , , , , , , , , , , , , ,Roice,Olson
2023 GWCF Scholarship Application,Submitted; Assigned,Application Submitted, , , , , , , , , , , , , , , , , , , , , , , , , , , , , , , ,Saamyya,Purrington
2023 GWCF Scholarship Application,Submitted; Assigned; Assigned; Assigned; Assigned,Application Submitted, , , , , , , , , , , , , , , , , , , , , , , , , , , , , , , ,Mareeon,De La Rosa
2023 GWCF Scholarship Application,Submitted; Assigned; Assigned; Assigned; Assigned; Assigned; Complete,Application Submitted, , , , , , , , , , , , , , , , , , , , , , , , , , , , , , , ,Deshawn Joseph,Blevans
2023 GWCF Scholarship Application,Submitted; Assigned; Assigned; Assigned; Assigned; Assigned; Assigned; Assigned; Assigned; Assigned; Assigned; Assigned; Assigned; Assigned; Assigned; Complete,Application Submitted, , , , , , , , , , , , , , , , , , , , , , , , , , , , , , , ,Kentorra,Bardsley
2023 GWCF Scholarship Application,Submitted; Assigned; Assigned; Assigned; Assigned; Assigned,Application Submitted, , , , , , , , , , , , , , , , , , , , , , , , , , , , , , , ,Najeem,Field
2023 GWCF Scholarship Application,Submitted; Assigned; Assigned; Assigned; Assigned,Application Submitted, , , , , , , , , , , , , , , , , , , , , , , , , , , , , , , ,Yadira,Kunstman
2023 GWCF Scholarship Application,Submitted; Assigned; Assigned; Assigned; Assigned; Assigned; Assigned; Assigned; Assigned; Assigned; Assigned; Complete,Application Submitted, , , , , , , , , , , , , , , , , , , , , , , , , , , , , , , ,Yadira,Slusarchyk
2023 GWCF Scholarship Application,Submitted; Assigned,Application Submitted, , , , , , , , , , , , , , , , , , , , , , , , , , , , , , , ,Qaasim,al-Gad
2023 GWCF Scholarship Application,Submitted; Assigned; Assigned; Assigned; Assigned,Application Submitted, , , , , , , , , , , , , , , , , , , , , , , , , , , , , , , ,Roger,Pavisook
2023 GWCF Scholarship Application,Submitted; Assigned,Application Submitted, , , , , , , , , , , , , , , , , , , , , , , , , , , , , , , ,Andres,Blalock
2023 GWCF Scholarship Application,Submitted; Assigned,Application Submitted, , , , , , , , , , , , , , , , , , , , , , , , , , , , , , , ,Rawda,Dominguez
2023 GWCF Scholarship Application,Submitted; Assigned,Application Submitted, , , , , , , , , , , , , , , , , , , , , , , , , , , , , , , ,Miriah,al-Rashed
2023 GWCF Scholarship Application,Submitted; Assigned; Assigned; Assigned; Assigned; Assigned; Assigned; Assigned; Assigned; Complete; Complete; Complete; Complete,Application Submitted, , , , , , , , , , , , , , , , , , , , , , , , , , , ,Worcester State University, , , ,Abhaya,el-Allee
2023 GWCF Scholarship Application,Submitted; Assigned,Application Submitted, , , , , , , , , , , , , , , , , , , , , , , , , , , , , , , ,Jalaal,Oliva
2023 GWCF Scholarship Application,Submitted; Assigned; Assigned; Assigned; Assigned; Assigned; Assigned; Complete,Application Submitted, , , , , , , , , , , , , , , , , , , , , , , , , , , , , , , ,Abdul Noor,Quinonez
2023 GWCF Scholarship Application,Submitted; Assigned,Application Submitted, , , , , , , , , , , , , , , , , , , , , , , , , , , , , , , ,Whitney,Oster
2023 GWCF Scholarship Application,Submitted; Assigned,Application Submitted, , , , , , , , , , , , , , , , , , , , , , , , , , , , , , , ,Taeler,Palmier
2023 GWCF Scholarship Application,Submitted; Assigned,Application Submitted, , , , , , , , , , , , , , , , , , , , , , , , , , , , , , , ,Camrey,Banda
2023 GWCF Scholarship Application,Submitted; Assigned; Assigned; Assigned; Assigned; Assigned; Assigned; Assigned; Assigned; Assigned; Assigned; Complete; Complete; Complete; Complete; Complete,Application Submitted, , , , , , , , , , , , , , , , , , , , , , , , , , , ,University of Massachusetts at Amherst; University of Massachusetts at Amherst, , , ,Nevin,Shain
2023 GWCF Scholarship Application,Submitted; Assigned; Assigned; Assigned; Assigned; Assigned; Assigned,Application Submitted, , , , , , , , , , , , , , , , , , , , , , , , , , , , , , , ,D'Mitri,el-Nasr
2023 GWCF Scholarship Application,Submitted; Assigned; Assigned; Assigned; Assigned; Assigned; Complete,Application Submitted, , , , , , , , , , , , , , , , , , , , , , , , , , , , , , , ,K'Sandra,Guenther
2023 GWCF Scholarship Application,Submitted; Assigned; Assigned; Assigned; Assigned; Assigned; Assigned; Assigned; Assigned; Assigned; Complete,Application Submitted, , , , , , , , , , , , , , , , , , , , , , , , , , , , , , , ,Idrianna,Manlove
2023 GWCF Scholarship Application,Submitted; Assigned,Application Submitted, , , , , , , , , , , , , , , , , , , , , , , , , , , , , , , ,K'Lyn,al-Ibrahim
2023 GWCF Scholarship Application,Submitted; Assigned; Assigned; Assigned; Assigned,Application Submitted, , , , , , , , , , , , , , , , , , , , , , , , , , , , , , , ,Michal,Gould
2023 GWCF Scholarship Application,Submitted; Assigned,Application Submitted, , , , , , , , , , , , , , , , , , , , , , , , , , , , , , , ,Brice,Lipps
2023 GWCF Scholarship Application,Submitted; Assigned; Assigned; Assigned; Assigned,Application Submitted, , , , , , , , , , , , , , , , , , , , , , , , , , , , , , , ,Catarina,al-Lodi
2023 GWCF Scholarship Application,Submitted; Assigned,Application Submitted, , , , , , , , , , , , , , , , , , , , , , , , , , , , , , , ,Kent,Isais-Pando
2023 GWCF Scholarship Application,Submitted; Assigned,Application Submitted, , , , , , , , , , , , , , , , , , , , , , , , , , , , , , , ,Tabeion,Minter
2023 GWCF Scholarship Application,Submitted; Assigned; Assigned; Assigned; Assigned; Assigned; Assigned; Assigned; Assigned; Assigned; Assigned; Complete,Application Submitted, , , , , , , , , , , , , , , , , , , , , , , , , , , , , , , ,Lee,Bruno
2023 GWCF Scholarship Application,Submitted; Assigned,Application Submitted, , , , , , , , , , , , , , , , , , , , , , , , , , , , , , , ,Vanya,Khan
2023 GWCF Scholarship Application,Submitted; Assigned; Assigned; Complete; Complete; Complete; Complete; Complete,Application Submitted, , , , , , , , , , , , , , , , , , , , , , , , , , , ,Hofstra University; Other,New England Law, , ,Emmanuel,Eyasu
2023 GWCF Scholarship Application,Submitted; Assigned,Application Submitted, , , , , , , , , , , , , , , , , , , , , , , , , , , , , , , ,Lena,Andrews
2023 GWCF Scholarship Application,Submitted; Assigned,Application Submitted, , , , , , , , , , , , , , , , , , , , , , , , , , , , , , , ,Linda,Edd
2023 GWCF Scholarship Application,Submitted; Assigned,Application Submitted, , , , , , , , , , , , , , , , , , , , , , , , , , , , , , , ,Taijeona,al-Guler
2023 GWCF Scholarship Application,Submitted; Assigned; Assigned; Assigned; Assigned; Assigned; Assigned; Assigned,Application Submitted, , , , , , , , , , , , , , , , , , , , , , , , , , , , , , , ,Nabeel,Renz
2023 GWCF Scholarship Application,Submitted; Assigned,Application Submitted, , , , , , , , , , , , , , , , , , , , , , , , , , , , , , , ,Rashawnya,Kuntz
2023 GWCF Scholarship Application,Submitted; Assigned,Application Submitted, , , , , , , , , , , , , , , , , , , , , , , , , , , , , , , ,Khiry,Thakur
2023 GWCF Scholarship Application,Submitted; Assigned,Application Submitted, , , , , , , , , , , , , , , , , , , , , , , , , , , , , , , ,Ivan,el-Hossain
2023 GWCF Scholarship Application,Submitted; Assigned,Application Submitted, , , , , , , , , , , , , , , , , , , , , , , , , , , , , , , ,Yeilin,Kawal
2023 GWCF Scholarship Application,Submitted; Assigned,Application Submitted, , , , , , , , , , , , , , , , , , , , , , , , , , , , , , , ,Jaelyn,Omerovic
2023 GWCF Scholarship Application,Submitted; Assigned; Assigned; Assigned; Assigned; Assigned; Assigned; Assigned; Assigned; Complete,Application Submitted, , , , , , , , , , , , , , , , , , , , , , , , , , , , , , , ,Jyotshal,al-Selim
2023 GWCF Scholarship Application,Submitted; Assigned,Application Submitted, , , , , , , , , , , , , , , , , , , , , , , , , , , , , , , ,Shaakira,Trembly
2023 GWCF Scholarship Application,Submitted; Assigned,Application Submitted, , , , , , , , , , , , , , , , , , , , , , , , , , , , , , , ,Westley,Rovik
2023 GWCF Scholarship Application,Submitted; Assigned,Application Submitted, , , , , , , , , , , , , , , , , , , , , , , , , , , , , , , ,Travonta,el-Mohiuddin
2023 GWCF Scholarship Application,Submitted; Assigned; Assigned; Assigned; Assigned; Assigned; Complete; Complete,Application Submitted, , , , , , , , , , , , , , , , , , , , , , , , , , , , , , , ,Shaquasia,Taylor
2023 GWCF Scholarship Application,Submitted; Assigned,Application Submitted, , , , , , , , , , , , , , , , , , , , , , , , , , , , , , , ,Shasta,Aldret
2023 GWCF Scholarship Application,Submitted; Assigned; Assigned; Assigned; Assigned; Assigned; Assigned; Assigned; Complete,Application Submitted, , , , , , , , , , , , , , , , , , , , , , , , , , , , , , , ,Edwin,Jackson
2023 GWCF Scholarship Application,Submitted; Assigned; Assigned; Assigned; Assigned,Application Submitted, , , , , , , , , , , , , , , , , , , , , , , , , , , , , , , ,Ivan,Gandarilla
2023 GWCF Scholarship Application,Submitted; Assigned,Application Submitted, , , , , , , , , , , , , , , , , , , , , , , , , , , , , , , ,Vanya,Lopez-Carrizales
2023 GWCF Scholarship Application,Submitted; Assigned,Application Submitted, , , , , , , , , , , , , , , , , , , , , , , , , , , , , , , ,Humaira,Gantvoort
2023 GWCF Scholarship Application,Submitted; Assigned,Application Submitted, , , , , , , , , , , , , , , , , , , , , , , , , , , , , , , ,Tasneem,Gantvoort
2023 GWCF Scholarship Application,Submitted; Assigned; Assigned; Assigned; Assigned,Application Submitted, , , , , , , , , , , , , , , , , , , , , , , , , , , , , , , ,Daizha,Claycomb
2023 GWCF Scholarship Application,Submitted; Assigned; Assigned; Assigned; Assigned; Assigned; Assigned,Application Submitted, , , , , , , , , , , , , , , , , , , , , , , , , , , , , , , ,Shabeeba,Tarr
2023 GWCF Scholarship Application,Submitted; Assigned; Assigned; Assigned; Assigned; Assigned; Assigned; Assigned; Assigned; Assigned; Assigned; Assigned; Assigned; Assigned; Assigned; Complete,Application Submitted, , , , , , , , , , , , , , , , , , , , , , , , , , , , , , , ,Essence,al-Soliman
2023 GWCF Scholarship Application,Submitted; Assigned,Application Submitted, , , , , , , , , , , , , , , , , , , , , , , , , , , , , , , ,Douglas,Zenger
2023 GWCF Scholarship Application,Submitted; Assigned,Application Submitted, , , , , , , , , , , , , , , , , , , , , , , , , , , , , , , ,France,al-Safar
2023 GWCF Scholarship Application,Submitted; Assigned,Application Submitted, , , , , , , , , , , , , , , , , , , , , , , , , , , , , , , ,Khongmong,Sargent
2023 GWCF Scholarship Application,Submitted; Assigned,Application Submitted, , , , , , , , , , , , , , , , , , , , , , , , , , , , , , , ,Tanisha,Royval
2023 GWCF Scholarship Application,Submitted; Assigned; Assigned; Assigned; Assigned; Assigned; Assigned; Complete; Complete; Complete; Complete,Application Submitted, , , , , , , , , , , , , , , , , , , , , , , , , , , ,University of Connecticut; University of Connecticut, , , ,Simcha,Gezaw
2023 GWCF Scholarship Application,Submitted; Assigned,Application Submitted, , , , , , , , , , , , , , , , , , , , , , , , , , , , , , , ,Celine,Wambach
2023 GWCF Scholarship Application,Submitted; Assigned; Assigned; Assigned; Assigned,Application Submitted, , , , , , , , , , , , , , , , , , , , , , , , , , , , , , , ,Bryce,Krabbe
2023 GWCF Scholarship Application,Submitted,Application Submitted, , , , , , , , , , , , , , , , , , , , , , , , , , , , , , , ,Nabeel,Matlock
2023 GWCF Scholarship Application,Submitted; Assigned; Assigned; Assigned; Assigned; Assigned; Assigned; Complete; Complete; Complete; Complete; Complete,Application Submitted, , , , , , , , , , , , , , , , , , , , , , , , , , , ,Rensselaer Polytechnic Institute; Rensselaer Polytechnic Institute, , , ,Kezia,Huston-Harkin
2023 GWCF Scholarship Application,Submitted; Assigned,Application Submitted, , , , , , , , , , , , , , , , , , , , , , , , , , , , , , , ,Tediana,al-Fadel
2023 GWCF Scholarship Application,Submitted; Assigned,Application Submitted, , , , , , , , , , , , , , , , , , , , , , , , , , , , , , , ,Neal,el-Abdi
2023 GWCF Scholarship Application,Submitted; Assigned,Application Submitted, , , , , , , , , , , , , , , , , , , , , , , , , , , , , , , ,Xai,Ray
2023 GWCF Scholarship Application,Submitted; Assigned,Application Submitted, , , , , , , , , , , , , , , , , , , , , , , , , , , , , , , ,Stephany,Channel
2023 GWCF Scholarship Application,Submitted; Assigned; Assigned; Assigned; Assigned; Assigned; Assigned; Assigned; Assigned; Assigned; Assigned; Assigned; Assigned; Assigned; Assigned; Complete,Application Submitted, , , , , , , , , , , , , , , , , , , , , , , , , , , , , , , ,Xai,Mackey
2023 GWCF Scholarship Application,Submitted; Assigned; Assigned; Assigned; Assigned,Application Submitted, , , , , , , , , , , , , , , , , , , , , , , , , , , , , , , ,Qaasim,Cochran
2023 GWCF Scholarship Application,Submitted; Assigned,Application Submitted, , , , , , , , , , , , , , , , , , , , , , , , , , , , , , , ,Brice,Stoops
2023 GWCF Scholarship Application,Submitted; Assigned; Assigned; Complete; Complete; Complete; Complete; Complete,Application Submitted, , , , , , , , , , , , , , , , , , , , , , , , , , , ,Stonehill College; Stonehill College, , , ,Yadira,Daly
2023 GWCF Scholarship Application,Submitted; Assigned; Assigned; Assigned; Assigned; Assigned,Application Submitted, , , , , , , , , , , , , , , , , , , , , , , , , , , , , , , ,Kabowd,al-Nasrallah
2023 GWCF Scholarship Application,Submitted; Assigned,Application Submitted, , , , , , , , , , , , , , , , , , , , , , , , , , , , , , , ,Kursh,Lovan
2023 GWCF Scholarship Application,Submitted; Assigned,Application Submitted, , , , , , , , , , , , , , , , , , , , , , , , , , , , , , , ,Taqi,Ta
2023 GWCF Scholarship Application,Submitted; Assigned; Assigned; Assigned; Assigned; Assigned,Application Submitted, , , , , , , , , , , , , , , , , , , , , , , , , , , , , , , ,Kailib,Bird
2023 GWCF Scholarship Application,Submitted; Assigned,Application Submitted, , , , , , , , , , , , , , , , , , , , , , , , , , , , , , , ,Hamdoona,Hyden-Terry
2023 GWCF Scholarship Application,Submitted; Assigned; Assigned; Assigned; Assigned; Assigned; Complete,Application Submitted, , , , , , , , , , , , , , , , , , , , , , , , , , , , , , , ,Andi,Stark
2023 GWCF Scholarship Application,Submitted; Assigned,Application Submitted, , , , , , , , , , , , , , , , , , , , , , , , , , , , , , , ,Izaiah,Chacon
2023 GWCF Scholarship Application,Submitted; Assigned,Application Submitted, , , , , , , , , , , , , , , , , , , , , , , , , , , , , , , ,Shadi,Jahn
2023 GWCF Scholarship Application,Submitted; Assigned,Application Submitted, , , , , , , , , , , , , , , , , , , , , , , , , , , , , , , ,Rafael,el-Nazir
2023 GWCF Scholarship Application,Submitted; Assigned; Assigned; Assigned; Assigned,Application Submitted, , , , , , , , , , , , , , , , , , , , , , , , , , , , , , , ,Kysha,Dagher
2023 GWCF Scholarship Application,Submitted; Assigned; Assigned; Assigned; Assigned; Assigned; Assigned,Application Submitted, , , , , , , , , , , , , , , , , , , , , , , , , , , , , , , ,Izzaddeen,Feltman
2023 GWCF Scholarship Application,Submitted; Assigned,Application Submitted, , , , , , , , , , , , , , , , , , , , , , , , , , , , , , , ,Mutasim,Temaat
2023 GWCF Scholarship Application,Submitted; Assigned,Application Submitted, , , , , , , , , , , , , , , , , , , , , , , , , , , , , , , ,Munisa,Meli
2023 GWCF Scholarship Application,Submitted; Assigned,Application Submitted, , , , , , , , , , , , , , , , , , , , , , , , , , , , , , , ,Nyandi,al-Jamil
2023 GWCF Scholarship Application,Submitted; Assigned; Assigned; Assigned; Assigned,Application Submitted, , , , , , , , , , , , , , , , , , , , , , , , , , , , , , , ,Dhaafir,el-Attar
2023 GWCF Scholarship Application,Submitted; Assigned,Application Submitted, , , , , , , , , , , , , , , , , , , , , , , , , , , , , , , ,Rian,Otgontulga
2023 GWCF Scholarship Application,Submitted; Assigned; Assigned; Assigned; Assigned; Assigned; Assigned; Complete,Application Submitted, , , , , , , , , , , , , , , , , , , , , , , , , , , , , , , ,Amoni,Tambunan
2023 GWCF Scholarship Application,Submitted; Assigned,Application Submitted, , , , , , , , , , , , , , , , , , , , , , , , , , , , , , , ,Izaak,Eisele
2023 GWCF Scholarship Application,Submitted; Assigned; Assigned; Assigned; Assigned; Assigned; Complete; Complete; Complete; Complete; Complete,Application Submitted, , , , , , , , , , , , , , , , , , , , , , , , , , , ,Hamilton College; Hamilton College, , , ,My,Castorena
2023 GWCF Scholarship Application,Submitted; Assigned,Application Submitted, , , , , , , , , , , , , , , , , , , , , , , , , , , , , , , ,Aimee,Mikesell
2023 GWCF Scholarship Application,Submitted; Assigned; Assigned; Assigned; Assigned,Application Submitted, , , , , , , , , , , , , , , , , , , , , , , , , , , , , , , ,Blake,al-Sultan
2023 GWCF Scholarship Application,Submitted; Assigned,Application Submitted, , , , , , , , , , , , , , , , , , , , , , , , , , , , , , , ,Jyotshal,Hulbert
2023 GWCF Scholarship Application,Submitted; Assigned,Application Submitted, , , , , , , , , , , , , , , , , , , , , , , , , , , , , , , ,Fareeda,al-Jamail
2023 GWCF Scholarship Application,Submitted; Assigned; Assigned; Complete; Complete; Complete,Application Submitted, , , , , , , , , , , , , , , , , , , , , , , , , , , ,Dean College; Dean College, , , ,Raheema,Snider
2023 GWCF Scholarship Application,Submitted; Assigned,Application Submitted, , , , , , , , , , , , , , , , , , , , , , , , , , , , , , , ,Janei,Florez
2023 GWCF Scholarship Application,Submitted; Assigned; Assigned; Assigned; Assigned; Assigned; Complete; Complete; Complete; Complete; Complete,Application Submitted, , , , , , , , , , , , , , , , , , , , , , , , , , , ,Massachusetts College of Art and Design; Massachusetts College of Art and Design, , , ,Dayshawn,Griffie
2023 GWCF Scholarship Application,Submitted; Assigned,Application Submitted, , , , , , , , , , , , , , , , , , , , , , , , , , , , , , , ,Olivya,Pinelle
2023 GWCF Scholarship Application,Submitted; Assigned; Assigned; Assigned; Assigned; Assigned; Assigned; Assigned; Assigned; Complete,Application Submitted, , , , , , , , , , , , , , , , , , , , , , , , , , , , , , , ,Brendon,Channel
2023 GWCF Scholarship Application,Submitted; Assigned; Assigned; Assigned; Assigned; Assigned; Complete,Application Submitted, , , , , , , , , , , , , , , , , , , , , , , , , , , , , , , ,Rhiannon,el-Bacho
2023 GWCF Scholarship Application,Submitted; Assigned; Assigned; Complete; Complete; Complete; Complete; Complete,Application Submitted, , , , , , , , , , , , , , , , , , , , , , , , , , , ,University of Massachusetts at Amherst; University of Massachusetts at Amherst, , , ,Adham,Vinegar
2023 GWCF Scholarship Application,Submitted; Assigned; Assigned; Assigned; Assigned; Assigned; Assigned,Application Submitted, , , , , , , , , , , , , , , , , , , , , , , , , , , , , , , ,Alizah,Griess
2023 GWCF Scholarship Application,Submitted; Assigned; Assigned; Assigned; Assigned,Application Submitted, , , , , , , , , , , , , , , , , , , , , , , , , , , , , , , ,Karlos,Foster
2023 GWCF Scholarship Application,Submitted; Assigned,Application Submitted, , , , , , , , , , , , , , , , , , , , , , , , , , , , , , , ,Martin,Glasper
2023 GWCF Scholarship Application,Submitted; Assigned,Application Submitted, , , , , , , , , , , , , , , , , , , , , , , , , , , , , , , ,Alton,Ervin
2023 GWCF Scholarship Application,Submitted; Assigned,Application Submitted, , , , , , , , , , , , , , , , , , , , , , , , , , , , , , , ,Myneshia,Ruhl
2023 GWCF Scholarship Application,Submitted; Assigned; Assigned; Assigned; Assigned; Assigned; Complete; Complete; Complete; Complete; Complete,Application Submitted, , , , , , , , , , , , , , , , , , , , , , , , , , , ,Other; Wentworth Institute of Technology,Wentworth Institute of Technology, , ,Andres,French Thomason
2023 GWCF Scholarship Application,Submitted; Assigned,Application Submitted, , , , , , , , , , , , , , , , , , , , , , , , , , , , , , , ,Phillip,al-Hatem
2023 GWCF Scholarship Application,Submitted; Assigned; Assigned; Assigned; Assigned; Assigned; Assigned; Assigned; Assigned; Assigned; Assigned; Assigned; Assigned; Complete; Complete; Complete; Complete; Complete,Application Submitted, , , , , , , , , , , , , , , , , , , , , , , , , , , ,Other; Other,Carnegie Mellon University; Carnegie Mellon University, , ,Hamad,el-Kader
2023 GWCF Scholarship Application,Submitted; Assigned,Application Submitted, , , , , , , , , , , , , , , , , , , , , , , , , , , , , , , ,Davis,Arviso
2023 GWCF Scholarship Application,Submitted,Application Submitted, , , , , , , , , , , , , , , , , , , , , , , , , , , , , , , ,Kamee,Embray
2023 GWCF Scholarship Application,Submitted; Assigned,Application Submitted, , , , , , , , , , , , , , , , , , , , , , , , , , , , , , , ,Qaasim,Van Lue
2023 GWCF Scholarship Application,Submitted; Assigned; Assigned; Assigned; Assigned; Assigned; Assigned; Assigned; Assigned; Assigned,Application Submitted, , , , , , , , , , , , , , , , , , , , , , , , , , , , , , , ,Leanna,Otgontulga
2023 GWCF Scholarship Application,Submitted; Assigned; Assigned; Assigned; Assigned; Assigned,Application Submitted, , , , , , , , , , , , , , , , , , , , , , , , , , , , , , , ,De'Vonta,Watkins
2023 GWCF Scholarship Application,Submitted; Assigned,Application Submitted, , , , , , , , , , , , , , , , , , , , , , , , , , , , , , , ,Musheera,al-Jamil
2023 GWCF Scholarship Application,Submitted; Assigned; Assigned; Complete,Application Submitted, , , , , , , , , , , , , , , , , , , , , , , , , , , , , , , ,Cynthia,Barnabas
2023 GWCF Scholarship Application,Submitted; Assigned; Assigned; Assigned; Assigned; Assigned; Assigned; Assigned; Assigned; Assigned,Application Submitted, , , , , , , , , , , , , , , , , , , , , , , , , , , , , , , ,Cheyane,Alonzo
2023 GWCF Scholarship Application,Submitted; Assigned,Application Submitted, , , , , , , , , , , , , , , , , , , , , , , , , , , , , , , ,Shinji,Hsueh
2023 GWCF Scholarship Application,Submitted; Assigned; Assigned; Assigned; Assigned; Assigned; Complete; Complete; Complete; Complete; Complete,Application Submitted, , , , , , , , , , , , , , , , , , , , , , , , , , , ,Trinity College; Trinity College, , , ,Shania,al-Abed
2023 GWCF Scholarship Application,Submitted; Assigned; Assigned; Assigned; Assigned,Application Submitted, , , , , , , , , , , , , , , , , , , , , , , , , , , , , , , ,Shawnia,Loftis
2023 GWCF Scholarship Application,Submitted; Assigned; Assigned; Assigned; Assigned; Assigned; Assigned; Complete,Application Submitted, , , , , , , , , , , , , , , , , , , , , , , , , , , , , , , ,Samira,el-Sharif
2023 GWCF Scholarship Application,Submitted; Assigned; Assigned; Assigned; Assigned; Assigned; Assigned; Assigned; Assigned; Assigned; Assigned; Assigned; Complete; Complete; Complete; Complete; Complete,Application Submitted, , , , , , , , , , , , , , , , , , , , , , , , , , , ,Boston College; Boston College, , , ,Tiffany,Saidy
2023 GWCF Scholarship Application,Submitted,Application Submitted, , , , , , , , , , , , , , , , , , , , , , , , , , , , , , , ,Kc,Casillas Jimenez
2023 GWCF Scholarship Application,Submitted; Assigned,Application Submitted, , , , , , , , , , , , , , , , , , , , , , , , , , , , , , , ,Subhi,Satterfield
2023 GWCF Scholarship Application,Submitted; Assigned; Assigned; Assigned; Assigned; Assigned; Assigned; Assigned; Complete,Application Submitted, , , , , , , , , , , , , , , , , , , , , , , , , , , , , , , ,Sydney,Sepeda
2023 GWCF Scholarship Application,Submitted; Assigned; Assigned; Complete,Application Submitted, , , , , , , , , , , , , , , , , , , , , , , , , , , , , , , ,Azhaar,Sparks
2023 GWCF Scholarship Application,Submitted; Assigned,Application Submitted, , , , , , , , , , , , , , , , , , , , , , , , , , , , , , , ,Muneefa,Galicia
2023 GWCF Scholarship Application,Submitted; Assigned; Assigned; Assigned; Assigned; Assigned; Assigned; Assigned; Assigned; Complete; Complete; Complete; Complete; Complete,Application Submitted, , , , , , , , , , , , , , , , , , , , , , , , , , , ,University of Massachusetts at Amherst; University of Massachusetts at Amherst, , , ,Kent,Bechler
2023 GWCF Scholarship Application,Submitted; Assigned; Assigned; Assigned; Assigned; Assigned; Assigned; Assigned; Assigned,Application Submitted, , , , , , , , , , , , , , , , , , , , , , , , , , , , , , , ,Kristal,al-Ismael
2023 GWCF Scholarship Application,Submitted; Assigned,Application Submitted, , , , , , , , , , , , , , , , , , , , , , , , , , , , , , , ,Joleen,Bartrum
2023 GWCF Scholarship Application,Submitted; Assigned; Assigned; Assigned; Assigned; Assigned; Assigned; Assigned; Assigned; Assigned; Assigned,Application Submitted, , , , , , , , , , , , , , , , , , , , , , , , , , , , , , , ,Kiduse,Mcstraw
2023 GWCF Scholarship Application,Submitted; Assigned,Application Submitted, , , , , , , , , , , , , , , , , , , , , , , , , , , , , , , ,Thomas,Ham
2023 GWCF Scholarship Application,Submitted; Assigned; Assigned; Assigned; Assigned; Assigned; Assigned; Assigned; Assigned; Complete; Complete; Complete; Complete; Complete,Application Submitted, , , , , , , , , , , , , , , , , , , , , , , , , , , ,Brown University; Brown University, , , ,Shabeeba,Olson
2023 GWCF Scholarship Application,Submitted; Assigned; Assigned; Assigned; Assigned; Assigned; Assigned; Complete,Application Submitted, , , , , , , , , , , , , , , , , , , , , , , , , , , , , , , ,Saamyya,Khan
2023 GWCF Scholarship Application,Submitted; Assigned,Application Submitted, , , , , , , , , , , , , , , , , , , , , , , , , , , , , , , ,Jonet,Bachler
2023 GWCF Scholarship Application,Submitted; Assigned,Application Submitted, , , , , , , , , , , , , , , , , , , , , , , , , , , , , , , ,Andres,al-Baksh
2023 GWCF Scholarship Application,Submitted; Assigned,Application Submitted, , , , , , , , , , , , , , , , , , , , , , , , , , , , , , , ,Jaasir,el-Hassen
2023 GWCF Scholarship Application,Submitted; Assigned,Application Submitted, , , , , , , , , , , , , , , , , , , , , , , , , , , , , , , ,Nova,Liang
2023 GWCF Scholarship Application,Submitted; Assigned; Assigned; Assigned; Assigned; Assigned; Assigned; Assigned; Assigned; Assigned; Assigned; Assigned; Assigned; Assigned; Assigned; Assigned; Assigned; Assigned; Assigned; Assigned; Assigned; Assigned; Assigned; Assigned; Assigned; Assigned; Assigned; Assigned; Complete,Application Submitted, , , , , , , , , , , , , , , , , , , , , , , , , , , , , , , ,Sushmita,Fognani
2023 GWCF Scholarship Application,Submitted; Assigned,Application Submitted, , , , , , , , , , , , , , , , , , , , , , , , , , , , , , , ,Waseem,Valentine
2023 GWCF Scholarship Application,Submitted; Assigned,Application Submitted, , , , , , , , , , , , , , , , , , , , , , , , , , , , , , , ,Africa,al-Farman
2023 GWCF Scholarship Application,Submitted; Assigned,Application Submitted, , , , , , , , , , , , , , , , , , , , , , , , , , , , , , , ,Alton,Gstalder
2023 GWCF Scholarship Application,Submitted; Assigned; Assigned; Assigned; Assigned; Assigned; Assigned,Application Submitted, , , , , , , , , , , , , , , , , , , , , , , , , , , , , , , ,Waleed,Bustamante
2023 GWCF Scholarship Application,Submitted; Assigned; Assigned; Assigned; Assigned; Assigned; Assigned; Assigned; Assigned; Assigned,Application Submitted, , , , , , , , , , , , , , , , , , , , , , , , , , , , , , , ,Shabeeba,Main
2023 GWCF Scholarship Application,Submitted; Assigned; Assigned; Assigned; Assigned,Application Submitted, , , , , , , , , , , , , , , , , , , , , , , , , , , , , , , ,Darell,al-Baten
2023 GWCF Scholarship Application,Submitted; Assigned; Assigned; Assigned; Assigned; Assigned; Assigned,Application Submitted, , , , , , , , , , , , , , , , , , , , , , , , , , , , , , , ,Humaina,Dandridge
2023 GWCF Scholarship Application,Submitted; Assigned; Assigned; Assigned; Assigned; Assigned; Assigned; Assigned; Assigned; Complete,Application Submitted, , , , , , , , , , , , , , , , , , , , , , , , , , , , , , , ,Westley,al-Guler
2023 GWCF Scholarship Application,Submitted; Assigned; Assigned; Assigned,Application Submitted, , , , , , , , , , , , , , , , , , , , , , , , , , , , , , , ,Camrey,Gaucin
2023 GWCF Scholarship Application,Submitted; Assigned,Application Submitted, , , , , , , , , , , , , , , , , , , , , , , , , , , , , , , ,Burhaan,Stanley
2023 GWCF Scholarship Application,Submitted; Assigned; Assigned; Assigned; Assigned,Application Submitted, , , , , , , , , , , , , , , , , , , , , , , , , , , , , , , ,Fat'hiyaa,Pearl
2023 GWCF Scholarship Application,Submitted; Assigned,Application Submitted, , , , , , , , , , , , , , , , , , , , , , , , , , , , , , , ,Douglas,Kelemeni
2023 GWCF Scholarship Application,Submitted; Assigned,Application Submitted, , , , , , , , , , , , , , , , , , , , , , , , , , , , , , , ,Jase,Howlingwolf
2023 GWCF Scholarship Application,Submitted; Assigned,Application Submitted, , , , , , , , , , , , , , , , , , , , , , , , , , , , , , , ,Davis,Koskovich
2023 GWCF Scholarship Application,Submitted; Assigned,Application Submitted, , , , , , , , , , , , , , , , , , , , , , , , , , , , , , , ,Survoy,Billie
2023 GWCF Scholarship Application,Submitted; Assigned,Application Submitted, , , , , , , , , , , , , , , , , , , , , , , , , , , , , , , ,Russell,Peterson
2023 GWCF Scholarship Application,Submitted; Assigned; Assigned; Assigned; Assigned; Assigned; Assigned; Assigned; Assigned; Assigned; Assigned; Assigned; Assigned; Assigned; Assigned; Assigned; Assigned; Complete,Application Submitted, , , , , , , , , , , , , , , , , , , , , , , , , , , , , , , ,Sebastian,Nunna
2023 GWCF Scholarship Application,Submitted; Assigned; Assigned; Assigned; Assigned; Assigned; Complete,Application Submitted, , , , , , , , , , , , , , , , , , , , , , , , , , , , , , , ,Fawzia,Wingo
2023 GWCF Scholarship Application,Submitted; Assigned; Assigned; Assigned; Assigned; Assigned,Application Submitted, , , , , , , , , , , , , , , , , , , , , , , , , , , , , , , ,Jase,el-Hashim
2023 GWCF Scholarship Application,Submitted; Assigned,Application Submitted, , , , , , , , , , , , , , , , , , , , , , , , , , , , , , , ,Souphakone,Tobon
2023 GWCF Scholarship Application,Submitted; Assigned; Assigned; Assigned; Assigned; Assigned; Assigned; Assigned; Assigned; Assigned; Complete,Application Submitted, , , , , , , , , , , , , , , , , , , , , , , , , , , , , , , ,Ohitike,Charles
2023 GWCF Scholarship Application,Submitted; Assigned; Assigned; Assigned; Assigned; Assigned; Assigned; Assigned; Assigned; Assigned; Assigned; Assigned; Complete,Application Submitted, , , , , , , , , , , , , , , , , , , , , , , , , , , , , , , ,Qaasim,Delgado
2023 GWCF Scholarship Application,Submitted; Assigned,Application Submitted, , , , , , , , , , , , , , , , , , , , , , , , , , , , , , , ,Heroki,Berumen
2023 GWCF Scholarship Application,Submitted; Assigned; Assigned; Assigned; Assigned; Assigned; Assigned,Application Submitted, , , , , , , , , , , , , , , , , , , , , , , , , , , , , , , ,Kijana,Talain
2023 GWCF Scholarship Application,Submitted; Assigned; Assigned; Assigned; Assigned; Assigned; Assigned; Assigned; Assigned; Assigned; Complete; Complete; Complete; Complete; Complete,Application Submitted, , , , , , , , , , , , , , , , , , , , , , , , , , , ,Western New England University; Western New England University, , , ,Kaarim,Miller
2023 GWCF Scholarship Application,Submitted; Assigned,Application Submitted, , , , , , , , , , , , , , , , , , , , , , , , , , , , , , , ,Waleed,Galindo
2023 GWCF Scholarship Application,Submitted; Assigned; Assigned; Assigned; Assigned; Assigned; Complete,Application Submitted, , , , , , , , , , , , , , , , , , , , , , , , , , , , , , , ,Brenna,Gosnell
2023 GWCF Scholarship Application,Submitted; Assigned,Application Submitted, , , , , , , , , , , , , , , , , , , , , , , , , , , , , , , ,Picabo,Richardson
2023 GWCF Scholarship Application,Submitted; Assigned,Application Submitted, , , , , , , , , , , , , , , , , , , , , , , , , , , , , , , ,Taaha,al-Khawaja
2023 GWCF Scholarship Application,Submitted; Assigned; Assigned; Assigned,Application Submitted, , , , , , , , , , , , , , , , , , , , , , , , , , , , , , , ,Theodora,Newman
2023 GWCF Scholarship Application,Submitted; Assigned; Assigned; Assigned; Assigned; Assigned; Assigned; Complete,Application Submitted, , , , , , , , , , , , , , , , , , , , , , , , , , , , , , , ,Picabo,al-Aydin
2023 GWCF Scholarship Application,Submitted; Assigned,Application Submitted, , , , , , , , , , , , , , , , , , , , , , , , , , , , , , , ,Sterling,Liles
2023 GWCF Scholarship Application,Submitted; Assigned; Assigned; Assigned,Application Submitted, , , , , , , , , , , , , , , , , , , , , , , , , , , , , , , ,Margaret,Warnes
2023 GWCF Scholarship Application,Submitted; Assigned; Assigned; Assigned; Assigned; Assigned; Assigned; Assigned; Assigned; Assigned; Assigned; Assigned; Complete,Application Submitted, , , , , , , , , , , , , , , , , , , , , , , , , , , , , , , ,Idrianna,Longwing
2023 GWCF Scholarship Application,Submitted; Assigned; Assigned; Assigned; Assigned; Assigned; Assigned; Assigned; Complete,Application Submitted, , , , , , , , , , , , , , , , , , , , , , , , , , , , , , , ,Marcello,Compton
2023 GWCF Scholarship Application,Submitted; Assigned,Application Submitted, , , , , , , , , , , , , , , , , , , , , , , , , , , , , , , ,Karlos,Cave
2023 GWCF Scholarship Application,Submitted; Assigned; Assigned; Assigned; Assigned; Assigned; Assigned; Assigned; Assigned; Assigned; Assigned; Assigned; Complete,Application Submitted, , , , , , , , , , , , , , , , , , , , , , , , , , , , , , , ,Ana Maria,Salihi
2023 GWCF Scholarship Application,Submitted; Assigned; Assigned; Complete,Application Submitted, , , , , , , , , , , , , , , , , , , , , , , , , , , , , , , ,Marcanthony,Good Wind
2023 GWCF Scholarship Application,Submitted; Assigned,Application Submitted, , , , , , , , , , , , , , , , , , , , , , , , , , , , , , , ,Kaylie,Forte
2023 GWCF Scholarship Application,Submitted; Assigned,Application Submitted, , , , , , , , , , , , , , , , , , , , , , , , , , , , , , , ,Alexxis,Ortegon
2023 GWCF Scholarship Application,Submitted; Assigned,Application Submitted, , , , , , , , , , , , , , , , , , , , , , , , , , , , , , , ,Kianna,Gamez
2023 GWCF Scholarship Application,Submitted; Assigned; Assigned; Assigned; Assigned; Assigned; Assigned; Assigned; Assigned; Assigned; Complete,Application Submitted, , , , , , , , , , , , , , , , , , , , , , , , , , , , , , , ,Simon,Manimtim
2023 GWCF Scholarship Application,Submitted; Assigned,Application Submitted, , , , , , , , , , , , , , , , , , , , , , , , , , , , , , , ,Yadira,Stenzel
2023 GWCF Scholarship Application,Submitted; Assigned,Application Submitted, , , , , , , , , , , , , , , , , , , , , , , , , , , , , , , ,Insaaf,Neithercut
2023 GWCF Scholarship Application,Submitted; Assigned,Application Submitted, , , , , , , , , , , , , , , , , , , , , , , , , , , , , , , ,Sierra,Puckett
2023 GWCF Scholarship Application,Submitted; Assigned,Application Submitted, , , , , , , , , , , , , , , , , , , , , , , , , , , , , , , ,Travonta,Balderas Aguilar
2023 GWCF Scholarship Application,Submitted; Assigned,Application Submitted, , , , , , , , , , , , , , , , , , , , , , , , , , , , , , , ,Darin,Nhin
2023 GWCF Scholarship Application,Submitted; Assigned; Assigned; Assigned; Assigned; Assigned; Assigned; Assigned; Complete; Complete; Complete; Complete; Complete,Application Submitted, , , , , , , , , , , , , , , , , , , , , , , , , , , ,Assumption University; Assumption University, , , ,Losol,Senior
2023 GWCF Scholarship Application,Submitted; Assigned,Application Submitted, , , , , , , , , , , , , , , , , , , , , , , , , , , , , , , ,Kamee,Gayle
2023 GWCF Scholarship Application,Submitted; Assigned; Assigned; Assigned; Assigned; Assigned; Complete,Application Submitted, , , , , , , , , , , , , , , , , , , , , , , , , , , , , , , ,Taijeona,Addie
2023 GWCF Scholarship Application,Submitted; Assigned,Application Submitted, , , , , , , , , , , , , , , , , , , , , , , , , , , , , , , ,"Jam,Aan",Barlow
2023 GWCF Scholarship Application,Submitted; Assigned; Assigned; Assigned; Assigned; Complete,Application Submitted, , , , , , , , , , , , , , , , , , , , , , , , , , , , , , , ,Aqeela,Ritman
2023 GWCF Scholarship Application,Submitted; Assigned,Application Submitted, , , , , , , , , , , , , , , , , , , , , , , , , , , , , , , ,Cyra,Valdez Arias
2023 GWCF Scholarship Application,Submitted; Assigned,Application Submitted, , , , , , , , , , , , , , , , , , , , , , , , , , , , , , , ,Toryn,Kunze
2023 GWCF Scholarship Application,Submitted; Assigned,Application Submitted, , , , , , , , , , , , , , , , , , , , , , , , , , , , , , , ,Davis,Levesque
2023 GWCF Scholarship Application,Submitted; Assigned,Application Submitted, , , , , , , , , , , , , , , , , , , , , , , , , , , , , , , ,Karlina,Punzal
2023 GWCF Scholarship Application,Submitted; Assigned; Assigned; Assigned; Assigned; Assigned; Assigned; Complete,Application Submitted, , , , , , , , , , , , , , , , , , , , , , , , , , , , , , , ,Schiara,Demario
2023 GWCF Scholarship Application,Submitted; Assigned; Assigned; Assigned; Assigned; Assigned; Assigned; Assigned; Complete; Complete; Complete; Complete; Complete,Application Submitted, , , , , , , , , , , , , , , , , , , , , , , , , , , ,Other; Other,Columbia University ; Columbia University in the City of N.Y.C., , ,Dezmond,Michell
2023 GWCF Scholarship Application,Submitted; Assigned; Complete; Complete; Complete; Complete; Complete,Application Submitted, , , , , , , , , , , , , , , , , , , , , , , , , , , ,Clemson University; Clemson University, , , ,Shayla,Faamausili
2023 GWCF Scholarship Application,Submitted; Assigned,Application Submitted, , , , , , , , , , , , , , , , , , , , , , , , , , , , , , , ,Starla,Harada
2023 GWCF Scholarship Application,Submitted; Assigned,Application Submitted, , , , , , , , , , , , , , , , , , , , , , , , , , , , , , , ,Armonno,Verburg
2023 GWCF Scholarship Application,Submitted; Assigned; Assigned; Assigned; Assigned; Assigned; Assigned; Assigned,Application Submitted, , , , , , , , , , , , , , , , , , , , , , , , , , , , , , , ,Xai,Verburg
2023 GWCF Scholarship Application,Submitted; Assigned,Application Submitted, , , , , , , , , , , , , , , , , , , , , , , , , , , , , , , ,Reese,el-Tamer
2023 GWCF Scholarship Application,Submitted; Assigned,Application Submitted, , , , , , , , , , , , , , , , , , , , , , , , , , , , , , , ,Tien,Ehrlich
2023 GWCF Scholarship Application,Submitted; Assigned; Assigned; Assigned; Assigned; Assigned; Assigned; Assigned; Assigned; Assigned; Assigned; Assigned; Assigned; Complete,Application Submitted, , , , , , , , , , , , , , , , , , , , , , , , , , , , , , , ,Mirza,Dagin
2023 GWCF Scholarship Application,Submitted; Assigned,Application Submitted, , , , , , , , , , , , , , , , , , , , , , , , , , , , , , , ,Kent,el-Zaidi
2023 GWCF Scholarship Application,Submitted; Assigned,Application Submitted, , , , , , , , , , , , , , , , , , , , , , , , , , , , , , , ,Tyrelle,Almeda
2023 GWCF Scholarship Application,Submitted; Assigned; Assigned; Complete,Application Submitted, , , , , , , , , , , , , , , , , , , , , , , , , , , , , , , ,Miles,Butler
2023 GWCF Scholarship Application,Submitted; Assigned; Assigned; Assigned; Assigned; Assigned; Assigned; Assigned; Assigned; Assigned; Assigned; Assigned; Assigned; Complete; Complete; Complete; Complete; Complete,Application Submitted, , , , , , , , , , , , , , , , , , , , , , , , , , , ,Bridgewater State University; Bridgewater State University, , , ,Pate,el-Abraham
2023 GWCF Scholarship Application,Submitted; Assigned,Application Submitted, , , , , , , , , , , , , , , , , , , , , , , , , , , , , , , ,Waleed,Oliva
2023 GWCF Scholarship Application,Submitted; Assigned; Assigned; Assigned,Application Submitted, , , , , , , , , , , , , , , , , , , , , , , , , , , , , , , ,Jonet,Pablo
2023 GWCF Scholarship Application,Submitted; Assigned,Application Submitted, , , , , , , , , , , , , , , , , , , , , , , , , , , , , , , ,Mirza,Jibowu
2023 GWCF Scholarship Application,Submitted; Assigned,Application Submitted, , , , , , , , , , , , , , , , , , , , , , , , , , , , , , , ,Nabeel,Sweetwater
2023 GWCF Scholarship Application,Submitted; Assigned; Assigned; Assigned; Assigned; Assigned; Assigned,Application Submitted, , , , , , , , , , , , , , , , , , , , , , , , , , , , , , , ,Nabeeh,Berumen
2023 GWCF Scholarship Application,Submitted; Assigned; Assigned; Assigned; Assigned; Assigned; Assigned; Assigned; Complete; Complete; Complete; Complete; Complete,Application Submitted, , , , , , , , , , , , , , , , , , , , , , , , , , , ,Endicott College; Endicott College, , , ,Michalyn,Nunn
2023 GWCF Scholarship Application,Submitted; Assigned,Application Submitted, , , , , , , , , , , , , , , , , , , , , , , , , , , , , , , ,Morgan,Marks
2023 GWCF Scholarship Application,Submitted; Assigned,Application Submitted, , , , , , , , , , , , , , , , , , , , , , , , , , , , , , , ,Long,Trebus
2023 GWCF Scholarship Application,Submitted; Assigned,Application Submitted, , , , , , , , , , , , , , , , , , , , , , , , , , , , , , , ,Markangelo,Mccreary
2023 GWCF Scholarship Application,Submitted; Assigned,Application Submitted, , , , , , , , , , , , , , , , , , , , , , , , , , , , , , , ,Humaira,Baumann
2023 GWCF Scholarship Application,Submitted; Assigned; Assigned; Assigned; Assigned; Assigned; Assigned; Assigned,Application Submitted, , , , , , , , , , , , , , , , , , , , , , , , , , , , , , , ,Mufeeda,Tagawa
2023 GWCF Scholarship Application,Submitted; Assigned; Assigned; Assigned; Assigned; Assigned,Application Submitted, , , , , , , , , , , , , , , , , , , , , , , , , , , , , , , ,Chrisna,Guerra
2023 GWCF Scholarship Application,Submitted; Assigned; Assigned; Assigned; Assigned; Assigned; Complete,Application Submitted, , , , , , , , , , , , , , , , , , , , , , , , , , , , , , , ,Najimah,Weaver
2023 GWCF Scholarship Application,Submitted; Assigned; Assigned; Assigned; Assigned,Application Submitted, , , , , , , , , , , , , , , , , , , , , , , , , , , , , , , ,Emilio,el-Hariri
2023 GWCF Scholarship Application,Submitted; Assigned,Application Submitted, , , , , , , , , , , , , , , , , , , , , , , , , , , , , , , ,Kelsie,el-Nasser
2023 GWCF Scholarship Application,Submitted; Assigned,Application Submitted, , , , , , , , , , , , , , , , , , , , , , , , , , , , , , , ,Westley,Hopper
2023 GWCF Scholarship Application,Submitted; Assigned,Application Submitted, , , , , , , , , , , , , , , , , , , , , , , , , , , , , , , ,Priscila,el-Abdoo
2023 GWCF Scholarship Application,Submitted; Assigned; Assigned; Assigned; Assigned; Assigned,Application Submitted, , , , , , , , , , , , , , , , , , , , , , , , , , , , , , , ,Shirley,al-Hariri
2023 GWCF Scholarship Application,Submitted; Assigned; Assigned; Assigned; Assigned; Assigned; Assigned; Assigned; Assigned; Assigned; Assigned; Assigned; Assigned; Complete,Application Submitted, , , , , , , , , , , , , , , , , , , , , , , , , , , , , , , ,Steve,el-Kader
2023 GWCF Scholarship Application,Submitted; Assigned,Application Submitted, , , , , , , , , , , , , , , , , , , , , , , , , , , , , , , ,Garrett,Meighan
2023 GWCF Scholarship Application,Submitted; Assigned; Assigned; Assigned; Assigned; Assigned; Assigned; Assigned,Application Submitted, , , , , , , , , , , , , , , , , , , , , , , , , , , , , , , ,Amaan,Mccoy
2023 GWCF Scholarship Application,Submitted; Assigned,Application Submitted, , , , , , , , , , , , , , , , , , , , , , , , , , , , , , , ,Xavier,Alvarado Menchaca
2023 GWCF Scholarship Application,Submitted; Assigned; Assigned; Assigned; Assigned; Assigned; Complete,Application Submitted, , , , , , , , , , , , , , , , , , , , , , , , , , , , , , , ,Simeon,Suarez
2023 GWCF Scholarship Application,Submitted; Assigned; Complete; Complete; Complete; Complete,Application Submitted, , , , , , , , , , , , , , , , , , , , , , , , , , , ,University of Massachusetts Lowell, , , ,Izza,Landa
2023 GWCF Scholarship Application,Submitted; Assigned,Application Submitted, , , , , , , , , , , , , , , , , , , , , , , , , , , , , , , ,"Jam,Aan",Pandit
2023 GWCF Scholarship Application,Submitted; Assigned; Assigned; Assigned,Application Submitted, , , , , , , , , , , , , , , , , , , , , , , , , , , , , , , ,Johnny,Zulali
2023 GWCF Scholarship Application,Submitted; Assigned; Assigned; Assigned; Assigned,Application Submitted, , , , , , , , , , , , , , , , , , , , , , , , , , , , , , , ,Trina,Atkins
2023 GWCF Scholarship Application,Submitted; Assigned,Application Submitted, , , , , , , , , , , , , , , , , , , , , , , , , , , , , , , ,Karla,Deleon
2023 GWCF Scholarship Application,Submitted; Assigned; Assigned; Assigned; Assigned; Assigned; Assigned,Application Submitted, , , , , , , , , , , , , , , , , , , , , , , , , , , , , , , ,Jerrelle,Whitaker
2023 GWCF Scholarship Application,Submitted; Assigned; Assigned; Complete; Complete; Complete; Complete; Complete,Application Submitted, , , , , , , , , , , , , , , , , , , , , , , , , , , ,Worcester State University; Worcester State University, , , ,Abhaya,Macias Flores
2023 GWCF Scholarship Application,Submitted; Assigned,Application Submitted, , , , , , , , , , , , , , , , , , , , , , , , , , , , , , , ,Abdul Noor,al-Sharifi
2023 GWCF Scholarship Application,Submitted; Assigned; Assigned; Assigned; Assigned; Assigned,Application Submitted, , , , , , , , , , , , , , , , , , , , , , , , , , , , , , , ,Mikala,Christensen
2023 GWCF Scholarship Application,Submitted; Assigned; Assigned; Assigned; Assigned; Assigned; Assigned; Complete,Application Submitted, , , , , , , , , , , , , , , , , , , , , , , , , , , , , , , ,Markangelo,Fragozo Verdugo
2023 GWCF Scholarship Application,Submitted; Assigned; Assigned; Assigned; Assigned; Assigned; Assigned; Assigned,Application Submitted, , , , , , , , , , , , , , , , , , , , , , , , , , , , , , , ,Alfredo,Shang
2023 GWCF Scholarship Application,Submitted; Assigned; Assigned; Assigned; Assigned; Assigned; Assigned; Assigned,Application Submitted, , , , , , , , , , , , , , , , , , , , , , , , , , , , , , , ,Julie,Haroon
2023 GWCF Scholarship Application,Submitted; Assigned,Application Submitted, , , , , , , , , , , , , , , , , , , , , , , , , , , , , , , ,Safwaan,al-Suleiman
2023 GWCF Scholarship Application,Submitted; Assigned; Assigned; Assigned; Assigned; Assigned; Assigned; Complete; Complete; Complete; Complete; Complete; Complete,Application Submitted, , , , , , , , , , , , , , , , , , , , , , , , , , , ,Other; Wentworth Institute of Technology,Wentworth Institute of Technology, , ,Shakoora,Lockhart
2023 GWCF Scholarship Application,Submitted; Assigned; Assigned; Assigned; Assigned; Assigned; Assigned; Assigned; Assigned; Assigned; Complete,Application Submitted, , , , , , , , , , , , , , , , , , , , , , , , , , , , , , , ,Sumbula,Roman-Cervantes
2023 GWCF Scholarship Application,Submitted; Assigned,Application Submitted, , , , , , , , , , , , , , , , , , , , , , , , , , , , , , , ,Lateefa,Whiteman
2023 GWCF Scholarship Application,Submitted; Assigned,Application Submitted, , , , , , , , , , , , , , , , , , , , , , , , , , , , , , , ,Berenice,Lindsey
2023 GWCF Scholarship Application,Submitted; Assigned; Assigned; Assigned; Assigned,Application Submitted, , , , , , , , , , , , , , , , , , , , , , , , , , , , , , , ,Tediana,Zeigler
2023 GWCF Scholarship Application,Submitted; Assigned; Assigned; Complete; Complete; Complete,Application Submitted, , , , , , , , , , , , , , , , , , , , , , , , , , , ,Worcester State University; Worcester State University, , , ,Muhjar,Hart
2023 GWCF Scholarship Application,Submitted; Assigned,Application Submitted, , , , , , , , , , , , , , , , , , , , , , , , , , , , , , , ,Saamyya,Raval
2023 GWCF Scholarship Application,Submitted; Assigned,Application Submitted, , , , , , , , , , , , , , , , , , , , , , , , , , , , , , , ,Pablo,el-Salim
2023 GWCF Scholarship Application,Submitted; Assigned,Application Submitted, , , , , , , , , , , , , , , , , , , , , , , , , , , , , , , ,Juanita,Oakley
2023 GWCF Scholarship Application,Submitted; Assigned; Assigned; Complete,Application Submitted, , , , , , , , , , , , , , , , , , , , , , , , , , , , , , , ,Mara,Blitzer
2023 GWCF Scholarship Application,Submitted; Assigned,Application Submitted, , , , , , , , , , , , , , , , , , , , , , , , , , , , , , , ,Sterling,Tong
2023 GWCF Scholarship Application,Submitted; Assigned,Application Submitted, , , , , , , , , , , , , , , , , , , , , , , , , , , , , , , ,Indy,Grandberry
2023 GWCF Scholarship Application,Submitted; Assigned; Assigned; Assigned; Assigned; Assigned; Complete; Complete; Complete; Complete; Complete,Application Submitted, , , , , , , , , , , , , , , , , , , , , , , , , , , ,Massachusetts College of Art and Design; Massachusetts College of Art and Design, , , ,Yadira,Tivis
2023 GWCF Scholarship Application,Submitted; Assigned,Application Submitted, , , , , , , , , , , , , , , , , , , , , , , , , , , , , , , ,Collin,Walthall
2023 GWCF Scholarship Application,Submitted; Assigned,Application Submitted, , , , , , , , , , , , , , , , , , , , , , , , , , , , , , , ,Cole,Sawyer
2023 GWCF Scholarship Application,Submitted; Assigned; Assigned; Assigned; Assigned,Application Submitted, , , , , , , , , , , , , , , , , , , , , , , , , , , , , , , ,Jaelyn,Carlson
2023 GWCF Scholarship Application,Submitted; Assigned,Application Submitted, , , , , , , , , , , , , , , , , , , , , , , , , , , , , , , ,Alina,Baird
2023 GWCF Scholarship Application,Submitted; Assigned,Application Submitted, , , , , , , , , , , , , , , , , , , , , , , , , , , , , , , ,Daizha,Khatanbaatar
2023 GWCF Scholarship Application,Submitted; Assigned,Application Submitted, , , , , , , , , , , , , , , , , , , , , , , , , , , , , , , ,Khalil,Crow
2023 GWCF Scholarship Application,Submitted; Assigned; Assigned; Assigned; Assigned; Assigned; Assigned; Assigned; Assigned; Complete; Complete; Complete; Complete; Complete,Application Submitted, , , , , , , , , , , , , , , , , , , , , , , , , , , ,University of Massachusetts at Amherst; University of Massachusetts at Amherst, , , ,Sahara,Vargas Villalba
2023 GWCF Scholarship Application,Submitted; Assigned,Application Submitted, , , , , , , , , , , , , , , , , , , , , , , , , , , , , , , ,Christine,Warsame
2023 GWCF Scholarship Application,Submitted; Assigned,Application Submitted, , , , , , , , , , , , , , , , , , , , , , , , , , , , , , , ,Shayla,al-Sylla
2023 GWCF Scholarship Application,Submitted; Assigned,Application Submitted, , , , , , , , , , , , , , , , , , , , , , , , , , , , , , , ,Umair,Vasquez
2023 GWCF Scholarship Application,Submitted; Assigned; Assigned; Assigned; Assigned,Application Submitted, , , , , , , , , , , , , , , , , , , , , , , , , , , , , , , ,Elisabeth,Glynn
2023 GWCF Scholarship Application,Submitted; Assigned,Application Submitted, , , , , , , , , , , , , , , , , , , , , , , , , , , , , , , ,Heroki,el-Salame
2023 GWCF Scholarship Application,Submitted; Assigned,Application Submitted, , , , , , , , , , , , , , , , , , , , , , , , , , , , , , , ,Shanya,Mathukumilli
2023 GWCF Scholarship Application,Submitted; Assigned,Application Submitted, , , , , , , , , , , , , , , , , , , , , , , , , , , , , , , ,Trina,Tsen
2023 GWCF Scholarship Application,Submitted; Assigned,Application Submitted, , , , , , , , , , , , , , , , , , , , , , , , , , , , , , , ,Mutadi,Higley
2023 GWCF Scholarship Application,Submitted; Assigned,Application Submitted, , , , , , , , , , , , , , , , , , , , , , , , , , , , , , , ,Maimoona,al-Hariri
2023 GWCF Scholarship Application,Submitted; Assigned; Assigned; Assigned; Assigned,Application Submitted, , , , , , , , , , , , , , , , , , , , , , , , , , , , , , , ,Shabeeba,Caldwell
2023 GWCF Scholarship Application,Submitted; Assigned,Application Submitted, , , , , , , , , , , , , , , , , , , , , , , , , , , , , , , ,Dahlia,al-Ibrahim
2023 GWCF Scholarship Application,Submitted; Assigned,Application Submitted, , , , , , , , , , , , , , , , , , , , , , , , , , , , , , , ,Picabo,Brandon
2023 GWCF Scholarship Application,Submitted; Assigned; Assigned; Assigned; Assigned; Assigned; Assigned,Application Submitted, , , , , , , , , , , , , , , , , , , , , , , , , , , , , , , ,Monique,Minter
2023 GWCF Scholarship Application,Submitted; Assigned; Assigned; Assigned; Assigned; Assigned,Application Submitted, , , , , , , , , , , , , , , , , , , , , , , , , , , , , , , ,Mashal,Domingo
2023 GWCF Scholarship Application,Submitted; Assigned,Application Submitted, , , , , , , , , , , , , , , , , , , , , , , , , , , , , , , ,Jesse,Abdella
2023 GWCF Scholarship Application,Submitted; Assigned; Assigned; Assigned; Assigned; Assigned; Assigned; Assigned; Assigned; Assigned; Assigned; Assigned; Assigned; Assigned; Complete; Complete; Draft,Application Submitted, , , , , , , , , , , , , , , , , , , , , , , , , , , ,University of Massachusetts at Amherst, , , ,Trina,el-Sabet
2023 GWCF Scholarship Application,Submitted; Assigned,Application Submitted, , , , , , , , , , , , , , , , , , , , , , , , , , , , , , , ,Cheyane,Siddiqui
2023 GWCF Scholarship Application,Submitted; Assigned,Application Submitted, , , , , , , , , , , , , , , , , , , , , , , , , , , , , , , ,Mishaari,Heuman
2023 GWCF Scholarship Application,Submitted; Assigned,Application Submitted, , , , , , , , , , , , , , , , , , , , , , , , , , , , , , , ,India,Encinias
2023 GWCF Scholarship Application,Submitted; Assigned,Application Submitted, , , , , , , , , , , , , , , , , , , , , , , , , , , , , , , ,Tyrelle,Vai
2023 GWCF Scholarship Application,Submitted; Assigned; Assigned; Assigned; Assigned; Assigned; Assigned; Assigned; Complete; Complete; Complete; Complete; Complete,Application Submitted, , , , , , , , , , , , , , , , , , , , , , , , , , , ,University of Michigan at Ann Arbor; University of Michigan at Ann Arbor, , , ,Roger,el-Masri
2023 GWCF Scholarship Application,Submitted; Assigned; Assigned; Assigned; Assigned; Assigned; Assigned; Assigned,Application Submitted, , , , , , , , , , , , , , , , , , , , , , , , , , , , , , , ,Lauren,Lillie
2023 GWCF Scholarship Application,Submitted; Assigned,Application Submitted, , , , , , , , , , , , , , , , , , , , , , , , , , , , , , , ,Alex,Caballero
2023 GWCF Scholarship Application,Submitted; Assigned,Application Submitted, , , , , , , , , , , , , , , , , , , , , , , , , , , , , , , ,Shasta,Miranda
2023 GWCF Scholarship Application,Submitted; Assigned; Assigned; Assigned; Assigned; Assigned; Assigned; Complete,Application Submitted, , , , , , , , , , , , , , , , , , , , , , , , , , , , , , , ,Mutadi,al-Salek
2023 GWCF Scholarship Application,Submitted; Assigned; Assigned; Assigned; Assigned; Assigned; Assigned; Assigned; Complete,Application Submitted, , , , , , , , , , , , , , , , , , , , , , , , , , , , , , , ,Lavies,Ruska
2023 GWCF Scholarship Application,Submitted; Assigned,Application Submitted, , , , , , , , , , , , , , , , , , , , , , , , , , , , , , , ,My,Santiago
2023 GWCF Scholarship Application,Submitted; Assigned; Assigned; Complete; Complete; Complete; Complete; Complete,Application Submitted, , , , , , , , , , , , , , , , , , , , , , , , , , , ,University of Massachusetts Lowell; University of Massachusetts Lowell, , , ,Piotreck,al-Musa
2023 GWCF Scholarship Application,Submitted; Assigned,Application Submitted, , , , , , , , , , , , , , , , , , , , , , , , , , , , , , , ,Jyotshal,Westfall
2023 GWCF Scholarship Application,Submitted; Assigned,Application Submitted, , , , , , , , , , , , , , , , , , , , , , , , , , , , , , , ,Shayla,Simpson
2023 GWCF Scholarship Application,Submitted; Assigned; Assigned; Assigned; Assigned; Assigned; Assigned; Complete; Complete; Complete; Complete; Complete,Application Submitted, , , , , , , , , , , , , , , , , , , , , , , , , , , ,Bentley University; Bentley University, , , ,Konda,al-Hariri
2023 GWCF Scholarship Application,Submitted,Application Submitted, , , , , , , , , , , , , , , , , , , , , , , , , , , , , , , ,David Anthony,Contreras
2023 GWCF Scholarship Application,Submitted; Assigned,Application Submitted, , , , , , , , , , , , , , , , , , , , , , , , , , , , , , , ,Christine,Lastrella
2023 GWCF Scholarship Application,Submitted; Assigned,Application Submitted, , , , , , , , , , , , , , , , , , , , , , , , , , , , , , , ,Roger,Boles
2023 GWCF Scholarship Application,Submitted; Assigned,Application Submitted, , , , , , , , , , , , , , , , , , , , , , , , , , , , , , , ,Armonno,Carson
2023 GWCF Scholarship Application,Submitted; Assigned; Assigned; Complete,Application Submitted, , , , , , , , , , , , , , , , , , , , , , , , , , , , , , , ,Sokdaney,Blitzer
2023 GWCF Scholarship Application,Submitted; Assigned; Assigned; Assigned; Assigned,Application Submitted, , , , , , , , , , , , , , , , , , , , , , , , , , , , , , , ,Munisa,Cohen-Wilson
2023 GWCF Scholarship Application,Submitted; Assigned,Application Submitted, , , , , , , , , , , , , , , , , , , , , , , , , , , , , , , ,Damione,Wauer
2023 GWCF Scholarship Application,Submitted; Assigned,Application Submitted, , , , , , , , , , , , , , , , , , , , , , , , , , , , , , , ,Wajeeh,Dionese
2023 GWCF Scholarship Application,Submitted; Assigned,Application Submitted, , , , , , , , , , , , , , , , , , , , , , , , , , , , , , , ,Sherman,Munguia
2023 GWCF Scholarship Application,Submitted; Assigned,Application Submitted, , , , , , , , , , , , , , , , , , , , , , , , , , , , , , , ,Abhaya,Ranney
2023 GWCF Scholarship Application,Submitted; Assigned,Application Submitted, , , , , , , , , , , , , , , , , , , , , , , , , , , , , , , ,Alex,Valbrun
2023 GWCF Scholarship Application,Submitted; Assigned,Application Submitted, , , , , , , , , , , , , , , , , , , , , , , , , , , , , , , ,Idrianna,el-Qazi
2023 GWCF Scholarship Application,Submitted; Assigned,Application Submitted, , , , , , , , , , , , , , , , , , , , , , , , , , , , , , , ,Uriah,al-Uddin
2023 GWCF Scholarship Application,Submitted; Assigned,Application Submitted, , , , , , , , , , , , , , , , , , , , , , , , , , , , , , , ,Ohitike,Terry
2023 GWCF Scholarship Application,Submitted; Assigned; Assigned; Assigned; Assigned; Assigned; Assigned; Assigned; Assigned; Assigned; Assigned; Assigned,Application Submitted, , , , , , , , , , , , , , , , , , , , , , , , , , , , , , , ,Andy,Hren
2023 GWCF Scholarship Application,Submitted; Assigned,Application Submitted, , , , , , , , , , , , , , , , , , , , , , , , , , , , , , , ,Wisaam,Norwood
2023 GWCF Scholarship Application,Submitted; Assigned,Application Submitted, , , , , , , , , , , , , , , , , , , , , , , , , , , , , , , ,Alex,Otgontulga
2023 GWCF Scholarship Application,Submitted; Assigned; Assigned; Assigned; Assigned; Assigned; Assigned; Assigned; Assigned; Assigned; Assigned; Complete,Application Submitted, , , , , , , , , , , , , , , , , , , , , , , , , , , , , , , ,Katherine,Cayabyab
2023 GWCF Scholarship Application,Submitted; Assigned; Assigned; Assigned; Assigned; Assigned; Assigned; Assigned; Assigned; Assigned; Assigned; Complete,Application Submitted, , , , , , , , , , , , , , , , , , , , , , , , , , , , , , , ,Victor,Ma
2023 GWCF Scholarship Application,Submitted; Assigned; Assigned; Assigned; Assigned; Assigned; Assigned; Assigned; Assigned,Application Submitted, , , , , , , , , , , , , , , , , , , , , , , , , , , , , , , ,Suhaa,Hillsmon
2023 GWCF Scholarship Application,Submitted; Assigned,Application Submitted, , , , , , , , , , , , , , , , , , , , , , , , , , , , , , , ,Daizha,Carey
2023 GWCF Scholarship Application,Submitted; Assigned; Assigned; Assigned; Assigned; Assigned,Application Submitted, , , , , , , , , , , , , , , , , , , , , , , , , , , , , , , ,Tevin,al-Hariri
2023 GWCF Scholarship Application,Submitted; Assigned; Assigned; Assigned; Assigned; Assigned; Assigned,Application Submitted, , , , , , , , , , , , , , , , , , , , , , , , , , , , , , , ,Danika,el-Zaidi
2023 GWCF Scholarship Application,Submitted,Application Submitted, , , , , , , , , , , , , , , , , , , , , , , , , , , , , , , ,Jonet,Claybrooks
2023 GWCF Scholarship Application,Submitted; Assigned,Application Submitted, , , , , , , , , , , , , , , , , , , , , , , , , , , , , , , ,Rahma,el-Kaleel
2023 GWCF Scholarship Application,Submitted; Assigned,Application Submitted, , , , , , , , , , , , , , , , , , , , , , , , , , , , , , , ,Sadi,Skells
2023 GWCF Scholarship Application,Submitted; Assigned,Application Submitted, , , , , , , , , , , , , , , , , , , , , , , , , , , , , , , ,Saajid,Stubits
2023 GWCF Scholarship Application,Submitted; Assigned,Application Submitted, , , , , , , , , , , , , , , , , , , , , , , , , , , , , , , ,Ireland,Lyman
2023 GWCF Scholarship Application,Submitted; Assigned; Assigned; Assigned; Assigned,Application Submitted, , , , , , , , , , , , , , , , , , , , , , , , , , , , , , , ,Avianha,Pirzadeh
2023 GWCF Scholarship Application,Submitted; Assigned,Application Submitted, , , , , , , , , , , , , , , , , , , , , , , , , , , , , , , ,Enrico,Montgomery
2023 GWCF Scholarship Application,Submitted; Assigned,Application Submitted, , , , , , , , , , , , , , , , , , , , , , , , , , , , , , , ,Tercell,Portillo
2023 GWCF Scholarship Application,Submitted; Assigned,Application Submitted, , , , , , , , , , , , , , , , , , , , , , , , , , , , , , , ,Maegen,Rail
2023 GWCF Scholarship Application,Submitted; Assigned,Application Submitted, , , , , , , , , , , , , , , , , , , , , , , , , , , , , , , ,Wisaam,Bass
2023 GWCF Scholarship Application,Submitted; Assigned; Assigned; Assigned; Assigned; Assigned; Complete,Application Submitted, , , , , , , , , , , , , , , , , , , , , , , , , , , , , , , ,Stevon,Alderete
2023 GWCF Scholarship Application,Submitted; Assigned,Application Submitted, , , , , , , , , , , , , , , , , , , , , , , , , , , , , , , ,Khongmong,Flowers
2023 GWCF Scholarship Application,Submitted; Assigned; Assigned; Complete; Complete; Complete; Complete; Complete,Application Submitted, , , , , , , , , , , , , , , , , , , , , , , , , , , ,Massachusetts Institute of Technology; Massachusetts Institute of Technology, , , ,Koji,el-Kazemi
2023 GWCF Scholarship Application,Submitted; Assigned; Assigned; Assigned,Application Submitted, , , , , , , , , , , , , , , , , , , , , , , , , , , , , , , ,Kanjai,Ludwig
2023 GWCF Scholarship Application,Submitted; Assigned; Assigned; Assigned; Assigned; Assigned; Assigned; Assigned; Assigned; Assigned; Assigned; Assigned; Assigned; Assigned; Assigned; Assigned; Assigned; Assigned; Assigned; Assigned; Assigned; Assigned; Complete,Application Submitted, , , , , , , , , , , , , , , , , , , , , , , , , , , , , , , ,Heather,Cruise
2023 GWCF Scholarship Application,Submitted; Assigned; Assigned; Assigned; Assigned; Assigned; Assigned; Assigned; Assigned,Application Submitted, , , , , , , , , , , , , , , , , , , , , , , , , , , , , , , ,Adrianna,Hall
2023 GWCF Scholarship Application,Submitted; Assigned,Application Submitted, , , , , , , , , , , , , , , , , , , , , , , , , , , , , , , ,Carina,Griese
2023 GWCF Scholarship Application,Submitted; Assigned,Application Submitted, , , , , , , , , , , , , , , , , , , , , , , , , , , , , , , ,Franklin,Vanduren
2023 GWCF Scholarship Application,Submitted; Assigned,Application Submitted, , , , , , , , , , , , , , , , , , , , , , , , , , , , , , , ,Yadira,Schopp
2023 GWCF Scholarship Application,Submitted; Assigned; Assigned; Assigned; Assigned; Assigned; Assigned; Assigned; Assigned; Complete; Complete; Complete; Complete; Complete,Application Submitted, , , , , , , , , , , , , , , , , , , , , , , , , , , ,University of Massachusetts at Amherst; University of Massachusetts at Amherst, , , ,Dequanda,Jenkins
2023 GWCF Scholarship Application,Submitted; Assigned,Application Submitted, , , , , , , , , , , , , , , , , , , , , , , , , , , , , , , ,Naaifa,Dellacroce
2023 GWCF Scholarship Application,Submitted; Assigned,Application Submitted, , , , , , , , , , , , , , , , , , , , , , , , , , , , , , , ,Tobias,Woy
2023 GWCF Scholarship Application,Submitted; Assigned,Application Submitted, , , , , , , , , , , , , , , , , , , , , , , , , , , , , , , ,Cheyane,Hall
2023 GWCF Scholarship Application,Submitted; Assigned; Assigned; Assigned; Assigned; Assigned; Assigned; Assigned; Assigned; Assigned; Assigned; Assigned; Complete; Complete; Complete; Complete; Complete,Application Submitted, , , , , , , , , , , , , , , , , , , , , , , , , , , ,Boston College; Boston College, , , ,Murshid,el-Mohammadi
2023 GWCF Scholarship Application,Submitted; Assigned,Application Submitted, , , , , , , , , , , , , , , , , , , , , , , , , , , , , , , ,Simcha,Isaac Jackson
2023 GWCF Scholarship Application,Submitted; Assigned; Assigned; Assigned; Assigned; Assigned,Application Submitted, , , , , , , , , , , , , , , , , , , , , , , , , , , , , , , ,Lateefa,Stringfellow
2023 GWCF Scholarship Application,Submitted; Assigned; Assigned; Assigned,Application Submitted, , , , , , , , , , , , , , , , , , , , , , , , , , , , , , , ,Ignacio,Vega
2023 GWCF Scholarship Application,Submitted; Assigned,Application Submitted, , , , , , , , , , , , , , , , , , , , , , , , , , , , , , , ,Sahel,Stryker
2023 GWCF Scholarship Application,Submitted; Assigned,Application Submitted, , , , , , , , , , , , , , , , , , , , , , , , , , , , , , , ,Tercell,Winters
2023 GWCF Scholarship Application,Submitted; Assigned,Application Submitted, , , , , , , , , , , , , , , , , , , , , , , , , , , , , , , ,Cheyenne,Nicholl
2023 GWCF Scholarship Application,Submitted; Assigned; Assigned; Assigned; Assigned; Assigned; Assigned; Assigned,Application Submitted, , , , , , , , , , , , , , , , , , , , , , , , , , , , , , , ,Sydney,White
2023 GWCF Scholarship Application,Submitted; Assigned; Assigned; Complete,Application Submitted, , , , , , , , , , , , , , , , , , , , , , , , , , , , , , , ,Ivan,Deleon-Rodriguez
2023 GWCF Scholarship Application,Submitted; Assigned,Application Submitted, , , , , , , , , , , , , , , , , , , , , , , , , , , , , , , ,Derrick,el-Kamali
2023 GWCF Scholarship Application,Submitted; Assigned; Assigned; Complete,Application Submitted, , , , , , , , , , , , , , , , , , , , , , , , , , , , , , , ,Dean,Huerta
2023 GWCF Scholarship Application,Submitted; Assigned,Application Submitted, , , , , , , , , , , , , , , , , , , , , , , , , , , , , , , ,Shakeel,Thakur
2023 GWCF Scholarship Application,Submitted; Assigned; Assigned; Assigned; Assigned; Assigned; Complete; Complete; Complete; Complete; Complete,Application Submitted, , , , , , , , , , , , , , , , , , , , , , , , , , , ,University of Massachusetts at Amherst; University of Massachusetts at Amherst, , , ,Muneer,Nevarez
2023 GWCF Scholarship Application,Submitted; Assigned,Application Submitted, , , , , , , , , , , , , , , , , , , , , , , , , , , , , , , ,Julien,Chavez Salvador
2023 GWCF Scholarship Application,Submitted; Assigned,Application Submitted, , , , , , , , , , , , , , , , , , , , , , , , , , , , , , , ,Daizha,Bonser
2023 GWCF Scholarship Application,Submitted; Assigned,Application Submitted, , , , , , , , , , , , , , , , , , , , , , , , , , , , , , , ,Isuru,Longwing
2023 GWCF Scholarship Application,Submitted; Assigned; Assigned; Complete,Application Submitted, , , , , , , , , , , , , , , , , , , , , , , , , , , , , , , ,Allyson,Zimmerman
2023 GWCF Scholarship Application,Submitted; Assigned,Application Submitted, , , , , , , , , , , , , , , , , , , , , , , , , , , , , , , ,Abdul Noor,Stryker
2023 GWCF Scholarship Application,Submitted; Assigned,Application Submitted, , , , , , , , , , , , , , , , , , , , , , , , , , , , , , , ,Munisa,Montoya
2023 GWCF Scholarship Application,Submitted; Assigned,Application Submitted, , , , , , , , , , , , , , , , , , , , , , , , , , , , , , , ,Tyrelle,Hermanson
2023 GWCF Scholarship Application,Submitted; Assigned,Application Submitted, , , , , , , , , , , , , , , , , , , , , , , , , , , , , , , ,Kabowd,Locust
2023 GWCF Scholarship Application,Submitted; Assigned; Assigned; Assigned; Assigned,Application Submitted, , , , , , , , , , , , , , , , , , , , , , , , , , , , , , , ,Oniel,Force
Adolfo Arrastia Beacon of Light Scholarship 2023,Submitted; Complete; Complete; Complete; Complete; Complete,Closed,600, , , , , , , , , , , , , , , , , , , , , , , , , , , , , , ,Akeem,Rodrukkwun
Adolfo Arrastia Beacon of Light Scholarship 2023,Submitted; Submitted; Complete; Complete; Complete,Denied, , , , , , , , , , , , , , , , , , , , , , , , , , , , , , , ,Jared,Gordon
Adolfo Arrastia Beacon of Light Scholarship 2023,Submitted; Submitted; Complete,Denied, , , , , , , , , , , , , , , , , , , , , , , , , , , , , , , ,Nova,Liang
Adolfo Arrastia Beacon of Light Scholarship 2023,Submitted; Complete; Complete; Complete; Complete,Denied, , , , , , , , , , , , , , , , , , , , , , , , , , , , , , , ,Dajon,Mekonnen
Alexander G. Simonatis Scholarship 2023,Submitted; Complete; Complete; Complete; Complete; Complete,Follow Up(s) Assigned,4000, , , , , , , , , , , , , , , , , , , , , , , , , , , , , , ,Adail,Segura
Alexander G. Simonatis Scholarship 2023,Submitted; Complete; Complete; Complete; Complete; Complete; Complete; Complete,Follow Up(s) Assigned,4000, , , , , , , , , , , , , , , , , , , , , , , , , , ,University of Massachusetts Lowell; University of Massachusetts Lowell, , , ,Piotreck,al-Musa
Andrew Sala Memorial Scholarship 2023,Complete; Complete; Complete,Closed,1500, , , , , , , , , , , , , , , , , , , , , , , , , , , , , , ,Ramza,al-Nasser
Andrew Sala Memorial Scholarship 2023,Complete; Complete; Complete,Closed,1500, , , , , , , , , , , , , , , , , , , , , , , , , , , , , , ,Jim,Paiz
Anne Carey Murphy Memorial Scholarship 2023,Submitted; Complete; Complete; Complete; Complete; Complete; Complete; Complete,Closed,2000, , , , , , , , , , , , , , , , , , , , , , , , , , ,Worcester State University; Worcester State University, , , ,Abhaya,Macias Flores
Anne Carey Murphy Memorial Scholarship 2023,Submitted; Complete; Complete,Denied, , , , , , , , , , , , , , , , , , , , , , , , , , , , , , , ,Mikala,Christensen
Anthony E. Mickunas Memorial (Norwood) Scholarship 2023,Complete; Complete; Complete,Closed,1000, , , , , , , , , , , , , , , , , , , , , , , , , , , , , , ,Hasan,Poor Alcon
Anthony E. Mickunas Memorial Scholarship 2023,Submitted; Complete; Complete; Complete,Denied, , , , , , , , , , , , , , , , , , , , , , , , , , , , , , , ,Angel,Luttrell
Anthony E. Mickunas Memorial Scholarship 2023,Submitted; Complete; Complete; Complete; Complete; Complete; Complete; Complete,Denied, , , , , , , , , , , , , , , , , , , , , , , , , , , , , , , ,Najimah,Brandon
Anthony E. Mickunas Memorial Scholarship 2023,Submitted; Complete; Complete,Denied, , , , , , , , , , , , , , , , , , , , , , , , , , , , , , , ,Shayla,Stepter
Anthony E. Mickunas Memorial Scholarship 2023,Submitted; Complete; Complete; Complete; Complete; Complete; Complete; Complete,Denied, , , , , , , , , , , , , , , , , , , , , , , , , , , , , , , ,Kortnee,al-Hariri
Anthony E. Mickunas Memorial Scholarship 2023,Submitted; Complete; Complete,Denied, , , , , , , , , , , , , , , , , , , , , , , , , , , , , , , ,Arghavan,Parrilla
Anthony E. Mickunas Memorial Scholarship 2023,Submitted; Complete; Complete; Complete; Complete,Denied, , , , , , , , , , , , , , , , , , , , , , , , , , , , , , , ,Jared,Gordon
Anthony E. Mickunas Memorial Scholarship 2023,Submitted; Complete; Complete; Complete,Denied, , , , , , , , , , , , , , , , , , , , , , , , , , , , , , , ,Shivani,Bliss
Anthony E. Mickunas Memorial Scholarship 2023,Submitted; Complete; Complete; Complete; Complete; Complete; Complete; Complete; Complete; Complete; Complete; Complete,Denied, , , , , , , , , , , , , , , , , , , , , , , , , , , ,Worcester State University; Worcester State University, , , ,Rod,Shorty
Anthony E. Mickunas Memorial Scholarship 2023,Submitted; Complete; Complete; Complete; Complete; Complete; Complete,Denied, , , , , , , , , , , , , , , , , , , , , , , , , , , ,Worcester State University, , , ,Abhaya,el-Allee
Anthony E. Mickunas Memorial Scholarship 2023,Submitted; Complete; Complete; Complete; Complete,Denied, , , , , , , , , , , , , , , , , , , , , , , , , , , ,Worcester State University, , , ,Latasha,al-Guler
Anthony E. Mickunas Memorial Scholarship 2023,Submitted; Complete; Complete,Denied, , , , , , , , , , , , , , , , , , , , , , , , , , , , , , , ,Bobbi,Hathaway
Anthony E. Mickunas Memorial Scholarship 2023,Submitted; Complete; Complete,Denied, , , , , , , , , , , , , , , , , , , , , , , , , , , , , , , ,Abdul Wadood,Santiago
Anthony E. Mickunas Memorial Scholarship 2023,Submitted; Complete; Complete; Complete,Denied, , , , , , , , , , , , , , , , , , , , , , , , , , , , , , , ,Leilani,Swimmer
Anthony E. Mickunas Memorial Scholarship 2023,Submitted; Complete; Complete,Denied, , , , , , , , , , , , , , , , , , , , , , , , , , , , , , , ,Khongmong,Majid
Anthony E. Mickunas Memorial Scholarship 2023,Submitted; Complete; Complete; Complete; Complete; Complete; Complete; Complete,Denied, , , , , , , , , , , , , , , , , , , , , , , , , , , ,Western New England University; Western New England University, , , ,Kaarim,Miller
Anthony E. Mickunas Memorial Scholarship 2023,Submitted; Complete; Complete; Complete; Complete; Complete; Complete; Complete,Denied, , , , , , , , , , , , , , , , , , , , , , , , , , , ,Providence College; Providence College, , , ,Matias,Herrington
Anthony E. Mickunas Memorial Scholarship 2023,Submitted; Complete; Complete; Complete; Complete; Complete; Complete; Complete,Denied, , , , , , , , , , , , , , , , , , , , , , , , , , , , , , , ,Faai Z,Nye
Anthony E. Mickunas Memorial Scholarship 2023,Submitted; Complete; Complete,Denied, , , , , , , , , , , , , , , , , , , , , , , , , , , , , , , ,Fawzia,al-Elamin
Anthony E. Mickunas Memorial Scholarship 2023,Submitted; Complete; Complete,Denied, , , , , , , , , , , , , , , , , , , , , , , , , , , , , , , ,France,al-Safar
Anthony E. Mickunas Memorial Scholarship 2023,Submitted; Complete; Complete,Denied, , , , , , , , , , , , , , , , , , , , , , , , , , , , , , , ,Armonno,Verburg
Anthony E. Mickunas Memorial Scholarship 2023,Submitted; Complete; Complete,Denied, , , , , , , , , , , , , , , , , , , , , , , , , , , , , , , ,Xai,Verburg
Anthony E. Mickunas Memorial Scholarship 2023,Submitted; Complete; Complete; Complete,Denied, , , , , , , , , , , , , , , , , , , , , , , , , , , , , , , ,Xai,Christensen
Anthony E. Mickunas Memorial Scholarship 2023,Submitted; Complete; Complete; Complete,Denied, , , , , , , , , , , , , , , , , , , , , , , , , , , , , , , ,Divyanka,Urresti
Anthony E. Mickunas Memorial Scholarship 2023,Submitted; Complete; Complete,Denied, , , , , , , , , , , , , , , , , , , , , , , , , , , , , , , ,Conner,Chestek
Anthony E. Mickunas Memorial Scholarship 2023,Submitted; Complete; Complete; Complete,Denied, , , , , , , , , , , , , , , , , , , , , , , , , , , , , , , ,Andi,Stark
Anthony E. Mickunas Memorial Scholarship 2023,Submitted; Complete; Complete,Denied, , , , , , , , , , , , , , , , , , , , , , , , , , , , , , , ,Lauren,Lillie
Anthony E. Mickunas Memorial Scholarship 2023,Submitted; Complete; Complete,Denied, , , , , , , , , , , , , , , , , , , , , , , , , , , , , , , ,Khongmong,Flowers
Anthony E. Mickunas Memorial Scholarship 2023,Submitted; Complete; Complete,Denied, , , , , , , , , , , , , , , , , , , , , , , , , , , , , , , ,Kianna,Gamez
Anthony E. Mickunas Memorial Scholarship 2023,Submitted; Complete; Complete,Denied, , , , , , , , , , , , , , , , , , , , , , , , , , , , , , , ,Hamdoona,Hyden-Terry
Anthony E. Mickunas Memorial Scholarship 2023,Submitted; Complete; Complete; Complete,Denied, , , , , , , , , , , , , , , , , , , , , , , , , , , , , , , ,Dean,Huerta
Anthony E. Mickunas Memorial Scholarship 2023,Submitted; Complete; Complete; Complete; Complete; Complete; Complete,Denied, , , , , , , , , , , , , , , , , , , , , , , , , , , , , , , ,Tevin,al-Hariri
Anthony E. Mickunas Memorial Scholarship 2023,Submitted; Complete; Complete; Complete; Complete; Complete; Complete; Complete,Denied, , , , , , , , , , , , , , , , , , , , , , , , , , , ,Boston University; Boston University, , , ,Magdalena,Gaskins
Anthony E. Mickunas Memorial Scholarship 2023,Submitted; Complete; Complete,Denied, , , , , , , , , , , , , , , , , , , , , , , , , , , , , , , ,Franklin,Vanduren
Anthony E. Mickunas Memorial Scholarship 2023,Submitted; Complete; Complete,Denied, , , , , , , , , , , , , , , , , , , , , , , , , , , , , , , ,Oniel,Force
Anthony E. Mickunas Memorial Scholarship 2023,Submitted; Complete; Complete,Denied, , , , , , , , , , , , , , , , , , , , , , , , , , , , , , , ,Malynda,Dykstra
Anthony E. Mickunas Memorial Scholarship 2023,Submitted; Complete; Complete; Complete; Complete; Complete; Complete; Complete; Complete; Complete; Complete; Complete,Follow Up(s) Assigned,2000, , , , , , , , , , , , , , , , , , , , , , , , , , ,Other; Other,Northwestern University; Northwestern University, , ,Tamanna,Larez
Arno and Roberta E. Wagner Scholarship 2023,Submitted; Complete; Complete; Complete; Complete; Complete; Complete; Complete; Complete,Approved,2000, , , , , , , , , , , , , , , , , , , , , , , , , , , , , , ,Ana Maria,Salihi
Arno and Roberta E. Wagner Scholarship 2023,Submitted; Complete; Complete; Complete; Complete; Complete; Complete; Complete; Complete,Closed,3000, , , , , , , , , , , , , , , , , , , , , , , , , , , , , , ,Mirza,Dagin
Arno and Roberta E. Wagner Scholarship 2023,Submitted; Complete; Complete,Denied, , , , , , , , , , , , , , , , , , , , , , , , , , , , , , , ,Emilio,Meli
Arno and Roberta E. Wagner Scholarship 2023,Submitted; Complete; Complete,Denied, , , , , , , , , , , , , , , , , , , , , , , , , , , , , , , ,Taijeona,al-Guler
Arno and Roberta E. Wagner Scholarship 2023,Submitted; Complete; Complete; Complete,Denied, , , , , , , , , , , , , , , , , , , , , , , , , , , , , , , ,K'Sandra,Guenther
Arno and Roberta E. Wagner Scholarship 2023,Submitted; Complete; Complete,Denied, , , , , , , , , , , , , , , , , , , , , , , , , , , , , , , ,Munisa,Meli
Arno and Roberta E. Wagner Scholarship 2023,Submitted; Complete; Complete,Denied, , , , , , , , , , , , , , , , , , , , , , , , , , , , , , , ,Trina,Boogert
Arno and Roberta E. Wagner Scholarship 2023,Submitted; Complete; Complete,Denied, , , , , , , , , , , , , , , , , , , , , , , , , , , , , , , ,Vanya,Ayala
Arno and Roberta E. Wagner Scholarship 2023,Submitted; Complete; Complete; Complete; Complete; Complete; Complete; Complete,Denied, , , , , , , , , , , , , , , , , , , , , , , , , , , , , , , ,De'Vonta,Mcstraw
Arno and Roberta E. Wagner Scholarship 2023,Submitted; Complete; Complete,Denied, , , , , , , , , , , , , , , , , , , , , , , , , , , , , , , ,Indy,Grandberry
Arno and Roberta E. Wagner Scholarship 2023,Submitted; Complete; Complete,Denied, , , , , , , , , , , , , , , , , , , , , , , , , , , , , , , ,Shabeeba,Caldwell
Arno and Roberta E. Wagner Scholarship 2023,Submitted; Complete; Complete,Denied, , , , , , , , , , , , , , , , , , , , , , , , , , , , , , , ,Karlos,Foster
Arno and Roberta E. Wagner Scholarship 2023,Submitted; Complete; Complete,Denied, , , , , , , , , , , , , , , , , , , , , , , , , , , , , , , ,Umair,Vasquez
Arno and Roberta E. Wagner Scholarship 2023,Submitted; Complete; Complete,Denied, , , , , , , , , , , , , , , , , , , , , , , , , , , , , , , ,Blake,al-Sultan
Arno and Roberta E. Wagner Scholarship 2023,Submitted; Complete; Complete; Complete; Complete; Complete; Complete; Complete,Denied, , , , , , , , , , , , , , , , , , , , , , , , , , , , , , , ,Kiduse,Mcstraw
Arno and Roberta E. Wagner Scholarship 2023,Submitted; Complete; Complete,Denied, , , , , , , , , , , , , , , , , , , , , , , , , , , , , , , ,Heroki,el-Salame
Arno and Roberta E. Wagner Scholarship 2023,Submitted; Complete; Complete; Complete; Complete; Complete; Complete; Complete,Denied, , , , , , , , , , , , , , , , , , , , , , , , , , , , , , , ,Amaan,Mccoy
Arno and Roberta E. Wagner Scholarship 2023,Submitted; Complete; Complete,Denied, , , , , , , , , , , , , , , , , , , , , , , , , , , , , , , ,Nahom,Koerner
Arno and Roberta E. Wagner Scholarship 2023,Submitted; Complete; Complete,Denied, , , , , , , , , , , , , , , , , , , , , , , , , , , , , , , ,Ireland,Lyman
Arno and Roberta E. Wagner Scholarship 2023,Submitted; Complete; Complete; Complete; Complete; Complete; Complete; Complete,Denied, , , , , , , , , , , , , , , , , , , , , , , , , , , , , , , ,Sydney,White
Arno and Roberta E. Wagner Scholarship 2023,Submitted; Complete; Complete; Complete; Complete; Complete; Complete; Complete,Denied, , , , , , , , , , , , , , , , , , , , , , , , , , , , , , , ,Brenna,el-Ansari
Arno and Roberta E. Wagner Scholarship 2023,Submitted; Complete; Complete; Complete,Denied, , , , , , , , , , , , , , , , , , , , , , , , , , , , , , , ,Stevon,Alderete
Arno and Roberta E. Wagner Scholarship 2023,Submitted; Complete; Complete,Denied, , , , , , , , , , , , , , , , , , , , , , , , , , , , , , , ,Shawnia,Loftis
Arno and Roberta E. Wagner Scholarship 2023,Submitted; Submitted; Complete,Denied, , , , , , , , , , , , , , , , , , , , , , , , , , , , , , , ,Tyrelle,Hermanson
Arno and Roberta E. Wagner Scholarship 2023,Submitted; Complete; Complete; Complete; Complete; Complete; Complete; Complete; Complete; Complete; Complete; Complete; Complete,Follow Up(s) Assigned,10000, , , , , , , , , , , , , , , , , , , , , , , , , , ,Bridgewater State University; Bridgewater State University, , , ,Pate,el-Abraham
Arthur J. Remillard Jr. Scholarship 2023,Submitted; Complete; Complete; Complete,Denied, , , , , , , , , , , , , , , , , , , , , , , , , , , , , , , ,Muneefa,Ives
Arthur J. Remillard Jr. Scholarship 2023,Submitted; Complete; Complete,Denied, , , , , , , , , , , , , , , , , , , , , , , , , , , , , , , ,Shayla,Stepter
Arthur J. Remillard Jr. Scholarship 2023,Submitted; Complete; Complete; Complete; Complete,Denied, , , , , , , , , , , , , , , , , , , , , , , , , , , , , , , ,Jared,Gordon
Arthur J. Remillard Jr. Scholarship 2023,Submitted; Complete; Complete; Complete,Denied, , , , , , , , , , , , , , , , , , , , , , , , , , , , , , , ,Abdul Haleem,al-Huda
Arthur J. Remillard Jr. Scholarship 2023,Submitted; Complete; Complete,Denied, , , , , , , , , , , , , , , , , , , , , , , , , , , , , , , ,Jordynn,Horta
Arthur J. Remillard Jr. Scholarship 2023,Submitted; Complete; Complete; Complete,Denied, , , , , , , , , , , , , , , , , , , , , , , , , , , , , , , ,Shivani,Bliss
Arthur J. Remillard Jr. Scholarship 2023,Submitted; Complete; Complete; Complete; Complete; Complete; Complete; Complete; Complete,Denied, , , , , , , , , , , , , , , , , , , , , , , , , , , ,Worcester State University, , , ,Latasha,al-Guler
Arthur J. Remillard Jr. Scholarship 2023,Submitted; Complete; Complete; Complete,Denied, , , , , , , , , , , , , , , , , , , , , , , , , , , , , , , ,Wyleen,Macasinag
Arthur J. Remillard Jr. Scholarship 2023,Submitted; Complete; Complete; Complete; Complete; Complete; Complete; Complete,Denied, , , , , , , , , , , , , , , , , , , , , , , , , , , , , , , ,Leilani,Swimmer
Arthur J. Remillard Jr. Scholarship 2023,Submitted; Complete; Complete; Complete; Complete; Complete; Complete; Complete,Denied, , , , , , , , , , , , , , , , , , , , , , , , , , , ,Gordon College; Gordon College, , , ,Jayelin,Rad
Arthur J. Remillard Jr. Scholarship 2023,Submitted; Submitted; Complete,Denied, , , , , , , , , , , , , , , , , , , , , , , , , , , , , , , ,Stephany,Channel
Arthur J. Remillard Jr. Scholarship 2023,Submitted; Complete; Complete; Complete; Complete; Complete; Complete,Denied, , , , , , , , , , , , , , , , , , , , , , , , , , , , , , , ,Fawzia,al-Elamin
Arthur J. Remillard Jr. Scholarship 2023,Submitted; Complete; Complete; Complete,Denied, , , , , , , , , , , , , , , , , , , , , , , , , , , , , , , ,Brendon,Channel
Arthur J. Remillard Jr. Scholarship 2023,Submitted; Complete; Complete,Denied, , , , , , , , , , , , , , , , , , , , , , , , , , , , , , , ,Mahbooba,al-Shaikh
Arthur J. Remillard Jr. Scholarship 2023,Submitted; Complete; Complete; Complete; Complete; Complete; Complete; Complete,Denied, , , , , , , , , , , , , , , , , , , , , , , , , , , ,Boston University; Boston University, , , ,Xavia,Mccarty
Arthur J. Remillard Jr. Scholarship 2023,Submitted; Complete; Complete; Complete; Complete; Complete; Complete,Denied, , , , , , , , , , , , , , , , , , , , , , , , , , , , , , , ,Kristal,al-Ismael
Arthur J. Remillard Jr. Scholarship 2023,Submitted; Complete; Complete; Complete,Denied, , , , , , , , , , , , , , , , , , , , , , , , , , , , , , , ,Akeem,Rodrukkwun
Arthur J. Remillard Jr. Scholarship 2023,Submitted; Complete; Complete; Complete,Denied, , , , , , , , , , , , , , , , , , , , , , , , , , , , , , , ,Jyotshal,al-Selim
Arthur J. Remillard Jr. Scholarship 2023,Submitted; Complete; Complete,Denied, , , , , , , , , , , , , , , , , , , , , , , , , , , , , , , ,Daizha,Khatanbaatar
Arthur J. Remillard Jr. Scholarship 2023,Submitted; Complete; Complete; Complete; Complete; Complete; Complete; Complete; Complete; Complete; Complete; Complete,Denied, , , , , , , , , , , , , , , , , , , , , , , , , , , ,Georgia State University; Georgia State University, , , ,Cesar,al-Ismael
Arthur J. Remillard Jr. Scholarship 2023,Submitted; Complete; Complete; Complete,Denied, , , , , , , , , , , , , , , , , , , , , , , , , , , , , , , ,Dean,Huerta
Arthur J. Remillard Jr. Scholarship 2023,Submitted; Complete; Complete,Denied, , , , , , , , , , , , , , , , , , , , , , , , , , , , , , , ,Naaifa,Cleavenger
Arthur J. Remillard Jr. Scholarship 2023,Submitted; Complete; Complete; Complete; Complete; Complete; Complete; Complete; Complete; Complete; Complete; Complete,Follow Up(s) Assigned,2000, , , , , , , , , , , , , , , , , , , , , , , , , , ,Boston University; Boston University, , , ,Mi,Wands
Arthur J. Smith and Dorothy G. Smith Scholarship 2023,Submitted; Complete; Complete; Complete; Complete,Denied, , , , , , , , , , , , , , , , , , , , , , , , , , , ,Worcester State University, , , ,Latasha,al-Guler
Arthur J. Smith and Dorothy G. Smith Scholarship 2023,Submitted; Complete; Complete; Complete,Denied, , , , , , , , , , , , , , , , , , , , , , , , , , , , , , , ,Faai Z,Nye
Arthur J. Smith and Dorothy G. Smith Scholarship 2023,Submitted; Complete; Complete; Complete,Denied, , , , , , , , , , , , , , , , , , , , , , , , , , , , , , , ,Kalleb,Balogh
Arthur J. Smith and Dorothy G. Smith Scholarship 2023,Submitted; Complete; Complete,Denied, , , , , , , , , , , , , , , , , , , , , , , , , , , , , , , ,Suhaa,Hillsmon
Arthur J. Smith and Dorothy G. Smith Scholarship 2023,Submitted; Complete; Complete; Complete,Denied, , , , , , , , , , , , , , , , , , , , , , , , , , , , , , , ,Howard,Dickey
Arthur J. Smith and Dorothy G. Smith Scholarship 2023,Submitted; Complete; Complete; Complete; Complete; Complete; Complete; Complete,Denied, , , , , , , , , , , , , , , , , , , , , , , , , , , ,Other; Other,Fashion Institute of Technology ; FIT, , ,Karan,Gandarilla
Arthur J. Smith and Dorothy G. Smith Scholarship 2023,Submitted; Complete; Complete; Complete; Complete; Complete; Complete; Complete,Follow Up(s) Assigned,2000, , , , , , , , , , , , , , , , , , , , , , , , , , ,Bentley University; Bentley University, , , ,Konda,al-Hariri
Auburn Knights of Columbus Scholarship 2023,Submitted; Complete; Complete; Complete; Complete; Complete; Complete,Denied, , , , , , , , , , , , , , , , , , , , , , , , , , , , , , , ,Taqi,Brandon
Auburn Knights of Columbus Scholarship 2023,Submitted; Submitted; Complete,Denied, , , , , , , , , , , , , , , , , , , , , , , , , , , , , , , ,Stephen,Wada
Auburn Knights of Columbus Scholarship 2023,Submitted; Submitted; Complete,Denied, , , , , , , , , , , , , , , , , , , , , , , , , , , , , , , ,Gabrielle,Wong
Auburn Knights of Columbus Scholarship 2023,Submitted; Submitted; Complete,Denied, , , , , , , , , , , , , , , , , , , , , , , , , , , , , , , ,Heroki,Wong
Auburn Knights of Columbus Scholarship 2023,Submitted; Submitted; Complete,Denied, , , , , , , , , , , , , , , , , , , , , , , , , , , , , , , ,Marion,Nedd
Auburn Knights of Columbus Scholarship 2023,Submitted; Submitted; Complete; Complete,Denied, , , , , , , , , , , , , , , , , , , , , , , , , , , , , , , ,Fareeda,Becker
Auburn Knights of Columbus Scholarship 2023,Submitted; Submitted; Complete,Denied, , , , , , , , , , , , , , , , , , , , , , , , , , , , , , , ,Nabeel,Kaeck
Auburn Knights of Columbus Scholarship 2023,Submitted; Submitted; Complete; Complete,Denied, , , , , , , , , , , , , , , , , , , , , , , , , , , , , , , ,Ana Maria,Molina-Gutierrez
Auburn Knights of Columbus Scholarship 2023,Submitted; Submitted; Complete,Denied, , , , , , , , , , , , , , , , , , , , , , , , , , , , , , , ,Abdur Razzaaq,Durlin
Auburn Knights of Columbus Scholarship 2023,Submitted; Submitted; Complete,Denied, , , , , , , , , , , , , , , , , , , , , , , , , , , , , , , ,Roger,Pavisook
Auburn Knights of Columbus Scholarship 2023,Submitted; Submitted; Complete; Complete,Denied, , , , , , , , , , , , , , , , , , , , , , , , , , , , , , , ,Sheena,al-Pashia
Auburn Knights of Columbus Scholarship 2023,Submitted; Complete; Complete; Complete; Complete; Complete; Complete; Complete,Denied, , , , , , , , , , , , , , , , , , , , , , , , , , , , , , , ,Taamira,el-Zakaria
Auburn Knights of Columbus Scholarship 2023,Submitted; Submitted; Complete,Denied, , , , , , , , , , , , , , , , , , , , , , , , , , , , , , , ,Xai,Ray
Auburn Knights of Columbus Scholarship 2023,Submitted; Complete; Complete; Complete; Complete; Complete; Complete,Denied, , , , , , , , , , , , , , , , , , , , , , , , , , , , , , , ,Najeem,Field
Auburn Knights of Columbus Scholarship 2023,Submitted; Submitted; Complete,Denied, , , , , , , , , , , , , , , , , , , , , , , , , , , , , , , ,Aimee,Slife
Auburn Knights of Columbus Scholarship 2023,Submitted; Complete; Complete; Complete; Complete; Complete; Complete,Denied, , , , , , , , , , , , , , , , , , , , , , , , , , , , , , , ,Jase,el-Hashim
Auburn Knights of Columbus Scholarship 2023,Submitted; Submitted; Complete,Denied, , , , , , , , , , , , , , , , , , , , , , , , , , , , , , , ,Sterling,Tong
Auburn Knights of Columbus Scholarship 2023,Submitted; Submitted; Complete,Denied, , , , , , , , , , , , , , , , , , , , , , , , , , , , , , , ,Jaymie Leigh,Mamdu
Auburn Knights of Columbus Scholarship 2023,Submitted; Submitted; Complete,Denied, , , , , , , , , , , , , , , , , , , , , , , , , , , , , , , ,Survoy,Billie
Auburn Knights of Columbus Scholarship 2023,Submitted; Submitted; Complete; Complete; Complete; Complete; Complete; Complete,Denied, , , , , , , , , , , , , , , , , , , , , , , , , , , ,Boston College; Boston College, , , ,Murshid,el-Mohammadi
Auburn Knights of Columbus Scholarship 2023,Submitted; Complete; Complete; Complete; Complete; Complete; Complete,Denied, , , , , , , , , , , , , , , , , , , , , , , , , , , , , , , ,Shabeeba,Marquardt
Auburn Knights of Columbus Scholarship 2023,Submitted; Submitted; Complete,Denied, , , , , , , , , , , , , , , , , , , , , , , , , , , , , , , ,Julien,Chavez Salvador
Auburn Knights of Columbus Scholarship 2023,Submitted; Complete; Complete; Complete; Complete; Complete; Complete; Complete; Complete; Complete; Complete; Complete; Complete,Follow Up(s) Assigned,2000, , , , , , , , , , , , , , , , , , , , , , , , , , ,Other; Wentworth Institute of Technology,Wentworth Institute of Technology, , ,Shakoora,Lockhart
Belmont Street Community School Scholarship 2023,Submitted; Complete; Complete; Complete; Complete; Complete; Complete,Closed,400, , , , , , , , , , , , , , , , , , , , , , , , , , , , , , ,Faai Z,Nye
Belmont Street Community School Scholarship 2023,Submitted; Complete; Complete; Complete; Complete; Complete; Complete; Complete; Complete; Complete; Complete,Denied, , , , , , , , , , , , , , , , , , , , , , , , , , , ,Gordon College; Gordon College, , , ,Jayelin,Rad
Belmont Street Community School Scholarship 2023,Submitted; Complete; Complete; Complete; Complete; Complete; Complete; Complete; Complete; Complete; Complete,Denied, , , , , , , , , , , , , , , , , , , , , , , , , , , ,Anna Maria College; Anna Maria College, , , ,Ace,Tagawa
Ben P. Masterman Scholarship 2023,Submitted; Complete; Complete; Complete,Closed,1800, , , , , , , , , , , , , , , , , , , , , , , , , , , , , , ,Allyson,Zimmerman
Ben P. Masterman Scholarship 2023,Submitted; Submitted; Complete; Complete,Denied, , , , , , , , , , , , , , , , , , , , , , , , , , , , , , , ,Muneefa,Ives
Ben P. Masterman Scholarship 2023,Submitted; Submitted; Complete; Complete; Complete,Denied, , , , , , , , , , , , , , , , , , , , , , , , , , , , , , , ,Jared,Gordon
Ben P. Masterman Scholarship 2023,Submitted; Complete; Complete; Complete,Denied, , , , , , , , , , , , , , , , , , , , , , , , , , , , , , , ,Shivani,Bliss
Ben P. Masterman Scholarship 2023,Submitted; Complete; Complete,Denied, , , , , , , , , , , , , , , , , , , , , , , , , , , , , , , ,Angel,Arambula
Ben P. Masterman Scholarship 2023,Submitted; Submitted; Complete,Denied, , , , , , , , , , , , , , , , , , , , , , , , , , , , , , , ,Naaji,Rosencrans
Ben P. Masterman Scholarship 2023,Submitted; Submitted; Complete; Complete,Denied, , , , , , , , , , , , , , , , , , , , , , , , , , , , , , , ,Divyanka,Urresti
Ben P. Masterman Scholarship 2023,Submitted; Complete; Complete,Denied, , , , , , , , , , , , , , , , , , , , , , , , , , , , , , , ,Kristal,al-Ismael
Ben P. Masterman Scholarship 2023,Submitted; Complete; Complete,Denied, , , , , , , , , , , , , , , , , , , , , , , , , , , , , , , ,Suhaa,Hillsmon
Ben P. Masterman Scholarship 2023,Submitted; Submitted; Complete,Denied, , , , , , , , , , , , , , , , , , , , , , , , , , , , , , , ,Naaifa,Dellacroce
Ben P. Masterman Scholarship 2023,Submitted; Complete; Complete,Denied, , , , , , , , , , , , , , , , , , , , , , , , , , , , , , , ,Tobias,Woy
Bradford J. Kemp Scholarship 2023,Submitted; Complete; Complete; Complete,Denied, , , , , , , , , , , , , , , , , , , , , , , , , , , , , , , ,Souphakone,Thorne
Bradford J. Kemp Scholarship 2023,Submitted; Complete; Complete,Denied, , , , , , , , , , , , , , , , , , , , , , , , , , , , , , , ,Martinealyse,Brandon
Bradford J. Kemp Scholarship 2023,Submitted; Complete; Complete,Denied, , , , , , , , , , , , , , , , , , , , , , , , , , , , , , , ,Shaakira,Trembly
Bradford J. Kemp Scholarship 2023,Submitted; Complete; Complete; Complete; Complete; Complete; Complete; Complete,Denied, , , , , , , , , , , , , , , , , , , , , , , , , , , , , , , ,Ohitike,Charles
Bradford J. Kemp Scholarship 2023,Submitted; Complete; Complete; Complete,Denied, , , , , , , , , , , , , , , , , , , , , , , , , , , , , , , ,Kameel,Kellum
Bradford J. Kemp Scholarship 2023,Submitted; Complete; Complete; Complete; Complete; Complete; Complete,Denied, , , , , , , , , , , , , , , , , , , , , , , , , , , , , , , ,Kabowd,al-Nasrallah
Bradford J. Kemp Scholarship 2023,Submitted; Complete; Complete; Complete; Complete; Complete; Complete,Denied, , , , , , , , , , , , , , , , , , , , , , , , , , , , , , , ,Chrisna,Guerra
Bradford J. Kemp Scholarship 2023,Submitted; Complete; Complete,Denied, , , , , , , , , , , , , , , , , , , , , , , , , , , , , , , ,Dahlia,Kassahun
Bradford J. Kemp Scholarship 2023,Submitted; Complete; Complete; Complete; Complete; Complete; Complete; Complete; Complete; Complete; Complete; Complete,Follow Up(s) Assigned,3000, , , , , , , , , , , , , , , , , , , , , , , , , , ,Anna Maria College; Anna Maria College, , , ,Ace,Tagawa
Bruce S. Bennett Fund for Community Journalism Scholarship 2023,Submitted; Complete; Complete,Denied, , , , , , , , , , , , , , , , , , , , , , , , , , , , , , , ,Alex,Rumsey
Bruce S. Bennett Fund for Community Journalism Scholarship 2023,Submitted; Complete; Complete,Denied, , , , , , , , , , , , , , , , , , , , , , , , , , , , , , , ,Tione,Deboer
Bruce S. Bennett Fund for Community Journalism Scholarship 2023,Submitted; Complete; Complete,Denied, , , , , , , , , , , , , , , , , , , , , , , , , , , , , , , ,"Jam,Aan",al-Ameen
Bruce S. Bennett Fund for Community Journalism Scholarship 2023,Submitted; Complete; Complete,Denied, , , , , , , , , , , , , , , , , , , , , , , , , , , , , , , ,Nabeel,Renz
Bruce S. Bennett Fund for Community Journalism Scholarship 2023,Submitted; Complete; Complete; Complete; Complete; Complete,Denied, , , , , , , , , , , , , , , , , , , , , , , , , , , ,Dean College; Dean College, , , ,Raheema,Snider
Bruce S. Bennett Fund for Community Journalism Scholarship 2023,Submitted; Complete; Complete,Denied, , , , , , , , , , , , , , , , , , , , , , , , , , , , , , , ,Dhaafir,el-Attar
Bruce S. Bennett Fund for Community Journalism Scholarship 2023,Submitted; Complete; Complete,Denied, , , , , , , , , , , , , , , , , , , , , , , , , , , , , , , ,Brittney,Carrillo
Bruce S. Bennett Fund for Community Journalism Scholarship 2023,Submitted; Complete; Complete,Denied, , , , , , , , , , , , , , , , , , , , , , , , , , , , , , , ,Karlos,Foster
Bruce S. Bennett Fund for Community Journalism Scholarship 2023,Submitted; Complete; Complete; Complete; Complete; Complete,Denied, , , , , , , , , , , , , , , , , , , , , , , , , , , ,Worcester State University; Worcester State University, , , ,Muhjar,Hart
Bruce S. Bennett Fund for Community Journalism Scholarship 2023,Submitted; Complete; Complete,Denied, , , , , , , , , , , , , , , , , , , , , , , , , , , , , , , ,Armonno,Carson
Bruce S. Bennett Fund for Community Journalism Scholarship 2023,Submitted; Complete; Complete; Complete; Complete; Complete,Denied, , , , , , , , , , , , , , , , , , , , , , , , , , , , , , , ,Waleed,Bustamante
Bruce S. Bennett Fund for Community Journalism Scholarship 2023,Submitted; Complete; Complete,Denied, , , , , , , , , , , , , , , , , , , , , , , , , , , , , , , ,Chykeiljah,Sarsam
Bruce S. Bennett Fund for Community Journalism Scholarship 2023,Submitted; Complete; Complete,Denied, , , , , , , , , , , , , , , , , , , , , , , , , , , , , , , ,Tien,Ehrlich
Bruce S. Bennett Fund for Community Journalism Scholarship 2023,Submitted; Complete; Complete,Denied, , , , , , , , , , , , , , , , , , , , , , , , , , , , , , , ,Daizha,Claycomb
Bruce S. Bennett Fund for Community Journalism Scholarship 2023,Submitted; Complete; Complete; Complete; Complete; Complete; Complete,Follow Up(s) Assigned,450, , , , , , , , , , , , , , , , , , , , , , , , , , , , , , ,Kent,Clough
Carrick Foundation Scholarship 2023,Submitted; Complete; Complete,Denied, , , , , , , , , , , , , , , , , , , , , , , , , , , , , , , ,Russell,Sun
Carrick Foundation Scholarship 2023,Submitted; Complete; Complete,Denied, , , , , , , , , , , , , , , , , , , , , , , , , , , , , , , ,Jordynn,Horta
Carrick Foundation Scholarship 2023,Submitted; Complete; Complete; Complete; Complete; Complete,Denied, , , , , , , , , , , , , , , , , , , , , , , , , , , , , , , ,Armonno,Johnson III
Carrick Foundation Scholarship 2023,Submitted; Complete; Complete,Denied, , , , , , , , , , , , , , , , , , , , , , , , , , , , , , , ,Rawda,Dominguez
Carrick Foundation Scholarship 2023,Submitted; Complete; Complete,Denied, , , , , , , , , , , , , , , , , , , , , , , , , , , , , , , ,Norma,Ashton
Carrick Foundation Scholarship 2023,Submitted; Complete; Complete,Denied, , , , , , , , , , , , , , , , , , , , , , , , , , , , , , , ,Ireland,Otgontulga
Carrick Foundation Scholarship 2023,Submitted; Complete; Complete; Complete,Denied, , , , , , , , , , , , , , , , , , , , , , , , , , , , , , , ,Russell,Koras
Carrick Foundation Scholarship 2023,Submitted; Complete; Complete,Denied, , , , , , , , , , , , , , , , , , , , , , , , , , , , , , , ,Taijeona,al-Guler
Carrick Foundation Scholarship 2023,Submitted; Complete; Complete,Denied, , , , , , , , , , , , , , , , , , , , , , , , , , , , , , , ,Munisa,Meli
Carrick Foundation Scholarship 2023,Submitted; Complete; Complete; Complete; Complete; Complete,Denied, , , , , , , , , , , , , , , , , , , , , , , , , , , , , , , ,Trina,Boogert
Carrick Foundation Scholarship 2023,Submitted; Complete; Complete; Complete; Complete; Complete,Denied, , , , , , , , , , , , , , , , , , , , , , , , , , , , , , , ,Azhaar,Minor
Carrick Foundation Scholarship 2023,Submitted; Complete; Complete,Denied, , , , , , , , , , , , , , , , , , , , , , , , , , , , , , , ,Vanya,Ayala
Carrick Foundation Scholarship 2023,Submitted; Complete; Complete; Complete; Complete; Complete; Complete; Complete,Denied, , , , , , , , , , , , , , , , , , , , , , , , , , , ,University of New England; University of New England, , , ,Karlos,el-Ramadan
Carrick Foundation Scholarship 2023,Submitted; Complete; Complete; Complete; Complete; Complete; Complete,Denied, , , , , , , , , , , , , , , , , , , , , , , , , , , ,University of Connecticut; University of Connecticut, , , ,Simcha,Gezaw
Carrick Foundation Scholarship 2023,Submitted; Complete; Complete; Complete; Complete; Complete,Denied, , , , , , , , , , , , , , , , , , , , , , , , , , , , , , , ,Luke,Lewis
Carrick Foundation Scholarship 2023,Submitted; Complete; Complete; Complete; Complete; Complete,Denied, , , , , , , , , , , , , , , , , , , , , , , , , , , , , , , ,De'Vonta,Mcstraw
Carrick Foundation Scholarship 2023,Submitted; Complete; Complete,Denied, , , , , , , , , , , , , , , , , , , , , , , , , , , , , , , ,Indy,Grandberry
Carrick Foundation Scholarship 2023,Submitted; Complete; Complete; Complete; Complete; Complete,Denied, , , , , , , , , , , , , , , , , , , , , , , , , , , , , , , ,Shabeeba,Caldwell
Carrick Foundation Scholarship 2023,Submitted; Complete; Complete; Complete; Complete; Complete,Denied, , , , , , , , , , , , , , , , , , , , , , , , , , , , , , , ,Karlos,Foster
Carrick Foundation Scholarship 2023,Submitted; Complete; Complete,Denied, , , , , , , , , , , , , , , , , , , , , , , , , , , , , , , ,Umair,Vasquez
Carrick Foundation Scholarship 2023,Submitted; Complete; Complete; Complete,Denied, , , , , , , , , , , , , , , , , , , , , , , , , , , , , , , ,Mirza,Dagin
Carrick Foundation Scholarship 2023,Submitted; Complete; Complete,Denied, , , , , , , , , , , , , , , , , , , , , , , , , , , , , , , ,Munisa,Hawley
Carrick Foundation Scholarship 2023,Submitted; Complete; Complete; Complete; Complete; Complete,Denied, , , , , , , , , , , , , , , , , , , , , , , , , , , , , , , ,Blake,al-Sultan
Carrick Foundation Scholarship 2023,Submitted; Complete; Complete; Complete; Complete; Complete,Denied, , , , , , , , , , , , , , , , , , , , , , , , , , , , , , , ,Roice,Olson
Carrick Foundation Scholarship 2023,Submitted; Complete; Complete; Complete; Complete; Complete; Complete; Complete,Denied, , , , , , , , , , , , , , , , , , , , , , , , , , , ,Bridgewater State University; Bridgewater State University, , , ,Pate,el-Abraham
Carrick Foundation Scholarship 2023,Submitted; Complete; Complete,Denied, , , , , , , , , , , , , , , , , , , , , , , , , , , , , , , ,Heroki,el-Salame
Carrick Foundation Scholarship 2023,Submitted; Complete; Complete,Denied, , , , , , , , , , , , , , , , , , , , , , , , , , , , , , , ,Taqi,Tuiolosega
Carrick Foundation Scholarship 2023,Submitted; Complete; Complete; Complete; Complete; Complete; Complete,Denied, , , , , , , , , , , , , , , , , , , , , , , , , , , , , , , ,Ana Maria,Salihi
Carrick Foundation Scholarship 2023,Submitted; Complete; Complete,Denied, , , , , , , , , , , , , , , , , , , , , , , , , , , , , , , ,Amaan,Mccoy
Carrick Foundation Scholarship 2023,Submitted; Complete; Complete,Denied, , , , , , , , , , , , , , , , , , , , , , , , , , , , , , , ,Nahom,Koerner
Carrick Foundation Scholarship 2023,Submitted; Complete; Complete,Denied, , , , , , , , , , , , , , , , , , , , , , , , , , , , , , , ,Yadira,Safar
Carrick Foundation Scholarship 2023,Submitted; Submitted; Complete,Denied, , , , , , , , , , , , , , , , , , , , , , , , , , , , , , , ,Prodeo,Gookin
Carrick Foundation Scholarship 2023,Submitted; Complete; Complete,Denied, , , , , , , , , , , , , , , , , , , , , , , , , , , , , , , ,Shaakira,el-Zafar
Carrick Foundation Scholarship 2023,Submitted; Complete; Complete,Denied, , , , , , , , , , , , , , , , , , , , , , , , , , , , , , , ,Carina,Griese
Carrick Foundation Scholarship 2023,Submitted; Complete; Complete,Denied, , , , , , , , , , , , , , , , , , , , , , , , , , , , , , , ,Ireland,Lyman
Carrick Foundation Scholarship 2023,Submitted; Complete; Complete,Denied, , , , , , , , , , , , , , , , , , , , , , , , , , , , , , , ,Adrianna,Hall
Carrick Foundation Scholarship 2023,Submitted; Complete; Complete,Denied, , , , , , , , , , , , , , , , , , , , , , , , , , , , , , , ,Izzat,Heidrich
Carrick Foundation Scholarship 2023,Submitted; Complete; Complete; Complete; Complete; Complete,Denied, , , , , , , , , , , , , , , , , , , , , , , , , , , , , , , ,Taaha,Lamb
Carrick Foundation Scholarship 2023,Submitted; Complete; Complete,Denied, , , , , , , , , , , , , , , , , , , , , , , , , , , , , , , ,Brenna,el-Ansari
Carrick Foundation Scholarship 2023,Submitted; Complete; Complete; Complete; Complete; Complete,Denied, , , , , , , , , , , , , , , , , , , , , , , , , , , , , , , ,Jaelyn,Carlson
Carrick Foundation Scholarship 2023,Submitted; Complete; Complete; Complete,Denied, , , , , , , , , , , , , , , , , , , , , , , , , , , , , , , ,Stevon,Alderete
Carrick Foundation Scholarship 2023,Submitted; Complete; Complete; Complete; Complete; Complete,Denied, , , , , , , , , , , , , , , , , , , , , , , , , , , , , , , ,Shawnia,Loftis
Carrick Foundation Scholarship 2023,Submitted; Complete; Complete,Denied, , , , , , , , , , , , , , , , , , , , , , , , , , , , , , , ,"Jam,Aan",Barlow
Carrick Foundation Scholarship 2023,Submitted; Submitted; Complete,Denied, , , , , , , , , , , , , , , , , , , , , , , , , , , , , , , ,Tyrelle,Hermanson
Carrick Foundation Scholarship 2023,Submitted; Complete; Complete,Denied, , , , , , , , , , , , , , , , , , , , , , , , , , , , , , , ,Vanya,Khan
Carrick Foundation Scholarship 2023,Submitted; Complete; Complete; Complete; Complete; Complete; Complete; Complete; Complete; Complete; Complete,Follow Up(s) Assigned,10000, , , , , , , , , , , , , , , , , , , , , , , , , , ,Brown University; Brown University, , , ,Shabeeba,Olson
Catherine Burgholzer Memorial Scholarship 2023,Submitted; Complete; Complete; Complete; Complete; Complete; Complete; Complete; Complete; Complete,Closed,1000, , , , , , , , , , , , , , , , , , , , , , , , , , ,University of Massachusetts at Amherst; University of Massachusetts at Amherst, , , ,Nevin,Shain
Catherine Burgholzer Memorial Scholarship 2023,Submitted; Complete; Complete; Complete,Denied, , , , , , , , , , , , , , , , , , , , , , , , , , , , , , , ,Angel,Luttrell
Catherine Burgholzer Memorial Scholarship 2023,Submitted; Complete; Complete,Denied, , , , , , , , , , , , , , , , , , , , , , , , , , , , , , , ,Clint,Reyes-Martinez
Catherine Burgholzer Memorial Scholarship 2023,Submitted; Complete; Complete; Complete,Denied, , , , , , , , , , , , , , , , , , , , , , , , , , , , , , , ,Whitney,Burnett
Catherine Burgholzer Memorial Scholarship 2023,Submitted; Complete; Complete; Complete,Denied, , , , , , , , , , , , , , , , , , , , , , , , , , , , , , , ,Jovon,al-Shehata
Catherine Burgholzer Memorial Scholarship 2023,Submitted; Complete; Complete,Denied, , , , , , , , , , , , , , , , , , , , , , , , , , , , , , , ,Alex,Rumsey
Catherine Burgholzer Memorial Scholarship 2023,Submitted; Complete; Complete,Denied, , , , , , , , , , , , , , , , , , , , , , , , , , , , , , , ,Izaak,Gellatly
Catherine Burgholzer Memorial Scholarship 2023,Submitted; Complete; Complete; Complete; Complete,Denied, , , , , , , , , , , , , , , , , , , , , , , , , , , , , , , ,Emmanuel,Montgomery
Catherine Burgholzer Memorial Scholarship 2023,Submitted; Complete; Complete,Denied, , , , , , , , , , , , , , , , , , , , , , , , , , , , , , , ,Allicia,al-Rehmann
Catherine Burgholzer Memorial Scholarship 2023,Submitted; Complete; Complete,Denied, , , , , , , , , , , , , , , , , , , , , , , , , , , , , , , ,Mashal,Bardsley
Catherine Burgholzer Memorial Scholarship 2023,Submitted; Complete; Complete,Denied, , , , , , , , , , , , , , , , , , , , , , , , , , , , , , , ,Karlos,el-Bey
Catherine Burgholzer Memorial Scholarship 2023,Submitted; Complete; Complete; Complete; Complete; Complete; Complete,Denied, , , , , , , , , , , , , , , , , , , , , , , , , , , ,Worcester State University, , , ,Abhaya,el-Allee
Catherine Burgholzer Memorial Scholarship 2023,Submitted; Complete; Complete; Complete,Denied, , , , , , , , , , , , , , , , , , , , , , , , , , , , , , , ,Lee,Bruno
Catherine Burgholzer Memorial Scholarship 2023,Submitted; Complete; Complete; Complete,Denied, , , , , , , , , , , , , , , , , , , , , , , , , , , , , , , ,Kentorra,Bardsley
Catherine Burgholzer Memorial Scholarship 2023,Submitted; Complete; Complete; Complete; Complete,Denied, , , , , , , , , , , , , , , , , , , , , , , , , , , ,Worcester State University, , , ,Latasha,al-Guler
Catherine Burgholzer Memorial Scholarship 2023,Submitted; Complete; Complete; Complete,Denied, , , , , , , , , , , , , , , , , , , , , , , , , , , , , , , ,Norma,Hensinger II
Catherine Burgholzer Memorial Scholarship 2023,Submitted; Complete; Complete,Denied, , , , , , , , , , , , , , , , , , , , , , , , , , , , , , , ,Juliana,el-Mannan
Catherine Burgholzer Memorial Scholarship 2023,Submitted; Complete; Complete,Denied, , , , , , , , , , , , , , , , , , , , , , , , , , , , , , , ,Waleed,Echohawk
Catherine Burgholzer Memorial Scholarship 2023,Submitted; Complete; Complete,Denied, , , , , , , , , , , , , , , , , , , , , , , , , , , , , , , ,Ohitike,Burke
Catherine Burgholzer Memorial Scholarship 2023,Submitted; Complete; Complete,Denied, , , , , , , , , , , , , , , , , , , , , , , , , , , , , , , ,Xai,Womack
Catherine Burgholzer Memorial Scholarship 2023,Submitted; Complete; Complete,Denied, , , , , , , , , , , , , , , , , , , , , , , , , , , , , , , ,My,Burke
Catherine Burgholzer Memorial Scholarship 2023,Submitted; Complete; Complete; Complete,Denied, , , , , , , , , , , , , , , , , , , , , , , , , , , , , , , ,Sheena,al-Pashia
Catherine Burgholzer Memorial Scholarship 2023,Submitted; Complete; Complete,Denied, , , , , , , , , , , , , , , , , , , , , , , , , , , , , , , ,Dhaafir,el-Attar
Catherine Burgholzer Memorial Scholarship 2023,Submitted; Complete; Complete,Denied, , , , , , , , , , , , , , , , , , , , , , , , , , , , , , , ,Vanya,Ayala
Catherine Burgholzer Memorial Scholarship 2023,Submitted; Complete; Complete,Denied, , , , , , , , , , , , , , , , , , , , , , , , , , , , , , , ,Jalaal,Gaston
Catherine Burgholzer Memorial Scholarship 2023,Submitted; Complete; Complete; Complete,Denied, , , , , , , , , , , , , , , , , , , , , , , , , , , , , , , ,Qaasim,Retana
Catherine Burgholzer Memorial Scholarship 2023,Submitted; Complete; Complete; Complete,Denied, , , , , , , , , , , , , , , , , , , , , , , , , , , , , , , ,Kameel,Kellum
Catherine Burgholzer Memorial Scholarship 2023,Submitted; Complete; Complete,Denied, , , , , , , , , , , , , , , , , , , , , , , , , , , , , , , ,Katherine,Getchell
Catherine Burgholzer Memorial Scholarship 2023,Submitted; Complete; Complete; Complete; Complete; Complete; Complete; Complete,Denied, , , , , , , , , , , , , , , , , , , , , , , , , , , ,Cummings School of Veterinary Medicine at Tufts University; Tufts University, , , ,Abhaya,Cordero
Catherine Burgholzer Memorial Scholarship 2023,Submitted; Complete; Complete,Denied, , , , , , , , , , , , , , , , , , , , , , , , , , , , , , , ,Alton,Ervin
Catherine Burgholzer Memorial Scholarship 2023,Submitted; Complete; Complete; Complete,Denied, , , , , , , , , , , , , , , , , , , , , , , , , , , , , , , ,Sushmita,Fognani
Catherine Burgholzer Memorial Scholarship 2023,Submitted; Complete; Complete; Complete,Denied, , , , , , , , , , , , , , , , , , , , , , , , , , , , , , , ,Cynthia,Barnabas
Catherine Burgholzer Memorial Scholarship 2023,Submitted; Complete; Complete,Denied, , , , , , , , , , , , , , , , , , , , , , , , , , , , , , , ,Kelsie,el-Nasser
Catherine Burgholzer Memorial Scholarship 2023,Submitted; Complete; Complete,Denied, , , , , , , , , , , , , , , , , , , , , , , , , , , , , , , ,Ihaab,Slowman
Catherine Burgholzer Memorial Scholarship 2023,Submitted; Complete; Complete; Complete; Complete; Complete; Complete; Complete,Denied, , , , , , , , , , , , , , , , , , , , , , , , , , , ,University of Massachusetts at Amherst; University of Massachusetts at Amherst, , , ,Adham,Vinegar
Catherine Burgholzer Memorial Scholarship 2023,Submitted; Complete; Complete,Denied, , , , , , , , , , , , , , , , , , , , , , , , , , , , , , , ,Musheera,Donez
Catherine Burgholzer Memorial Scholarship 2023,Submitted; Complete; Complete; Complete; Complete; Complete; Complete; Complete,Denied, , , , , , , , , , , , , , , , , , , , , , , , , , , ,University of Massachusetts at Amherst; University of Massachusetts at Amherst, , , ,Thomas,Olson
Catherine Burgholzer Memorial Scholarship 2023,Submitted; Submitted; Complete,Denied, , , , , , , , , , , , , , , , , , , , , , , , , , , , , , , ,Shayla,Simpson
Catherine Burgholzer Memorial Scholarship 2023,Submitted; Complete; Complete,Denied, , , , , , , , , , , , , , , , , , , , , , , , , , , , , , , ,Monolito,Gandarilla
Catherine Burgholzer Memorial Scholarship 2023,Submitted; Complete; Complete,Denied, , , , , , , , , , , , , , , , , , , , , , , , , , , , , , , ,Aimee,Mikesell
Catherine Burgholzer Memorial Scholarship 2023,Submitted; Submitted; Complete,Denied, , , , , , , , , , , , , , , , , , , , , , , , , , , , , , , ,Abhaya,Ranney
Catherine Burgholzer Memorial Scholarship 2023,Submitted; Complete; Complete,Denied, , , , , , , , , , , , , , , , , , , , , , , , , , , , , , , ,Hyeju,Dai
Catherine Burgholzer Memorial Scholarship 2023,Submitted; Complete; Complete,Denied, , , , , , , , , , , , , , , , , , , , , , , , , , , , , , , ,De'Vonta,Watkins
Catherine Burgholzer Memorial Scholarship 2023,Submitted; Complete; Complete,Denied, , , , , , , , , , , , , , , , , , , , , , , , , , , , , , , ,Roice,Olson
Catherine Burgholzer Memorial Scholarship 2023,Submitted; Complete; Complete,Denied, , , , , , , , , , , , , , , , , , , , , , , , , , , , , , , ,Teale,Throm
Catherine Burgholzer Memorial Scholarship 2023,Submitted; Complete; Complete; Complete,Denied, , , , , , , , , , , , , , , , , , , , , , , , , , , , , , , ,Sydney,Sepeda
Catherine Burgholzer Memorial Scholarship 2023,Submitted; Complete; Complete; Complete,Denied, , , , , , , , , , , , , , , , , , , , , , , , , , , , , , , ,Mychael,Halberg
Catherine Burgholzer Memorial Scholarship 2023,Submitted; Complete; Complete; Complete,Denied, , , , , , , , , , , , , , , , , , , , , , , , , , , , , , , ,Steve,el-Kader
Catherine Burgholzer Memorial Scholarship 2023,Submitted; Complete; Complete,Denied, , , , , , , , , , , , , , , , , , , , , , , , , , , , , , , ,Saajid,Stubits
Catherine Burgholzer Memorial Scholarship 2023,Submitted; Complete; Complete,Denied, , , , , , , , , , , , , , , , , , , , , , , , , , , , , , , ,Julie,Haroon
Catherine Burgholzer Memorial Scholarship 2023,Submitted; Complete; Complete,Denied, , , , , , , , , , , , , , , , , , , , , , , , , , , , , , , ,Khongmong,Sargent
Catherine Burgholzer Memorial Scholarship 2023,Submitted; Complete; Complete; Complete; Complete; Complete; Complete; Complete,Denied, , , , , , , , , , , , , , , , , , , , , , , , , , , ,Boston University; Boston University, , , ,Mi,Wands
Catherine Burgholzer Memorial Scholarship 2023,Submitted; Complete; Complete,Denied, , , , , , , , , , , , , , , , , , , , , , , , , , , , , , , ,Qisma,Mcguire
Catherine Burgholzer Memorial Scholarship 2023,Submitted; Complete; Complete,Denied, , , , , , , , , , , , , , , , , , , , , , , , , , , , , , , ,Kanjai,Ludwig
Catherine Burgholzer Memorial Scholarship 2023,Submitted; Complete; Complete; Complete; Complete; Complete; Complete; Complete,Denied, , , , , , , , , , , , , , , , , , , , , , , , , , , ,Anna Maria College; Anna Maria College, , , ,Ace,Tagawa
Catherine Burgholzer Memorial Scholarship 2023,Submitted; Complete; Complete,Denied, , , , , , , , , , , , , , , , , , , , , , , , , , , , , , , ,Abraham,Embry
Catherine Burgholzer Memorial Scholarship 2023,Submitted; Complete; Complete,Denied, , , , , , , , , , , , , , , , , , , , , , , , , , , , , , , ,Karlos,Moua
Catherine Burgholzer Memorial Scholarship 2023,Submitted; Complete; Complete; Complete,Denied, , , , , , , , , , , , , , , , , , , , , , , , , , , , , , , ,Schiara,Demario
Catherine Burgholzer Memorial Scholarship 2023,Submitted; Submitted; Complete; Complete; Complete; Complete; Complete; Complete,Denied, , , , , , , , , , , , , , , , , , , , , , , , , , , ,University of Massachusetts Lowell; University of Massachusetts Lowell, , , ,Piotreck,al-Musa
Catherine Burgholzer Memorial Scholarship 2023,Submitted; Complete; Complete,Denied, , , , , , , , , , , , , , , , , , , , , , , , , , , , , , , ,Vanya,Lopez-Carrizales
Catherine Burgholzer Memorial Scholarship 2023,Submitted; Complete; Complete,Denied, , , , , , , , , , , , , , , , , , , , , , , , , , , , , , , ,Soryn,Otgontulga
Catherine Burgholzer Memorial Scholarship 2023,Submitted; Complete; Complete; Complete; Complete,Denied, , , , , , , , , , , , , , , , , , , , , , , , , , , , , , , ,Avianha,Pirzadeh
Catherine Burgholzer Memorial Scholarship 2023,Submitted; Complete; Complete; Complete; Complete; Complete; Complete; Complete,Denied, , , , , , , , , , , , , , , , , , , , , , , , , , , ,Bentley University; Bentley University, , , ,Konda,al-Hariri
Catherine Burgholzer Memorial Scholarship 2023,Submitted; Submitted; Complete,Denied, , , , , , , , , , , , , , , , , , , , , , , , , , , , , , , ,Yadira,al-Naqvi
Catherine Burgholzer Memorial Scholarship 2023,Submitted; Complete; Complete,Denied, , , , , , , , , , , , , , , , , , , , , , , , , , , , , , , ,Nahom,Koerner
Catherine Burgholzer Memorial Scholarship 2023,Submitted; Complete; Complete; Complete; Complete; Complete; Complete; Complete; Complete; Complete,Denied, , , , , , , , , , , , , , , , , , , , , , , , , , , ,Springfield College; Springfield College, , , ,Maria Elena,Kytle
Catherine Burgholzer Memorial Scholarship 2023,Submitted; Complete; Complete; Complete; Complete; Complete,Denied, , , , , , , , , , , , , , , , , , , , , , , , , , , , , , , ,Heather,Cruise
Catherine Burgholzer Memorial Scholarship 2023,Submitted; Complete; Complete,Denied, , , , , , , , , , , , , , , , , , , , , , , , , , , , , , , ,Mikala,Christensen
Catherine Burgholzer Memorial Scholarship 2023,Submitted; Complete; Complete,Denied, , , , , , , , , , , , , , , , , , , , , , , , , , , , , , , ,Wajeeh,Dionese
Catherine Burgholzer Memorial Scholarship 2023,Submitted; Complete; Complete; Complete; Complete; Complete; Complete; Submitted,Denied, , , , , , , , , , , , , , , , , , , , , , , , , , , ,Other; Other,Stanford University, , ,Will,el-Fayad
Catherine Burgholzer Memorial Scholarship 2023,Submitted; Complete; Complete,Denied, , , , , , , , , , , , , , , , , , , , , , , , , , , , , , , ,Davis,Levesque
Catherine Burgholzer Memorial Scholarship 2023,Submitted; Complete; Complete,Denied, , , , , , , , , , , , , , , , , , , , , , , , , , , , , , , ,Khiry,Thakur
Catherine Burgholzer Memorial Scholarship 2023,Submitted; Complete; Complete; Complete; Complete,Denied, , , , , , , , , , , , , , , , , , , , , , , , , , , , , , , ,Qaasim,Cochran
Catherine Burgholzer Memorial Scholarship 2023,Submitted; Complete; Complete,Denied, , , , , , , , , , , , , , , , , , , , , , , , , , , , , , , ,Humaidaan,el-Khalaf
Catherine Burgholzer Memorial Scholarship 2023,Submitted; Complete; Complete; Complete,Denied, , , , , , , , , , , , , , , , , , , , , , , , , , , , , , , ,Simon,Manimtim
Catherine Burgholzer Memorial Scholarship 2023,Submitted; Complete; Complete; Complete; Complete; Complete; Complete; Complete; Complete; Complete,Denied, , , , , , , , , , , , , , , , , , , , , , , , , , , ,Brown University; Brown University, , , ,Shabeeba,Olson
Catherine Burgholzer Memorial Scholarship 2023,Submitted; Complete; Complete,Denied, , , , , , , , , , , , , , , , , , , , , , , , , , , , , , , ,Isuru,Longwing
Catherine Burgholzer Memorial Scholarship 2023,Submitted; Complete; Complete,Denied, , , , , , , , , , , , , , , , , , , , , , , , , , , , , , , ,Alexxis,Tahir
Catherine Burgholzer Memorial Scholarship 2023,Submitted; Complete; Complete,Denied, , , , , , , , , , , , , , , , , , , , , , , , , , , , , , , ,Trevon,Yarangsy
Catherine Burgholzer Memorial Scholarship 2023,Submitted; Complete; Complete,Denied, , , , , , , , , , , , , , , , , , , , , , , , , , , , , , , ,Adrianna,Hall
Catherine Burgholzer Memorial Scholarship 2023,Submitted; Complete; Complete,Denied, , , , , , , , , , , , , , , , , , , , , , , , , , , , , , , ,Tercell,Winters
Catherine Burgholzer Memorial Scholarship 2023,Submitted; Complete; Complete,Denied, , , , , , , , , , , , , , , , , , , , , , , , , , , , , , , ,Reese,el-Aman
Catherine Burgholzer Memorial Scholarship 2023,Submitted; Complete; Complete,Denied, , , , , , , , , , , , , , , , , , , , , , , , , , , , , , , ,Burhaan,Stanley
Catherine Burgholzer Memorial Scholarship 2023,Submitted; Complete; Complete,Denied, , , , , , , , , , , , , , , , , , , , , , , , , , , , , , , ,Theodora,Newman
Catherine Burgholzer Memorial Scholarship 2023,Submitted; Complete; Complete,Denied, , , , , , , , , , , , , , , , , , , , , , , , , , , , , , , ,Jereek,Fajardo
Catherine Burgholzer Memorial Scholarship 2023,Submitted; Complete; Complete; Complete,Denied, , , , , , , , , , , , , , , , , , , , , , , , , , , , , , , ,Stevon,Alderete
Catherine Burgholzer Memorial Scholarship 2023,Submitted; Complete; Complete,Denied, , , , , , , , , , , , , , , , , , , , , , , , , , , , , , , ,Alex,Caballero
Catherine Burgholzer Memorial Scholarship 2023,Submitted; Complete; Complete; Complete; Complete; Complete; Complete; Complete,Denied, , , , , , , , , , , , , , , , , , , , , , , , , , , ,Massachusetts Institute of Technology; Massachusetts Institute of Technology, , , ,Koji,el-Kazemi
Catherine Burgholzer Memorial Scholarship 2023,Submitted; Complete; Complete,Denied, , , , , , , , , , , , , , , , , , , , , , , , , , , , , , , ,Tien,Ehrlich
Catherine Burgholzer Memorial Scholarship 2023,Submitted; Complete; Complete,Denied, , , , , , , , , , , , , , , , , , , , , , , , , , , , , , , ,Daizha,Claycomb
Catherine Burgholzer Memorial Scholarship 2023,Submitted; Complete; Complete,Denied, , , , , , , , , , , , , , , , , , , , , , , , , , , , , , , ,Izzaddeen,Feltman
Catherine Burgholzer Memorial Scholarship 2023,Submitted; Complete; Complete; Complete,Denied, , , , , , , , , , , , , , , , , , , , , , , , , , , , , , , ,Abhaya,Browning
Charles & Louise Hugo Community Service Award 2023,Submitted; Complete; Complete; Complete; Complete; Complete; Complete,Closed,2000, , , , , , , , , , , , , , , , , , , , , , , , , , , , , , ,Rhiannon,el-Bacho
Charles & Louise Hugo Community Service Award 2023,Submitted; Complete; Complete,Denied, , , , , , , , , , , , , , , , , , , , , , , , , , , , , , , ,Cyra,el-Noor
Charles & Louise Hugo Community Service Award 2023,Submitted; Complete; Complete,Denied, , , , , , , , , , , , , , , , , , , , , , , , , , , , , , , ,Aimee,Nicholson
Charles & Louise Hugo Community Service Award 2023,Submitted; Complete; Complete,Denied, , , , , , , , , , , , , , , , , , , , , , , , , , , , , , , ,Heroki,Elfvin
Charles & Louise Hugo Community Service Award 2023,Submitted; Complete; Complete; Complete; Complete; Complete,Denied, , , , , , , , , , , , , , , , , , , , , , , , , , , , , , , ,Nabeel,Renz
Charles & Louise Hugo Community Service Award 2023,Submitted; Complete; Complete,Denied, , , , , , , , , , , , , , , , , , , , , , , , , , , , , , , ,Juliana,el-Mannan
Charles & Louise Hugo Community Service Award 2023,Submitted; Complete; Complete,Denied, , , , , , , , , , , , , , , , , , , , , , , , , , , , , , , ,Andres,al-Baksh
Charles & Louise Hugo Community Service Award 2023,Submitted; Complete; Complete,Denied, , , , , , , , , , , , , , , , , , , , , , , , , , , , , , , ,Martin,Glasper
Charles & Louise Hugo Community Service Award 2023,Submitted; Complete; Complete; Complete; Complete; Complete; Complete; Complete,Denied, , , , , , , , , , , , , , , , , , , , , , , , , , , ,University of Massachusetts at Amherst; University of Massachusetts at Amherst, , , ,Adham,Vinegar
Charles & Louise Hugo Community Service Award 2023,Submitted; Complete; Complete; Complete,Denied, , , , , , , , , , , , , , , , , , , , , , , , , , , , , , , ,Azhaar,Sparks
Charles & Louise Hugo Community Service Award 2023,Submitted; Complete; Complete; Complete; Complete; Complete,Denied, , , , , , , , , , , , , , , , , , , , , , , , , , , , , , , ,Joann,Soria
Charles & Louise Hugo Community Service Award 2023,Submitted; Complete; Complete,Denied, , , , , , , , , , , , , , , , , , , , , , , , , , , , , , , ,Alex,Valbrun
Charles & Louise Hugo Community Service Award 2023,Submitted; Complete; Complete,Denied, , , , , , , , , , , , , , , , , , , , , , , , , , , , , , , ,Alfredo,Shang
Charles & Louise Hugo Community Service Award 2023,Submitted; Complete; Complete,Denied, , , , , , , , , , , , , , , , , , , , , , , , , , , , , , , ,Major,Loera Lomeli
Charles & Louise Hugo Community Service Award 2023,Submitted; Complete; Complete; Complete; Complete; Complete; Complete,Denied, , , , , , , , , , , , , , , , , , , , , , , , , , , , , , , ,Armonno,Patterson
Charles & Louise Hugo Community Service Award 2023,Submitted; Complete; Complete; Complete,Denied, , , , , , , , , , , , , , , , , , , , , , , , , , , , , , , ,Markangelo,Fragozo Verdugo
Charles & Louise Hugo Community Service Award 2023,Submitted; Complete; Complete,Denied, , , , , , , , , , , , , , , , , , , , , , , , , , , , , , , ,Vanya,Lopez-Carrizales
Charles & Louise Hugo Community Service Award 2023,Submitted; Complete; Complete; Complete; Complete; Complete,Denied, , , , , , , , , , , , , , , , , , , , , , , , , , , , , , , ,Emilio,el-Hariri
Charles & Louise Hugo Community Service Award 2023,Submitted; Complete; Complete; Complete; Complete; Complete; Complete; Complete; Complete; Complete; Complete,Denied, , , , , , , , , , , , , , , , , , , , , , , , , , , ,Cornell University; Cornell University, , , ,Roger,el-Vaziri
Charles & Louise Hugo Community Service Award 2023,Submitted; Complete; Complete,Denied, , , , , , , , , , , , , , , , , , , , , , , , , , , , , , , ,Alizah,Griess
Charles & Louise Hugo Community Service Award 2023,Submitted; Complete; Complete; Complete; Complete; Complete; Complete; Complete,Denied, , , , , , , , , , , , , , , , , , , , , , , , , , , ,Endicott College; Endicott College, , , ,Michalyn,Nunn
Charles & Louise Hugo Community Service Award 2023,Submitted; Complete; Complete,Denied, , , , , , , , , , , , , , , , , , , , , , , , , , , , , , , ,Jeffery,Sanni
Claudia Simonian Scholarship 2023,Submitted; Complete; Complete; Complete; Complete; Complete; Complete; Complete; Complete; Complete; Complete; Complete,Closed,2000, , , , , , , , , , , , , , , , , , , , , , , , , , , , , , ,Kentorra,Bardsley
Claudia Simonian Scholarship 2023,Submitted; Complete; Complete; Complete; Complete; Complete; Complete; Complete; Complete; Complete; Complete; Complete,Closed,2000, , , , , , , , , , , , , , , , , , , , , , , , , , , , , , ,Nichole,Aker
Claudia Simonian Scholarship 2023,Submitted; Complete; Complete; Complete; Complete; Complete; Complete; Complete; Complete; Complete; Complete; Complete,Denied, , , , , , , , , , , , , , , , , , , , , , , , , , , , , , , ,Lee,Bruno
Claudia Simonian Scholarship 2023,Submitted; Complete; Complete; Complete; Complete; Complete; Complete; Complete; Complete; Complete; Complete; Complete,Denied, , , , , , , , , , , , , , , , , , , , , , , , , , , , , , , ,Yadira,Slusarchyk
Claudia Simonian Scholarship 2023,Submitted; Complete; Complete,Denied, , , , , , , , , , , , , , , , , , , , , , , , , , , , , , , ,Shabeeba,Main
Claudia Simonian Scholarship 2023,Submitted; Complete; Complete,Denied, , , , , , , , , , , , , , , , , , , , , , , , , , , , , , , ,Leanna,Otgontulga
Claudia Simonian Scholarship 2023,Submitted; Complete; Complete,Denied, , , , , , , , , , , , , , , , , , , , , , , , , , , , , , , ,Cheyane,Alonzo
Claudia Simonian Scholarship 2023,Submitted; Complete; Complete,Denied, , , , , , , , , , , , , , , , , , , , , , , , , , , , , , , ,Starla,Harada
Claudia Simonian Scholarship 2023,Submitted; Complete; Complete; Complete,Denied, , , , , , , , , , , , , , , , , , , , , , , , , , , , , , , ,Sebastian,Nunna
Claudia Simonian Scholarship 2023,Submitted; Complete; Complete,Denied, , , , , , , , , , , , , , , , , , , , , , , , , , , , , , , ,Long,Trebus
Claudia Simonian Scholarship 2023,Submitted; Complete; Complete; Complete,Denied, , , , , , , , , , , , , , , , , , , , , , , , , , , , , , , ,Katherine,Cayabyab
Claudia Simonian Scholarship 2023,Submitted; Complete; Complete,Denied, , , , , , , , , , , , , , , , , , , , , , , , , , , , , , , ,Shinji,Hsueh
Claudia Simonian Scholarship 2023,Submitted; Submitted; Complete,Denied, , , , , , , , , , , , , , , , , , , , , , , , , , , , , , , ,Khalil,Crow
Costantine Mina and Vasiliky Strates Moschos Scholarship 2023,Submitted; Submitted; Complete,Denied, , , , , , , , , , , , , , , , , , , , , , , , , , , , , , , ,Aimee,Mckiver
Costantine Mina and Vasiliky Strates Moschos Scholarship 2023,Submitted; Complete; Complete,Denied, , , , , , , , , , , , , , , , , , , , , , , , , , , , , , , ,Allicia,al-Rehmann
Costantine Mina and Vasiliky Strates Moschos Scholarship 2023,Submitted; Complete; Complete,Denied, , , , , , , , , , , , , , , , , , , , , , , , , , , , , , , ,Ohitike,Burke
Costantine Mina and Vasiliky Strates Moschos Scholarship 2023,Submitted; Complete; Complete,Denied, , , , , , , , , , , , , , , , , , , , , , , , , , , , , , , ,My,Burke
Costantine Mina and Vasiliky Strates Moschos Scholarship 2023,Submitted; Complete; Complete,Denied, , , , , , , , , , , , , , , , , , , , , , , , , , , , , , , ,Leanna,Otgontulga
Costantine Mina and Vasiliky Strates Moschos Scholarship 2023,Submitted; Complete; Complete,Denied, , , , , , , , , , , , , , , , , , , , , , , , , , , , , , , ,Alton,Ervin
Costantine Mina and Vasiliky Strates Moschos Scholarship 2023,Submitted; Complete; Complete; Complete; Complete; Complete,Denied, , , , , , , , , , , , , , , , , , , , , , , , , , , , , , , ,De'Vonta,Mcstraw
Costantine Mina and Vasiliky Strates Moschos Scholarship 2023,Submitted; Complete; Complete; Complete; Complete; Complete; Complete,Denied, , , , , , , , , , , , , , , , , , , , , , , , , , , , , , , ,Sebastian,Nunna
Costantine Mina and Vasiliky Strates Moschos Scholarship 2023,Submitted; Complete; Complete; Complete; Complete; Complete; Complete,Denied, , , , , , , , , , , , , , , , , , , , , , , , , , , , , , , ,Roger,Carrera
Costantine Mina and Vasiliky Strates Moschos Scholarship 2023,Submitted; Complete; Complete; Complete; Complete; Complete,Denied, , , , , , , , , , , , , , , , , , , , , , , , , , , , , , , ,Fat'hiyaa,Pearl
Costantine Mina and Vasiliky Strates Moschos Scholarship 2023,Submitted; Complete; Complete; Complete; Complete; Complete; Complete; Complete,Denied, , , , , , , , , , , , , , , , , , , , , , , , , , , ,University of Massachusetts at Amherst; University of Massachusetts at Amherst, , , ,Kent,Bechler
Costantine Mina and Vasiliky Strates Moschos Scholarship 2023,Submitted; Complete; Complete,Denied, , , , , , , , , , , , , , , , , , , , , , , , , , , , , , , ,Kursh,Lovan
Costantine Mina and Vasiliky Strates Moschos Scholarship 2023,Submitted; Complete; Complete; Complete; Complete; Complete,Denied, , , , , , , , , , , , , , , , , , , , , , , , , , , , , , , ,Kiduse,Mcstraw
Costantine Mina and Vasiliky Strates Moschos Scholarship 2023,Submitted; Complete; Complete; Complete,Denied, , , , , , , , , , , , , , , , , , , , , , , , , , , , , , , ,Edwin,Jackson
Costantine Mina and Vasiliky Strates Moschos Scholarship 2023,Submitted; Complete; Complete,Denied, , , , , , , , , , , , , , , , , , , , , , , , , , , , , , , ,Luke,Flores-Rodriguez
Costantine Mina and Vasiliky Strates Moschos Scholarship 2023,Submitted; Complete; Complete,Denied, , , , , , , , , , , , , , , , , , , , , , , , , , , , , , , ,Russell,el-Sharifi
Costantine Mina and Vasiliky Strates Moschos Scholarship 2023,Submitted; Complete; Complete; Complete; Complete; Complete; Complete; Complete; Complete; Complete; Complete,Follow Up(s) Assigned,3000, , , , , , , , , , , , , , , , , , , , , , , , , , ,Gordon College; Gordon College, , , ,Jayelin,Rad
Cynthia and Harrison Taylor Scholarship 2023,Submitted; Complete; Complete; Complete,Closed,1000, , , , , , , , , , , , , , , , , , , , , , , , , , , , , , ,Simeon,Suarez
Cynthia and Harrison Taylor Scholarship 2023,Submitted; Complete; Complete,Denied, , , , , , , , , , , , , , , , , , , , , , , , , , , , , , , ,Trizton,Sath
Cynthia and Harrison Taylor Scholarship 2023,Submitted; Complete; Complete,Denied, , , , , , , , , , , , , , , , , , , , , , , , , , , , , , , ,Shakoora,Hamer
Cynthia and Harrison Taylor Scholarship 2023,Submitted; Complete; Complete,Denied, , , , , , , , , , , , , , , , , , , , , , , , , , , , , , , ,Radwa,al-Habeeb
Cynthia and Harrison Taylor Scholarship 2023,Submitted; Complete; Complete; Complete; Complete,Denied, , , , , , , , , , , , , , , , , , , , , , , , , , , , , , , ,Shaquasia,Taylor
Cynthia and Harrison Taylor Scholarship 2023,Submitted; Complete; Complete,Denied, , , , , , , , , , , , , , , , , , , , , , , , , , , , , , , ,Catarina,al-Lodi
Cynthia and Harrison Taylor Scholarship 2023,Submitted; Complete; Complete,Denied, , , , , , , , , , , , , , , , , , , , , , , , , , , , , , , ,Kent,el-Shahan
Cynthia and Harrison Taylor Scholarship 2023,Submitted; Complete; Complete; Complete,Denied, , , , , , , , , , , , , , , , , , , , , , , , , , , , , , , ,Deshawn Joseph,Blevans
Cynthia and Harrison Taylor Scholarship 2023,Submitted; Complete; Complete; Assigned,Denied, , , , , , , , , , , , , , , , , , , , , , , , , , , , , , , ,Danika,el-Zaidi
Cynthia and Harrison Taylor Scholarship 2023,Submitted; Complete; Complete,Denied, , , , , , , , , , , , , , , , , , , , , , , , , , , , , , , ,Kysha,Dagher
Cynthia and Harrison Taylor Scholarship 2023,Submitted; Complete; Complete; Complete,Follow Up(s) Assigned,2000, , , , , , , , , , , , , , , , , , , , , , , , , , , , , , ,Kindra,Celestin
Cynthia and Harrison Taylor Scholarship 2023,Submitted; Complete; Complete; Complete; Complete; Complete; Complete,Follow Up(s) Assigned,2000, , , , , , , , , , , , , , , , , , , , , , , , , , ,University of Massachusetts Lowell, , , ,Izza,Landa
Daniel Ha Memorial Scholarship 2023,Submitted; Complete; Complete; Complete; Complete; Complete; Complete; Complete; Complete; Complete; Complete,Closed,1000, , , , , , , , , , , , , , , , , , , , , , , , , , , , , , ,Faai Z,Nye
Daniel Ha Memorial Scholarship 2023,Submitted; Complete; Complete; Complete; Complete; Complete; Complete; Complete; Complete; Complete; Complete,Denied, , , , , , , , , , , , , , , , , , , , , , , , , , , , , , , ,Avianha,Behrens
Daniel Ha Memorial Scholarship 2023,Submitted; Complete; Complete; Complete; Complete; Complete; Complete; Complete; Complete; Complete; Complete; Complete; Assigned,Denied, , , , , , , , , , , , , , , , , , , , , , , , , , , ,Assumption University, , , ,Aliyya,Linear
Daniel Ha Memorial Scholarship 2023,Submitted; Complete; Complete; Complete; Complete; Complete; Complete; Complete; Complete; Complete,Denied, , , , , , , , , , , , , , , , , , , , , , , , , , , , , , , ,K'Sandra,Brunson
Daniel Ha Memorial Scholarship 2023,Submitted; Complete; Complete; Complete; Complete; Complete; Complete; Complete; Complete; Complete; Complete; Complete,Denied, , , , , , , , , , , , , , , , , , , , , , , , , , , ,Worcester State University, , , ,Latasha,al-Guler
Daniel Ha Memorial Scholarship 2023,Submitted; Complete; Complete; Complete; Complete; Complete; Complete; Complete; Complete; Complete; Complete,Denied, , , , , , , , , , , , , , , , , , , , , , , , , , , , , , , ,Roger,Carrera
Daniel Ha Memorial Scholarship 2023,Submitted; Complete; Complete; Complete; Complete; Complete; Complete; Complete,Denied, , , , , , , , , , , , , , , , , , , , , , , , , , , ,MCPHS University; MCPHS University, , , ,Raheema,Amgalanbayar
Daniel Ha Memorial Scholarship 2023,Submitted; Complete; Complete; Complete,Denied, , , , , , , , , , , , , , , , , , , , , , , , , , , , , , , ,Kalleb,Balogh
Daniel Ha Memorial Scholarship 2023,Submitted; Complete; Complete; Complete,Denied, , , , , , , , , , , , , , , , , , , , , , , , , , , , , , , ,Divyanka,Urresti
Daniel Ha Memorial Scholarship 2023,Submitted; Complete; Complete,Denied, , , , , , , , , , , , , , , , , , , , , , , , , , , , , , , ,Shasta,Miranda
Daniel Ha Memorial Scholarship 2023,Submitted; Complete; Complete,Denied, , , , , , , , , , , , , , , , , , , , , , , , , , , , , , , ,Suhaa,Hillsmon
Daniel Ha Memorial Scholarship 2023,Submitted; Complete; Complete; Complete; Complete; Complete; Complete; Complete,Denied, , , , , , , , , , , , , , , , , , , , , , , , , , , ,Bentley University; Bentley University, , , ,Konda,al-Hariri
Daniel Ha Memorial Scholarship 2023,Submitted; Complete; Complete; Complete,Denied, , , , , , , , , , , , , , , , , , , , , , , , , , , , , , , ,Howard,Dickey
Daniel Ha Memorial Scholarship 2023,Submitted; Complete; Complete,Denied, , , , , , , , , , , , , , , , , , , , , , , , , , , , , , , ,Khongmong,Flowers
Daniel Ha Memorial Scholarship 2023,Submitted; Complete; Complete,Denied, , , , , , , , , , , , , , , , , , , , , , , , , , , , , , , ,Dajon,Mekonnen
Daniel Ha Memorial Scholarship 2023,Submitted; Complete; Complete,Denied, , , , , , , , , , , , , , , , , , , , , , , , , , , , , , , ,Sherman,Munguia
Daniel Ha Memorial Scholarship 2023,Submitted; Complete; Complete; Complete,Denied, , , , , , , , , , , , , , , , , , , , , , , , , , , , , , , ,Dean,Huerta
Daniel Ha Memorial Scholarship 2023,Submitted; Complete; Complete; Complete; Complete; Complete; Complete; Complete,Denied, , , , , , , , , , , , , , , , , , , , , , , , , , , ,Other; Other,Fashion Institute of Technology ; FIT, , ,Karan,Gandarilla
Daniel Ha Memorial Scholarship 2023,Submitted; Complete; Complete,Denied, , , , , , , , , , , , , , , , , , , , , , , , , , , , , , , ,Tevin,al-Hariri
Daniel Stephen Lussier Athletic Scholarship 2023,Submitted; Complete; Complete; Complete; Complete; Complete; Complete; Complete; Complete; Complete; Complete; Complete; Complete; Complete,Closed,750, , , , , , , , , , , , , , , , , , , , , , , , , , ,Springfield College; Springfield College, , , ,Maria Elena,Kytle
Daniel Stephen Lussier Athletic Scholarship 2023,Submitted; Complete; Complete,Denied, , , , , , , , , , , , , , , , , , , , , , , , , , , , , , , ,Shayla,Stepter
Daniel Stephen Lussier Athletic Scholarship 2023,Submitted; Complete; Complete,Denied, , , , , , , , , , , , , , , , , , , , , , , , , , , , , , , ,Mazi Mathias,Watkins IV
Daniel Stephen Lussier Athletic Scholarship 2023,Submitted; Complete; Complete; Complete; Complete; Complete; Complete; Complete; Complete,Denied, , , , , , , , , , , , , , , , , , , , , , , , , , , , , , , ,Fikir,Mann
Daniel Stephen Lussier Athletic Scholarship 2023,Submitted; Complete; Complete,Denied, , , , , , , , , , , , , , , , , , , , , , , , , , , , , , , ,Sayfa,Fabrizio
Daniel Stephen Lussier Athletic Scholarship 2023,Submitted; Complete; Complete; Complete; Complete; Complete; Complete; Complete; Complete,Denied, , , , , , , , , , , , , , , , , , , , , , , , , , , , , , , ,Shabeeba,Arguello
Daniel Stephen Lussier Athletic Scholarship 2023,Submitted; Complete; Complete,Denied, , , , , , , , , , , , , , , , , , , , , , , , , , , , , , , ,Yadira,Kunstman
Daniel Stephen Lussier Athletic Scholarship 2023,Submitted; Complete; Complete; Complete; Complete; Complete; Complete; Complete; Complete,Denied, , , , , , , , , , , , , , , , , , , , , , , , , , , , , , , ,Xai,Verburg
Daniel Stephen Lussier Athletic Scholarship 2023,Submitted; Complete; Complete; Complete; Complete; Complete; Complete; Complete,Denied, , , , , , , , , , , , , , , , , , , , , , , , , , , ,MCPHS University; MCPHS University, , , ,Raheema,Amgalanbayar
Daniel Stephen Lussier Athletic Scholarship 2023,Submitted; Complete; Complete,Denied, , , , , , , , , , , , , , , , , , , , , , , , , , , , , , , ,Saamyya,Raval
Daniel Stephen Lussier Athletic Scholarship 2023,Submitted; Complete; Complete,Denied, , , , , , , , , , , , , , , , , , , , , , , , , , , , , , , ,Amaan,Mccoy
Daniel Stephen Lussier Athletic Scholarship 2023,Submitted; Complete; Complete,Denied, , , , , , , , , , , , , , , , , , , , , , , , , , , , , , , ,Brenna,el-Ansari
Daniel Stephen Lussier Athletic Scholarship 2023,Submitted; Complete; Complete; Complete,Denied, , , , , , , , , , , , , , , , , , , , , , , , , , , , , , , ,Dean,Huerta
Daniel Stephen Lussier Athletic Scholarship 2023,Submitted; Complete; Complete,Denied, , , , , , , , , , , , , , , , , , , , , , , , , , , , , , , ,Rahma,Khan
Debbie Anne Johnson Memorial Scholarship 2023,Complete; Complete; Complete,Follow Up(s) Assigned,3000, , , , , , , , , , , , , , , , , , , , , , , , , , , , , , ,Shani,Han
December 3rd Scholarship 2023,Submitted; Complete; Complete; Complete; Complete; Complete; Complete,Closed,1000, , , , , , , , , , , , , , , , , , , , , , , , , , , , , , ,Amoni,Tambunan
December 3rd Scholarship 2023,Submitted; Complete; Complete; Complete; Complete; Complete; Complete,Closed,1000, , , , , , , , , , , , , , , , , , , , , , , , , , , , , , ,Samira,el-Sharif
December 3rd Scholarship 2023,Submitted; Complete; Complete; Complete; Complete; Complete; Complete,Closed,1000, , , , , , , , , , , , , , , , , , , , , , , , , , , , , , ,Taamira,el-Zakaria
December 3rd Scholarship 2023,Submitted; Complete; Complete; Complete; Complete; Complete,Denied, , , , , , , , , , , , , , , , , , , , , , , , , , , , , , , ,Gabriella,Ghiya
December 3rd Scholarship 2023,Submitted; Complete; Complete; Complete; Complete; Complete,Denied, , , , , , , , , , , , , , , , , , , , , , , , , , , , , , , ,Jaquelin,Gamet
December 3rd Scholarship 2023,Submitted; Complete; Complete; Complete; Complete; Complete; Complete,Denied, , , , , , , , , , , , , , , , , , , , , , , , , , , , , , , ,Idrianna,Longwing
December 3rd Scholarship 2023,Submitted; Complete; Complete; Complete; Complete; Complete; Complete; Complete; Complete; Complete; Complete,Follow Up(s) Assigned,6000, , , , , , , , , , , , , , , , , , , , , , , , , , ,Endicott College; Endicott College, , , ,Erika,Briones-Pena
December 3rd Scholarship 2023,Submitted; Complete; Complete; Complete; Complete; Complete; Complete; Complete; Complete; Complete; Complete,Follow Up(s) Assigned,5000, , , , , , , , , , , , , , , , , , , , , , , , , , ,Assumption University; Assumption University, , , ,Ignacio,Longwing
December 3rd Scholarship 2023,Submitted; Complete; Complete; Complete; Complete; Complete; Complete; Complete; Draft,Follow Up(s) Assigned,2500, , , , , , , , , , , , , , , , , , , , , , , , , , ,University of Massachusetts at Amherst, , , ,Trina,el-Sabet
December 3rd Scholarship 2023,Submitted; Complete; Complete; Complete; Complete; Complete; Complete; Complete; Complete; Complete; Complete,Follow Up(s) Assigned,5000, , , , , , , , , , , , , , , , , , , , , , , , , , ,Rensselaer Polytechnic Institute; Rensselaer Polytechnic Institute, , , ,Kezia,Huston-Harkin
December 3rd Scholarship 2023,Submitted; Complete; Complete; Complete; Complete; Complete; Complete,Follow Up(s) Assigned,2500, , , , , , , , , , , , , , , , , , , , , , , , , , , , , , ,Markangelo,Fragozo Verdugo
Dennis Elroy Barry Memorial Scholarship 2023,Submitted; Complete; Complete; Complete; Complete; Complete; Complete; Complete,Closed,400, , , , , , , , , , , , , , , , , , , , , , , , , , , , , , ,Sebastian,Nunna
Dennis Elroy Barry Memorial Scholarship 2023,Submitted; Submitted; Complete,Denied, , , , , , , , , , , , , , , , , , , , , , , , , , , , , , , ,Sajiyya,Phillips
Dennis Elroy Barry Memorial Scholarship 2023,Submitted; Complete; Complete,Denied, , , , , , , , , , , , , , , , , , , , , , , , , , , , , , , ,Lorissa,Verburg
Dennis Elroy Barry Memorial Scholarship 2023,Submitted; Complete; Complete,Denied, , , , , , , , , , , , , , , , , , , , , , , , , , , , , , , ,Ta,Donaldson
Dennis Elroy Barry Memorial Scholarship 2023,Submitted; Complete; Complete,Denied, , , , , , , , , , , , , , , , , , , , , , , , , , , , , , , ,Jordynn,Horta
Dennis Elroy Barry Memorial Scholarship 2023,Submitted; Complete; Complete,Denied, , , , , , , , , , , , , , , , , , , , , , , , , , , , , , , ,Tediana,al-Fadel
Dennis Elroy Barry Memorial Scholarship 2023,Submitted; Complete; Complete; Complete; Complete; Complete; Complete; Complete,Denied, , , , , , , , , , , , , , , , , , , , , , , , , , , , , , , ,Qaasim,Retana
Dennis Elroy Barry Memorial Scholarship 2023,Submitted; Complete; Complete,Denied, , , , , , , , , , , , , , , , , , , , , , , , , , , , , , , ,Najeem,Field
Dennis Elroy Barry Memorial Scholarship 2023,Submitted; Complete; Complete; Complete,Denied, , , , , , , , , , , , , , , , , , , , , , , , , , , , , , , ,Azhaar,Sparks
Dennis Elroy Barry Memorial Scholarship 2023,Submitted; Complete; Complete; Complete; Complete; Complete; Complete,Denied, , , , , , , , , , , , , , , , , , , , , , , , , , , , , , , ,Kailib,Bird
Dennis Elroy Barry Memorial Scholarship 2023,Submitted; Complete; Complete; Complete; Complete; Complete; Complete; Complete,Denied, , , , , , , , , , , , , , , , , , , , , , , , , , , ,Hofstra University; Other,New England Law, , ,Emmanuel,Eyasu
Dennis Elroy Barry Memorial Scholarship 2023,Submitted; Complete; Complete; Complete,Denied, , , , , , , , , , , , , , , , , , , , , , , , , , , , , , , ,Cheno,Yates
Dennis Elroy Barry Memorial Scholarship 2023,Submitted; Complete; Complete,Denied, , , , , , , , , , , , , , , , , , , , , , , , , , , , , , , ,Travonta,el-Mohiuddin
Dennis Elroy Barry Memorial Scholarship 2023,Submitted; Complete; Complete; Complete; Complete; Complete; Complete; Complete,Denied, , , , , , , , , , , , , , , , , , , , , , , , , , , ,University of Connecticut; University of Connecticut, , , ,Lateefa,Camarena-Cruz
Dennis Elroy Barry Memorial Scholarship 2023,Submitted; Complete; Complete,Denied, , , , , , , , , , , , , , , , , , , , , , , , , , , , , , , ,Hyeju,Dai
Dennis Elroy Barry Memorial Scholarship 2023,Submitted; Complete; Complete,Denied, , , , , , , , , , , , , , , , , , , , , , , , , , , , , , , ,Reese,el-Tamer
Dennis Elroy Barry Memorial Scholarship 2023,Submitted; Complete; Complete,Denied, , , , , , , , , , , , , , , , , , , , , , , , , , , , , , , ,De'Vonta,Watkins
Dennis Elroy Barry Memorial Scholarship 2023,Submitted; Complete; Complete,Denied, , , , , , , , , , , , , , , , , , , , , , , , , , , , , , , ,Urwa,Mikesell
Dennis Elroy Barry Memorial Scholarship 2023,Submitted; Complete; Complete,Denied, , , , , , , , , , , , , , , , , , , , , , , , , , , , , , , ,Sterling,Liles
Dennis Elroy Barry Memorial Scholarship 2023,Submitted; Complete; Complete,Denied, , , , , , , , , , , , , , , , , , , , , , , , , , , , , , , ,Phillip,al-Hatem
Dennis Elroy Barry Memorial Scholarship 2023,Submitted; Complete; Complete; Complete; Complete; Complete; Complete,Denied, , , , , , , , , , , , , , , , , , , , , , , , , , , , , , , ,Soryn,Otgontulga
Dennis Elroy Barry Memorial Scholarship 2023,Submitted; Complete; Complete; Complete,Denied, , , , , , , , , , , , , , , , , , , , , , , , , , , , , , , ,Akeem,Rodrukkwun
Dennis Elroy Barry Memorial Scholarship 2023,Submitted; Complete; Complete,Denied, , , , , , , , , , , , , , , , , , , , , , , , , , , , , , , ,Adrianna,Hall
Derek Gaudette Memorial Scholarship 2023,Submitted; Complete; Complete; Complete,Closed,1000, , , , , , , , , , , , , , , , , , , , , , , , , , , , , , ,Aqeela,Ritman
Derek Gaudette Memorial Scholarship 2023,Submitted; Complete; Complete; Complete,Closed,1000, , , , , , , , , , , , , , , , , , , , , , , , , , , , , , ,Musheera,Cade Blanche
Derek Gaudette Memorial Scholarship 2023,Submitted; Complete; Complete; Complete; Complete; Complete; Complete; Complete,Denied, , , , , , , , , , , , , , , , , , , , , , , , , , , ,Assumption University; Assumption University, , , ,Taeler,Ginsberg
Derek Gaudette Memorial Scholarship 2023,Submitted; Complete; Complete,Denied, , , , , , , , , , , , , , , , , , , , , , , , , , , , , , , ,Ta,Donaldson
Derek Gaudette Memorial Scholarship 2023,Submitted; Complete; Complete,Denied, , , , , , , , , , , , , , , , , , , , , , , , , , , , , , , ,Travonta,el-Mohiuddin
Doris Salzer Memorial Scholarship 2023,Submitted; Complete; Complete; Complete; Complete; Complete; Complete; Complete; Complete,Closed,1000, , , , , , , , , , , , , , , , , , , , , , , , , , , , , , ,Edwin,Jackson
Doris Salzer Memorial Scholarship 2023,Submitted; Submitted; Complete,Denied, , , , , , , , , , , , , , , , , , , , , , , , , , , , , , , ,Sajiyya,Phillips
Doris Salzer Memorial Scholarship 2023,Submitted; Complete; Complete,Denied, , , , , , , , , , , , , , , , , , , , , , , , , , , , , , , ,Gianny,Aker
Doris Salzer Memorial Scholarship 2023,Submitted; Complete; Complete,Denied, , , , , , , , , , , , , , , , , , , , , , , , , , , , , , , ,Shetarrah,Kuck
Doris Salzer Memorial Scholarship 2023,Submitted; Complete; Complete,Denied, , , , , , , , , , , , , , , , , , , , , , , , , , , , , , , ,Nabeel,Kaeck
Doris Salzer Memorial Scholarship 2023,Submitted; Complete; Complete,Denied, , , , , , , , , , , , , , , , , , , , , , , , , , , , , , , ,Anh,Candelario
Doris Salzer Memorial Scholarship 2023,Submitted; Complete; Complete,Denied, , , , , , , , , , , , , , , , , , , , , , , , , , , , , , , ,Mashal,Bardsley
Doris Salzer Memorial Scholarship 2023,Submitted; Submitted; Complete,Denied, , , , , , , , , , , , , , , , , , , , , , , , , , , , , , , ,Halley,Howard
Doris Salzer Memorial Scholarship 2023,Submitted; Complete; Complete; Complete; Complete; Complete; Complete; Complete,Denied, , , , , , , , , , , , , , , , , , , , , , , , , , , ,Assumption University; Assumption University, , , ,Ignacio,Longwing
Doris Salzer Memorial Scholarship 2023,Submitted; Complete; Complete,Denied, , , , , , , , , , , , , , , , , , , , , , , , , , , , , , , ,Derrick,Angulo
Doris Salzer Memorial Scholarship 2023,Submitted; Complete; Complete; Complete; Complete; Complete; Complete; Complete,Denied, , , , , , , , , , , , , , , , , , , , , , , , , , , ,Northeastern University; Northeastern University, , , ,Sajiyya,al-Wahab
Doris Salzer Memorial Scholarship 2023,Submitted; Complete; Complete,Denied, , , , , , , , , , , , , , , , , , , , , , , , , , , , , , , ,Blain,Mahre
Doris Salzer Memorial Scholarship 2023,Submitted; Complete; Complete; Complete; Complete; Complete; Complete; Complete,Denied, , , , , , , , , , , , , , , , , , , , , , , , , , , ,Suffolk University; Boston College, , , ,Armonno,Mcglothlen
Doris Salzer Memorial Scholarship 2023,Submitted; Complete; Complete,Denied, , , , , , , , , , , , , , , , , , , , , , , , , , , , , , , ,Celine,Wambach
Doris Salzer Memorial Scholarship 2023,Submitted; Complete; Complete; Complete; Complete; Complete; Complete; Complete,Denied, , , , , , , , , , , , , , , , , , , , , , , , , , , , , , , ,Rian,Legarreta
Doris Salzer Memorial Scholarship 2023,Submitted; Complete; Complete,Denied, , , , , , , , , , , , , , , , , , , , , , , , , , , , , , , ,Joleen,Bartrum
Doris Salzer Memorial Scholarship 2023,Submitted; Complete; Complete,Denied, , , , , , , , , , , , , , , , , , , , , , , , , , , , , , , ,Andres,al-Baksh
Doris Salzer Memorial Scholarship 2023,Submitted; Complete; Complete; Complete,Denied, , , , , , , , , , , , , , , , , , , , , , , , , , , , , , , ,Idrianna,Longwing
Doris Salzer Memorial Scholarship 2023,Submitted; Complete; Complete,Denied, , , , , , , , , , , , , , , , , , , , , , , , , , , , , , , ,Yadira,Stenzel
Doris Salzer Memorial Scholarship 2023,Submitted; Complete; Complete; Complete; Complete; Complete; Complete; Complete,Denied, , , , , , , , , , , , , , , , , , , , , , , , , , , , , , , ,Nia'Imani,Peacock
Doris Salzer Memorial Scholarship 2023,Submitted; Complete; Complete,Denied, , , , , , , , , , , , , , , , , , , , , , , , , , , , , , , ,Alex,Valbrun
Doris Salzer Memorial Scholarship 2023,Submitted; Complete; Complete,Denied, , , , , , , , , , , , , , , , , , , , , , , , , , , , , , , ,Aimee,Slife
Doris Salzer Memorial Scholarship 2023,Submitted; Complete; Complete; Complete,Denied, , , , , , , , , , , , , , , , , , , , , , , , , , , , , , , ,Markangelo,Fragozo Verdugo
Doris Salzer Memorial Scholarship 2023,Submitted; Complete; Complete,Denied, , , , , , , , , , , , , , , , , , , , , , , , , , , , , , , ,Qisma,Mcguire
Doris Salzer Memorial Scholarship 2023,Submitted; Complete; Complete,Denied, , , , , , , , , , , , , , , , , , , , , , , , , , , , , , , ,Wisaam,Norwood
Doris Salzer Memorial Scholarship 2023,Submitted; Complete; Complete,Denied, , , , , , , , , , , , , , , , , , , , , , , , , , , , , , , ,Soryn,Otgontulga
Doris Salzer Memorial Scholarship 2023,Submitted; Complete; Complete,Denied, , , , , , , , , , , , , , , , , , , , , , , , , , , , , , , ,Wisaam,Roybal
Doris Salzer Memorial Scholarship 2023,Submitted; Complete; Complete; Complete,Denied, , , , , , , , , , , , , , , , , , , , , , , , , , , , , , , ,Simon,Manimtim
Doris Salzer Memorial Scholarship 2023,Submitted; Complete; Complete,Denied, , , , , , , , , , , , , , , , , , , , , , , , , , , , , , , ,Ohitike,Terry
Doris Salzer Memorial Scholarship 2023,Submitted; Complete; Complete; Complete,Denied, , , , , , , , , , , , , , , , , , , , , , , , , , , , , , , ,Xai,Mackey
Doris Salzer Memorial Scholarship 2023,Submitted; Complete; Complete; Complete; Complete; Complete; Complete; Complete; Complete,Denied, , , , , , , , , , , , , , , , , , , , , , , , , , , , , , , ,Fernanda,Leamons
Doris Salzer Memorial Scholarship 2023,Submitted; Complete; Complete,Denied, , , , , , , , , , , , , , , , , , , , , , , , , , , , , , , ,Munisa,Cohen-Wilson
Doris Salzer Memorial Scholarship 2023,Submitted; Complete; Complete,Denied, , , , , , , , , , , , , , , , , , , , , , , , , , , , , , , ,"Jam,Aan",Barlow
Doris Salzer Memorial Scholarship 2023,Submitted; Complete; Complete; Complete; Complete; Complete; Complete; Complete,Denied, , , , , , , , , , , , , , , , , , , , , , , , , , , , , , , ,Andy,Hren
Doris Salzer Memorial Scholarship 2023,Submitted; Complete; Complete,Denied, , , , , , , , , , , , , , , , , , , , , , , , , , , , , , , ,Janei,Florez
East Brookfield Scholarship 2023,Submitted; Complete; Complete; Complete; Complete; Complete; Complete; Complete; Complete,Closed,1000, , , , , , , , , , , , , , , , , , , , , , , , , , , , , , ,Urwa,Tieu
East Brookfield Scholarship 2023,Submitted; Complete; Complete,Denied, , , , , , , , , , , , , , , , , , , , , , , , , , , , , , , ,Travonta,el-Mohiuddin
East Brookfield Scholarship 2023,Submitted; Complete; Complete,Denied, , , , , , , , , , , , , , , , , , , , , , , , , , , , , , , ,Jerrelle,Whitaker
East Brookfield Scholarship 2023,Submitted; Complete; Complete; Complete; Complete; Complete; Complete; Complete,Denied, , , , , , , , , , , , , , , , , , , , , , , , , , , , , , , ,Kijana,Talain
East Brookfield Scholarship 2023,Submitted; Complete; Complete; Complete; Complete; Complete; Complete; Complete,Denied, , , , , , , , , , , , , , , , , , , , , , , , , , , , , , , ,Monique,Minter
East Brookfield Scholarship 2023,Submitted; Complete; Complete; Complete; Complete; Complete; Complete; Complete; Complete; Complete; Complete; Complete; Complete,Follow Up(s) Assigned,2000, , , , , , , , , , , , , , , , , , , , , , , , , , ,Suffolk University; Boston College, , , ,Armonno,Mcglothlen
Edward Carien Scholarship 2023,Submitted; Complete; Complete; Complete; Complete; Complete; Complete; Complete; Complete,Closed,700, , , , , , , , , , , , , , , , , , , , , , , , , , , , , , ,Shivani,Bliss
Edward Carien Scholarship 2023,Submitted; Complete; Complete; Complete,Denied, , , , , , , , , , , , , , , , , , , , , , , , , , , , , , , ,Angel,Luttrell
Edward Carien Scholarship 2023,Submitted; Complete; Complete; Complete,Denied, , , , , , , , , , , , , , , , , , , , , , , , , , , , , , , ,Whitney,Burnett
Edward Carien Scholarship 2023,Submitted; Complete; Complete; Complete; Complete; Complete; Complete; Complete; Complete; Complete; Complete; Complete; Complete,Denied, , , , , , , , , , , , , , , , , , , , , , , , , , , ,Boston College; Boston College, , , ,Saamyya,Brizuela
Edward Carien Scholarship 2023,Submitted; Complete; Complete; Complete; Complete; Complete; Complete; Complete; Complete; Complete; Complete; Complete; Complete,Denied, , , , , , , , , , , , , , , , , , , , , , , , , , , ,Worcester State University; Worcester State University, , , ,Rod,Shorty
Edward Carien Scholarship 2023,Submitted; Complete; Complete; Complete; Complete; Complete; Complete,Denied, , , , , , , , , , , , , , , , , , , , , , , , , , , ,Worcester State University, , , ,Abhaya,el-Allee
Edward Carien Scholarship 2023,Submitted; Complete; Complete; Complete; Complete; Complete; Complete; Complete; Complete,Denied, , , , , , , , , , , , , , , , , , , , , , , , , , , , , , , ,Wyleen,Macasinag
Edward Carien Scholarship 2023,Submitted; Complete; Complete; Complete,Denied, , , , , , , , , , , , , , , , , , , , , , , , , , , , , , , ,Idrianna,Manlove
Edward Carien Scholarship 2023,Submitted; Complete; Complete,Denied, , , , , , , , , , , , , , , , , , , , , , , , , , , , , , , ,Mirza,al-Matar
Edward Carien Scholarship 2023,Submitted; Complete; Complete; Complete,Denied, , , , , , , , , , , , , , , , , , , , , , , , , , , , , , , ,Qaasim,Retana
Edward Carien Scholarship 2023,Submitted; Complete; Complete,Denied, , , , , , , , , , , , , , , , , , , , , , , , , , , , , , , ,Khongmong,Majid
Edward Carien Scholarship 2023,Submitted; Complete; Complete; Complete; Complete; Complete; Complete; Complete,Denied, , , , , , , , , , , , , , , , , , , , , , , , , , , ,Western New England University; Western New England University, , , ,Kaarim,Miller
Edward Carien Scholarship 2023,Submitted; Complete; Complete,Denied, , , , , , , , , , , , , , , , , , , , , , , , , , , , , , , ,Jesse,Abdella
Edward Carien Scholarship 2023,Submitted; Complete; Complete; Complete,Denied, , , , , , , , , , , , , , , , , , , , , , , , , , , , , , , ,Cheno,Yates
Edward Carien Scholarship 2023,Submitted; Complete; Complete; Complete; Complete; Draft,Denied, , , , , , , , , , , , , , , , , , , , , , , , , , , ,University of Massachusetts at Amherst, , , ,Trina,el-Sabet
Edward Carien Scholarship 2023,Submitted; Complete; Complete,Denied, , , , , , , , , , , , , , , , , , , , , , , , , , , , , , , ,Cole,Sawyer
Edward Carien Scholarship 2023,Submitted; Complete; Complete,Denied, , , , , , , , , , , , , , , , , , , , , , , , , , , , , , , ,Moises,Maynes
Edward Carien Scholarship 2023,Submitted; Complete; Complete,Denied, , , , , , , , , , , , , , , , , , , , , , , , , , , , , , , ,France,al-Safar
Edward Carien Scholarship 2023,Submitted; Complete; Complete; Complete,Denied, , , , , , , , , , , , , , , , , , , , , , , , , , , , , , , ,Arafaat,Verburg
Edward Carien Scholarship 2023,Submitted; Complete; Complete,Denied, , , , , , , , , , , , , , , , , , , , , , , , , , , , , , , ,Armonno,Verburg
Edward Carien Scholarship 2023,Submitted; Complete; Complete,Denied, , , , , , , , , , , , , , , , , , , , , , , , , , , , , , , ,Xai,Verburg
Edward Carien Scholarship 2023,Submitted; Complete; Complete; Complete,Denied, , , , , , , , , , , , , , , , , , , , , , , , , , , , , , , ,Alex,O'Neill
Edward Carien Scholarship 2023,Submitted; Complete; Complete; Complete,Denied, , , , , , , , , , , , , , , , , , , , , , , , , , , , , , , ,Xai,Christensen
Edward Carien Scholarship 2023,Submitted; Complete; Complete; Complete,Denied, , , , , , , , , , , , , , , , , , , , , , , , , , , , , , , ,Markangelo,Fragozo Verdugo
Edward Carien Scholarship 2023,Submitted; Complete; Complete; Complete; Complete; Complete; Complete; Complete,Denied, , , , , , , , , , , , , , , , , , , , , , , , , , , , , , , ,Conner,Chestek
Edward Carien Scholarship 2023,Submitted; Complete; Complete,Denied, , , , , , , , , , , , , , , , , , , , , , , , , , , , , , , ,Tobias,Woy
Edward Carien Scholarship 2023,Submitted; Complete; Complete,Denied, , , , , , , , , , , , , , , , , , , , , , , , , , , , , , , ,Wajeeh,Dionese
Edward Carien Scholarship 2023,Submitted; Complete; Complete; Complete; Complete; Complete; Complete; Submitted,Denied, , , , , , , , , , , , , , , , , , , , , , , , , , , ,Other; Other,Stanford University, , ,Will,el-Fayad
Edward Carien Scholarship 2023,Submitted; Complete; Complete,Denied, , , , , , , , , , , , , , , , , , , , , , , , , , , , , , , ,Luke,Flores-Rodriguez
Edward Carien Scholarship 2023,Submitted; Complete; Complete,Denied, , , , , , , , , , , , , , , , , , , , , , , , , , , , , , , ,Ohitike,Terry
Edward Carien Scholarship 2023,Submitted; Complete; Complete; Complete,Denied, , , , , , , , , , , , , , , , , , , , , , , , , , , , , , , ,Akeem,Rodrukkwun
Edward Carien Scholarship 2023,Submitted; Complete; Complete,Denied, , , , , , , , , , , , , , , , , , , , , , , , , , , , , , , ,Miriah,al-Rashed
Edward Carien Scholarship 2023,Submitted; Complete; Complete; Complete,Denied, , , , , , , , , , , , , , , , , , , , , , , , , , , , , , , ,Ivan,Deleon-Rodriguez
Edward Carien Scholarship 2023,Submitted; Complete; Complete; Complete,Denied, , , , , , , , , , , , , , , , , , , , , , , , , , , , , , , ,Abhaya,Browning
Elm Park Community School Scholarship 2023,Submitted; Complete; Complete; Complete,Closed,1800, , , , , , , , , , , , , , , , , , , , , , , , , , , , , , ,Andi,Stark
Emanuel's Empowerment Scholarship 2023,Submitted; Complete; Complete; Complete,Closed,350, , , , , , , , , , , , , , , , , , , , , , , , , , , , , , ,Deshawn Joseph,Blevans
Emanuel's Empowerment Scholarship 2023,Submitted; Complete; Complete,Denied, , , , , , , , , , , , , , , , , , , , , , , , , , , , , , , ,Trizton,Sath
Emanuel's Empowerment Scholarship 2023,Submitted; Complete; Complete,Denied, , , , , , , , , , , , , , , , , , , , , , , , , , , , , , , ,Shakoora,Hamer
Emanuel's Empowerment Scholarship 2023,Submitted; Complete; Complete,Denied, , , , , , , , , , , , , , , , , , , , , , , , , , , , , , , ,Radwa,al-Habeeb
Emanuel's Empowerment Scholarship 2023,Submitted; Complete; Complete; Complete; Complete,Denied, , , , , , , , , , , , , , , , , , , , , , , , , , , , , , , ,Shaquasia,Taylor
Emanuel's Empowerment Scholarship 2023,Submitted; Complete; Complete,Denied, , , , , , , , , , , , , , , , , , , , , , , , , , , , , , , ,Catarina,al-Lodi
Emanuel's Empowerment Scholarship 2023,Submitted; Complete; Complete,Denied, , , , , , , , , , , , , , , , , , , , , , , , , , , , , , , ,Kent,el-Shahan
Emanuel's Empowerment Scholarship 2023,Submitted; Complete; Complete; Assigned,Denied, , , , , , , , , , , , , , , , , , , , , , , , , , , , , , , ,Danika,el-Zaidi
Emanuel's Empowerment Scholarship 2023,Submitted; Complete; Complete; Complete,Denied, , , , , , , , , , , , , , , , , , , , , , , , , , , , , , , ,Simeon,Suarez
Emanuel's Empowerment Scholarship 2023,Submitted; Complete; Complete; Complete,Denied, , , , , , , , , , , , , , , , , , , , , , , , , , , , , , , ,Kindra,Celestin
Emanuel's Empowerment Scholarship 2023,Submitted; Complete; Complete,Denied, , , , , , , , , , , , , , , , , , , , , , , , , , , , , , , ,Kysha,Dagher
Erin Coonan Schmidt Scholarship for Health & Wellness 2023,Submitted; Complete; Complete; Complete; Complete; Complete; Complete; Complete; Complete; Complete,Closed,1000, , , , , , , , , , , , , , , , , , , , , , , , , , , , , , ,Kitana,Ault
Erin Coonan Schmidt Scholarship for Health & Wellness 2023,Submitted; Complete; Complete,Denied, , , , , , , , , , , , , , , , , , , , , , , , , , , , , , , ,Howe,Trinh
Erin Coonan Schmidt Scholarship for Health & Wellness 2023,Submitted; Complete; Complete; Complete,Denied, , , , , , , , , , , , , , , , , , , , , , , , , , , , , , , ,Sushmita,Fognani
Erin Coonan Schmidt Scholarship for Health & Wellness 2023,Submitted; Complete; Complete; Complete,Denied, , , , , , , , , , , , , , , , , , , , , , , , , , , , , , , ,Lavies,Ruska
Erin Coonan Schmidt Scholarship for Health & Wellness 2023,Submitted; Submitted; Complete,Denied, , , , , , , , , , , , , , , , , , , , , , , , , , , , , , , ,Nova,Liang
Erin Coonan Schmidt Scholarship for Health & Wellness 2023,Submitted; Complete; Complete,Denied, , , , , , , , , , , , , , , , , , , , , , , , , , , , , , , ,Mahbooba,al-Shaikh
Erin Coonan Schmidt Scholarship for Health & Wellness 2023,Submitted; Complete; Complete; Complete; Complete; Complete; Complete; Complete; Complete,Denied, , , , , , , , , , , , , , , , , , , , , , , , , , , , , , , ,Lauren,Lillie
Erin Coonan Schmidt Scholarship for Health & Wellness 2023,Submitted; Complete; Complete,Denied, , , , , , , , , , , , , , , , , , , , , , , , , , , , , , , ,Jyotshal,Westfall
Erin Coonan Schmidt Scholarship for Health & Wellness 2023,Submitted; Complete; Complete,Denied, , , , , , , , , , , , , , , , , , , , , , , , , , , , , , , ,Andy,Hren
Expository Writing Scholarship Honoring Marjorie Frye 2023,Complete; Complete; Complete,Closed,1000, , , , , , , , , , , , , , , , , , , , , , , , , , , , , , ,Sajiyya,al-Wahab
Expository Writing Scholarship Honoring Marjorie Frye 2023,Complete; Complete; Complete,Closed,1000, , , , , , , , , , , , , , , , , , , , , , , , , , , , , , ,Russell,Do
Fairlawn Foundation Scholarship 2023,Submitted; Submitted; Complete,Denied, , , , , , , , , , , , , , , , , , , , , , , , , , , , , , , ,Kabowd,Gjurekovec
Fairlawn Foundation Scholarship 2023,Submitted; Complete; Complete; Complete,Denied, , , , , , , , , , , , , , , , , , , , , , , , , , , , , , , ,Najimah,Brandon
Fairlawn Foundation Scholarship 2023,Submitted; Complete; Complete,Denied, , , , , , , , , , , , , , , , , , , , , , , , , , , , , , , ,Mazi Mathias,Watkins IV
Fairlawn Foundation Scholarship 2023,Submitted; Complete; Complete,Denied, , , , , , , , , , , , , , , , , , , , , , , , , , , , , , , ,Fikir,Mann
Fairlawn Foundation Scholarship 2023,Submitted; Complete; Complete; Complete; Complete; Complete; Complete,Denied, , , , , , , , , , , , , , , , , , , , , , , , , , , , , , , ,Arghavan,Parrilla
Fairlawn Foundation Scholarship 2023,Submitted; Complete; Complete,Denied, , , , , , , , , , , , , , , , , , , , , , , , , , , , , , , ,Sayfa,Fabrizio
Fairlawn Foundation Scholarship 2023,Submitted; Complete; Complete; Complete; Complete; Complete; Complete; Complete,Denied, , , , , , , , , , , , , , , , , , , , , , , , , , , , , , , ,Urwa,Tieu
Fairlawn Foundation Scholarship 2023,Submitted; Complete; Complete,Denied, , , , , , , , , , , , , , , , , , , , , , , , , , , , , , , ,Karlos,el-Bey
Fairlawn Foundation Scholarship 2023,Submitted; Complete; Complete,Denied, , , , , , , , , , , , , , , , , , , , , , , , , , , , , , , ,Shabeeba,Arguello
Fairlawn Foundation Scholarship 2023,Submitted; Complete; Complete,Denied, , , , , , , , , , , , , , , , , , , , , , , , , , , , , , , ,Fawzia,al-Elamin
Fairlawn Foundation Scholarship 2023,Submitted; Complete; Complete,Denied, , , , , , , , , , , , , , , , , , , , , , , , , , , , , , , ,Xai,Verburg
Fairlawn Foundation Scholarship 2023,Submitted; Complete; Complete,Denied, , , , , , , , , , , , , , , , , , , , , , , , , , , , , , , ,Amaan,Mccoy
Fairlawn Foundation Scholarship 2023,Submitted; Complete; Complete; Complete; Complete; Complete; Complete; Complete,Denied, , , , , , , , , , , , , , , , , , , , , , , , , , , ,Springfield College; Springfield College, , , ,Maria Elena,Kytle
Fairlawn Foundation Scholarship 2023,Submitted; Complete; Complete,Denied, , , , , , , , , , , , , , , , , , , , , , , , , , , , , , , ,Brenna,el-Ansari
Fairlawn Foundation Scholarship 2023,Submitted; Complete; Complete,Denied, , , , , , , , , , , , , , , , , , , , , , , , , , , , , , , ,Rahma,Khan
Fairlawn Foundation Scholarship 2023,Submitted; Complete; Complete; Complete; Complete; Complete; Complete; Complete; Complete; Complete; Complete; Complete,Follow Up(s) Assigned,5000, , , , , , , , , , , , , , , , , , , , , , , , , , ,Western New England University; Western New England University, , , ,Kaarim,Miller
Finnish American Social Club Scholarship 2023,Submitted; Complete; Complete,Denied, , , , , , , , , , , , , , , , , , , , , , , , , , , , , , , ,Catarina,Diggles
Finnish American Social Club Scholarship 2023,Submitted; Complete; Complete,Denied, , , , , , , , , , , , , , , , , , , , , , , , , , , , , , , ,Martinealyse,Brandon
Finnish American Social Club Scholarship 2023,Submitted; Complete; Complete,Denied, , , , , , , , , , , , , , , , , , , , , , , , , , , , , , , ,Marion,Nedd
Finnish American Social Club Scholarship 2023,Submitted; Complete; Complete; Complete; Complete; Complete; Complete; Complete,Denied, , , , , , , , , , , , , , , , , , , , , , , , , , , ,Other; Wentworth Institute of Technology,Wentworth Institute of Technology, , ,Andres,French Thomason
Finnish American Social Club Scholarship 2023,Submitted; Complete; Complete,Denied, , , , , , , , , , , , , , , , , , , , , , , , , , , , , , , ,Dhaafir,el-Attar
Finnish American Social Club Scholarship 2023,Submitted; Complete; Complete; Complete; Complete,Denied, , , , , , , , , , , , , , , , , , , , , , , , , , , , , , , ,Chase,Brenner
Finnish American Social Club Scholarship 2023,Submitted; Submitted; Complete,Denied, , , , , , , , , , , , , , , , , , , , , , , , , , , , , , , ,Alton,Gstalder
Finnish American Social Club Scholarship 2023,Submitted; Complete; Complete,Denied, , , , , , , , , , , , , , , , , , , , , , , , , , , , , , , ,Brice,Stoops
Finnish American Social Club Scholarship 2023,Submitted; Complete; Complete,Denied, , , , , , , , , , , , , , , , , , , , , , , , , , , , , , , ,Trina,Atkins
Finnish American Social Club Scholarship 2023,Submitted; Complete; Complete,Denied, , , , , , , , , , , , , , , , , , , , , , , , , , , , , , , ,Musheera,al-Jamil
Finnish American Social Club Scholarship 2023,Submitted; Complete; Complete,Denied, , , , , , , , , , , , , , , , , , , , , , , , , , , , , , , ,Garrett,Meighan
Finnish American Social Club Scholarship 2023,Submitted; Complete; Complete,Denied, , , , , , , , , , , , , , , , , , , , , , , , , , , , , , , ,Mareeon,De La Rosa
Finnish American Social Club Scholarship 2023,Submitted; Complete; Complete,Denied, , , , , , , , , , , , , , , , , , , , , , , , , , , , , , , ,Teale,Throm
Finnish American Social Club Scholarship 2023,Submitted; Complete; Complete,Denied, , , , , , , , , , , , , , , , , , , , , , , , , , , , , , , ,Soryn,Otgontulga
Finnish American Social Club Scholarship 2023,Submitted; Complete; Complete; Complete; Complete; Complete; Complete; Complete,Denied, , , , , , , , , , , , , , , , , , , , , , , , , , , ,Springfield College; Springfield College, , , ,Maria Elena,Kytle
Finnish American Social Club Scholarship 2023,Submitted; Complete; Complete,Denied, , , , , , , , , , , , , , , , , , , , , , , , , , , , , , , ,Burhaan,Stanley
Finnish American Social Club Scholarship 2023,Submitted; Complete; Complete,Denied, , , , , , , , , , , , , , , , , , , , , , , , , , , , , , , ,Damione,Wauer
Finnish American Social Club Scholarship 2023,Submitted; Complete; Complete; Complete,Denied, , , , , , , , , , , , , , , , , , , , , , , , , , , , , , , ,Reagan,Dymek
Finnish American Social Club Scholarship 2023,Submitted; Complete; Complete,Denied, , , , , , , , , , , , , , , , , , , , , , , , , , , , , , , ,Rahma,Khan
Finnish American Social Club Scholarship 2023,Submitted; Complete; Complete; Complete; Complete; Complete; Complete; Complete,Follow Up(s) Assigned,2000, , , , , , , , , , , , , , , , , , , , , , , , , , ,Hofstra University; Other,New England Law, , ,Emmanuel,Eyasu
Fitchburg Sportsmen's Club Scholarship 2023,Submitted; Complete; Complete,Denied, , , , , , , , , , , , , , , , , , , , , , , , , , , , , , , ,Davis,Arviso
"Francine ""Doc"" Smith Memorial Scholarship 2023",Submitted; Complete; Complete; Complete; Complete; Complete; Complete; Complete; Complete,Closed,500, , , , , , , , , , , , , , , , , , , , , , , , , , , , , , ,Steve,el-Kader
"Francine ""Doc"" Smith Memorial Scholarship 2023",Submitted; Complete; Complete; Complete,Denied, , , , , , , , , , , , , , , , , , , , , , , , , , , , , , , ,Angel,Luttrell
"Francine ""Doc"" Smith Memorial Scholarship 2023",Submitted; Complete; Complete,Denied, , , , , , , , , , , , , , , , , , , , , , , , , , , , , , , ,Clint,Reyes-Martinez
"Francine ""Doc"" Smith Memorial Scholarship 2023",Submitted; Complete; Complete; Complete,Denied, , , , , , , , , , , , , , , , , , , , , , , , , , , , , , , ,Whitney,Burnett
"Francine ""Doc"" Smith Memorial Scholarship 2023",Submitted; Complete; Complete; Complete,Denied, , , , , , , , , , , , , , , , , , , , , , , , , , , , , , , ,Jovon,al-Shehata
"Francine ""Doc"" Smith Memorial Scholarship 2023",Submitted; Complete; Complete,Denied, , , , , , , , , , , , , , , , , , , , , , , , , , , , , , , ,Alex,Rumsey
"Francine ""Doc"" Smith Memorial Scholarship 2023",Submitted; Complete; Complete,Denied, , , , , , , , , , , , , , , , , , , , , , , , , , , , , , , ,Izaak,Gellatly
"Francine ""Doc"" Smith Memorial Scholarship 2023",Submitted; Complete; Complete,Denied, , , , , , , , , , , , , , , , , , , , , , , , , , , , , , , ,Emmanuel,Montgomery
"Francine ""Doc"" Smith Memorial Scholarship 2023",Submitted; Complete; Complete,Denied, , , , , , , , , , , , , , , , , , , , , , , , , , , , , , , ,Allicia,al-Rehmann
"Francine ""Doc"" Smith Memorial Scholarship 2023",Submitted; Complete; Complete,Denied, , , , , , , , , , , , , , , , , , , , , , , , , , , , , , , ,Mashal,Bardsley
"Francine ""Doc"" Smith Memorial Scholarship 2023",Submitted; Complete; Complete,Denied, , , , , , , , , , , , , , , , , , , , , , , , , , , , , , , ,Karlos,el-Bey
"Francine ""Doc"" Smith Memorial Scholarship 2023",Submitted; Complete; Complete; Complete; Complete; Complete; Complete,Denied, , , , , , , , , , , , , , , , , , , , , , , , , , , ,Worcester State University, , , ,Abhaya,el-Allee
"Francine ""Doc"" Smith Memorial Scholarship 2023",Submitted; Complete; Complete; Complete,Denied, , , , , , , , , , , , , , , , , , , , , , , , , , , , , , , ,Lee,Bruno
"Francine ""Doc"" Smith Memorial Scholarship 2023",Submitted; Complete; Complete; Complete,Denied, , , , , , , , , , , , , , , , , , , , , , , , , , , , , , , ,Kentorra,Bardsley
"Francine ""Doc"" Smith Memorial Scholarship 2023",Submitted; Complete; Complete; Complete; Complete,Denied, , , , , , , , , , , , , , , , , , , , , , , , , , , ,Worcester State University, , , ,Latasha,al-Guler
"Francine ""Doc"" Smith Memorial Scholarship 2023",Submitted; Complete; Complete; Complete; Complete; Complete; Complete; Complete; Complete,Denied, , , , , , , , , , , , , , , , , , , , , , , , , , , , , , , ,Norma,Hensinger II
"Francine ""Doc"" Smith Memorial Scholarship 2023",Submitted; Complete; Complete,Denied, , , , , , , , , , , , , , , , , , , , , , , , , , , , , , , ,Juliana,el-Mannan
"Francine ""Doc"" Smith Memorial Scholarship 2023",Submitted; Complete; Complete,Denied, , , , , , , , , , , , , , , , , , , , , , , , , , , , , , , ,Waleed,Echohawk
"Francine ""Doc"" Smith Memorial Scholarship 2023",Submitted; Complete; Complete,Denied, , , , , , , , , , , , , , , , , , , , , , , , , , , , , , , ,Ohitike,Burke
"Francine ""Doc"" Smith Memorial Scholarship 2023",Submitted; Complete; Complete,Denied, , , , , , , , , , , , , , , , , , , , , , , , , , , , , , , ,Xai,Womack
"Francine ""Doc"" Smith Memorial Scholarship 2023",Submitted; Complete; Complete,Denied, , , , , , , , , , , , , , , , , , , , , , , , , , , , , , , ,My,Burke
"Francine ""Doc"" Smith Memorial Scholarship 2023",Submitted; Complete; Complete; Complete,Denied, , , , , , , , , , , , , , , , , , , , , , , , , , , , , , , ,Sheena,al-Pashia
"Francine ""Doc"" Smith Memorial Scholarship 2023",Submitted; Complete; Complete,Denied, , , , , , , , , , , , , , , , , , , , , , , , , , , , , , , ,Dhaafir,el-Attar
"Francine ""Doc"" Smith Memorial Scholarship 2023",Submitted; Complete; Complete,Denied, , , , , , , , , , , , , , , , , , , , , , , , , , , , , , , ,Vanya,Ayala
"Francine ""Doc"" Smith Memorial Scholarship 2023",Submitted; Complete; Complete; Complete; Complete; Complete; Complete; Complete,Denied, , , , , , , , , , , , , , , , , , , , , , , , , , , , , , , ,Jalaal,Gaston
"Francine ""Doc"" Smith Memorial Scholarship 2023",Submitted; Complete; Complete; Complete,Denied, , , , , , , , , , , , , , , , , , , , , , , , , , , , , , , ,Qaasim,Retana
"Francine ""Doc"" Smith Memorial Scholarship 2023",Submitted; Complete; Complete; Complete,Denied, , , , , , , , , , , , , , , , , , , , , , , , , , , , , , , ,Kameel,Kellum
"Francine ""Doc"" Smith Memorial Scholarship 2023",Submitted; Complete; Complete,Denied, , , , , , , , , , , , , , , , , , , , , , , , , , , , , , , ,Katherine,Getchell
"Francine ""Doc"" Smith Memorial Scholarship 2023",Submitted; Complete; Complete; Complete; Complete; Complete; Complete; Complete,Denied, , , , , , , , , , , , , , , , , , , , , , , , , , , ,Cummings School of Veterinary Medicine at Tufts University; Tufts University, , , ,Abhaya,Cordero
"Francine ""Doc"" Smith Memorial Scholarship 2023",Submitted; Complete; Complete,Denied, , , , , , , , , , , , , , , , , , , , , , , , , , , , , , , ,Alton,Ervin
"Francine ""Doc"" Smith Memorial Scholarship 2023",Submitted; Complete; Complete; Complete; Complete; Complete; Complete; Complete; Complete,Denied, , , , , , , , , , , , , , , , , , , , , , , , , , , , , , , ,Sushmita,Fognani
"Francine ""Doc"" Smith Memorial Scholarship 2023",Submitted; Complete; Complete; Complete,Denied, , , , , , , , , , , , , , , , , , , , , , , , , , , , , , , ,Cynthia,Barnabas
"Francine ""Doc"" Smith Memorial Scholarship 2023",Submitted; Complete; Complete; Complete; Complete; Complete; Complete; Complete,Denied, , , , , , , , , , , , , , , , , , , , , , , , , , , ,University of Massachusetts at Amherst; University of Massachusetts at Amherst, , , ,Nevin,Shain
"Francine ""Doc"" Smith Memorial Scholarship 2023",Submitted; Complete; Complete,Denied, , , , , , , , , , , , , , , , , , , , , , , , , , , , , , , ,Kelsie,el-Nasser
"Francine ""Doc"" Smith Memorial Scholarship 2023",Submitted; Complete; Complete; Complete; Complete; Complete; Complete; Complete,Denied, , , , , , , , , , , , , , , , , , , , , , , , , , , , , , , ,Ihaab,Slowman
"Francine ""Doc"" Smith Memorial Scholarship 2023",Submitted; Complete; Complete; Complete; Complete; Complete; Complete; Complete,Denied, , , , , , , , , , , , , , , , , , , , , , , , , , , ,University of Massachusetts at Amherst; University of Massachusetts at Amherst, , , ,Adham,Vinegar
"Francine ""Doc"" Smith Memorial Scholarship 2023",Submitted; Complete; Complete,Denied, , , , , , , , , , , , , , , , , , , , , , , , , , , , , , , ,Musheera,Donez
"Francine ""Doc"" Smith Memorial Scholarship 2023",Submitted; Complete; Complete; Complete; Complete; Complete; Complete; Complete,Denied, , , , , , , , , , , , , , , , , , , , , , , , , , , ,University of Massachusetts at Amherst; University of Massachusetts at Amherst, , , ,Thomas,Olson
"Francine ""Doc"" Smith Memorial Scholarship 2023",Submitted; Submitted; Complete,Denied, , , , , , , , , , , , , , , , , , , , , , , , , , , , , , , ,Shayla,Simpson
"Francine ""Doc"" Smith Memorial Scholarship 2023",Submitted; Complete; Complete,Denied, , , , , , , , , , , , , , , , , , , , , , , , , , , , , , , ,Monolito,Gandarilla
"Francine ""Doc"" Smith Memorial Scholarship 2023",Submitted; Complete; Complete,Denied, , , , , , , , , , , , , , , , , , , , , , , , , , , , , , , ,Aimee,Mikesell
"Francine ""Doc"" Smith Memorial Scholarship 2023",Submitted; Submitted; Complete,Denied, , , , , , , , , , , , , , , , , , , , , , , , , , , , , , , ,Abhaya,Ranney
"Francine ""Doc"" Smith Memorial Scholarship 2023",Submitted; Complete; Complete,Denied, , , , , , , , , , , , , , , , , , , , , , , , , , , , , , , ,Hyeju,Dai
"Francine ""Doc"" Smith Memorial Scholarship 2023",Submitted; Complete; Complete,Denied, , , , , , , , , , , , , , , , , , , , , , , , , , , , , , , ,De'Vonta,Watkins
"Francine ""Doc"" Smith Memorial Scholarship 2023",Submitted; Complete; Complete,Denied, , , , , , , , , , , , , , , , , , , , , , , , , , , , , , , ,Roice,Olson
"Francine ""Doc"" Smith Memorial Scholarship 2023",Submitted; Complete; Complete,Denied, , , , , , , , , , , , , , , , , , , , , , , , , , , , , , , ,Teale,Throm
"Francine ""Doc"" Smith Memorial Scholarship 2023",Submitted; Complete; Complete; Complete,Denied, , , , , , , , , , , , , , , , , , , , , , , , , , , , , , , ,Sydney,Sepeda
"Francine ""Doc"" Smith Memorial Scholarship 2023",Submitted; Complete; Complete; Complete,Denied, , , , , , , , , , , , , , , , , , , , , , , , , , , , , , , ,Mychael,Halberg
"Francine ""Doc"" Smith Memorial Scholarship 2023",Submitted; Complete; Complete,Denied, , , , , , , , , , , , , , , , , , , , , , , , , , , , , , , ,Saajid,Stubits
"Francine ""Doc"" Smith Memorial Scholarship 2023",Submitted; Complete; Complete; Complete; Complete; Complete; Complete; Complete,Denied, , , , , , , , , , , , , , , , , , , , , , , , , , , , , , , ,Julie,Haroon
"Francine ""Doc"" Smith Memorial Scholarship 2023",Submitted; Complete; Complete,Denied, , , , , , , , , , , , , , , , , , , , , , , , , , , , , , , ,Khongmong,Sargent
"Francine ""Doc"" Smith Memorial Scholarship 2023",Submitted; Complete; Complete; Complete; Complete; Complete; Complete; Complete,Denied, , , , , , , , , , , , , , , , , , , , , , , , , , , ,Boston University; Boston University, , , ,Mi,Wands
"Francine ""Doc"" Smith Memorial Scholarship 2023",Submitted; Complete; Complete,Denied, , , , , , , , , , , , , , , , , , , , , , , , , , , , , , , ,Qisma,Mcguire
"Francine ""Doc"" Smith Memorial Scholarship 2023",Submitted; Complete; Complete,Denied, , , , , , , , , , , , , , , , , , , , , , , , , , , , , , , ,Kanjai,Ludwig
"Francine ""Doc"" Smith Memorial Scholarship 2023",Submitted; Complete; Complete; Complete; Complete; Complete; Complete; Complete,Denied, , , , , , , , , , , , , , , , , , , , , , , , , , , ,Anna Maria College; Anna Maria College, , , ,Ace,Tagawa
"Francine ""Doc"" Smith Memorial Scholarship 2023",Submitted; Complete; Complete,Denied, , , , , , , , , , , , , , , , , , , , , , , , , , , , , , , ,Abraham,Embry
"Francine ""Doc"" Smith Memorial Scholarship 2023",Submitted; Complete; Complete,Denied, , , , , , , , , , , , , , , , , , , , , , , , , , , , , , , ,Karlos,Moua
"Francine ""Doc"" Smith Memorial Scholarship 2023",Submitted; Complete; Complete; Complete,Denied, , , , , , , , , , , , , , , , , , , , , , , , , , , , , , , ,Schiara,Demario
"Francine ""Doc"" Smith Memorial Scholarship 2023",Submitted; Submitted; Complete; Complete; Complete; Complete; Complete; Complete,Denied, , , , , , , , , , , , , , , , , , , , , , , , , , , ,University of Massachusetts Lowell; University of Massachusetts Lowell, , , ,Piotreck,al-Musa
"Francine ""Doc"" Smith Memorial Scholarship 2023",Submitted; Complete; Complete,Denied, , , , , , , , , , , , , , , , , , , , , , , , , , , , , , , ,Vanya,Lopez-Carrizales
"Francine ""Doc"" Smith Memorial Scholarship 2023",Submitted; Complete; Complete,Denied, , , , , , , , , , , , , , , , , , , , , , , , , , , , , , , ,Soryn,Otgontulga
"Francine ""Doc"" Smith Memorial Scholarship 2023",Submitted; Complete; Complete,Denied, , , , , , , , , , , , , , , , , , , , , , , , , , , , , , , ,Avianha,Pirzadeh
"Francine ""Doc"" Smith Memorial Scholarship 2023",Submitted; Complete; Complete; Complete; Complete; Complete; Complete; Complete,Denied, , , , , , , , , , , , , , , , , , , , , , , , , , , ,Bentley University; Bentley University, , , ,Konda,al-Hariri
"Francine ""Doc"" Smith Memorial Scholarship 2023",Submitted; Submitted; Complete,Denied, , , , , , , , , , , , , , , , , , , , , , , , , , , , , , , ,Yadira,al-Naqvi
"Francine ""Doc"" Smith Memorial Scholarship 2023",Submitted; Complete; Complete; Complete; Complete; Complete; Complete; Complete,Denied, , , , , , , , , , , , , , , , , , , , , , , , , , , , , , , ,Nahom,Koerner
"Francine ""Doc"" Smith Memorial Scholarship 2023",Submitted; Complete; Complete; Complete; Complete; Complete; Complete; Complete,Denied, , , , , , , , , , , , , , , , , , , , , , , , , , , ,Springfield College; Springfield College, , , ,Maria Elena,Kytle
"Francine ""Doc"" Smith Memorial Scholarship 2023",Submitted; Complete; Complete; Complete; Complete; Complete; Complete; Complete; Complete,Denied, , , , , , , , , , , , , , , , , , , , , , , , , , , , , , , ,Heather,Cruise
"Francine ""Doc"" Smith Memorial Scholarship 2023",Submitted; Complete; Complete,Denied, , , , , , , , , , , , , , , , , , , , , , , , , , , , , , , ,Mikala,Christensen
"Francine ""Doc"" Smith Memorial Scholarship 2023",Submitted; Complete; Complete,Denied, , , , , , , , , , , , , , , , , , , , , , , , , , , , , , , ,Wajeeh,Dionese
"Francine ""Doc"" Smith Memorial Scholarship 2023",Submitted; Complete; Complete; Complete; Complete; Complete; Complete; Submitted,Denied, , , , , , , , , , , , , , , , , , , , , , , , , , , ,Other; Other,Stanford University, , ,Will,el-Fayad
"Francine ""Doc"" Smith Memorial Scholarship 2023",Submitted; Complete; Complete,Denied, , , , , , , , , , , , , , , , , , , , , , , , , , , , , , , ,Davis,Levesque
"Francine ""Doc"" Smith Memorial Scholarship 2023",Submitted; Complete; Complete,Denied, , , , , , , , , , , , , , , , , , , , , , , , , , , , , , , ,Khiry,Thakur
"Francine ""Doc"" Smith Memorial Scholarship 2023",Submitted; Complete; Complete,Denied, , , , , , , , , , , , , , , , , , , , , , , , , , , , , , , ,Qaasim,Cochran
"Francine ""Doc"" Smith Memorial Scholarship 2023",Submitted; Complete; Complete,Denied, , , , , , , , , , , , , , , , , , , , , , , , , , , , , , , ,Humaidaan,el-Khalaf
"Francine ""Doc"" Smith Memorial Scholarship 2023",Submitted; Complete; Complete; Complete,Denied, , , , , , , , , , , , , , , , , , , , , , , , , , , , , , , ,Simon,Manimtim
"Francine ""Doc"" Smith Memorial Scholarship 2023",Submitted; Complete; Complete; Complete; Complete; Complete; Complete; Complete,Denied, , , , , , , , , , , , , , , , , , , , , , , , , , , ,Brown University; Brown University, , , ,Shabeeba,Olson
"Francine ""Doc"" Smith Memorial Scholarship 2023",Submitted; Complete; Complete,Denied, , , , , , , , , , , , , , , , , , , , , , , , , , , , , , , ,Isuru,Longwing
"Francine ""Doc"" Smith Memorial Scholarship 2023",Submitted; Complete; Complete,Denied, , , , , , , , , , , , , , , , , , , , , , , , , , , , , , , ,Alexxis,Tahir
"Francine ""Doc"" Smith Memorial Scholarship 2023",Submitted; Complete; Complete,Denied, , , , , , , , , , , , , , , , , , , , , , , , , , , , , , , ,Trevon,Yarangsy
"Francine ""Doc"" Smith Memorial Scholarship 2023",Submitted; Complete; Complete,Denied, , , , , , , , , , , , , , , , , , , , , , , , , , , , , , , ,Adrianna,Hall
"Francine ""Doc"" Smith Memorial Scholarship 2023",Submitted; Complete; Complete,Denied, , , , , , , , , , , , , , , , , , , , , , , , , , , , , , , ,Tercell,Winters
"Francine ""Doc"" Smith Memorial Scholarship 2023",Submitted; Complete; Complete,Denied, , , , , , , , , , , , , , , , , , , , , , , , , , , , , , , ,Reese,el-Aman
"Francine ""Doc"" Smith Memorial Scholarship 2023",Submitted; Complete; Complete,Denied, , , , , , , , , , , , , , , , , , , , , , , , , , , , , , , ,Burhaan,Stanley
"Francine ""Doc"" Smith Memorial Scholarship 2023",Submitted; Complete; Complete,Denied, , , , , , , , , , , , , , , , , , , , , , , , , , , , , , , ,Theodora,Newman
"Francine ""Doc"" Smith Memorial Scholarship 2023",Submitted; Complete; Complete,Denied, , , , , , , , , , , , , , , , , , , , , , , , , , , , , , , ,Jereek,Fajardo
"Francine ""Doc"" Smith Memorial Scholarship 2023",Submitted; Complete; Complete; Complete,Denied, , , , , , , , , , , , , , , , , , , , , , , , , , , , , , , ,Stevon,Alderete
"Francine ""Doc"" Smith Memorial Scholarship 2023",Submitted; Complete; Complete,Denied, , , , , , , , , , , , , , , , , , , , , , , , , , , , , , , ,Alex,Caballero
"Francine ""Doc"" Smith Memorial Scholarship 2023",Submitted; Complete; Complete; Complete; Complete; Complete; Complete; Complete,Denied, , , , , , , , , , , , , , , , , , , , , , , , , , , ,Massachusetts Institute of Technology; Massachusetts Institute of Technology, , , ,Koji,el-Kazemi
"Francine ""Doc"" Smith Memorial Scholarship 2023",Submitted; Complete; Complete,Denied, , , , , , , , , , , , , , , , , , , , , , , , , , , , , , , ,Tien,Ehrlich
"Francine ""Doc"" Smith Memorial Scholarship 2023",Submitted; Complete; Complete,Denied, , , , , , , , , , , , , , , , , , , , , , , , , , , , , , , ,Daizha,Claycomb
"Francine ""Doc"" Smith Memorial Scholarship 2023",Submitted; Complete; Complete,Denied, , , , , , , , , , , , , , , , , , , , , , , , , , , , , , , ,Izzaddeen,Feltman
"Francine ""Doc"" Smith Memorial Scholarship 2023",Submitted; Complete; Complete; Complete,Denied, , , , , , , , , , , , , , , , , , , , , , , , , , , , , , , ,Abhaya,Browning
Fred and Leona Eppinger Scholarship 2023,Submitted; Complete; Complete; Complete; Complete; Complete,Closed,2000, , , , , , , , , , , , , , , , , , , , , , , , , , , , , , ,Musheera,Cade Blanche
Fred and Leona Eppinger Scholarship 2023,Submitted; Complete; Complete; Complete; Complete; Complete; Complete; Complete; Complete; Complete,Denied, , , , , , , , , , , , , , , , , , , , , , , , , , , ,Assumption University; Assumption University, , , ,Taeler,Ginsberg
Fred and Leona Eppinger Scholarship 2023,Submitted; Complete; Complete; Complete; Complete,Denied, , , , , , , , , , , , , , , , , , , , , , , , , , , , , , , ,Ta,Donaldson
Fred and Leona Eppinger Scholarship 2023,Submitted; Complete; Complete; Complete; Complete; Complete,Denied, , , , , , , , , , , , , , , , , , , , , , , , , , , , , , , ,Aqeela,Ritman
Fred and Leona Eppinger Scholarship 2023,Submitted; Complete; Complete,Denied, , , , , , , , , , , , , , , , , , , , , , , , , , , , , , , ,Travonta,el-Mohiuddin
Friends of Rutland Heights Hospital Scholarship 2023,Submitted; Complete; Complete; Complete; Complete; Complete; Complete; Complete,Closed,2000, , , , , , , , , , , , , , , , , , , , , , , , , , , , , , ,Leilani,Swimmer
Friends of Rutland Heights Hospital Scholarship 2023,Submitted; Complete; Complete; Complete,Denied, , , , , , , , , , , , , , , , , , , , , , , , , , , , , , , ,Angel,Luttrell
Friends of Rutland Heights Hospital Scholarship 2023,Submitted; Complete; Complete; Complete,Denied, , , , , , , , , , , , , , , , , , , , , , , , , , , , , , , ,Souphakone,Thorne
Friends of Rutland Heights Hospital Scholarship 2023,Submitted; Complete; Complete; Complete,Denied, , , , , , , , , , , , , , , , , , , , , , , , , , , , , , , ,Kortnee,al-Hariri
Friends of Rutland Heights Hospital Scholarship 2023,Submitted; Complete; Complete,Denied, , , , , , , , , , , , , , , , , , , , , , , , , , , , , , , ,Catarina,Diggles
Friends of Rutland Heights Hospital Scholarship 2023,Submitted; Complete; Complete; Complete; Complete; Complete; Complete; Complete; Complete,Denied, , , , , , , , , , , , , , , , , , , , , , , , , , , , , , , ,Jared,Gordon
Friends of Rutland Heights Hospital Scholarship 2023,Submitted; Complete; Complete,Denied, , , , , , , , , , , , , , , , , , , , , , , , , , , , , , , ,Martinealyse,Brandon
Friends of Rutland Heights Hospital Scholarship 2023,Submitted; Complete; Complete; Complete,Denied, , , , , , , , , , , , , , , , , , , , , , , , , , , , , , , ,Abdul Haleem,al-Huda
Friends of Rutland Heights Hospital Scholarship 2023,Submitted; Complete; Complete,Denied, , , , , , , , , , , , , , , , , , , , , , , , , , , , , , , ,Trent,al-Abdelrahman
Friends of Rutland Heights Hospital Scholarship 2023,Submitted; Complete; Complete; Complete; Complete; Complete; Complete; Complete,Denied, , , , , , , , , , , , , , , , , , , , , , , , , , , ,Assumption University; Assumption University, , , ,Taeler,Ginsberg
Friends of Rutland Heights Hospital Scholarship 2023,Submitted; Complete; Complete; Complete; Complete; Complete; Complete; Complete,Denied, , , , , , , , , , , , , , , , , , , , , , , , , , , ,Endicott College; Endicott College, , , ,Erika,Briones-Pena
Friends of Rutland Heights Hospital Scholarship 2023,Submitted; Complete; Complete,Denied, , , , , , , , , , , , , , , , , , , , , , , , , , , , , , , ,Adail,Abu-Khdeir
Friends of Rutland Heights Hospital Scholarship 2023,Submitted; Complete; Complete; Complete; Complete; Complete; Complete; Complete; Complete; Complete; Complete; Complete,Denied, , , , , , , , , , , , , , , , , , , , , , , , , , , ,Worcester State University; Worcester State University, , , ,Rod,Shorty
Friends of Rutland Heights Hospital Scholarship 2023,Submitted; Complete; Complete; Complete; Complete; Complete; Complete,Denied, , , , , , , , , , , , , , , , , , , , , , , , , , , ,Worcester State University, , , ,Abhaya,el-Allee
Friends of Rutland Heights Hospital Scholarship 2023,Submitted; Complete; Complete; Complete,Denied, , , , , , , , , , , , , , , , , , , , , , , , , , , , , , , ,Lee,Bruno
Friends of Rutland Heights Hospital Scholarship 2023,Submitted; Complete; Complete; Complete; Complete,Denied, , , , , , , , , , , , , , , , , , , , , , , , , , , ,Worcester State University, , , ,Latasha,al-Guler
Friends of Rutland Heights Hospital Scholarship 2023,Submitted; Complete; Complete,Denied, , , , , , , , , , , , , , , , , , , , , , , , , , , , , , , ,Daizha,al-Mahdi
Friends of Rutland Heights Hospital Scholarship 2023,Submitted; Complete; Complete,Denied, , , , , , , , , , , , , , , , , , , , , , , , , , , , , , , ,Kabeer,al-Abdulla
Friends of Rutland Heights Hospital Scholarship 2023,Submitted; Complete; Complete,Denied, , , , , , , , , , , , , , , , , , , , , , , , , , , , , , , ,Gabrielle,Newby
Friends of Rutland Heights Hospital Scholarship 2023,Submitted; Complete; Complete; Complete,Denied, , , , , , , , , , , , , , , , , , , , , , , , , , , , , , , ,Wyleen,Macasinag
Friends of Rutland Heights Hospital Scholarship 2023,Submitted; Complete; Complete; Complete,Denied, , , , , , , , , , , , , , , , , , , , , , , , , , , , , , , ,Norma,Hensinger II
Friends of Rutland Heights Hospital Scholarship 2023,Submitted; Complete; Complete,Denied, , , , , , , , , , , , , , , , , , , , , , , , , , , , , , , ,Abdur Razzaaq,Durlin
Friends of Rutland Heights Hospital Scholarship 2023,Submitted; Complete; Complete,Denied, , , , , , , , , , , , , , , , , , , , , , , , , , , , , , , ,Munisa,Meli
Friends of Rutland Heights Hospital Scholarship 2023,Submitted; Complete; Complete,Denied, , , , , , , , , , , , , , , , , , , , , , , , , , , , , , , ,Cheyanne,Stirgus
Friends of Rutland Heights Hospital Scholarship 2023,Submitted; Complete; Complete,Denied, , , , , , , , , , , , , , , , , , , , , , , , , , , , , , , ,Xai,Womack
Friends of Rutland Heights Hospital Scholarship 2023,Submitted; Complete; Complete,Denied, , , , , , , , , , , , , , , , , , , , , , , , , , , , , , , ,Ireland,No
Friends of Rutland Heights Hospital Scholarship 2023,Submitted; Complete; Complete; Complete; Complete; Complete,Denied, , , , , , , , , , , , , , , , , , , , , , , , , , , ,Worcester State University; Worcester State University, , , ,Shasta,al-Zaman
Friends of Rutland Heights Hospital Scholarship 2023,Submitted; Complete; Complete,Denied, , , , , , , , , , , , , , , , , , , , , , , , , , , , , , , ,Jalaal,Gaston
Friends of Rutland Heights Hospital Scholarship 2023,Submitted; Complete; Complete,Denied, , , , , , , , , , , , , , , , , , , , , , , , , , , , , , , ,Abdul Wadood,Santiago
Friends of Rutland Heights Hospital Scholarship 2023,Submitted; Complete; Complete,Denied, , , , , , , , , , , , , , , , , , , , , , , , , , , , , , , ,Leanna,Otgontulga
Friends of Rutland Heights Hospital Scholarship 2023,Submitted; Complete; Complete,Denied, , , , , , , , , , , , , , , , , , , , , , , , , , , , , , , ,Whitney,Oster
Friends of Rutland Heights Hospital Scholarship 2023,Submitted; Complete; Complete,Denied, , , , , , , , , , , , , , , , , , , , , , , , , , , , , , , ,Khongmong,Majid
Friends of Rutland Heights Hospital Scholarship 2023,Submitted; Complete; Complete,Denied, , , , , , , , , , , , , , , , , , , , , , , , , , , , , , , ,Michal,Gould
Friends of Rutland Heights Hospital Scholarship 2023,Submitted; Complete; Complete,Denied, , , , , , , , , , , , , , , , , , , , , , , , , , , , , , , ,Tasneem,Gantvoort
Friends of Rutland Heights Hospital Scholarship 2023,Submitted; Complete; Complete,Denied, , , , , , , , , , , , , , , , , , , , , , , , , , , , , , , ,Waleed,Oliva
Friends of Rutland Heights Hospital Scholarship 2023,Submitted; Complete; Complete,Denied, , , , , , , , , , , , , , , , , , , , , , , , , , , , , , , ,Stephen,al-Halaby
Friends of Rutland Heights Hospital Scholarship 2023,Submitted; Complete; Complete; Complete; Complete; Complete; Complete; Complete; Complete,Denied, , , , , , , , , , , , , , , , , , , , , , , , , , , ,Other; Wentworth Institute of Technology,Wentworth Institute of Technology, , ,Shakoora,Lockhart
Friends of Rutland Heights Hospital Scholarship 2023,Submitted; Complete; Complete,Denied, , , , , , , , , , , , , , , , , , , , , , , , , , , , , , , ,K'Lyn,al-Ibrahim
Friends of Rutland Heights Hospital Scholarship 2023,Submitted; Submitted; Complete,Denied, , , , , , , , , , , , , , , , , , , , , , , , , , , , , , , ,Stephany,Channel
Friends of Rutland Heights Hospital Scholarship 2023,Submitted; Complete; Complete; Complete,Denied, , , , , , , , , , , , , , , , , , , , , , , , , , , , , , , ,Allicia,Mckee
Friends of Rutland Heights Hospital Scholarship 2023,Submitted; Complete; Complete,Denied, , , , , , , , , , , , , , , , , , , , , , , , , , , , , , , ,Starla,Harada
Friends of Rutland Heights Hospital Scholarship 2023,Submitted; Complete; Complete,Denied, , , , , , , , , , , , , , , , , , , , , , , , , , , , , , , ,Shabeeba,Caldwell
Friends of Rutland Heights Hospital Scholarship 2023,Submitted; Complete; Complete; Complete; Complete; Complete; Complete,Denied, , , , , , , , , , , , , , , , , , , , , , , , , , , , , , , ,Ihaab,Slowman
Friends of Rutland Heights Hospital Scholarship 2023,Submitted; Complete; Complete,Denied, , , , , , , , , , , , , , , , , , , , , , , , , , , , , , , ,Umair,Vasquez
Friends of Rutland Heights Hospital Scholarship 2023,Submitted; Complete; Complete; Complete,Denied, , , , , , , , , , , , , , , , , , , , , , , , , , , , , , , ,Musheera,Cade Blanche
Friends of Rutland Heights Hospital Scholarship 2023,Submitted; Complete; Complete,Denied, , , , , , , , , , , , , , , , , , , , , , , , , , , , , , , ,Jereek,Wray Jr
Friends of Rutland Heights Hospital Scholarship 2023,Submitted; Complete; Complete,Denied, , , , , , , , , , , , , , , , , , , , , , , , , , , , , , , ,Khongmong,Vandergriff
Friends of Rutland Heights Hospital Scholarship 2023,Submitted; Complete; Complete; Complete; Complete; Complete; Complete; Complete,Denied, , , , , , , , , , , , , , , , , , , , , , , , , , , ,Providence College; Providence College, , , ,Matias,Herrington
Friends of Rutland Heights Hospital Scholarship 2023,Submitted; Complete; Complete; Complete,Denied, , , , , , , , , , , , , , , , , , , , , , , , , , , , , , , ,Mirza,Dagin
Friends of Rutland Heights Hospital Scholarship 2023,Submitted; Complete; Complete; Complete; Complete; Complete; Complete; Complete,Denied, , , , , , , , , , , , , , , , , , , , , , , , , , , , , , , ,Faai Z,Nye
Friends of Rutland Heights Hospital Scholarship 2023,Submitted; Complete; Complete,Denied, , , , , , , , , , , , , , , , , , , , , , , , , , , , , , , ,Munisa,Hawley
Friends of Rutland Heights Hospital Scholarship 2023,Submitted; Submitted; Complete,Denied, , , , , , , , , , , , , , , , , , , , , , , , , , , , , , , ,Abhaya,Ranney
Friends of Rutland Heights Hospital Scholarship 2023,Submitted; Complete; Complete; Complete,Denied, , , , , , , , , , , , , , , , , , , , , , , , , , , , , , , ,Picabo,al-Aydin
Friends of Rutland Heights Hospital Scholarship 2023,Submitted; Complete; Complete; Complete; Complete; Complete; Complete; Complete,Denied, , , , , , , , , , , , , , , , , , , , , , , , , , , ,Other; Other,Carnegie Mellon University; Carnegie Mellon University, , ,Hamad,el-Kader
Friends of Rutland Heights Hospital Scholarship 2023,Submitted; Complete; Complete; Complete,Denied, , , , , , , , , , , , , , , , , , , , , , , , , , , , , , , ,Xai,Christensen
Friends of Rutland Heights Hospital Scholarship 2023,Submitted; Complete; Complete,Denied, , , , , , , , , , , , , , , , , , , , , , , , , , , , , , , ,Karla,Deleon
Friends of Rutland Heights Hospital Scholarship 2023,Submitted; Complete; Complete; Complete,Denied, , , , , , , , , , , , , , , , , , , , , , , , , , , , , , , ,Steve,el-Kader
Friends of Rutland Heights Hospital Scholarship 2023,Submitted; Complete; Complete,Denied, , , , , , , , , , , , , , , , , , , , , , , , , , , , , , , ,Xai,Lopez Rodriguez
Friends of Rutland Heights Hospital Scholarship 2023,Submitted; Complete; Complete,Denied, , , , , , , , , , , , , , , , , , , , , , , , , , , , , , , ,Andres,Norman-Wallace
Friends of Rutland Heights Hospital Scholarship 2023,Submitted; Complete; Complete,Denied, , , , , , , , , , , , , , , , , , , , , , , , , , , , , , , ,Karlos,Cave
Friends of Rutland Heights Hospital Scholarship 2023,Submitted; Complete; Complete; Complete,Denied, , , , , , , , , , , , , , , , , , , , , , , , , , , , , , , ,Schiara,Demario
Friends of Rutland Heights Hospital Scholarship 2023,Submitted; Complete; Complete; Complete; Complete; Complete; Complete,Denied, , , , , , , , , , , , , , , , , , , , , , , , , , , , , , , ,Lateefa,Stringfellow
Friends of Rutland Heights Hospital Scholarship 2023,Submitted; Complete; Complete,Denied, , , , , , , , , , , , , , , , , , , , , , , , , , , , , , , ,"Jam,Aan",Pandit
Friends of Rutland Heights Hospital Scholarship 2023,Submitted; Complete; Complete; Complete; Complete; Complete; Complete; Complete,Denied, , , , , , , , , , , , , , , , , , , , , , , , , , , ,University of Massachusetts at Amherst; University of Massachusetts at Amherst, , , ,Dequanda,Jenkins
Friends of Rutland Heights Hospital Scholarship 2023,Submitted; Submitted; Complete,Denied, , , , , , , , , , , , , , , , , , , , , , , , , , , , , , , ,Yadira,al-Naqvi
Friends of Rutland Heights Hospital Scholarship 2023,Submitted; Complete; Complete,Denied, , , , , , , , , , , , , , , , , , , , , , , , , , , , , , , ,Nahom,Koerner
Friends of Rutland Heights Hospital Scholarship 2023,Submitted; Complete; Complete,Denied, , , , , , , , , , , , , , , , , , , , , , , , , , , , , , , ,Yadira,Schopp
Friends of Rutland Heights Hospital Scholarship 2023,Submitted; Complete; Complete,Denied, , , , , , , , , , , , , , , , , , , , , , , , , , , , , , , ,Kianna,Arguello
Friends of Rutland Heights Hospital Scholarship 2023,Submitted; Complete; Complete,Denied, , , , , , , , , , , , , , , , , , , , , , , , , , , , , , , ,Conner,Chestek
Friends of Rutland Heights Hospital Scholarship 2023,Submitted; Complete; Complete; Complete,Denied, , , , , , , , , , , , , , , , , , , , , , , , , , , , , , , ,Heather,Cruise
Friends of Rutland Heights Hospital Scholarship 2023,Submitted; Complete; Complete; Complete; Complete; Complete; Complete,Denied, , , , , , , , , , , , , , , , , , , , , , , , , , , , , , , ,Mikala,Christensen
Friends of Rutland Heights Hospital Scholarship 2023,Submitted; Complete; Complete,Denied, , , , , , , , , , , , , , , , , , , , , , , , , , , , , , , ,Qaasim,Cochran
Friends of Rutland Heights Hospital Scholarship 2023,Submitted; Complete; Complete,Denied, , , , , , , , , , , , , , , , , , , , , , , , , , , , , , , ,Humaidaan,el-Khalaf
Friends of Rutland Heights Hospital Scholarship 2023,Submitted; Complete; Complete,Denied, , , , , , , , , , , , , , , , , , , , , , , , , , , , , , , ,Alizah,Griess
Friends of Rutland Heights Hospital Scholarship 2023,Submitted; Complete; Complete,Denied, , , , , , , , , , , , , , , , , , , , , , , , , , , , , , , ,Khongmong,Flowers
Friends of Rutland Heights Hospital Scholarship 2023,Submitted; Complete; Complete; Complete; Complete; Complete; Complete; Complete; Complete; Complete; Complete; Complete,Denied, , , , , , , , , , , , , , , , , , , , , , , , , , , ,Other; Other,Northwestern University; Northwestern University, , ,Tamanna,Larez
Friends of Rutland Heights Hospital Scholarship 2023,Submitted; Complete; Complete,Denied, , , , , , , , , , , , , , , , , , , , , , , , , , , , , , , ,Kianna,Gamez
Friends of Rutland Heights Hospital Scholarship 2023,Submitted; Complete; Complete,Denied, , , , , , , , , , , , , , , , , , , , , , , , , , , , , , , ,Chiana,Lowe
Friends of Rutland Heights Hospital Scholarship 2023,Submitted; Complete; Complete,Denied, , , , , , , , , , , , , , , , , , , , , , , , , , , , , , , ,Jaelyn,Carlson
Friends of Rutland Heights Hospital Scholarship 2023,Submitted; Complete; Complete; Complete,Denied, , , , , , , , , , , , , , , , , , , , , , , , , , , , , , , ,Isiah,Day
Friends of Rutland Heights Hospital Scholarship 2023,Submitted; Complete; Complete,Denied, , , , , , , , , , , , , , , , , , , , , , , , , , , , , , , ,Hamdoona,Hyden-Terry
Friends of Rutland Heights Hospital Scholarship 2023,Submitted; Complete; Complete,Denied, , , , , , , , , , , , , , , , , , , , , , , , , , , , , , , ,Shawnia,Loftis
Friends of Rutland Heights Hospital Scholarship 2023,Submitted; Complete; Complete,Denied, , , , , , , , , , , , , , , , , , , , , , , , , , , , , , , ,Tevin,al-Hariri
Friends of Rutland Heights Hospital Scholarship 2023,Submitted; Complete; Complete; Complete; Complete; Complete; Complete; Complete,Denied, , , , , , , , , , , , , , , , , , , , , , , , , , , ,Endicott College; Endicott College, , , ,Michalyn,Nunn
Friends of Rutland Heights Hospital Scholarship 2023,Submitted; Complete; Complete,Denied, , , , , , , , , , , , , , , , , , , , , , , , , , , , , , , ,Julien,Chavez Salvador
Friends of Rutland Heights Hospital Scholarship 2023,Submitted; Complete; Complete,Denied, , , , , , , , , , , , , , , , , , , , , , , , , , , , , , , ,Insaaf,Neithercut
Friends of Rutland Heights Hospital Scholarship 2023,Submitted; Complete; Complete,Denied, , , , , , , , , , , , , , , , , , , , , , , , , , , , , , , ,Munisa,Montoya
Friends of Rutland Heights Hospital Scholarship 2023,Submitted; Complete; Complete; Complete; Complete; Complete; Complete; Complete,Denied, , , , , , , , , , , , , , , , , , , , , , , , , , , ,Boston University; Boston University, , , ,Magdalena,Gaskins
Friends of Rutland Heights Hospital Scholarship 2023,Submitted; Complete; Complete,Denied, , , , , , , , , , , , , , , , , , , , , , , , , , , , , , , ,Malynda,Dykstra
Greg's Grant Fund Scholarship 2023,Complete; Complete; Complete; Complete; Complete; Complete,Follow Up(s) Assigned,4000, , , , , , , , , , , , , , , , , , , , , , , , , , ,Stonehill College, , , ,Dayton,Hadnott
Grynsel Educational Scholarship 2023,Submitted; Complete; Complete; Complete; Complete; Complete,Closed,650, , , , , , , , , , , , , , , , , , , , , , , , , , , , , , ,Picabo,Tejada
Grynsel Educational Scholarship 2023,Submitted; Complete; Complete; Complete; Complete,Denied, , , , , , , , , , , , , , , , , , , , , , , , , , , , , , , ,Cheyanne,Stirgus
Grynsel Educational Scholarship 2023,Submitted; Complete; Complete; Complete; Complete,Denied, , , , , , , , , , , , , , , , , , , , , , , , , , , , , , , ,Khongmong,Vandergriff
Grynsel Educational Scholarship 2023,Submitted; Complete; Complete; Complete; Complete,Denied, , , , , , , , , , , , , , , , , , , , , , , , , , , , , , , ,Qaasim,Medina-Chavez
Grynsel Educational Scholarship 2023,Submitted; Complete; Complete; Complete; Complete,Denied, , , , , , , , , , , , , , , , , , , , , , , , , , , , , , , ,Jonet,Pablo
Grynsel Educational Scholarship 2023,Submitted; Complete; Complete; Complete; Complete,Denied, , , , , , , , , , , , , , , , , , , , , , , , , , , , , , , ,Theodora,Newman
GWCF College Scholarship 2023,Submitted; Complete; Complete; Complete,Denied, , , , , , , , , , , , , , , , , , , , , , , , , , , , , , , ,Zahra,Parham
GWCF College Scholarship 2023,Submitted; Complete; Complete; Complete,Denied, , , , , , , , , , , , , , , , , , , , , , , , , , , , , , , ,Angel,Luttrell
GWCF College Scholarship 2023,Submitted; Submitted; Complete,Denied, , , , , , , , , , , , , , , , , , , , , , , , , , , , , , , ,Kabowd,Gjurekovec
GWCF College Scholarship 2023,Submitted; Complete; Complete,Denied, , , , , , , , , , , , , , , , , , , , , , , , , , , , , , , ,Gabriella,Ghiya
GWCF College Scholarship 2023,Submitted; Complete; Complete,Denied, , , , , , , , , , , , , , , , , , , , , , , , , , , , , , , ,Heroki,Armstrong
GWCF College Scholarship 2023,Submitted; Submitted; Complete,Denied, , , , , , , , , , , , , , , , , , , , , , , , , , , , , , , ,Shawnia,Briceno
GWCF College Scholarship 2023,Submitted; Complete; Complete; Complete,Denied, , , , , , , , , , , , , , , , , , , , , , , , , , , , , , , ,Avianha,Behrens
GWCF College Scholarship 2023,Submitted; Complete; Complete,Denied, , , , , , , , , , , , , , , , , , , , , , , , , , , , , , , ,Taqi,Brandon
GWCF College Scholarship 2023,Submitted; Complete; Complete; Complete,Denied, , , , , , , , , , , , , , , , , , , , , , , , , , , , , , , ,Souphakone,Thorne
GWCF College Scholarship 2023,Submitted; Complete; Complete,Denied, , , , , , , , , , , , , , , , , , , , , , , , , , , , , , , ,Clint,Reyes-Martinez
GWCF College Scholarship 2023,Submitted; Complete; Complete; Complete,Denied, , , , , , , , , , , , , , , , , , , , , , , , , , , , , , , ,Najimah,Brandon
GWCF College Scholarship 2023,Submitted; Complete; Complete,Denied, , , , , , , , , , , , , , , , , , , , , , , , , , , , , , , ,Jim,Rivas
GWCF College Scholarship 2023,Submitted; Complete; Complete; Complete,Denied, , , , , , , , , , , , , , , , , , , , , , , , , , , , , , , ,Muneefa,Ives
GWCF College Scholarship 2023,Submitted; Complete; Complete,Denied, , , , , , , , , , , , , , , , , , , , , , , , , , , , , , , ,Shayla,Stepter
GWCF College Scholarship 2023,Submitted; Complete; Complete; Complete,Denied, , , , , , , , , , , , , , , , , , , , , , , , , , , , , , , ,Rahma,Rumsey
GWCF College Scholarship 2023,Submitted; Complete; Complete; Complete; Complete; Assigned,Denied, , , , , , , , , , , , , , , , , , , , , , , , , , , ,Assumption University, , , ,Aliyya,Linear
GWCF College Scholarship 2023,Submitted; Complete; Complete,Denied, , , , , , , , , , , , , , , , , , , , , , , , , , , , , , , ,Angelo,Forfar-Jones
GWCF College Scholarship 2023,Submitted; Complete; Complete,Denied, , , , , , , , , , , , , , , , , , , , , , , , , , , , , , , ,Mazi Mathias,Watkins IV
GWCF College Scholarship 2023,Submitted; Complete; Complete,Denied, , , , , , , , , , , , , , , , , , , , , , , , , , , , , , , ,Natelle Rae,Hebda
GWCF College Scholarship 2023,Submitted; Complete; Complete,Denied, , , , , , , , , , , , , , , , , , , , , , , , , , , , , , , ,Marcos,Mason
GWCF College Scholarship 2023,Submitted; Complete; Complete,Denied, , , , , , , , , , , , , , , , , , , , , , , , , , , , , , , ,Samira,al-Salahuddin
GWCF College Scholarship 2023,Submitted; Complete; Complete; Complete,Denied, , , , , , , , , , , , , , , , , , , , , , , , , , , , , , , ,Whitney,Burnett
GWCF College Scholarship 2023,Submitted; Complete; Complete,Denied, , , , , , , , , , , , , , , , , , , , , , , , , , , , , , , ,Saamyya,Rumsey
GWCF College Scholarship 2023,Submitted; Complete; Complete; Complete,Denied, , , , , , , , , , , , , , , , , , , , , , , , , , , , , , , ,Jovon,al-Shehata
GWCF College Scholarship 2023,Submitted; Complete; Complete,Denied, , , , , , , , , , , , , , , , , , , , , , , , , , , , , , , ,Stephen,Wada
GWCF College Scholarship 2023,Submitted; Complete; Complete,Denied, , , , , , , , , , , , , , , , , , , , , , , , , , , , , , , ,Brice,Tisdale
GWCF College Scholarship 2023,Submitted; Complete; Complete,Denied, , , , , , , , , , , , , , , , , , , , , , , , , , , , , , , ,Cynthia,Bundrant
GWCF College Scholarship 2023,Submitted; Submitted; Complete,Denied, , , , , , , , , , , , , , , , , , , , , , , , , , , , , , , ,Sajiyya,Phillips
GWCF College Scholarship 2023,Submitted; Complete; Complete,Denied, , , , , , , , , , , , , , , , , , , , , , , , , , , , , , , ,Rute,Dean
GWCF College Scholarship 2023,Submitted; Complete; Complete; Complete,Denied, , , , , , , , , , , , , , , , , , , , , , , , , , , , , , , ,Kortnee,al-Hariri
GWCF College Scholarship 2023,Submitted; Complete; Complete,Denied, , , , , , , , , , , , , , , , , , , , , , , , , , , , , , , ,Cyra,el-Noor
GWCF College Scholarship 2023,Submitted; Complete; Complete,Denied, , , , , , , , , , , , , , , , , , , , , , , , , , , , , , , ,Mariela,Dzowo
GWCF College Scholarship 2023,Submitted; Complete; Complete,Denied, , , , , , , , , , , , , , , , , , , , , , , , , , , , , , , ,Fikir,Mann
GWCF College Scholarship 2023,Submitted; Complete; Complete,Denied, , , , , , , , , , , , , , , , , , , , , , , , , , , , , , , ,Allegra,Strobel
GWCF College Scholarship 2023,Submitted; Complete; Complete,Denied, , , , , , , , , , , , , , , , , , , , , , , , , , , , , , , ,Davis,Santiago
GWCF College Scholarship 2023,Submitted; Complete; Complete; Complete,Denied, , , , , , , , , , , , , , , , , , , , , , , , , , , , , , , ,Miranda,Atolani
GWCF College Scholarship 2023,Submitted; Complete; Complete,Denied, , , , , , , , , , , , , , , , , , , , , , , , , , , , , , , ,Aimee,Nicholson
GWCF College Scholarship 2023,Submitted; Complete; Complete,Denied, , , , , , , , , , , , , , , , , , , , , , , , , , , , , , , ,Rian,Aldret
GWCF College Scholarship 2023,Submitted; Complete; Complete,Denied, , , , , , , , , , , , , , , , , , , , , , , , , , , , , , , ,Heroki,Elfvin
GWCF College Scholarship 2023,Submitted; Complete; Complete,Denied, , , , , , , , , , , , , , , , , , , , , , , , , , , , , , , ,Trizton,Sath
GWCF College Scholarship 2023,Submitted; Complete; Complete,Denied, , , , , , , , , , , , , , , , , , , , , , , , , , , , , , , ,Jacina,Isobe
GWCF College Scholarship 2023,Submitted; Complete; Complete,Denied, , , , , , , , , , , , , , , , , , , , , , , , , , , , , , , ,Gabrielle,Wong
GWCF College Scholarship 2023,Submitted; Complete; Complete,Denied, , , , , , , , , , , , , , , , , , , , , , , , , , , , , , , ,Xai,Aldapa-Humes
GWCF College Scholarship 2023,Submitted; Complete; Complete,Denied, , , , , , , , , , , , , , , , , , , , , , , , , , , , , , , ,Gianny,Aker
GWCF College Scholarship 2023,Submitted; Complete; Complete,Denied, , , , , , , , , , , , , , , , , , , , , , , , , , , , , , , ,Dahab,Heaton
GWCF College Scholarship 2023,Submitted; Complete; Complete,Denied, , , , , , , , , , , , , , , , , , , , , , , , , , , , , , , ,Yizel,Bonilla
GWCF College Scholarship 2023,Submitted; Complete; Complete,Denied, , , , , , , , , , , , , , , , , , , , , , , , , , , , , , , ,Russell,Sun
GWCF College Scholarship 2023,Submitted; Submitted; Complete; Complete; Complete; Complete,Denied, , , , , , , , , , , , , , , , , , , , , , , , , , , , , , , ,Adail,Segura
GWCF College Scholarship 2023,Submitted; Submitted; Complete,Denied, , , , , , , , , , , , , , , , , , , , , , , , , , , , , , , ,Saamyya,Tellez Gutierrez
GWCF College Scholarship 2023,Submitted; Complete; Complete,Denied, , , , , , , , , , , , , , , , , , , , , , , , , , , , , , , ,Lorissa,Verburg
GWCF College Scholarship 2023,Submitted; Complete; Complete,Denied, , , , , , , , , , , , , , , , , , , , , , , , , , , , , , , ,Munisa,Olson
GWCF College Scholarship 2023,Submitted; Complete; Complete,Denied, , , , , , , , , , , , , , , , , , , , , , , , , , , , , , , ,K'Sandra,Brunson
GWCF College Scholarship 2023,Submitted; Complete; Complete,Denied, , , , , , , , , , , , , , , , , , , , , , , , , , , , , , , ,Arghavan,Parrilla
GWCF College Scholarship 2023,Submitted; Complete; Complete,Denied, , , , , , , , , , , , , , , , , , , , , , , , , , , , , , , ,Catarina,Diggles
GWCF College Scholarship 2023,Submitted; Complete; Complete,Denied, , , , , , , , , , , , , , , , , , , , , , , , , , , , , , , ,Naazil,Centeno
GWCF College Scholarship 2023,Submitted; Complete; Complete; Complete; Complete,Denied, , , , , , , , , , , , , , , , , , , , , , , , , , , , , , , ,Jared,Gordon
GWCF College Scholarship 2023,Submitted; Complete; Complete,Denied, , , , , , , , , , , , , , , , , , , , , , , , , , , , , , , ,Mubeena,Anders
GWCF College Scholarship 2023,Submitted; Submitted; Complete,Denied, , , , , , , , , , , , , , , , , , , , , , , , , , , , , , , ,Emilio,al-Hamady
GWCF College Scholarship 2023,Submitted; Complete; Complete,Denied, , , , , , , , , , , , , , , , , , , , , , , , , , , , , , , ,Heroki,Wong
GWCF College Scholarship 2023,Submitted; Complete; Complete; Complete,Denied, , , , , , , , , , , , , , , , , , , , , , , , , , , , , , , ,Shadi,Natonabah
GWCF College Scholarship 2023,Submitted; Complete; Complete,Denied, , , , , , , , , , , , , , , , , , , , , , , , , , , , , , , ,Shetarrah,Kuck
GWCF College Scholarship 2023,Submitted; Complete; Complete,Denied, , , , , , , , , , , , , , , , , , , , , , , , , , , , , , , ,Toby,Tidwell
GWCF College Scholarship 2023,Submitted; Complete; Complete,Denied, , , , , , , , , , , , , , , , , , , , , , , , , , , , , , , ,Martinealyse,Brandon
GWCF College Scholarship 2023,Submitted; Complete; Complete,Denied, , , , , , , , , , , , , , , , , , , , , , , , , , , , , , , ,Shnika,Muralidharan
GWCF College Scholarship 2023,Submitted; Complete; Complete; Complete,Denied, , , , , , , , , , , , , , , , , , , , , , , , , , , , , , , ,Abdul Haleem,al-Huda
GWCF College Scholarship 2023,Submitted; Complete; Complete,Denied, , , , , , , , , , , , , , , , , , , , , , , , , , , , , , , ,Soryn,Palacios
GWCF College Scholarship 2023,Submitted; Complete; Complete,Denied, , , , , , , , , , , , , , , , , , , , , , , , , , , , , , , ,Marion,Nedd
GWCF College Scholarship 2023,Submitted; Complete; Complete; Complete; Complete; Complete; Complete; Assigned,Denied, , , , , , , , , , , , , , , , , , , , , , , , , , , ,Quinsigamond Community College: Business Office, , , ,Richard,Barnabas
GWCF College Scholarship 2023,Submitted; Complete; Complete,Denied, , , , , , , , , , , , , , , , , , , , , , , , , , , , , , , ,Alex,Rumsey
GWCF College Scholarship 2023,Submitted; Complete; Complete,Denied, , , , , , , , , , , , , , , , , , , , , , , , , , , , , , , ,Trent,al-Abdelrahman
GWCF College Scholarship 2023,Submitted; Complete; Complete,Denied, , , , , , , , , , , , , , , , , , , , , , , , , , , , , , , ,Tione,Deboer
GWCF College Scholarship 2023,Submitted; Complete; Complete; Complete; Complete; Complete; Complete; Complete,Denied, , , , , , , , , , , , , , , , , , , , , , , , , , , ,Assumption University; Assumption University, , , ,Taeler,Ginsberg
GWCF College Scholarship 2023,Submitted; Complete; Complete; Complete,Denied, , , , , , , , , , , , , , , , , , , , , , , , , , , , , , , ,Fareeda,Becker
GWCF College Scholarship 2023,Submitted; Complete; Complete,Denied, , , , , , , , , , , , , , , , , , , , , , , , , , , , , , , ,Nabeel,Kaeck
GWCF College Scholarship 2023,Submitted; Complete; Complete,Denied, , , , , , , , , , , , , , , , , , , , , , , , , , , , , , , ,Anh,Candelario
GWCF College Scholarship 2023,Submitted; Complete; Complete,Denied, , , , , , , , , , , , , , , , , , , , , , , , , , , , , , , ,Izaak,Gellatly
GWCF College Scholarship 2023,Submitted; Complete; Complete,Denied, , , , , , , , , , , , , , , , , , , , , , , , , , , , , , , ,Sayfa,Fabrizio
GWCF College Scholarship 2023,Submitted; Complete; Complete; Complete; Complete; Complete; Complete; Complete,Denied, , , , , , , , , , , , , , , , , , , , , , , , , , , ,Boston College; Boston College, , , ,Saamyya,Brizuela
GWCF College Scholarship 2023,Submitted; Complete; Complete,Denied, , , , , , , , , , , , , , , , , , , , , , , , , , , , , , , ,Jayree,Barrios
GWCF College Scholarship 2023,Submitted; Complete; Complete,Denied, , , , , , , , , , , , , , , , , , , , , , , , , , , , , , , ,Roger,al-Hameed
GWCF College Scholarship 2023,Submitted; Complete; Complete,Denied, , , , , , , , , , , , , , , , , , , , , , , , , , , , , , , ,Kurt,Senthil Nathan
GWCF College Scholarship 2023,Submitted; Complete; Complete,Denied, , , , , , , , , , , , , , , , , , , , , , , , , , , , , , , ,Keren,Levin
GWCF College Scholarship 2023,Submitted; Submitted; Complete; Complete,Denied, , , , , , , , , , , , , , , , , , , , , , , , , , , , , , , ,Ana Maria,Molina-Gutierrez
GWCF College Scholarship 2023,Submitted; Complete; Complete,Denied, , , , , , , , , , , , , , , , , , , , , , , , , , , , , , , ,Emilio,Meli
GWCF College Scholarship 2023,Submitted; Complete; Complete,Denied, , , , , , , , , , , , , , , , , , , , , , , , , , , , , , , ,Shakoora,Hamer
GWCF College Scholarship 2023,Submitted; Complete; Complete,Denied, , , , , , , , , , , , , , , , , , , , , , , , , , , , , , , ,Ignacio,el-Baten
GWCF College Scholarship 2023,Submitted; Complete; Complete,Denied, , , , , , , , , , , , , , , , , , , , , , , , , , , , , , , ,Bibek,el-Tamer
GWCF College Scholarship 2023,Submitted; Complete; Complete,Denied, , , , , , , , , , , , , , , , , , , , , , , , , , , , , , , ,Jyotshal,Amgalanbayar
GWCF College Scholarship 2023,Submitted; Complete; Complete,Denied, , , , , , , , , , , , , , , , , , , , , , , , , , , , , , , ,Traivon,Petrie
GWCF College Scholarship 2023,Submitted; Complete; Complete,Denied, , , , , , , , , , , , , , , , , , , , , , , , , , , , , , , ,Emmanuel,Montgomery
GWCF College Scholarship 2023,Submitted; Complete; Complete,Denied, , , , , , , , , , , , , , , , , , , , , , , , , , , , , , , ,Brandyn,Darity
GWCF College Scholarship 2023,Submitted; Submitted; Complete,Denied, , , , , , , , , , , , , , , , , , , , , , , , , , , , , , , ,Aimee,Mckiver
GWCF College Scholarship 2023,Submitted; Complete; Complete,Denied, , , , , , , , , , , , , , , , , , , , , , , , , , , , , , , ,Allicia,al-Rehmann
GWCF College Scholarship 2023,Submitted; Complete; Complete,Denied, , , , , , , , , , , , , , , , , , , , , , , , , , , , , , , ,Jim,Paiz
GWCF College Scholarship 2023,Submitted; Complete; Complete,Denied, , , , , , , , , , , , , , , , , , , , , , , , , , , , , , , ,Anasthasia,Vu
GWCF College Scholarship 2023,Submitted; Submitted; Complete,Denied, , , , , , , , , , , , , , , , , , , , , , , , , , , , , , , ,Zaamil,Carolina
GWCF College Scholarship 2023,Submitted; Complete; Complete; Complete; Complete; Complete; Complete; Complete,Denied, , , , , , , , , , , , , , , , , , , , , , , , , , , ,Endicott College; Endicott College, , , ,Erika,Briones-Pena
GWCF College Scholarship 2023,Submitted; Submitted; Complete,Denied, , , , , , , , , , , , , , , , , , , , , , , , , , , , , , , ,Cynthia,Talbert
GWCF College Scholarship 2023,Submitted; Complete; Complete,Denied, , , , , , , , , , , , , , , , , , , , , , , , , , , , , , , ,Ta,Donaldson
GWCF College Scholarship 2023,Submitted; Complete; Complete,Denied, , , , , , , , , , , , , , , , , , , , , , , , , , , , , , , ,Munisa,Bron
GWCF College Scholarship 2023,Submitted; Complete; Complete; Complete,Denied, , , , , , , , , , , , , , , , , , , , , , , , , , , , , , , ,Urwa,Tieu
GWCF College Scholarship 2023,Submitted; Complete; Complete,Denied, , , , , , , , , , , , , , , , , , , , , , , , , , , , , , , ,Adail,Abu-Khdeir
GWCF College Scholarship 2023,Submitted; Complete; Complete,Denied, , , , , , , , , , , , , , , , , , , , , , , , , , , , , , , ,Shelia,el-Salame
GWCF College Scholarship 2023,Submitted; Complete; Complete,Denied, , , , , , , , , , , , , , , , , , , , , , , , , , , , , , , ,Jordynn,Horta
GWCF College Scholarship 2023,Submitted; Complete; Complete,Denied, , , , , , , , , , , , , , , , , , , , , , , , , , , , , , , ,Mashal,Bardsley
GWCF College Scholarship 2023,Submitted; Complete; Complete,Denied, , , , , , , , , , , , , , , , , , , , , , , , , , , , , , , ,Muneefa,Pourier
GWCF College Scholarship 2023,Submitted; Submitted; Complete,Denied, , , , , , , , , , , , , , , , , , , , , , , , , , , , , , , ,Halley,Howard
GWCF College Scholarship 2023,Submitted; Complete; Complete; Complete,Denied, , , , , , , , , , , , , , , , , , , , , , , , , , , , , , , ,Janei,Jennings
GWCF College Scholarship 2023,Submitted; Complete; Complete,Denied, , , , , , , , , , , , , , , , , , , , , , , , , , , , , , , ,De'Vonta,Arenivar-Ruelas
GWCF College Scholarship 2023,Submitted; Complete; Complete,Denied, , , , , , , , , , , , , , , , , , , , , , , , , , , , , , , ,Karlos,el-Bey
GWCF College Scholarship 2023,Submitted; Complete; Complete,Denied, , , , , , , , , , , , , , , , , , , , , , , , , , , , , , , ,Nia'Imani,Ballesteros
GWCF College Scholarship 2023,Submitted; Complete; Complete,Denied, , , , , , , , , , , , , , , , , , , , , , , , , , , , , , , ,Armonno,Johnson III
GWCF College Scholarship 2023,Submitted; Complete; Complete; Complete,Denied, , , , , , , , , , , , , , , , , , , , , , , , , , , , , , , ,Manaara,Ayers
GWCF College Scholarship 2023,Submitted; Complete; Complete,Denied, , , , , , , , , , , , , , , , , , , , , , , , , , , , , , , ,Monique,Tor Agbidye
GWCF College Scholarship 2023,Submitted; Complete; Complete; Complete,Denied, , , , , , , , , , , , , , , , , , , , , , , , , , , , , , , ,Shivani,Bliss
GWCF College Scholarship 2023,Submitted; Complete; Complete,Denied, , , , , , , , , , , , , , , , , , , , , , , , , , , , , , , ,Jadira,Elizalde
GWCF College Scholarship 2023,Submitted; Complete; Complete,Denied, , , , , , , , , , , , , , , , , , , , , , , , , , , , , , , ,Radwa,al-Habeeb
GWCF College Scholarship 2023,Submitted; Complete; Complete; Complete; Complete; Complete; Complete; Complete,Denied, , , , , , , , , , , , , , , , , , , , , , , , , , , ,Worcester State University; Worcester State University, , , ,Rod,Shorty
GWCF College Scholarship 2023,Submitted; Complete; Complete,Denied, , , , , , , , , , , , , , , , , , , , , , , , , , , , , , , ,Rawda,Dominguez
GWCF College Scholarship 2023,Submitted; Complete; Complete,Denied, , , , , , , , , , , , , , , , , , , , , , , , , , , , , , , ,Norma,Ashton
GWCF College Scholarship 2023,Submitted; Complete; Complete; Complete; Complete; Complete; Complete,Denied, , , , , , , , , , , , , , , , , , , , , , , , , , , ,Worcester State University, , , ,Abhaya,el-Allee
GWCF College Scholarship 2023,Submitted; Complete; Complete,Denied, , , , , , , , , , , , , , , , , , , , , , , , , , , , , , , ,Nabeel,Diaz-Meyer
GWCF College Scholarship 2023,Submitted; Complete; Complete,Denied, , , , , , , , , , , , , , , , , , , , , , , , , , , , , , , ,Dahlia,al-Salek
GWCF College Scholarship 2023,Submitted; Complete; Complete; Complete,Denied, , , , , , , , , , , , , , , , , , , , , , , , , , , , , , , ,Abdul Noor,Quinonez
GWCF College Scholarship 2023,Submitted; Complete; Complete,Denied, , , , , , , , , , , , , , , , , , , , , , , , , , , , , , , ,Ireland,Otgontulga
GWCF College Scholarship 2023,Submitted; Complete; Complete; Complete,Denied, , , , , , , , , , , , , , , , , , , , , , , , , , , , , , , ,Lee,Bruno
GWCF College Scholarship 2023,Submitted; Complete; Complete; Complete,Denied, , , , , , , , , , , , , , , , , , , , , , , , , , , , , , , ,Kentorra,Bardsley
GWCF College Scholarship 2023,Submitted; Complete; Complete; Complete; Complete; Complete; Complete; Complete,Denied, , , , , , , , , , , , , , , , , , , , , , , , , , , ,Assumption University; Assumption University, , , ,Ignacio,Longwing
GWCF College Scholarship 2023,Submitted; Complete; Complete,Denied, , , , , , , , , , , , , , , , , , , , , , , , , , , , , , , ,Brice,Lipps
GWCF College Scholarship 2023,Submitted; Complete; Complete; Complete; Complete,Denied, , , , , , , , , , , , , , , , , , , , , , , , , , , ,Worcester State University, , , ,Latasha,al-Guler
GWCF College Scholarship 2023,Submitted; Complete; Complete; Complete,Denied, , , , , , , , , , , , , , , , , , , , , , , , , , , , , , , ,Kent,Clough
GWCF College Scholarship 2023,Submitted; Complete; Complete,Denied, , , , , , , , , , , , , , , , , , , , , , , , , , , , , , , ,Abdul Noor,Petrarca
GWCF College Scholarship 2023,Submitted; Complete; Complete,Denied, , , , , , , , , , , , , , , , , , , , , , , , , , , , , , , ,"Jam,Aan",al-Ameen
GWCF College Scholarship 2023,Submitted; Complete; Complete,Denied, , , , , , , , , , , , , , , , , , , , , , , , , , , , , , , ,Derrick,Angulo
GWCF College Scholarship 2023,Submitted; Complete; Complete,Denied, , , , , , , , , , , , , , , , , , , , , , , , , , , , , , , ,Tabeion,Minter
GWCF College Scholarship 2023,Submitted; Complete; Complete,Denied, , , , , , , , , , , , , , , , , , , , , , , , , , , , , , , ,Yeilin,Kawal
GWCF College Scholarship 2023,Submitted; Complete; Complete; Complete; Complete; Complete; Complete; Complete,Denied, , , , , , , , , , , , , , , , , , , , , , , , , , , ,Northeastern University; Northeastern University, , , ,Sajiyya,al-Wahab
GWCF College Scholarship 2023,Submitted; Complete; Complete,Denied, , , , , , , , , , , , , , , , , , , , , , , , , , , , , , , ,Alton,Sage
GWCF College Scholarship 2023,Submitted; Complete; Complete,Denied, , , , , , , , , , , , , , , , , , , , , , , , , , , , , , , ,Andres,Vigil Salgado
GWCF College Scholarship 2023,Submitted; Complete; Complete,Denied, , , , , , , , , , , , , , , , , , , , , , , , , , , , , , , ,Shaakira,Trembly
GWCF College Scholarship 2023,Submitted; Complete; Complete; Complete; Complete,Denied, , , , , , , , , , , , , , , , , , , , , , , , , , , , , , , ,Shaquasia,Taylor
GWCF College Scholarship 2023,Submitted; Complete; Complete,Denied, , , , , , , , , , , , , , , , , , , , , , , , , , , , , , , ,Jaquelin,Gamet
GWCF College Scholarship 2023,Submitted; Complete; Complete,Denied, , , , , , , , , , , , , , , , , , , , , , , , , , , , , , , ,Daizha,al-Mahdi
GWCF College Scholarship 2023,Submitted; Complete; Complete; Complete,Denied, , , , , , , , , , , , , , , , , , , , , , , , , , , , , , , ,Luke,Crane
GWCF College Scholarship 2023,Submitted; Complete; Complete; Complete,Denied, , , , , , , , , , , , , , , , , , , , , , , , , , , , , , , ,Russell,Koras
GWCF College Scholarship 2023,Submitted; Complete; Complete,Denied, , , , , , , , , , , , , , , , , , , , , , , , , , , , , , , ,Kabeer,al-Abdulla
GWCF College Scholarship 2023,Submitted; Complete; Complete,Denied, , , , , , , , , , , , , , , , , , , , , , , , , , , , , , , ,Taijeona,al-Guler
GWCF College Scholarship 2023,Submitted; Complete; Complete,Denied, , , , , , , , , , , , , , , , , , , , , , , , , , , , , , , ,Leisha,el-Salama
GWCF College Scholarship 2023,Submitted; Complete; Complete,Denied, , , , , , , , , , , , , , , , , , , , , , , , , , , , , , , ,Tony,Yoo
GWCF College Scholarship 2023,Submitted; Complete; Complete,Denied, , , , , , , , , , , , , , , , , , , , , , , , , , , , , , , ,Bobbi,Hathaway
GWCF College Scholarship 2023,Submitted; Complete; Complete,Denied, , , , , , , , , , , , , , , , , , , , , , , , , , , , , , , ,Tediana,al-Fadel
GWCF College Scholarship 2023,Submitted; Complete; Complete,Denied, , , , , , , , , , , , , , , , , , , , , , , , , , , , , , , ,Nabeel,Renz
GWCF College Scholarship 2023,Submitted; Complete; Complete,Denied, , , , , , , , , , , , , , , , , , , , , , , , , , , , , , , ,Gabrielle,Newby
GWCF College Scholarship 2023,Submitted; Complete; Complete; Complete,Denied, , , , , , , , , , , , , , , , , , , , , , , , , , , , , , , ,Wyleen,Macasinag
GWCF College Scholarship 2023,Submitted; Complete; Complete,Denied, , , , , , , , , , , , , , , , , , , , , , , , , , , , , , , ,Blain,Mahre
GWCF College Scholarship 2023,Submitted; Complete; Complete; Complete,Denied, , , , , , , , , , , , , , , , , , , , , , , , , , , , , , , ,K'Sandra,Guenther
GWCF College Scholarship 2023,Submitted; Complete; Complete; Complete,Denied, , , , , , , , , , , , , , , , , , , , , , , , , , , , , , , ,Norma,Hensinger II
GWCF College Scholarship 2023,Submitted; Complete; Complete,Denied, , , , , , , , , , , , , , , , , , , , , , , , , , , , , , , ,Abdur Razzaaq,Durlin
GWCF College Scholarship 2023,Submitted; Complete; Complete,Denied, , , , , , , , , , , , , , , , , , , , , , , , , , , , , , , ,Munisa,Meli
GWCF College Scholarship 2023,Submitted; Complete; Complete,Denied, , , , , , , , , , , , , , , , , , , , , , , , , , , , , , , ,Trina,Boogert
GWCF College Scholarship 2023,Submitted; Complete; Complete,Denied, , , , , , , , , , , , , , , , , , , , , , , , , , , , , , , ,Cheyanne,Stirgus
GWCF College Scholarship 2023,Submitted; Complete; Complete; Complete,Denied, , , , , , , , , , , , , , , , , , , , , , , , , , , , , , , ,Amoni,Tambunan
GWCF College Scholarship 2023,Submitted; Complete; Complete,Denied, , , , , , , , , , , , , , , , , , , , , , , , , , , , , , , ,Rian,Otgontulga
GWCF College Scholarship 2023,Submitted; Complete; Complete,Denied, , , , , , , , , , , , , , , , , , , , , , , , , , , , , , , ,Jyotshal,Hulbert
GWCF College Scholarship 2023,Submitted; Complete; Complete,Denied, , , , , , , , , , , , , , , , , , , , , , , , , , , , , , , ,Fareeda,al-Jamail
GWCF College Scholarship 2023,Submitted; Complete; Complete,Denied, , , , , , , , , , , , , , , , , , , , , , , , , , , , , , , ,Azhaar,Minor
GWCF College Scholarship 2023,Submitted; Complete; Complete; Complete; Complete; Complete; Complete; Complete,Denied, , , , , , , , , , , , , , , , , , , , , , , , , , , ,Suffolk University; Boston College, , , ,Armonno,Mcglothlen
GWCF College Scholarship 2023,Submitted; Submitted; Complete,Denied, , , , , , , , , , , , , , , , , , , , , , , , , , , , , , , ,Roger,Pavisook
GWCF College Scholarship 2023,Submitted; Complete; Complete,Denied, , , , , , , , , , , , , , , , , , , , , , , , , , , , , , , ,Juliana,el-Mannan
GWCF College Scholarship 2023,Submitted; Complete; Complete,Denied, , , , , , , , , , , , , , , , , , , , , , , , , , , , , , , ,Mariela,Ellis
GWCF College Scholarship 2023,Submitted; Complete; Complete,Denied, , , , , , , , , , , , , , , , , , , , , , , , , , , , , , , ,Catarina,al-Lodi
GWCF College Scholarship 2023,Submitted; Complete; Complete,Denied, , , , , , , , , , , , , , , , , , , , , , , , , , , , , , , ,Breana,Buffone
GWCF College Scholarship 2023,Submitted; Complete; Complete,Denied, , , , , , , , , , , , , , , , , , , , , , , , , , , , , , , ,Celine,Wambach
GWCF College Scholarship 2023,Submitted; Complete; Complete,Denied, , , , , , , , , , , , , , , , , , , , , , , , , , , , , , , ,Awf,Fejeran
GWCF College Scholarship 2023,Submitted; Complete; Complete,Denied, , , , , , , , , , , , , , , , , , , , , , , , , , , , , , , ,Waleed,Echohawk
GWCF College Scholarship 2023,Submitted; Complete; Complete; Complete,Denied, , , , , , , , , , , , , , , , , , , , , , , , , , , , , , , ,Orlando,Ordaz
GWCF College Scholarship 2023,Submitted; Complete; Complete; Complete; Complete; Complete; Complete; Complete,Denied, , , , , , , , , , , , , , , , , , , , , , , , , , , ,Other; Wentworth Institute of Technology,Wentworth Institute of Technology, , ,Andres,French Thomason
GWCF College Scholarship 2023,Submitted; Complete; Complete,Denied, , , , , , , , , , , , , , , , , , , , , , , , , , , , , , , ,Ohitike,Burke
GWCF College Scholarship 2023,Submitted; Complete; Complete; Complete,Denied, , , , , , , , , , , , , , , , , , , , , , , , , , , , , , , ,Yadira,Slusarchyk
GWCF College Scholarship 2023,Submitted; Complete; Complete,Denied, , , , , , , , , , , , , , , , , , , , , , , , , , , , , , , ,Rian,Legarreta
GWCF College Scholarship 2023,Submitted; Complete; Complete,Denied, , , , , , , , , , , , , , , , , , , , , , , , , , , , , , , ,Xai,Womack
GWCF College Scholarship 2023,Submitted; Complete; Complete,Denied, , , , , , , , , , , , , , , , , , , , , , , , , , , , , , , ,My,Burke
GWCF College Scholarship 2023,Submitted; Complete; Complete,Denied, , , , , , , , , , , , , , , , , , , , , , , , , , , , , , , ,Douglas,Zenger
GWCF College Scholarship 2023,Submitted; Complete; Complete,Denied, , , , , , , , , , , , , , , , , , , , , , , , , , , , , , , ,Qaasim,Van Lue
GWCF College Scholarship 2023,Submitted; Complete; Complete; Complete,Denied, , , , , , , , , , , , , , , , , , , , , , , , , , , , , , , ,Emilio,Flint
GWCF College Scholarship 2023,Submitted; Complete; Complete; Complete,Denied, , , , , , , , , , , , , , , , , , , , , , , , , , , , , , , ,Picabo,Tejada
GWCF College Scholarship 2023,Submitted; Complete; Complete; Complete,Denied, , , , , , , , , , , , , , , , , , , , , , , , , , , , , , , ,Sheena,al-Pashia
GWCF College Scholarship 2023,Submitted; Complete; Complete,Denied, , , , , , , , , , , , , , , , , , , , , , , , , , , , , , , ,Ireland,No
GWCF College Scholarship 2023,Submitted; Complete; Complete,Denied, , , , , , , , , , , , , , , , , , , , , , , , , , , , , , , ,Vanya,al-Burki
GWCF College Scholarship 2023,Submitted; Complete; Complete,Denied, , , , , , , , , , , , , , , , , , , , , , , , , , , , , , , ,Armonno,Abebe
GWCF College Scholarship 2023,Submitted; Complete; Complete; Complete; Complete; Complete,Denied, , , , , , , , , , , , , , , , , , , , , , , , , , , ,Worcester State University; Worcester State University, , , ,Shasta,al-Zaman
GWCF College Scholarship 2023,Submitted; Complete; Complete; Complete,Denied, , , , , , , , , , , , , , , , , , , , , , , , , , , , , , , ,Idrianna,Manlove
GWCF College Scholarship 2023,Submitted; Complete; Complete,Denied, , , , , , , , , , , , , , , , , , , , , , , , , , , , , , , ,Mashal,Tagawa
GWCF College Scholarship 2023,Submitted; Complete; Complete; Complete,Denied, , , , , , , , , , , , , , , , , , , , , , , , , , , , , , , ,Samira,el-Sharif
GWCF College Scholarship 2023,Submitted; Complete; Complete,Denied, , , , , , , , , , , , , , , , , , , , , , , , , , , , , , , ,Muneefa,Galicia
GWCF College Scholarship 2023,Submitted; Submitted; Complete,Denied, , , , , , , , , , , , , , , , , , , , , , , , , , , , , , , ,Andres,Blalock
GWCF College Scholarship 2023,Submitted; Complete; Complete,Denied, , , , , , , , , , , , , , , , , , , , , , , , , , , , , , , ,Brenda,Aguilera
GWCF College Scholarship 2023,Submitted; Submitted; Complete,Denied, , , , , , , , , , , , , , , , , , , , , , , , , , , , , , , ,Jaasir,el-Hassen
GWCF College Scholarship 2023,Submitted; Complete; Complete,Denied, , , , , , , , , , , , , , , , , , , , , , , , , , , , , , , ,Thomas,Ham
GWCF College Scholarship 2023,Submitted; Complete; Complete; Complete; Complete; Complete,Denied, , , , , , , , , , , , , , , , , , , , , , , , , , , ,Dean College; Dean College, , , ,Raheema,Snider
GWCF College Scholarship 2023,Submitted; Complete; Complete; Complete; Complete; Complete; Complete; Complete,Denied, , , , , , , , , , , , , , , , , , , , , , , , , , , ,Massachusetts College of Art and Design; Massachusetts College of Art and Design, , , ,Dayshawn,Griffie
GWCF College Scholarship 2023,Submitted; Complete; Complete,Denied, , , , , , , , , , , , , , , , , , , , , , , , , , , , , , , ,Dhaafir,el-Attar
GWCF College Scholarship 2023,Submitted; Complete; Complete,Denied, , , , , , , , , , , , , , , , , , , , , , , , , , , , , , , ,Shabeeba,Main
GWCF College Scholarship 2023,Submitted; Complete; Complete,Denied, , , , , , , , , , , , , , , , , , , , , , , , , , , , , , , ,Joleen,Bartrum
GWCF College Scholarship 2023,Submitted; Complete; Complete,Denied, , , , , , , , , , , , , , , , , , , , , , , , , , , , , , , ,Vanya,Ayala
GWCF College Scholarship 2023,Submitted; Complete; Complete,Denied, , , , , , , , , , , , , , , , , , , , , , , , , , , , , , , ,Jalaal,Gaston
GWCF College Scholarship 2023,Submitted; Complete; Complete; Complete; Complete; Complete; Complete; Complete,Denied, , , , , , , , , , , , , , , , , , , , , , , , , , , ,University of New England; University of New England, , , ,Karlos,el-Ramadan
GWCF College Scholarship 2023,Submitted; Complete; Complete,Denied, , , , , , , , , , , , , , , , , , , , , , , , , , , , , , , ,Atsila,Long
GWCF College Scholarship 2023,Submitted; Complete; Complete,Denied, , , , , , , , , , , , , , , , , , , , , , , , , , , , , , , ,Waseem,Valentine
GWCF College Scholarship 2023,Submitted; Complete; Complete,Denied, , , , , , , , , , , , , , , , , , , , , , , , , , , , , , , ,Abdul Wadood,Santiago
GWCF College Scholarship 2023,Submitted; Complete; Complete,Denied, , , , , , , , , , , , , , , , , , , , , , , , , , , , , , , ,Lateefa,al-Hafeez
GWCF College Scholarship 2023,Submitted; Complete; Complete,Denied, , , , , , , , , , , , , , , , , , , , , , , , , , , , , , , ,Davis,Arviso
GWCF College Scholarship 2023,Submitted; Complete; Complete; Complete,Denied, , , , , , , , , , , , , , , , , , , , , , , , , , , , , , , ,Taamira,el-Zakaria
GWCF College Scholarship 2023,Submitted; Complete; Complete,Denied, , , , , , , , , , , , , , , , , , , , , , , , , , , , , , , ,Andres,al-Baksh
GWCF College Scholarship 2023,Submitted; Complete; Complete,Denied, , , , , , , , , , , , , , , , , , , , , , , , , , , , , , , ,Brittney,Carrillo
GWCF College Scholarship 2023,Submitted; Complete; Complete; Complete,Denied, , , , , , , , , , , , , , , , , , , , , , , , , , , , , , , ,Ohitike,Charles
GWCF College Scholarship 2023,Submitted; Complete; Complete,Denied, , , , , , , , , , , , , , , , , , , , , , , , , , , , , , , ,Fawz,el-Jaber
GWCF College Scholarship 2023,Submitted; Complete; Complete; Complete; Complete,Denied, , , , , , , , , , , , , , , , , , , , , , , , , , , , , , , ,Chase,Brenner
GWCF College Scholarship 2023,Submitted; Complete; Complete; Complete,Denied, , , , , , , , , , , , , , , , , , , , , , , , , , , , , , , ,Brenna,Gosnell
GWCF College Scholarship 2023,Submitted; Complete; Complete; Complete,Denied, , , , , , , , , , , , , , , , , , , , , , , , , , , , , , , ,Leilani,Swimmer
GWCF College Scholarship 2023,Submitted; Complete; Complete,Denied, , , , , , , , , , , , , , , , , , , , , , , , , , , , , , , ,Izaak,Eisele
GWCF College Scholarship 2023,Submitted; Complete; Complete,Denied, , , , , , , , , , , , , , , , , , , , , , , , , , , , , , , ,Angel,Arambula
GWCF College Scholarship 2023,Submitted; Complete; Complete; Complete,Denied, , , , , , , , , , , , , , , , , , , , , , , , , , , , , , , ,Idrianna,Longwing
GWCF College Scholarship 2023,Submitted; Complete; Complete; Complete,Denied, , , , , , , , , , , , , , , , , , , , , , , , , , , , , , , ,Marcanthony,Good Wind
GWCF College Scholarship 2023,Submitted; Complete; Complete,Denied, , , , , , , , , , , , , , , , , , , , , , , , , , , , , , , ,Mirza,al-Matar
GWCF College Scholarship 2023,Submitted; Complete; Complete,Denied, , , , , , , , , , , , , , , , , , , , , , , , , , , , , , , ,Yadira,Stenzel
GWCF College Scholarship 2023,Submitted; Complete; Complete,Denied, , , , , , , , , , , , , , , , , , , , , , , , , , , , , , , ,Cyra,Valdez Arias
GWCF College Scholarship 2023,Submitted; Complete; Complete,Denied, , , , , , , , , , , , , , , , , , , , , , , , , , , , , , , ,Shabeeba,Arguello
GWCF College Scholarship 2023,Submitted; Complete; Complete,Denied, , , , , , , , , , , , , , , , , , , , , , , , , , , , , , , ,Leanna,Otgontulga
GWCF College Scholarship 2023,Submitted; Complete; Complete,Denied, , , , , , , , , , , , , , , , , , , , , , , , , , , , , , , ,Camrey,Banda
GWCF College Scholarship 2023,Submitted; Submitted; Complete,Denied, , , , , , , , , , , , , , , , , , , , , , , , , , , , , , , ,Alton,Gstalder
GWCF College Scholarship 2023,Submitted; Complete; Complete,Denied, , , , , , , , , , , , , , , , , , , , , , , , , , , , , , , ,Whitney,Oster
GWCF College Scholarship 2023,Submitted; Complete; Complete; Complete,Denied, , , , , , , , , , , , , , , , , , , , , , , , , , , , , , , ,Qaasim,Retana
GWCF College Scholarship 2023,Submitted; Complete; Complete,Denied, , , , , , , , , , , , , , , , , , , , , , , , , , , , , , , ,Khongmong,Majid
GWCF College Scholarship 2023,Submitted; Complete; Complete,Denied, , , , , , , , , , , , , , , , , , , , , , , , , , , , , , , ,Marvon,Hren
GWCF College Scholarship 2023,Submitted; Complete; Complete; Complete,Denied, , , , , , , , , , , , , , , , , , , , , , , , , , , , , , , ,Westley,al-Guler
GWCF College Scholarship 2023,Submitted; Complete; Complete,Denied, , , , , , , , , , , , , , , , , , , , , , , , , , , , , , , ,Taiseer,Casias
GWCF College Scholarship 2023,Submitted; Complete; Complete,Denied, , , , , , , , , , , , , , , , , , , , , , , , , , , , , , , ,Howe,Trinh
GWCF College Scholarship 2023,Submitted; Complete; Complete; Complete,Denied, , , , , , , , , , , , , , , , , , , , , , , , , , , , , , , ,Kameel,Kellum
GWCF College Scholarship 2023,Submitted; Complete; Complete,Denied, , , , , , , , , , , , , , , , , , , , , , , , , , , , , , , ,Katherine,Getchell
GWCF College Scholarship 2023,Submitted; Complete; Complete,Denied, , , , , , , , , , , , , , , , , , , , , , , , , , , , , , , ,Jaalen,Ashcroft-Bitsilly
GWCF College Scholarship 2023,Submitted; Complete; Complete,Denied, , , , , , , , , , , , , , , , , , , , , , , , , , , , , , , ,Jase,Howlingwolf
GWCF College Scholarship 2023,Submitted; Complete; Complete,Denied, , , , , , , , , , , , , , , , , , , , , , , , , , , , , , , ,Heroki,Berumen
GWCF College Scholarship 2023,Submitted; Complete; Complete,Denied, , , , , , , , , , , , , , , , , , , , , , , , , , , , , , , ,Brice,Stoops
GWCF College Scholarship 2023,Submitted; Complete; Complete; Complete; Complete; Complete; Complete,Denied, , , , , , , , , , , , , , , , , , , , , , , , , , , ,University of Connecticut; University of Connecticut, , , ,Simcha,Gezaw
GWCF College Scholarship 2023,Submitted; Complete; Complete,Denied, , , , , , , , , , , , , , , , , , , , , , , , , , , , , , , ,Neal,el-Abdi
GWCF College Scholarship 2023,Submitted; Complete; Complete,Denied, , , , , , , , , , , , , , , , , , , , , , , , , , , , , , , ,Daizha,Oh
GWCF College Scholarship 2023,Submitted; Complete; Complete,Denied, , , , , , , , , , , , , , , , , , , , , , , , , , , , , , , ,Mufeeda,Tagawa
GWCF College Scholarship 2023,Submitted; Complete; Complete,Denied, , , , , , , , , , , , , , , , , , , , , , , , , , , , , , , ,Isiah,Anders
GWCF College Scholarship 2023,Submitted; Complete; Complete; Complete,Denied, , , , , , , , , , , , , , , , , , , , , , , , , , , , , , , ,Najimah,Weaver
GWCF College Scholarship 2023,Submitted; Complete; Complete,Denied, , , , , , , , , , , , , , , , , , , , , , , , , , , , , , , ,Xai,Ray
GWCF College Scholarship 2023,Submitted; Complete; Complete,Denied, , , , , , , , , , , , , , , , , , , , , , , , , , , , , , , ,Humaira,Gantvoort
GWCF College Scholarship 2023,Submitted; Complete; Complete,Denied, , , , , , , , , , , , , , , , , , , , , , , , , , , , , , , ,Michal,Gould
GWCF College Scholarship 2023,Submitted; Complete; Complete,Denied, , , , , , , , , , , , , , , , , , , , , , , , , , , , , , , ,Katherine,Lund
GWCF College Scholarship 2023,Submitted; Complete; Complete,Denied, , , , , , , , , , , , , , , , , , , , , , , , , , , , , , , ,Kent,Isais-Pando
GWCF College Scholarship 2023,Submitted; Complete; Complete,Denied, , , , , , , , , , , , , , , , , , , , , , , , , , , , , , , ,Trina,Atkins
GWCF College Scholarship 2023,Submitted; Complete; Complete,Denied, , , , , , , , , , , , , , , , , , , , , , , , , , , , , , , ,Martin,Glasper
GWCF College Scholarship 2023,Submitted; Complete; Complete,Denied, , , , , , , , , , , , , , , , , , , , , , , , , , , , , , , ,Tasneem,Gantvoort
GWCF College Scholarship 2023,Submitted; Complete; Complete; Complete; Complete; Complete; Complete; Complete,Denied, , , , , , , , , , , , , , , , , , , , , , , , , , , ,Cummings School of Veterinary Medicine at Tufts University; Tufts University, , , ,Abhaya,Cordero
GWCF College Scholarship 2023,Submitted; Complete; Complete,Denied, , , , , , , , , , , , , , , , , , , , , , , , , , , , , , , ,Michiyo,Varela
GWCF College Scholarship 2023,Submitted; Complete; Complete,Denied, , , , , , , , , , , , , , , , , , , , , , , , , , , , , , , ,Nia'Imani,Peacock
GWCF College Scholarship 2023,Submitted; Complete; Complete,Denied, , , , , , , , , , , , , , , , , , , , , , , , , , , , , , , ,Monique,Duong
GWCF College Scholarship 2023,Submitted; Complete; Complete,Denied, , , , , , , , , , , , , , , , , , , , , , , , , , , , , , , ,Rosemary,Uhland
GWCF College Scholarship 2023,Submitted; Complete; Complete,Denied, , , , , , , , , , , , , , , , , , , , , , , , , , , , , , , ,Alton,Ervin
GWCF College Scholarship 2023,Submitted; Complete; Complete,Denied, , , , , , , , , , , , , , , , , , , , , , , , , , , , , , , ,Russell,Lombardi-Marsh
GWCF College Scholarship 2023,Submitted; Submitted; Complete,Denied, , , , , , , , , , , , , , , , , , , , , , , , , , , , , , , ,Pablo,el-Salim
GWCF College Scholarship 2023,Submitted; Complete; Complete; Complete; Complete; Complete; Complete; Complete,Denied, , , , , , , , , , , , , , , , , , , , , , , , , , , ,Stonehill College; Stonehill College, , , ,Yadira,Daly
GWCF College Scholarship 2023,Submitted; Complete; Complete,Denied, , , , , , , , , , , , , , , , , , , , , , , , , , , , , , , ,Waleed,Oliva
GWCF College Scholarship 2023,Submitted; Complete; Complete,Denied, , , , , , , , , , , , , , , , , , , , , , , , , , , , , , , ,Stephen,al-Halaby
GWCF College Scholarship 2023,Submitted; Complete; Complete; Complete; Complete,Denied, , , , , , , , , , , , , , , , , , , , , , , , , , , , , , , ,Alex,Hobley
GWCF College Scholarship 2023,Submitted; Complete; Complete,Denied, , , , , , , , , , , , , , , , , , , , , , , , , , , , , , , ,Soua,al-Yousif
GWCF College Scholarship 2023,Submitted; Complete; Complete,Denied, , , , , , , , , , , , , , , , , , , , , , , , , , , , , , , ,Taeler,Palmier
GWCF College Scholarship 2023,Submitted; Complete; Complete,Denied, , , , , , , , , , , , , , , , , , , , , , , , , , , , , , , ,Myneshia,Ruhl
GWCF College Scholarship 2023,Submitted; Complete; Complete,Denied, , , , , , , , , , , , , , , , , , , , , , , , , , , , , , , ,Mutasim,Dittloff
GWCF College Scholarship 2023,Submitted; Complete; Complete,Denied, , , , , , , , , , , , , , , , , , , , , , , , , , , , , , , ,Rayshaan,Tayon
GWCF College Scholarship 2023,Submitted; Complete; Complete,Denied, , , , , , , , , , , , , , , , , , , , , , , , , , , , , , , ,Margaret,Warnes
GWCF College Scholarship 2023,Submitted; Complete; Complete,Denied, , , , , , , , , , , , , , , , , , , , , , , , , , , , , , , ,Luke,Lewis
GWCF College Scholarship 2023,Submitted; Complete; Complete,Denied, , , , , , , , , , , , , , , , , , , , , , , , , , , , , , , ,Mirza,Jibowu
GWCF College Scholarship 2023,Submitted; Complete; Complete; Complete,Denied, , , , , , , , , , , , , , , , , , , , , , , , , , , , , , , ,Nina,Sprangers
GWCF College Scholarship 2023,Submitted; Complete; Complete; Complete; Complete; Complete; Complete; Complete; Complete,Denied, , , , , , , , , , , , , , , , , , , , , , , , , , , ,Other; Wentworth Institute of Technology,Wentworth Institute of Technology, , ,Shakoora,Lockhart
GWCF College Scholarship 2023,Submitted; Complete; Complete,Denied, , , , , , , , , , , , , , , , , , , , , , , , , , , , , , , ,Nyandi,al-Jamil
GWCF College Scholarship 2023,Submitted; Complete; Complete,Denied, , , , , , , , , , , , , , , , , , , , , , , , , , , , , , , ,Marqueze,el-Wali
GWCF College Scholarship 2023,Submitted; Complete; Complete,Denied, , , , , , , , , , , , , , , , , , , , , , , , , , , , , , , ,K'Lyn,al-Ibrahim
GWCF College Scholarship 2023,Submitted; Complete; Complete; Complete; Complete; Complete; Complete; Complete,Denied, , , , , , , , , , , , , , , , , , , , , , , , , , , ,Gordon College; Gordon College, , , ,Jayelin,Rad
GWCF College Scholarship 2023,Submitted; Complete; Complete,Denied, , , , , , , , , , , , , , , , , , , , , , , , , , , , , , , ,De'Vonta,Mcstraw
GWCF College Scholarship 2023,Submitted; Complete; Complete; Complete,Denied, , , , , , , , , , , , , , , , , , , , , , , , , , , , , , , ,Sushmita,Fognani
GWCF College Scholarship 2023,Submitted; Complete; Complete,Denied, , , , , , , , , , , , , , , , , , , , , , , , , , , , , , , ,Humaira,Baumann
GWCF College Scholarship 2023,Submitted; Complete; Complete,Denied, , , , , , , , , , , , , , , , , , , , , , , , , , , , , , , ,Musheera,al-Jamil
GWCF College Scholarship 2023,Submitted; Complete; Complete; Complete,Denied, , , , , , , , , , , , , , , , , , , , , , , , , , , , , , , ,Cynthia,Barnabas
GWCF College Scholarship 2023,Submitted; Complete; Complete; Complete; Complete; Complete; Complete; Complete,Denied, , , , , , , , , , , , , , , , , , , , , , , , , , , ,University of Massachusetts at Amherst; University of Massachusetts at Amherst, , , ,Nevin,Shain
GWCF College Scholarship 2023,Submitted; Complete; Complete,Denied, , , , , , , , , , , , , , , , , , , , , , , , , , , , , , , ,Cheyane,Alonzo
GWCF College Scholarship 2023,Submitted; Complete; Complete; Complete; Complete; Complete; Complete; Complete,Denied, , , , , , , , , , , , , , , , , , , , , , , , , , , ,University of Massachusetts at Amherst; University of Massachusetts at Amherst, , , ,Fernando,al-Bashara
GWCF College Scholarship 2023,Submitted; Complete; Complete,Denied, , , , , , , , , , , , , , , , , , , , , , , , , , , , , , , ,Tian,Wigdahl
GWCF College Scholarship 2023,Submitted; Complete; Complete,Denied, , , , , , , , , , , , , , , , , , , , , , , , , , , , , , , ,Calandra,al-Habib
GWCF College Scholarship 2023,Submitted; Complete; Complete,Denied, , , , , , , , , , , , , , , , , , , , , , , , , , , , , , , ,Najeem,Field
GWCF College Scholarship 2023,Submitted; Complete; Complete,Denied, , , , , , , , , , , , , , , , , , , , , , , , , , , , , , , ,Kelsie,el-Nasser
GWCF College Scholarship 2023,Submitted; Complete; Complete,Denied, , , , , , , , , , , , , , , , , , , , , , , , , , , , , , , ,Sierra,Puckett
GWCF College Scholarship 2023,Submitted; Complete; Complete,Denied, , , , , , , , , , , , , , , , , , , , , , , , , , , , , , , ,Rahma,Chavez Jr
GWCF College Scholarship 2023,Submitted; Complete; Complete; Complete; Complete; Complete; Complete; Complete,Denied, , , , , , , , , , , , , , , , , , , , , , , , , , , ,Western New England University; Western New England University, , , ,Kaarim,Miller
GWCF College Scholarship 2023,Submitted; Complete; Complete,Denied, , , , , , , , , , , , , , , , , , , , , , , , , , , , , , , ,Long,el-Amir
GWCF College Scholarship 2023,Submitted; Submitted; Complete,Denied, , , , , , , , , , , , , , , , , , , , , , , , , , , , , , , ,Stephany,Channel
GWCF College Scholarship 2023,Submitted; Complete; Complete,Denied, , , , , , , , , , , , , , , , , , , , , , , , , , , , , , , ,Shanya,Mathukumilli
GWCF College Scholarship 2023,Submitted; Complete; Complete; Complete,Denied, , , , , , , , , , , , , , , , , , , , , , , , , , , , , , , ,Allicia,Mckee
GWCF College Scholarship 2023,Submitted; Complete; Complete,Denied, , , , , , , , , , , , , , , , , , , , , , , , , , , , , , , ,Indy,Grandberry
GWCF College Scholarship 2023,Submitted; Complete; Complete,Denied, , , , , , , , , , , , , , , , , , , , , , , , , , , , , , , ,Westley,Barros
GWCF College Scholarship 2023,Submitted; Complete; Complete,Denied, , , , , , , , , , , , , , , , , , , , , , , , , , , , , , , ,Starla,Harada
GWCF College Scholarship 2023,Submitted; Complete; Complete,Denied, , , , , , , , , , , , , , , , , , , , , , , , , , , , , , , ,Shabeeba,Caldwell
GWCF College Scholarship 2023,Submitted; Complete; Complete,Denied, , , , , , , , , , , , , , , , , , , , , , , , , , , , , , , ,Ihaab,Slowman
GWCF College Scholarship 2023,Submitted; Complete; Complete; Complete; Complete; Complete; Complete; Complete,Denied, , , , , , , , , , , , , , , , , , , , , , , , , , , ,University of Massachusetts at Amherst; University of Massachusetts at Amherst, , , ,Adham,Vinegar
GWCF College Scholarship 2023,Submitted; Complete; Complete,Denied, , , , , , , , , , , , , , , , , , , , , , , , , , , , , , , ,Chrystina,Gorman
GWCF College Scholarship 2023,Submitted; Complete; Complete,Denied, , , , , , , , , , , , , , , , , , , , , , , , , , , , , , , ,Kent,Granados Garcia
GWCF College Scholarship 2023,Submitted; Complete; Complete; Complete,Denied, , , , , , , , , , , , , , , , , , , , , , , , , , , , , , , ,Aqeela,Ritman
GWCF College Scholarship 2023,Submitted; Complete; Complete,Denied, , , , , , , , , , , , , , , , , , , , , , , , , , , , , , , ,Karlos,Foster
GWCF College Scholarship 2023,Submitted; Complete; Complete,Denied, , , , , , , , , , , , , , , , , , , , , , , , , , , , , , , ,Linda,Edd
GWCF College Scholarship 2023,Submitted; Complete; Complete,Denied, , , , , , , , , , , , , , , , , , , , , , , , , , , , , , , ,Musheera,Donez
GWCF College Scholarship 2023,Submitted; Complete; Complete,Denied, , , , , , , , , , , , , , , , , , , , , , , , , , , , , , , ,Theodora,Wells
GWCF College Scholarship 2023,Submitted; Complete; Complete; Complete,Denied, , , , , , , , , , , , , , , , , , , , , , , , , , , , , , , ,Azhaar,Sparks
GWCF College Scholarship 2023,Submitted; Complete; Complete; Complete; Complete; Complete; Complete; Complete,Denied, , , , , , , , , , , , , , , , , , , , , , , , , , , ,Massachusetts College of Art and Design; Massachusetts College of Art and Design, , , ,Yadira,Tivis
GWCF College Scholarship 2023,Submitted; Complete; Complete; Complete,Denied, , , , , , , , , , , , , , , , , , , , , , , , , , , , , , , ,Sebastian,Nunna
GWCF College Scholarship 2023,Submitted; Complete; Complete,Denied, , , , , , , , , , , , , , , , , , , , , , , , , , , , , , , ,Camrey,Gaucin
GWCF College Scholarship 2023,Submitted; Complete; Complete,Denied, , , , , , , , , , , , , , , , , , , , , , , , , , , , , , , ,Yadira,Kunstman
GWCF College Scholarship 2023,Submitted; Complete; Complete,Denied, , , , , , , , , , , , , , , , , , , , , , , , , , , , , , , ,Kamee,Gayle
GWCF College Scholarship 2023,Submitted; Complete; Complete; Complete; Complete; Complete; Complete; Complete,Denied, , , , , , , , , , , , , , , , , , , , , , , , , , , ,Boston College; Boston College, , , ,Tiffany,Saidy
GWCF College Scholarship 2023,Submitted; Complete; Complete,Denied, , , , , , , , , , , , , , , , , , , , , , , , , , , , , , , ,Joann,Soria
GWCF College Scholarship 2023,Submitted; Complete; Complete,Denied, , , , , , , , , , , , , , , , , , , , , , , , , , , , , , , ,Shadi,Jahn
GWCF College Scholarship 2023,Submitted; Complete; Complete; Complete,Denied, , , , , , , , , , , , , , , , , , , , , , , , , , , , , , , ,Camrey,al-Khalili
GWCF College Scholarship 2023,Submitted; Complete; Complete,Denied, , , , , , , , , , , , , , , , , , , , , , , , , , , , , , , ,Cheyane,Siddiqui
GWCF College Scholarship 2023,Submitted; Complete; Complete,Denied, , , , , , , , , , , , , , , , , , , , , , , , , , , , , , , ,Qaasim,al-Gad
GWCF College Scholarship 2023,Submitted; Complete; Complete; Complete,Denied, , , , , , , , , , , , , , , , , , , , , , , , , , , , , , , ,Roger,Carrera
GWCF College Scholarship 2023,Submitted; Complete; Complete,Denied, , , , , , , , , , , , , , , , , , , , , , , , , , , , , , , ,Umair,Vasquez
GWCF College Scholarship 2023,Submitted; Complete; Complete,Denied, , , , , , , , , , , , , , , , , , , , , , , , , , , , , , , ,Jesse,Abdella
GWCF College Scholarship 2023,Submitted; Submitted; Complete,Denied, , , , , , , , , , , , , , , , , , , , , , , , , , , , , , , ,Dahlia,al-Ibrahim
GWCF College Scholarship 2023,Submitted; Complete; Complete,Denied, , , , , , , , , , , , , , , , , , , , , , , , , , , , , , , ,Kailib,Bird
GWCF College Scholarship 2023,Submitted; Complete; Complete,Denied, , , , , , , , , , , , , , , , , , , , , , , , , , , , , , , ,Abiy,Oliva
GWCF College Scholarship 2023,Submitted; Complete; Complete,Denied, , , , , , , , , , , , , , , , , , , , , , , , , , , , , , , ,Saajid,Dickey
GWCF College Scholarship 2023,Submitted; Complete; Complete; Complete,Denied, , , , , , , , , , , , , , , , , , , , , , , , , , , , , , , ,Karlos,al-Farra
GWCF College Scholarship 2023,Submitted; Complete; Complete,Denied, , , , , , , , , , , , , , , , , , , , , , , , , , , , , , , ,Zaamil,Medrano
GWCF College Scholarship 2023,Submitted; Complete; Complete,Denied, , , , , , , , , , , , , , , , , , , , , , , , , , , , , , , ,Dajon,Fritter
GWCF College Scholarship 2023,Submitted; Complete; Complete,Denied, , , , , , , , , , , , , , , , , , , , , , , , , , , , , , , ,Picabo,Brandon
GWCF College Scholarship 2023,Submitted; Complete; Complete; Complete,Denied, , , , , , , , , , , , , , , , , , , , , , , , , , , , , , , ,Musheera,Cade Blanche
GWCF College Scholarship 2023,Submitted; Complete; Complete,Denied, , , , , , , , , , , , , , , , , , , , , , , , , , , , , , , ,Abhaya,Rader
GWCF College Scholarship 2023,Submitted; Complete; Complete,Denied, , , , , , , , , , , , , , , , , , , , , , , , , , , , , , , ,Garrett,Meighan
GWCF College Scholarship 2023,Submitted; Complete; Complete,Denied, , , , , , , , , , , , , , , , , , , , , , , , , , , , , , , ,Jereek,Wray Jr
GWCF College Scholarship 2023,Submitted; Complete; Complete,Denied, , , , , , , , , , , , , , , , , , , , , , , , , , , , , , , ,Kabowd,al-Nasrallah
GWCF College Scholarship 2023,Submitted; Complete; Complete,Denied, , , , , , , , , , , , , , , , , , , , , , , , , , , , , , , ,Kent,el-Shahan
GWCF College Scholarship 2023,Submitted; Complete; Complete; Complete; Complete; Complete; Complete; Complete,Denied, , , , , , , , , , , , , , , , , , , , , , , , , , , ,University of Massachusetts at Amherst; University of Massachusetts at Amherst, , , ,Thomas,Olson
GWCF College Scholarship 2023,Submitted; Complete; Complete; Complete; Complete; Complete,Denied, , , , , , , , , , , , , , , , , , , , , , , , , , , ,Worcester State University; Worcester State University, , , ,Muhjar,Hart
GWCF College Scholarship 2023,Submitted; Complete; Complete; Complete,Denied, , , , , , , , , , , , , , , , , , , , , , , , , , , , , , , ,Mutadi,al-Salek
GWCF College Scholarship 2023,Submitted; Complete; Complete,Denied, , , , , , , , , , , , , , , , , , , , , , , , , , , , , , , ,Tanisha,Royval
GWCF College Scholarship 2023,Submitted; Complete; Complete; Complete,Denied, , , , , , , , , , , , , , , , , , , , , , , , , , , , , , , ,Sumbula,Roman-Cervantes
GWCF College Scholarship 2023,Submitted; Complete; Complete; Complete,Denied, , , , , , , , , , , , , , , , , , , , , , , , , , , , , , , ,Miles,Butler
GWCF College Scholarship 2023,Submitted; Complete; Complete; Complete; Complete; Complete; Complete; Complete,Denied, , , , , , , , , , , , , , , , , , , , , , , , , , , ,Hofstra University; Other,New England Law, , ,Emmanuel,Eyasu
GWCF College Scholarship 2023,Submitted; Complete; Complete,Denied, , , , , , , , , , , , , , , , , , , , , , , , , , , , , , , ,Mashal,Domingo
GWCF College Scholarship 2023,Submitted; Complete; Complete; Complete,Denied, , , , , , , , , , , , , , , , , , , , , , , , , , , , , , , ,Lavies,Ruska
GWCF College Scholarship 2023,Submitted; Complete; Complete,Denied, , , , , , , , , , , , , , , , , , , , , , , , , , , , , , , ,Fat'hiyaa,Pearl
GWCF College Scholarship 2023,Submitted; Complete; Complete; Complete,Denied, , , , , , , , , , , , , , , , , , , , , , , , , , , , , , , ,Marysa,Vickles
GWCF College Scholarship 2023,Submitted; Complete; Complete,Denied, , , , , , , , , , , , , , , , , , , , , , , , , , , , , , , ,Malissa,Pena
GWCF College Scholarship 2023,Submitted; Complete; Complete,Denied, , , , , , , , , , , , , , , , , , , , , , , , , , , , , , , ,Khongmong,Vandergriff
GWCF College Scholarship 2023,Submitted; Complete; Complete,Denied, , , , , , , , , , , , , , , , , , , , , , , , , , , , , , , ,Humaira,el-Obeid
GWCF College Scholarship 2023,Submitted; Complete; Complete,Denied, , , , , , , , , , , , , , , , , , , , , , , , , , , , , , , ,Aqeela,Riggins
GWCF College Scholarship 2023,Submitted; Complete; Complete,Denied, , , , , , , , , , , , , , , , , , , , , , , , , , , , , , , ,Qaasim,Medina-Chavez
GWCF College Scholarship 2023,Submitted; Complete; Complete; Complete,Denied, , , , , , , , , , , , , , , , , , , , , , , , , , , , , , , ,Cheno,Yates
GWCF College Scholarship 2023,Submitted; Submitted; Complete,Denied, , , , , , , , , , , , , , , , , , , , , , , , , , , , , , , ,Shayla,Simpson
GWCF College Scholarship 2023,Submitted; Complete; Complete,Denied, , , , , , , , , , , , , , , , , , , , , , , , , , , , , , , ,Mishaari,Heuman
GWCF College Scholarship 2023,Submitted; Complete; Complete,Denied, , , , , , , , , , , , , , , , , , , , , , , , , , , , , , , ,Douglas,Kelemeni
GWCF College Scholarship 2023,Submitted; Complete; Complete; Complete; Complete; Complete; Complete; Complete,Denied, , , , , , , , , , , , , , , , , , , , , , , , , , , ,Providence College; Providence College, , , ,Matias,Herrington
GWCF College Scholarship 2023,Submitted; Complete; Complete,Denied, , , , , , , , , , , , , , , , , , , , , , , , , , , , , , , ,Priscila,el-Abdoo
GWCF College Scholarship 2023,Submitted; Complete; Complete,Denied, , , , , , , , , , , , , , , , , , , , , , , , , , , , , , , ,Saamyya,Peacock
GWCF College Scholarship 2023,Submitted; Complete; Complete,Denied, , , , , , , , , , , , , , , , , , , , , , , , , , , , , , , ,Carina,Keel
GWCF College Scholarship 2023,Submitted; Complete; Complete,Denied, , , , , , , , , , , , , , , , , , , , , , , , , , , , , , , ,Ivan,el-Hossain
GWCF College Scholarship 2023,Submitted; Complete; Complete,Denied, , , , , , , , , , , , , , , , , , , , , , , , , , , , , , , ,Travonta,el-Mohiuddin
GWCF College Scholarship 2023,Submitted; Complete; Complete,Denied, , , , , , , , , , , , , , , , , , , , , , , , , , , , , , , ,Chance,al-Hana
GWCF College Scholarship 2023,Submitted; Complete; Complete; Complete; Complete; Draft,Denied, , , , , , , , , , , , , , , , , , , , , , , , , , , ,University of Massachusetts at Amherst, , , ,Trina,el-Sabet
GWCF College Scholarship 2023,Submitted; Complete; Complete; Complete; Complete; Complete; Complete; Complete,Denied, , , , , , , , , , , , , , , , , , , , , , , , , , , ,University of New Haven; University of New Haven, , , ,Fat'hiyaa,Ellerman
GWCF College Scholarship 2023,Submitted; Complete; Complete; Complete,Denied, , , , , , , , , , , , , , , , , , , , , , , , , , , , , , , ,Cole,Fernandez
GWCF College Scholarship 2023,Submitted; Complete; Complete,Denied, , , , , , , , , , , , , , , , , , , , , , , , , , , , , , , ,Abdul Noor,al-Sharifi
GWCF College Scholarship 2023,Submitted; Complete; Complete,Denied, , , , , , , , , , , , , , , , , , , , , , , , , , , , , , , ,Sahel,Weeks
GWCF College Scholarship 2023,Submitted; Complete; Complete,Denied, , , , , , , , , , , , , , , , , , , , , , , , , , , , , , , ,D'Mitri,el-Nasr
GWCF College Scholarship 2023,Submitted; Complete; Complete,Denied, , , , , , , , , , , , , , , , , , , , , , , , , , , , , , , ,Nabeeh,Berumen
GWCF College Scholarship 2023,Submitted; Complete; Complete,Denied, , , , , , , , , , , , , , , , , , , , , , , , , , , , , , , ,Cole,Sawyer
GWCF College Scholarship 2023,Submitted; Complete; Complete,Denied, , , , , , , , , , , , , , , , , , , , , , , , , , , , , , , ,Souphakone,Tobon
GWCF College Scholarship 2023,Submitted; Complete; Complete; Complete; Complete; Complete; Complete; Complete,Denied, , , , , , , , , , , , , , , , , , , , , , , , , , , ,University of Connecticut; University of Connecticut, , , ,Lateefa,Camarena-Cruz
GWCF College Scholarship 2023,Submitted; Complete; Complete; Complete,Denied, , , , , , , , , , , , , , , , , , , , , , , , , , , , , , , ,Mirza,Dagin
GWCF College Scholarship 2023,Submitted; Complete; Complete; Complete; Complete; Complete; Complete; Complete,Denied, , , , , , , , , , , , , , , , , , , , , , , , , , , ,University of Massachusetts at Amherst; University of Massachusetts at Amherst, , , ,Kent,Bechler
GWCF College Scholarship 2023,Submitted; Complete; Complete; Complete,Denied, , , , , , , , , , , , , , , , , , , , , , , , , , , , , , , ,Faai Z,Nye
GWCF College Scholarship 2023,Submitted; Complete; Complete,Denied, , , , , , , , , , , , , , , , , , , , , , , , , , , , , , , ,Alex,Valbrun
GWCF College Scholarship 2023,Submitted; Complete; Complete,Denied, , , , , , , , , , , , , , , , , , , , , , , , , , , , , , , ,Monolito,Gandarilla
GWCF College Scholarship 2023,Submitted; Complete; Complete,Denied, , , , , , , , , , , , , , , , , , , , , , , , , , , , , , , ,Aimee,Slife
GWCF College Scholarship 2023,Submitted; Complete; Complete,Denied, , , , , , , , , , , , , , , , , , , , , , , , , , , , , , , ,Long,Trebus
GWCF College Scholarship 2023,Submitted; Complete; Complete,Denied, , , , , , , , , , , , , , , , , , , , , , , , , , , , , , , ,Fawzia,al-Elamin
GWCF College Scholarship 2023,Submitted; Complete; Complete,Denied, , , , , , , , , , , , , , , , , , , , , , , , , , , , , , , ,Kursh,Lovan
GWCF College Scholarship 2023,Submitted; Complete; Complete,Denied, , , , , , , , , , , , , , , , , , , , , , , , , , , , , , , ,Munisa,Hawley
GWCF College Scholarship 2023,Submitted; Complete; Complete,Denied, , , , , , , , , , , , , , , , , , , , , , , , , , , , , , , ,Chrisna,Guerra
GWCF College Scholarship 2023,Submitted; Complete; Complete,Denied, , , , , , , , , , , , , , , , , , , , , , , , , , , , , , , ,Matia,Bak
GWCF College Scholarship 2023,Submitted; Complete; Complete,Denied, , , , , , , , , , , , , , , , , , , , , , , , , , , , , , , ,Moises,Maynes
GWCF College Scholarship 2023,Submitted; Complete; Complete,Denied, , , , , , , , , , , , , , , , , , , , , , , , , , , , , , , ,France,al-Safar
GWCF College Scholarship 2023,Submitted; Complete; Complete; Complete,Denied, , , , , , , , , , , , , , , , , , , , , , , , , , , , , , , ,Arafaat,Verburg
GWCF College Scholarship 2023,Submitted; Complete; Complete,Denied, , , , , , , , , , , , , , , , , , , , , , , , , , , , , , , ,Picabo,Richardson
GWCF College Scholarship 2023,Submitted; Complete; Complete; Complete,Denied, , , , , , , , , , , , , , , , , , , , , , , , , , , , , , , ,Brendon,Channel
GWCF College Scholarship 2023,Submitted; Complete; Complete,Denied, , , , , , , , , , , , , , , , , , , , , , , , , , , , , , , ,Armonno,Verburg
GWCF College Scholarship 2023,Submitted; Complete; Complete,Denied, , , , , , , , , , , , , , , , , , , , , , , , , , , , , , , ,Aimee,Mikesell
GWCF College Scholarship 2023,Submitted; Complete; Complete; Complete; Complete; Complete; Complete; Complete,Denied, , , , , , , , , , , , , , , , , , , , , , , , , , , ,Worcester Polytechnic Institute; Worcester Polytechnic Institute, , , ,Jathan,Kaiser
GWCF College Scholarship 2023,Submitted; Submitted; Complete,Denied, , , , , , , , , , , , , , , , , , , , , , , , , , , , , , , ,Abhaya,Ranney
GWCF College Scholarship 2023,Submitted; Complete; Complete,Denied, , , , , , , , , , , , , , , , , , , , , , , , , , , , , , , ,Alfredo,Shang
GWCF College Scholarship 2023,Submitted; Complete; Complete,Denied, , , , , , , , , , , , , , , , , , , , , , , , , , , , , , , ,Xai,Verburg
GWCF College Scholarship 2023,Submitted; Complete; Complete,Denied, , , , , , , , , , , , , , , , , , , , , , , , , , , , , , , ,Xavier,Alvarado Menchaca
GWCF College Scholarship 2023,Submitted; Complete; Complete,Denied, , , , , , , , , , , , , , , , , , , , , , , , , , , , , , , ,Kawthar,Byers
GWCF College Scholarship 2023,Submitted; Complete; Complete; Complete,Denied, , , , , , , , , , , , , , , , , , , , , , , , , , , , , , , ,Marcello,Compton
GWCF College Scholarship 2023,Submitted; Complete; Complete,Denied, , , , , , , , , , , , , , , , , , , , , , , , , , , , , , , ,Mutadi,Higley
GWCF College Scholarship 2023,Submitted; Complete; Complete; Complete,Denied, , , , , , , , , , , , , , , , , , , , , , , , , , , , , , , ,Alex,O'Neill
GWCF College Scholarship 2023,Submitted; Complete; Complete,Denied, , , , , , , , , , , , , , , , , , , , , , , , , , , , , , , ,Dahlia,Kassahun
GWCF College Scholarship 2023,Submitted; Complete; Complete,Denied, , , , , , , , , , , , , , , , , , , , , , , , , , , , , , , ,Jase,el-Hashim
GWCF College Scholarship 2023,Submitted; Complete; Complete,Denied, , , , , , , , , , , , , , , , , , , , , , , , , , , , , , , ,Jeffrey,Buehler
GWCF College Scholarship 2023,Submitted; Complete; Complete,Denied, , , , , , , , , , , , , , , , , , , , , , , , , , , , , , , ,Darin,Nhin
GWCF College Scholarship 2023,Submitted; Complete; Complete,Denied, , , , , , , , , , , , , , , , , , , , , , , , , , , , , , , ,Hyeju,Dai
GWCF College Scholarship 2023,Submitted; Complete; Complete; Complete,Denied, , , , , , , , , , , , , , , , , , , , , , , , , , , , , , , ,Picabo,al-Aydin
GWCF College Scholarship 2023,Submitted; Complete; Complete,Denied, , , , , , , , , , , , , , , , , , , , , , , , , , , , , , , ,Armonno,Carson
GWCF College Scholarship 2023,Submitted; Complete; Complete; Complete,Denied, , , , , , , , , , , , , , , , , , , , , , , , , , , , , , , ,Souphakone,Bandreddi
GWCF College Scholarship 2023,Submitted; Complete; Complete,Denied, , , , , , , , , , , , , , , , , , , , , , , , , , , , , , , ,Mareeon,De La Rosa
GWCF College Scholarship 2023,Submitted; Complete; Complete; Complete,Denied, , , , , , , , , , , , , , , , , , , , , , , , , , , , , , , ,Victor,Ma
GWCF College Scholarship 2023,Submitted; Complete; Complete,Denied, , , , , , , , , , , , , , , , , , , , , , , , , , , , , , , ,Jerrelle,Whitaker
GWCF College Scholarship 2023,Submitted; Complete; Complete,Denied, , , , , , , , , , , , , , , , , , , , , , , , , , , , , , , ,Reese,el-Tamer
GWCF College Scholarship 2023,Submitted; Complete; Complete; Complete; Complete; Complete; Complete; Complete,Denied, , , , , , , , , , , , , , , , , , , , , , , , , , , ,Other; Other,Carnegie Mellon University; Carnegie Mellon University, , ,Hamad,el-Kader
GWCF College Scholarship 2023,Submitted; Complete; Complete; Complete,Denied, , , , , , , , , , , , , , , , , , , , , , , , , , , , , , , ,Katherine,Cayabyab
GWCF College Scholarship 2023,Submitted; Complete; Complete,Denied, , , , , , , , , , , , , , , , , , , , , , , , , , , , , , , ,Blake,al-Sultan
GWCF College Scholarship 2023,Submitted; Complete; Complete; Complete,Denied, , , , , , , , , , , , , , , , , , , , , , , , , , , , , , , ,Xai,Christensen
GWCF College Scholarship 2023,Submitted; Complete; Complete,Denied, , , , , , , , , , , , , , , , , , , , , , , , , , , , , , , ,Waleed,Bustamante
GWCF College Scholarship 2023,Submitted; Complete; Complete,Denied, , , , , , , , , , , , , , , , , , , , , , , , , , , , , , , ,Rashawnya,Kuntz
GWCF College Scholarship 2023,Submitted; Complete; Complete,Denied, , , , , , , , , , , , , , , , , , , , , , , , , , , , , , , ,De'Vonta,Watkins
GWCF College Scholarship 2023,Submitted; Submitted; Complete,Denied, , , , , , , , , , , , , , , , , , , , , , , , , , , , , , , ,Nova,Liang
GWCF College Scholarship 2023,Submitted; Complete; Complete,Denied, , , , , , , , , , , , , , , , , , , , , , , , , , , , , , , ,Roice,Olson
GWCF College Scholarship 2023,Submitted; Complete; Complete; Complete; Complete; Complete; Complete; Complete,Denied, , , , , , , , , , , , , , , , , , , , , , , , , , , ,MCPHS University; MCPHS University, , , ,Raheema,Amgalanbayar
GWCF College Scholarship 2023,Submitted; Complete; Complete,Denied, , , , , , , , , , , , , , , , , , , , , , , , , , , , , , , ,Karla,Deleon
GWCF College Scholarship 2023,Submitted; Complete; Complete,Denied, , , , , , , , , , , , , , , , , , , , , , , , , , , , , , , ,Teale,Throm
GWCF College Scholarship 2023,Submitted; Complete; Complete; Complete,Denied, , , , , , , , , , , , , , , , , , , , , , , , , , , , , , , ,Deshawn Joseph,Blevans
GWCF College Scholarship 2023,Submitted; Complete; Complete; Complete,Denied, , , , , , , , , , , , , , , , , , , , , , , , , , , , , , , ,Saamyya,Khan
GWCF College Scholarship 2023,Submitted; Complete; Complete,Denied, , , , , , , , , , , , , , , , , , , , , , , , , , , , , , , ,Naaji,Rosencrans
GWCF College Scholarship 2023,Submitted; Complete; Complete,Denied, , , , , , , , , , , , , , , , , , , , , , , , , , , , , , , ,Major,Loera Lomeli
GWCF College Scholarship 2023,Submitted; Complete; Complete; Complete,Denied, , , , , , , , , , , , , , , , , , , , , , , , , , , , , , , ,Sydney,Sepeda
GWCF College Scholarship 2023,Submitted; Complete; Complete; Complete,Denied, , , , , , , , , , , , , , , , , , , , , , , , , , , , , , , ,Mychael,Halberg
GWCF College Scholarship 2023,Submitted; Complete; Complete; Complete,Denied, , , , , , , , , , , , , , , , , , , , , , , , , , , , , , , ,Steve,el-Kader
GWCF College Scholarship 2023,Submitted; Complete; Complete,Denied, , , , , , , , , , , , , , , , , , , , , , , , , , , , , , , ,Kiduse,Mcstraw
GWCF College Scholarship 2023,Submitted; Complete; Complete; Complete; Complete; Complete; Complete; Complete,Denied, , , , , , , , , , , , , , , , , , , , , , , , , , , ,Bridgewater State University; Bridgewater State University, , , ,Pate,el-Abraham
GWCF College Scholarship 2023,Submitted; Complete; Complete; Complete,Denied, , , , , , , , , , , , , , , , , , , , , , , , , , , , , , , ,Kalleb,Balogh
GWCF College Scholarship 2023,Submitted; Complete; Complete; Complete; Complete; Complete; Complete; Complete,Denied, , , , , , , , , , , , , , , , , , , , , , , , , , , ,Assumption University; Assumption University, , , ,Losol,Senior
GWCF College Scholarship 2023,Submitted; Complete; Complete,Denied, , , , , , , , , , , , , , , , , , , , , , , , , , , , , , , ,Izaiah,Chacon
GWCF College Scholarship 2023,Submitted; Complete; Complete; Complete,Denied, , , , , , , , , , , , , , , , , , , , , , , , , , , , , , , ,Minh,Lowry
GWCF College Scholarship 2023,Submitted; Complete; Complete; Complete; Complete; Complete; Complete; Complete,Denied, , , , , , , , , , , , , , , , , , , , , , , , , , , ,Cornell University; Cornell University, , , ,Marquis,Dickey
GWCF College Scholarship 2023,Submitted; Complete; Complete,Denied, , , , , , , , , , , , , , , , , , , , , , , , , , , , , , , ,Saajid,Stubits
GWCF College Scholarship 2023,Submitted; Complete; Complete; Complete,Denied, , , , , , , , , , , , , , , , , , , , , , , , , , , , , , , ,Nichole,Aker
GWCF College Scholarship 2023,Submitted; Complete; Complete; Complete,Denied, , , , , , , , , , , , , , , , , , , , , , , , , , , , , , , ,Rhiannon,el-Bacho
GWCF College Scholarship 2023,Submitted; Complete; Complete,Denied, , , , , , , , , , , , , , , , , , , , , , , , , , , , , , , ,Kijana,Talain
GWCF College Scholarship 2023,Submitted; Complete; Complete; Complete; Complete; Complete; Complete; Complete,Denied, , , , , , , , , , , , , , , , , , , , , , , , , , , ,Rensselaer Polytechnic Institute; Rensselaer Polytechnic Institute, , , ,Kezia,Huston-Harkin
GWCF College Scholarship 2023,Submitted; Complete; Complete,Denied, , , , , , , , , , , , , , , , , , , , , , , , , , , , , , , ,Alexxis,Ortegon
GWCF College Scholarship 2023,Submitted; Complete; Complete; Complete,Denied, , , , , , , , , , , , , , , , , , , , , , , , , , , , , , , ,Armonno,Patterson
GWCF College Scholarship 2023,Submitted; Complete; Complete,Denied, , , , , , , , , , , , , , , , , , , , , , , , , , , , , , , ,Heroki,el-Salame
GWCF College Scholarship 2023,Submitted; Complete; Complete,Denied, , , , , , , , , , , , , , , , , , , , , , , , , , , , , , , ,Mahbooba,al-Shaikh
GWCF College Scholarship 2023,Submitted; Complete; Complete; Complete,Denied, , , , , , , , , , , , , , , , , , , , , , , , , , , , , , , ,Divyanka,Urresti
GWCF College Scholarship 2023,Submitted; Complete; Complete,Denied, , , , , , , , , , , , , , , , , , , , , , , , , , , , , , , ,Julie,Haroon
GWCF College Scholarship 2023,Submitted; Complete; Complete; Complete; Complete; Complete; Complete; Complete,Denied, , , , , , , , , , , , , , , , , , , , , , , , , , , ,Boston University; Boston University, , , ,Xavia,Mccarty
GWCF College Scholarship 2023,Submitted; Complete; Complete,Denied, , , , , , , , , , , , , , , , , , , , , , , , , , , , , , , ,Uriah,al-Uddin
GWCF College Scholarship 2023,Submitted; Complete; Complete; Complete,Denied, , , , , , , , , , , , , , , , , , , , , , , , , , , , , , , ,Taijeona,Addie
GWCF College Scholarship 2023,Submitted; Complete; Complete,Denied, , , , , , , , , , , , , , , , , , , , , , , , , , , , , , , ,Taqi,Tuiolosega
GWCF College Scholarship 2023,Submitted; Complete; Complete,Denied, , , , , , , , , , , , , , , , , , , , , , , , , , , , , , , ,Sterling,Tong
GWCF College Scholarship 2023,Submitted; Complete; Complete,Denied, , , , , , , , , , , , , , , , , , , , , , , , , , , , , , , ,Khongmong,Sargent
GWCF College Scholarship 2023,Submitted; Complete; Complete,Denied, , , , , , , , , , , , , , , , , , , , , , , , , , , , , , , ,Johnny,Zulali
GWCF College Scholarship 2023,Submitted; Complete; Complete,Denied, , , , , , , , , , , , , , , , , , , , , , , , , , , , , , , ,Abiy,Carrillo Valencia
GWCF College Scholarship 2023,Submitted; Complete; Complete,Denied, , , , , , , , , , , , , , , , , , , , , , , , , , , , , , , ,Xai,Lopez Rodriguez
GWCF College Scholarship 2023,Submitted; Complete; Complete,Denied, , , , , , , , , , , , , , , , , , , , , , , , , , , , , , , ,Kristal,al-Ismael
GWCF College Scholarship 2023,Submitted; Complete; Complete; Complete; Complete; Complete; Complete; Complete,Denied, , , , , , , , , , , , , , , , , , , , , , , , , , , ,Boston University; Boston University, , , ,Mi,Wands
GWCF College Scholarship 2023,Submitted; Complete; Complete,Denied, , , , , , , , , , , , , , , , , , , , , , , , , , , , , , , ,Saamyya,Raval
GWCF College Scholarship 2023,Submitted; Complete; Complete; Complete,Denied, , , , , , , , , , , , , , , , , , , , , , , , , , , , , , , ,Markangelo,Fragozo Verdugo
GWCF College Scholarship 2023,Submitted; Complete; Complete,Denied, , , , , , , , , , , , , , , , , , , , , , , , , , , , , , , ,Vanya,Lopez-Carrizales
GWCF College Scholarship 2023,Submitted; Complete; Complete,Denied, , , , , , , , , , , , , , , , , , , , , , , , , , , , , , , ,Shasta,Miranda
GWCF College Scholarship 2023,Submitted; Complete; Complete,Denied, , , , , , , , , , , , , , , , , , , , , , , , , , , , , , , ,Suhaa,Hillsmon
GWCF College Scholarship 2023,Submitted; Submitted; Complete,Denied, , , , , , , , , , , , , , , , , , , , , , , , , , , , , , , ,Idrianna,el-Qazi
GWCF College Scholarship 2023,Submitted; Complete; Complete; Complete,Denied, , , , , , , , , , , , , , , , , , , , , , , , , , , , , , , ,Mara,Blitzer
GWCF College Scholarship 2023,Submitted; Complete; Complete,Denied, , , , , , , , , , , , , , , , , , , , , , , , , , , , , , , ,Lena,Andrews
GWCF College Scholarship 2023,Submitted; Complete; Complete,Denied, , , , , , , , , , , , , , , , , , , , , , , , , , , , , , , ,Markangelo,Mccreary
GWCF College Scholarship 2023,Submitted; Complete; Complete,Denied, , , , , , , , , , , , , , , , , , , , , , , , , , , , , , , ,Taaha,al-Khawaja
GWCF College Scholarship 2023,Submitted; Complete; Complete; Complete,Denied, , , , , , , , , , , , , , , , , , , , , , , , , , , , , , , ,Ana Maria,Salihi
GWCF College Scholarship 2023,Submitted; Complete; Complete,Denied, , , , , , , , , , , , , , , , , , , , , , , , , , , , , , , ,Maegan,el-Mohiuddin
GWCF College Scholarship 2023,Submitted; Complete; Complete,Denied, , , , , , , , , , , , , , , , , , , , , , , , , , , , , , , ,Qisma,Mcguire
GWCF College Scholarship 2023,Submitted; Submitted; Complete,Denied, , , , , , , , , , , , , , , , , , , , , , , , , , , , , , , ,Xai,Robertson
GWCF College Scholarship 2023,Submitted; Complete; Complete; Complete; Complete; Complete; Complete; Complete,Denied, , , , , , , , , , , , , , , , , , , , , , , , , , , ,Trinity College; Trinity College, , , ,Shania,al-Abed
GWCF College Scholarship 2023,Submitted; Complete; Complete,Denied, , , , , , , , , , , , , , , , , , , , , , , , , , , , , , , ,Kanjai,Ludwig
GWCF College Scholarship 2023,Submitted; Complete; Complete; Complete; Complete; Complete; Complete; Complete,Denied, , , , , , , , , , , , , , , , , , , , , , , , , , , ,Anna Maria College; Anna Maria College, , , ,Ace,Tagawa
GWCF College Scholarship 2023,Submitted; Complete; Complete,Denied, , , , , , , , , , , , , , , , , , , , , , , , , , , , , , , ,Urwa,Mikesell
GWCF College Scholarship 2023,Submitted; Complete; Complete,Denied, , , , , , , , , , , , , , , , , , , , , , , , , , , , , , , ,Abraham,Embry
GWCF College Scholarship 2023,Submitted; Complete; Complete,Denied, , , , , , , , , , , , , , , , , , , , , , , , , , , , , , , ,Amaan,Mccoy
GWCF College Scholarship 2023,Submitted; Complete; Complete,Denied, , , , , , , , , , , , , , , , , , , , , , , , , , , , , , , ,Kaylie,Forte
GWCF College Scholarship 2023,Submitted; Complete; Complete; Complete,Denied, , , , , , , , , , , , , , , , , , , , , , , , , , , , , , , ,Essence,al-Soliman
GWCF College Scholarship 2023,Submitted; Complete; Complete,Denied, , , , , , , , , , , , , , , , , , , , , , , , , , , , , , , ,Andres,Norman-Wallace
GWCF College Scholarship 2023,Submitted; Complete; Complete,Denied, , , , , , , , , , , , , , , , , , , , , , , , , , , , , , , ,Daizha,Carey
GWCF College Scholarship 2023,Submitted; Complete; Complete,Denied, , , , , , , , , , , , , , , , , , , , , , , , , , , , , , , ,Sterling,Liles
GWCF College Scholarship 2023,Submitted; Complete; Complete; Complete,Denied, , , , , , , , , , , , , , , , , , , , , , , , , , , , , , , ,Ohitike,el-Sinai
GWCF College Scholarship 2023,Submitted; Complete; Complete,Denied, , , , , , , , , , , , , , , , , , , , , , , , , , , , , , , ,Ivan,Gandarilla
GWCF College Scholarship 2023,Submitted; Complete; Complete,Denied, , , , , , , , , , , , , , , , , , , , , , , , , , , , , , , ,Karlos,Moua
GWCF College Scholarship 2023,Submitted; Complete; Complete,Denied, , , , , , , , , , , , , , , , , , , , , , , , , , , , , , , ,Luisa,al-Awan
GWCF College Scholarship 2023,Submitted; Complete; Complete,Denied, , , , , , , , , , , , , , , , , , , , , , , , , , , , , , , ,Xai,Coyote
GWCF College Scholarship 2023,Submitted; Complete; Complete; Complete,Denied, , , , , , , , , , , , , , , , , , , , , , , , , , , , , , , ,Kitana,Ault
GWCF College Scholarship 2023,Submitted; Complete; Complete,Denied, , , , , , , , , , , , , , , , , , , , , , , , , , , , , , , ,Karlos,Cave
GWCF College Scholarship 2023,Submitted; Complete; Complete,Denied, , , , , , , , , , , , , , , , , , , , , , , , , , , , , , , ,Wisaam,Norwood
GWCF College Scholarship 2023,Submitted; Complete; Complete,Denied, , , , , , , , , , , , , , , , , , , , , , , , , , , , , , , ,Picabo,Amdur
GWCF College Scholarship 2023,Submitted; Complete; Complete,Denied, , , , , , , , , , , , , , , , , , , , , , , , , , , , , , , ,Maimoona,al-Hariri
GWCF College Scholarship 2023,Submitted; Complete; Complete; Complete,Denied, , , , , , , , , , , , , , , , , , , , , , , , , , , , , , , ,Schiara,Demario
GWCF College Scholarship 2023,Submitted; Submitted; Complete; Complete; Complete; Complete; Complete; Complete,Denied, , , , , , , , , , , , , , , , , , , , , , , , , , , ,University of Massachusetts Lowell; University of Massachusetts Lowell, , , ,Piotreck,al-Musa
GWCF College Scholarship 2023,Submitted; Complete; Complete,Denied, , , , , , , , , , , , , , , , , , , , , , , , , , , , , , , ,Juanita,Oakley
GWCF College Scholarship 2023,Submitted; Complete; Complete,Denied, , , , , , , , , , , , , , , , , , , , , , , , , , , , , , , ,Vanya,Lopez-Carrizales
GWCF College Scholarship 2023,Submitted; Complete; Complete,Denied, , , , , , , , , , , , , , , , , , , , , , , , , , , , , , , ,Morgan,Marks
GWCF College Scholarship 2023,Submitted; Complete; Complete,Denied, , , , , , , , , , , , , , , , , , , , , , , , , , , , , , , ,Tyrelle,Vai
GWCF College Scholarship 2023,Submitted; Complete; Complete,Denied, , , , , , , , , , , , , , , , , , , , , , , , , , , , , , , ,Jalaal,Oliva
GWCF College Scholarship 2023,Submitted; Complete; Complete,Denied, , , , , , , , , , , , , , , , , , , , , , , , , , , , , , , ,Phillip,al-Hatem
GWCF College Scholarship 2023,Submitted; Complete; Complete,Denied, , , , , , , , , , , , , , , , , , , , , , , , , , , , , , , ,Soryn,Otgontulga
GWCF College Scholarship 2023,Submitted; Complete; Complete,Denied, , , , , , , , , , , , , , , , , , , , , , , , , , , , , , , ,Jaymie Leigh,Mamdu
GWCF College Scholarship 2023,Submitted; Complete; Complete,Denied, , , , , , , , , , , , , , , , , , , , , , , , , , , , , , , ,Rafael,el-Nazir
GWCF College Scholarship 2023,Submitted; Complete; Complete,Denied, , , , , , , , , , , , , , , , , , , , , , , , , , , , , , , ,Christine,Masar
GWCF College Scholarship 2023,Submitted; Complete; Complete,Denied, , , , , , , , , , , , , , , , , , , , , , , , , , , , , , , ,"Jam,Aan",Pandit
GWCF College Scholarship 2023,Submitted; Complete; Complete,Denied, , , , , , , , , , , , , , , , , , , , , , , , , , , , , , , ,Lateefa,Stringfellow
GWCF College Scholarship 2023,Submitted; Complete; Complete,Denied, , , , , , , , , , , , , , , , , , , , , , , , , , , , , , , ,Avianha,Pirzadeh
GWCF College Scholarship 2023,Submitted; Complete; Complete,Denied, , , , , , , , , , , , , , , , , , , , , , , , , , , , , , , ,Ignacio,Vega
GWCF College Scholarship 2023,Submitted; Complete; Complete,Denied, , , , , , , , , , , , , , , , , , , , , , , , , , , , , , , ,Simcha,Isaac Jackson
GWCF College Scholarship 2023,Submitted; Complete; Complete; Complete; Complete; Complete; Complete; Complete,Denied, , , , , , , , , , , , , , , , , , , , , , , , , , , ,University of Pennsylvania; University of Pennsylvania, , , ,Angela,al-Hariri
GWCF College Scholarship 2023,Submitted; Complete; Complete,Denied, , , , , , , , , , , , , , , , , , , , , , , , , , , , , , , ,Saamyya,Purrington
GWCF College Scholarship 2023,Submitted; Complete; Complete,Denied, , , , , , , , , , , , , , , , , , , , , , , , , , , , , , , ,Wisaam,Roybal
GWCF College Scholarship 2023,Submitted; Complete; Complete; Complete; Complete; Complete; Complete; Complete,Denied, , , , , , , , , , , , , , , , , , , , , , , , , , , ,Bentley University; Bentley University, , , ,Konda,al-Hariri
GWCF College Scholarship 2023,Submitted; Complete; Complete,Denied, , , , , , , , , , , , , , , , , , , , , , , , , , , , , , , ,Berenice,Lindsey
GWCF College Scholarship 2023,Submitted; Complete; Complete; Complete; Complete; Complete; Complete; Complete,Denied, , , , , , , , , , , , , , , , , , , , , , , , , , , ,University of Massachusetts at Amherst; University of Massachusetts at Amherst, , , ,Dequanda,Jenkins
GWCF College Scholarship 2023,Submitted; Complete; Complete,Denied, , , , , , , , , , , , , , , , , , , , , , , , , , , , , , , ,Matia,Barksdale
GWCF College Scholarship 2023,Submitted; Complete; Complete,Denied, , , , , , , , , , , , , , , , , , , , , , , , , , , , , , , ,Westley,Hopper
GWCF College Scholarship 2023,Submitted; Complete; Complete,Denied, , , , , , , , , , , , , , , , , , , , , , , , , , , , , , , ,Darell,al-Baten
GWCF College Scholarship 2023,Submitted; Complete; Complete; Complete,Denied, , , , , , , , , , , , , , , , , , , , , , , , , , , , , , , ,Edwin,Jackson
GWCF College Scholarship 2023,Submitted; Submitted; Complete,Denied, , , , , , , , , , , , , , , , , , , , , , , , , , , , , , , ,Yadira,al-Naqvi
GWCF College Scholarship 2023,Submitted; Complete; Complete,Denied, , , , , , , , , , , , , , , , , , , , , , , , , , , , , , , ,Emilio,el-Hariri
GWCF College Scholarship 2023,Submitted; Complete; Complete,Denied, , , , , , , , , , , , , , , , , , , , , , , , , , , , , , , ,Nabeel,Sweetwater
GWCF College Scholarship 2023,Submitted; Complete; Complete; Assigned,Denied, , , , , , , , , , , , , , , , , , , , , , , , , , , , , , , ,Danika,el-Zaidi
GWCF College Scholarship 2023,Submitted; Complete; Complete,Denied, , , , , , , , , , , , , , , , , , , , , , , , , , , , , , , ,Nahom,Koerner
GWCF College Scholarship 2023,Submitted; Complete; Complete; Complete; Complete; Complete; Complete; Complete,Denied, , , , , , , , , , , , , , , , , , , , , , , , , , , ,Springfield College; Springfield College, , , ,Maria Elena,Kytle
GWCF College Scholarship 2023,Submitted; Complete; Complete,Denied, , , , , , , , , , , , , , , , , , , , , , , , , , , , , , , ,Davis,Koskovich
GWCF College Scholarship 2023,Submitted; Complete; Complete,Denied, , , , , , , , , , , , , , , , , , , , , , , , , , , , , , , ,Toryn,Kunze
GWCF College Scholarship 2023,Submitted; Complete; Complete,Denied, , , , , , , , , , , , , , , , , , , , , , , , , , , , , , , ,Tercell,Portillo
GWCF College Scholarship 2023,Submitted; Complete; Complete,Denied, , , , , , , , , , , , , , , , , , , , , , , , , , , , , , , ,Yadira,Schopp
GWCF College Scholarship 2023,Submitted; Submitted; Complete,Denied, , , , , , , , , , , , , , , , , , , , , , , , , , , , , , , ,Naaifa,Dellacroce
GWCF College Scholarship 2023,Submitted; Complete; Complete,Denied, , , , , , , , , , , , , , , , , , , , , , , , , , , , , , , ,Kianna,Arguello
GWCF College Scholarship 2023,Submitted; Complete; Complete,Denied, , , , , , , , , , , , , , , , , , , , , , , , , , , , , , , ,Conner,Chestek
GWCF College Scholarship 2023,Submitted; Complete; Complete; Complete,Denied, , , , , , , , , , , , , , , , , , , , , , , , , , , , , , , ,Qaasim,Delgado
GWCF College Scholarship 2023,Submitted; Complete; Complete,Denied, , , , , , , , , , , , , , , , , , , , , , , , , , , , , , , ,Rahma,el-Kaleel
GWCF College Scholarship 2023,Submitted; Complete; Complete,Denied, , , , , , , , , , , , , , , , , , , , , , , , , , , , , , , ,Safwaan,al-Suleiman
GWCF College Scholarship 2023,Submitted; Complete; Complete; Complete,Denied, , , , , , , , , , , , , , , , , , , , , , , , , , , , , , , ,Howard,Dickey
GWCF College Scholarship 2023,Submitted; Complete; Complete; Complete,Denied, , , , , , , , , , , , , , , , , , , , , , , , , , , , , , , ,Andi,Stark
GWCF College Scholarship 2023,Submitted; Complete; Complete,Denied, , , , , , , , , , , , , , , , , , , , , , , , , , , , , , , ,Lauren,Lillie
GWCF College Scholarship 2023,Submitted; Submitted; Complete,Denied, , , , , , , , , , , , , , , , , , , , , , , , , , , , , , , ,Shasta,Aldret
GWCF College Scholarship 2023,Submitted; Complete; Complete; Complete; Complete; Complete; Complete; Complete,Denied, , , , , , , , , , , , , , , , , , , , , , , , , , , ,Worcester State University; Worcester State University, , , ,Abhaya,Macias Flores
GWCF College Scholarship 2023,Submitted; Complete; Complete; Complete,Denied, , , , , , , , , , , , , , , , , , , , , , , , , , , , , , , ,Heather,Cruise
GWCF College Scholarship 2023,Submitted; Complete; Complete,Denied, , , , , , , , , , , , , , , , , , , , , , , , , , , , , , , ,Tobias,Woy
GWCF College Scholarship 2023,Submitted; Complete; Complete,Denied, , , , , , , , , , , , , , , , , , , , , , , , , , , , , , , ,Nabeel,Martin
GWCF College Scholarship 2023,Submitted; Complete; Complete,Denied, , , , , , , , , , , , , , , , , , , , , , , , , , , , , , , ,Yadira,Safar
GWCF College Scholarship 2023,Submitted; Complete; Complete,Denied, , , , , , , , , , , , , , , , , , , , , , , , , , , , , , , ,Mikala,Christensen
GWCF College Scholarship 2023,Submitted; Complete; Complete,Denied, , , , , , , , , , , , , , , , , , , , , , , , , , , , , , , ,Wajeeh,Dionese
GWCF College Scholarship 2023,Submitted; Submitted; Complete,Denied, , , , , , , , , , , , , , , , , , , , , , , , , , , , , , , ,Prodeo,Gookin
GWCF College Scholarship 2023,Submitted; Complete; Complete,Denied, , , , , , , , , , , , , , , , , , , , , , , , , , , , , , , ,Dametriese,Ritman
GWCF College Scholarship 2023,Submitted; Complete; Complete; Complete; Complete; Complete; Complete; Submitted,Denied, , , , , , , , , , , , , , , , , , , , , , , , , , , ,Other; Other,Stanford University, , ,Will,el-Fayad
GWCF College Scholarship 2023,Submitted; Complete; Complete,Denied, , , , , , , , , , , , , , , , , , , , , , , , , , , , , , , ,Davis,Levesque
GWCF College Scholarship 2023,Submitted; Complete; Complete,Denied, , , , , , , , , , , , , , , , , , , , , , , , , , , , , , , ,Khiry,Thakur
GWCF College Scholarship 2023,Submitted; Complete; Complete; Complete; Complete; Complete; Complete; Complete,Denied, , , , , , , , , , , , , , , , , , , , , , , , , , , ,Cornell University; Cornell University, , , ,Roger,el-Vaziri
GWCF College Scholarship 2023,Submitted; Complete; Complete,Denied, , , , , , , , , , , , , , , , , , , , , , , , , , , , , , , ,Ekom,Rosales
GWCF College Scholarship 2023,Submitted; Complete; Complete,Denied, , , , , , , , , , , , , , , , , , , , , , , , , , , , , , , ,Luke,Flores-Rodriguez
GWCF College Scholarship 2023,Submitted; Submitted; Complete,Denied, , , , , , , , , , , , , , , , , , , , , , , , , , , , , , , ,Khalil,Crow
GWCF College Scholarship 2023,Submitted; Complete; Complete,Denied, , , , , , , , , , , , , , , , , , , , , , , , , , , , , , , ,Collin,Walthall
GWCF College Scholarship 2023,Submitted; Complete; Complete,Denied, , , , , , , , , , , , , , , , , , , , , , , , , , , , , , , ,Shaakira,el-Zafar
GWCF College Scholarship 2023,Submitted; Complete; Complete,Denied, , , , , , , , , , , , , , , , , , , , , , , , , , , , , , , ,Qaasim,Cochran
GWCF College Scholarship 2023,Submitted; Complete; Complete; Complete,Denied, , , , , , , , , , , , , , , , , , , , , , , , , , , , , , , ,Simeon,Suarez
GWCF College Scholarship 2023,Submitted; Complete; Complete,Denied, , , , , , , , , , , , , , , , , , , , , , , , , , , , , , , ,Humaidaan,el-Khalaf
GWCF College Scholarship 2023,Submitted; Submitted; Complete,Denied, , , , , , , , , , , , , , , , , , , , , , , , , , , , , , , ,Derrick,el-Kamali
GWCF College Scholarship 2023,Submitted; Complete; Complete,Denied, , , , , , , , , , , , , , , , , , , , , , , , , , , , , , , ,Carina,Griese
GWCF College Scholarship 2023,Submitted; Complete; Complete; Complete,Denied, , , , , , , , , , , , , , , , , , , , , , , , , , , , , , , ,Simon,Manimtim
GWCF College Scholarship 2023,Submitted; Complete; Complete,Denied, , , , , , , , , , , , , , , , , , , , , , , , , , , , , , , ,Elisabeth,Glynn
GWCF College Scholarship 2023,Submitted; Complete; Complete,Denied, , , , , , , , , , , , , , , , , , , , , , , , , , , , , , , ,Janayle,Niemann
GWCF College Scholarship 2023,Submitted; Complete; Complete,Denied, , , , , , , , , , , , , , , , , , , , , , , , , , , , , , , ,Survoy,Billie
GWCF College Scholarship 2023,Submitted; Complete; Complete,Denied, , , , , , , , , , , , , , , , , , , , , , , , , , , , , , , ,Jacob,Willcutt
GWCF College Scholarship 2023,Submitted; Complete; Complete,Denied, , , , , , , , , , , , , , , , , , , , , , , , , , , , , , , ,Waleed,Galindo
GWCF College Scholarship 2023,Submitted; Complete; Complete; Complete; Complete; Complete; Complete; Complete,Denied, , , , , , , , , , , , , , , , , , , , , , , , , , , ,Brown University; Brown University, , , ,Shabeeba,Olson
GWCF College Scholarship 2023,Submitted; Complete; Complete,Denied, , , , , , , , , , , , , , , , , , , , , , , , , , , , , , , ,Maegen,Rail
GWCF College Scholarship 2023,Submitted; Complete; Complete,Denied, , , , , , , , , , , , , , , , , , , , , , , , , , , , , , , ,Isuru,Longwing
GWCF College Scholarship 2023,Submitted; Complete; Complete,Denied, , , , , , , , , , , , , , , , , , , , , , , , , , , , , , , ,Alexxis,Tahir
GWCF College Scholarship 2023,Submitted; Complete; Complete,Denied, , , , , , , , , , , , , , , , , , , , , , , , , , , , , , , ,Ireland,Lyman
GWCF College Scholarship 2023,Submitted; Complete; Complete,Denied, , , , , , , , , , , , , , , , , , , , , , , , , , , , , , , ,Jonet,Pablo
GWCF College Scholarship 2023,Submitted; Complete; Complete; Complete; Complete; Complete; Complete; Complete,Denied, , , , , , , , , , , , , , , , , , , , , , , , , , , ,University of Michigan at Ann Arbor; University of Michigan at Ann Arbor, , , ,Roger,el-Masri
GWCF College Scholarship 2023,Submitted; Complete; Complete,Denied, , , , , , , , , , , , , , , , , , , , , , , , , , , , , , , ,Ohitike,Terry
GWCF College Scholarship 2023,Submitted; Complete; Complete,Denied, , , , , , , , , , , , , , , , , , , , , , , , , , , , , , , ,Trevon,Yarangsy
GWCF College Scholarship 2023,Submitted; Complete; Complete,Denied, , , , , , , , , , , , , , , , , , , , , , , , , , , , , , , ,Trina,Tsen
GWCF College Scholarship 2023,Submitted; Complete; Complete; Complete,Denied, , , , , , , , , , , , , , , , , , , , , , , , , , , , , , , ,Akeem,Rodrukkwun
GWCF College Scholarship 2023,Submitted; Complete; Complete,Denied, , , , , , , , , , , , , , , , , , , , , , , , , , , , , , , ,Cheyane,Hall
GWCF College Scholarship 2023,Submitted; Complete; Complete,Denied, , , , , , , , , , , , , , , , , , , , , , , , , , , , , , , ,Adrianna,Hall
GWCF College Scholarship 2023,Submitted; Complete; Complete,Denied, , , , , , , , , , , , , , , , , , , , , , , , , , , , , , , ,Izzat,Heidrich
GWCF College Scholarship 2023,Submitted; Complete; Complete; Complete,Denied, , , , , , , , , , , , , , , , , , , , , , , , , , , , , , , ,Kindra,Celestin
GWCF College Scholarship 2023,Submitted; Complete; Complete,Denied, , , , , , , , , , , , , , , , , , , , , , , , , , , , , , , ,Olivya,Pinelle
GWCF College Scholarship 2023,Submitted; Complete; Complete,Denied, , , , , , , , , , , , , , , , , , , , , , , , , , , , , , , ,Sydney,White
GWCF College Scholarship 2023,Submitted; Complete; Complete,Denied, , , , , , , , , , , , , , , , , , , , , , , , , , , , , , , ,Taaha,Lamb
GWCF College Scholarship 2023,Submitted; Complete; Complete; Complete; Complete; Complete; Complete; Complete,Denied, , , , , , , , , , , , , , , , , , , , , , , , , , , ,Other; Other,Columbia University ; Columbia University in the City of N.Y.C., , ,Dezmond,Michell
GWCF College Scholarship 2023,Submitted; Complete; Complete,Denied, , , , , , , , , , , , , , , , , , , , , , , , , , , , , , , ,Brenna,el-Ansari
GWCF College Scholarship 2023,Submitted; Complete; Complete,Denied, , , , , , , , , , , , , , , , , , , , , , , , , , , , , , , ,Jyotshal,Westfall
GWCF College Scholarship 2023,Submitted; Complete; Complete,Denied, , , , , , , , , , , , , , , , , , , , , , , , , , , , , , , ,Chykeiljah,Sarsam
GWCF College Scholarship 2023,Submitted; Complete; Complete,Denied, , , , , , , , , , , , , , , , , , , , , , , , , , , , , , , ,Alex,Otgontulga
GWCF College Scholarship 2023,Submitted; Complete; Complete,Denied, , , , , , , , , , , , , , , , , , , , , , , , , , , , , , , ,Bonnie,el-Aydin
GWCF College Scholarship 2023,Submitted; Complete; Complete,Denied, , , , , , , , , , , , , , , , , , , , , , , , , , , , , , , ,Taqi,Ta
GWCF College Scholarship 2023,Submitted; Complete; Complete; Complete,Denied, , , , , , , , , , , , , , , , , , , , , , , , , , , , , , , ,Jyotshal,al-Selim
GWCF College Scholarship 2023,Submitted; Complete; Complete,Denied, , , , , , , , , , , , , , , , , , , , , , , , , , , , , , , ,Alizah,Griess
GWCF College Scholarship 2023,Submitted; Complete; Complete,Denied, , , , , , , , , , , , , , , , , , , , , , , , , , , , , , , ,Shakeel,Thakur
GWCF College Scholarship 2023,Submitted; Complete; Complete; Complete; Complete; Complete; Complete; Complete,Denied, , , , , , , , , , , , , , , , , , , , , , , , , , , ,Other; Other,Duke University; Duke University, , ,Nhan,Mangus
GWCF College Scholarship 2023,Submitted; Complete; Complete,Denied, , , , , , , , , , , , , , , , , , , , , , , , , , , , , , , ,Daizha,Bonser
GWCF College Scholarship 2023,Submitted; Complete; Complete,Denied, , , , , , , , , , , , , , , , , , , , , , , , , , , , , , , ,Russell,el-Sharifi
GWCF College Scholarship 2023,Submitted; Complete; Complete; Complete,Denied, , , , , , , , , , , , , , , , , , , , , , , , , , , , , , , ,Xai,Mackey
GWCF College Scholarship 2023,Submitted; Complete; Complete,Denied, , , , , , , , , , , , , , , , , , , , , , , , , , , , , , , ,Tercell,Winters
GWCF College Scholarship 2023,Submitted; Complete; Complete,Denied, , , , , , , , , , , , , , , , , , , , , , , , , , , , , , , ,Waneesa,Parekh
GWCF College Scholarship 2023,Submitted; Complete; Complete,Denied, , , , , , , , , , , , , , , , , , , , , , , , , , , , , , , ,Reese,el-Aman
GWCF College Scholarship 2023,Submitted; Complete; Complete,Denied, , , , , , , , , , , , , , , , , , , , , , , , , , , , , , , ,Khongmong,Flowers
GWCF College Scholarship 2023,Submitted; Complete; Complete; Complete; Complete; Complete; Complete; Complete,Denied, , , , , , , , , , , , , , , , , , , , , , , , , , , ,Other; Other,Northwestern University; Northwestern University, , ,Tamanna,Larez
GWCF College Scholarship 2023,Submitted; Complete; Complete; Complete; Complete; Complete; Complete; Complete,Denied, , , , , , , , , , , , , , , , , , , , , , , , , , , ,Boston College; Boston College, , , ,Murshid,el-Mohammadi
GWCF College Scholarship 2023,Submitted; Complete; Complete,Denied, , , , , , , , , , , , , , , , , , , , , , , , , , , , , , , ,Dajon,Mekonnen
GWCF College Scholarship 2023,Submitted; Complete; Complete,Denied, , , , , , , , , , , , , , , , , , , , , , , , , , , , , , , ,Sahel,Stryker
GWCF College Scholarship 2023,Submitted; Complete; Complete,Denied, , , , , , , , , , , , , , , , , , , , , , , , , , , , , , , ,Shirley,al-Hariri
GWCF College Scholarship 2023,Submitted; Complete; Complete,Denied, , , , , , , , , , , , , , , , , , , , , , , , , , , , , , , ,Burhaan,Stanley
GWCF College Scholarship 2023,Submitted; Complete; Complete,Denied, , , , , , , , , , , , , , , , , , , , , , , , , , , , , , , ,Daizha,Khatanbaatar
GWCF College Scholarship 2023,Submitted; Complete; Complete,Denied, , , , , , , , , , , , , , , , , , , , , , , , , , , , , , , ,Theodora,Newman
GWCF College Scholarship 2023,Submitted; Complete; Complete,Denied, , , , , , , , , , , , , , , , , , , , , , , , , , , , , , , ,Sadi,Skells
GWCF College Scholarship 2023,Submitted; Complete; Complete,Denied, , , , , , , , , , , , , , , , , , , , , , , , , , , , , , , ,Kianna,Gamez
GWCF College Scholarship 2023,Submitted; Complete; Complete,Denied, , , , , , , , , , , , , , , , , , , , , , , , , , , , , , , ,Miriah,al-Rashed
GWCF College Scholarship 2023,Submitted; Complete; Complete; Complete; Complete; Complete; Complete; Complete,Denied, , , , , , , , , , , , , , , , , , , , , , , , , , , ,Georgia State University; Georgia State University, , , ,Cesar,al-Ismael
GWCF College Scholarship 2023,Submitted; Complete; Complete; Complete,Denied, , , , , , , , , , , , , , , , , , , , , , , , , , , , , , , ,Fernanda,Leamons
GWCF College Scholarship 2023,Submitted; Complete; Complete; Complete,Denied, , , , , , , , , , , , , , , , , , , , , , , , , , , , , , , ,Ivan,Deleon-Rodriguez
GWCF College Scholarship 2023,Submitted; Complete; Complete,Denied, , , , , , , , , , , , , , , , , , , , , , , , , , , , , , , ,Jereek,Fajardo
GWCF College Scholarship 2023,Submitted; Complete; Complete,Denied, , , , , , , , , , , , , , , , , , , , , , , , , , , , , , , ,Mutasim,Temaat
GWCF College Scholarship 2023,Submitted; Complete; Complete,Denied, , , , , , , , , , , , , , , , , , , , , , , , , , , , , , , ,Chiana,Lowe
GWCF College Scholarship 2023,Submitted; Complete; Complete,Denied, , , , , , , , , , , , , , , , , , , , , , , , , , , , , , , ,Rashawnya,English
GWCF College Scholarship 2023,Submitted; Complete; Complete,Denied, , , , , , , , , , , , , , , , , , , , , , , , , , , , , , , ,Jaelyn,Carlson
GWCF College Scholarship 2023,Submitted; Complete; Complete,Denied, , , , , , , , , , , , , , , , , , , , , , , , , , , , , , , ,Jaelyn,Omerovic
GWCF College Scholarship 2023,Submitted; Complete; Complete,Denied, , , , , , , , , , , , , , , , , , , , , , , , , , , , , , , ,Enrico,Montgomery
GWCF College Scholarship 2023,Submitted; Complete; Complete,Denied, , , , , , , , , , , , , , , , , , , , , , , , , , , , , , , ,Jonet,Bachler
GWCF College Scholarship 2023,Submitted; Complete; Complete,Denied, , , , , , , , , , , , , , , , , , , , , , , , , , , , , , , ,India,Encinias
GWCF College Scholarship 2023,Submitted; Complete; Complete; Complete,Denied, , , , , , , , , , , , , , , , , , , , , , , , , , , , , , , ,Isiah,Day
GWCF College Scholarship 2023,Submitted; Complete; Complete; Complete,Denied, , , , , , , , , , , , , , , , , , , , , , , , , , , , , , , ,Stevon,Alderete
GWCF College Scholarship 2023,Submitted; Complete; Complete,Denied, , , , , , , , , , , , , , , , , , , , , , , , , , , , , , , ,Damione,Wauer
GWCF College Scholarship 2023,Submitted; Complete; Complete; Complete; Complete; Complete; Complete; Complete,Denied, , , , , , , , , , , , , , , , , , , , , , , , , , , ,University of Massachusetts at Amherst; University of Massachusetts at Amherst, , , ,Sahara,Vargas Villalba
GWCF College Scholarship 2023,Submitted; Complete; Complete,Denied, , , , , , , , , , , , , , , , , , , , , , , , , , , , , , , ,Christine,Lastrella
GWCF College Scholarship 2023,Submitted; Complete; Complete,Denied, , , , , , , , , , , , , , , , , , , , , , , , , , , , , , , ,Hamdoona,Hyden-Terry
GWCF College Scholarship 2023,Submitted; Complete; Complete,Denied, , , , , , , , , , , , , , , , , , , , , , , , , , , , , , , ,Sherman,Munguia
GWCF College Scholarship 2023,Submitted; Complete; Complete,Denied, , , , , , , , , , , , , , , , , , , , , , , , , , , , , , , ,Shawnia,Loftis
GWCF College Scholarship 2023,Submitted; Complete; Complete,Denied, , , , , , , , , , , , , , , , , , , , , , , , , , , , , , , ,Subhi,Satterfield
GWCF College Scholarship 2023,Submitted; Complete; Complete; Complete,Denied, , , , , , , , , , , , , , , , , , , , , , , , , , , , , , , ,Dean,Huerta
GWCF College Scholarship 2023,Submitted; Complete; Complete,Denied, , , , , , , , , , , , , , , , , , , , , , , , , , , , , , , ,Tediana,Zeigler
GWCF College Scholarship 2023,Submitted; Complete; Complete,Denied, , , , , , , , , , , , , , , , , , , , , , , , , , , , , , , ,Travonta,Balderas Aguilar
GWCF College Scholarship 2023,Submitted; Complete; Complete,Denied, , , , , , , , , , , , , , , , , , , , , , , , , , , , , , , ,Tyrelle,Almeda
GWCF College Scholarship 2023,Submitted; Complete; Complete,Denied, , , , , , , , , , , , , , , , , , , , , , , , , , , , , , , ,Naaifa,Cleavenger
GWCF College Scholarship 2023,Submitted; Complete; Complete; Complete,Denied, , , , , , , , , , , , , , , , , , , , , , , , , , , , , , , ,Reagan,Dymek
GWCF College Scholarship 2023,Submitted; Complete; Complete,Denied, , , , , , , , , , , , , , , , , , , , , , , , , , , , , , , ,Munisa,Cohen-Wilson
GWCF College Scholarship 2023,Submitted; Complete; Complete,Denied, , , , , , , , , , , , , , , , , , , , , , , , , , , , , , , ,Alex,Caballero
GWCF College Scholarship 2023,Submitted; Complete; Complete,Denied, , , , , , , , , , , , , , , , , , , , , , , , , , , , , , , ,Azamat,Stice
GWCF College Scholarship 2023,Submitted; Complete; Complete,Denied, , , , , , , , , , , , , , , , , , , , , , , , , , , , , , , ,Christine,Warsame
GWCF College Scholarship 2023,Submitted; Complete; Complete,Denied, , , , , , , , , , , , , , , , , , , , , , , , , , , , , , , ,"Jam,Aan",Barlow
GWCF College Scholarship 2023,Submitted; Complete; Complete,Denied, , , , , , , , , , , , , , , , , , , , , , , , , , , , , , , ,Andy,Hren
GWCF College Scholarship 2023,Submitted; Complete; Complete,Denied, , , , , , , , , , , , , , , , , , , , , , , , , , , , , , , ,Humaina,Dandridge
GWCF College Scholarship 2023,Submitted; Complete; Complete; Complete; Complete; Complete; Complete; Complete,Denied, , , , , , , , , , , , , , , , , , , , , , , , , , , ,Other; Other,Fashion Institute of Technology ; FIT, , ,Karan,Gandarilla
GWCF College Scholarship 2023,Submitted; Complete; Complete,Denied, , , , , , , , , , , , , , , , , , , , , , , , , , , , , , , ,Tevin,al-Hariri
GWCF College Scholarship 2023,Submitted; Complete; Complete,Denied, , , , , , , , , , , , , , , , , , , , , , , , , , , , , , , ,Alina,Baird
GWCF College Scholarship 2023,Submitted; Complete; Complete,Denied, , , , , , , , , , , , , , , , , , , , , , , , , , , , , , , ,Shabeeba,Tarr
GWCF College Scholarship 2023,Submitted; Complete; Complete,Denied, , , , , , , , , , , , , , , , , , , , , , , , , , , , , , , ,Abdul Noor,Stryker
GWCF College Scholarship 2023,Submitted; Complete; Complete; Complete; Complete; Complete; Complete; Complete,Denied, , , , , , , , , , , , , , , , , , , , , , , , , , , ,Endicott College; Endicott College, , , ,Michalyn,Nunn
GWCF College Scholarship 2023,Submitted; Complete; Complete,Denied, , , , , , , , , , , , , , , , , , , , , , , , , , , , , , , ,Monique,Minter
GWCF College Scholarship 2023,Submitted; Complete; Complete,Denied, , , , , , , , , , , , , , , , , , , , , , , , , , , , , , , ,Miqdaad,Torain
GWCF College Scholarship 2023,Submitted; Complete; Complete,Denied, , , , , , , , , , , , , , , , , , , , , , , , , , , , , , , ,Roderick,Chavira-Delgado
GWCF College Scholarship 2023,Submitted; Complete; Complete,Denied, , , , , , , , , , , , , , , , , , , , , , , , , , , , , , , ,Karlina,Punzal
GWCF College Scholarship 2023,Submitted; Complete; Complete,Denied, , , , , , , , , , , , , , , , , , , , , , , , , , , , , , , ,Wisaam,Bass
GWCF College Scholarship 2023,Submitted; Complete; Complete; Complete,Denied, , , , , , , , , , , , , , , , , , , , , , , , , , , , , , , ,Fawzia,Wingo
GWCF College Scholarship 2023,Submitted; Complete; Complete,Denied, , , , , , , , , , , , , , , , , , , , , , , , , , , , , , , ,Africa,al-Farman
GWCF College Scholarship 2023,Submitted; Complete; Complete,Denied, , , , , , , , , , , , , , , , , , , , , , , , , , , , , , , ,Shabeeba,Marquardt
GWCF College Scholarship 2023,Submitted; Complete; Complete,Denied, , , , , , , , , , , , , , , , , , , , , , , , , , , , , , , ,Julien,Chavez Salvador
GWCF College Scholarship 2023,Submitted; Complete; Complete,Denied, , , , , , , , , , , , , , , , , , , , , , , , , , , , , , , ,Shayla,al-Sylla
GWCF College Scholarship 2023,Submitted; Submitted; Complete,Denied, , , , , , , , , , , , , , , , , , , , , , , , , , , , , , , ,Tyrelle,Hermanson
GWCF College Scholarship 2023,Submitted; Complete; Complete; Complete; Complete; Complete; Complete; Complete,Denied, , , , , , , , , , , , , , , , , , , , , , , , , , , ,Hamilton College; Hamilton College, , , ,My,Castorena
GWCF College Scholarship 2023,Submitted; Complete; Complete,Denied, , , , , , , , , , , , , , , , , , , , , , , , , , , , , , , ,Danny,Miera
GWCF College Scholarship 2023,Submitted; Complete; Complete; Complete,Denied, , , , , , , , , , , , , , , , , , , , , , , , , , , , , , , ,Sokdaney,Blitzer
GWCF College Scholarship 2023,Submitted; Complete; Complete,Denied, , , , , , , , , , , , , , , , , , , , , , , , , , , , , , , ,Insaaf,Neithercut
GWCF College Scholarship 2023,Submitted; Complete; Complete,Denied, , , , , , , , , , , , , , , , , , , , , , , , , , , , , , , ,Westley,Rovik
GWCF College Scholarship 2023,Submitted; Complete; Complete,Denied, , , , , , , , , , , , , , , , , , , , , , , , , , , , , , , ,Roger,Boles
GWCF College Scholarship 2023,Submitted; Complete; Complete,Denied, , , , , , , , , , , , , , , , , , , , , , , , , , , , , , , ,Munisa,Montoya
GWCF College Scholarship 2023,Submitted; Complete; Complete; Complete; Complete; Complete; Complete; Complete,Denied, , , , , , , , , , , , , , , , , , , , , , , , , , , ,Boston University; Boston University, , , ,Magdalena,Gaskins
GWCF College Scholarship 2023,Submitted; Complete; Complete; Complete; Complete; Complete; Complete; Complete,Denied, , , , , , , , , , , , , , , , , , , , , , , , , , , ,Massachusetts Institute of Technology; Massachusetts Institute of Technology, , , ,Koji,el-Kazemi
GWCF College Scholarship 2023,Submitted; Complete; Complete,Denied, , , , , , , , , , , , , , , , , , , , , , , , , , , , , , , ,Rahma,Khan
GWCF College Scholarship 2023,Submitted; Complete; Complete,Denied, , , , , , , , , , , , , , , , , , , , , , , , , , , , , , , ,Cheyenne,Nicholl
GWCF College Scholarship 2023,Submitted; Complete; Complete,Denied, , , , , , , , , , , , , , , , , , , , , , , , , , , , , , , ,My,Santiago
GWCF College Scholarship 2023,Submitted; Complete; Complete,Denied, , , , , , , , , , , , , , , , , , , , , , , , , , , , , , , ,Kaiya,Centeno Leon
GWCF College Scholarship 2023,Submitted; Complete; Complete,Denied, , , , , , , , , , , , , , , , , , , , , , , , , , , , , , , ,Bryce,Krabbe
GWCF College Scholarship 2023,Submitted; Complete; Complete,Denied, , , , , , , , , , , , , , , , , , , , , , , , , , , , , , , ,Jeffery,Sanni
GWCF College Scholarship 2023,Submitted; Complete; Complete,Denied, , , , , , , , , , , , , , , , , , , , , , , , , , , , , , , ,Franklin,Vanduren
GWCF College Scholarship 2023,Submitted; Complete; Complete,Denied, , , , , , , , , , , , , , , , , , , , , , , , , , , , , , , ,Vanya,Khan
GWCF College Scholarship 2023,Submitted; Complete; Complete,Denied, , , , , , , , , , , , , , , , , , , , , , , , , , , , , , , ,Tien,Ehrlich
GWCF College Scholarship 2023,Submitted; Complete; Complete,Denied, , , , , , , , , , , , , , , , , , , , , , , , , , , , , , , ,Kent,el-Zaidi
GWCF College Scholarship 2023,Submitted; Complete; Complete,Denied, , , , , , , , , , , , , , , , , , , , , , , , , , , , , , , ,Janei,Florez
GWCF College Scholarship 2023,Submitted; Complete; Complete,Denied, , , , , , , , , , , , , , , , , , , , , , , , , , , , , , , ,Russell,Peterson
GWCF College Scholarship 2023,Submitted; Complete; Complete,Denied, , , , , , , , , , , , , , , , , , , , , , , , , , , , , , , ,Oniel,Force
GWCF College Scholarship 2023,Submitted; Complete; Complete,Denied, , , , , , , , , , , , , , , , , , , , , , , , , , , , , , , ,Daizha,Claycomb
GWCF College Scholarship 2023,Submitted; Complete; Complete; Complete,Denied, , , , , , , , , , , , , , , , , , , , , , , , , , , , , , , ,Allyson,Zimmerman
GWCF College Scholarship 2023,Submitted; Complete; Complete,Denied, , , , , , , , , , , , , , , , , , , , , , , , , , , , , , , ,Izzaddeen,Feltman
GWCF College Scholarship 2023,Submitted; Complete; Complete,Denied, , , , , , , , , , , , , , , , , , , , , , , , , , , , , , , ,Kabowd,Locust
GWCF College Scholarship 2023,Submitted; Complete; Complete,Denied, , , , , , , , , , , , , , , , , , , , , , , , , , , , , , , ,Kysha,Dagher
GWCF College Scholarship 2023,Submitted; Complete; Complete; Complete,Denied, , , , , , , , , , , , , , , , , , , , , , , , , , , , , , , ,Abhaya,Browning
GWCF College Scholarship 2023,Submitted; Complete; Complete; Complete; Complete; Complete; Complete; Complete,Denied, , , , , , , , , , , , , , , , , , , , , , , , , , , ,University of Massachusetts at Amherst; University of Massachusetts at Amherst, , , ,Muneer,Nevarez
GWCF College Scholarship 2023,Submitted; Complete; Complete,Denied, , , , , , , , , , , , , , , , , , , , , , , , , , , , , , , ,Malynda,Dykstra
GWCF College Scholarship 2023,Submitted; Complete; Complete; Complete,Denied, , , , , , , , , , , , , , , , , , , , , , , , , , , , , , , ,Thong,Shaffer
GWCF General Scholarship 2023,Submitted; Complete; Complete; Complete,Closed,1500, , , , , , , , , , , , , , , , , , , , , , , , , , , , , , ,Isiah,Day
GWCF General Scholarship 2023,Submitted; Complete; Complete; Complete,Closed,1000, , , , , , , , , , , , , , , , , , , , , , , , , , , , , , ,Thong,Shaffer
GWCF General Scholarship 2023,Submitted; Submitted; Complete,Denied, , , , , , , , , , , , , , , , , , , , , , , , , , , , , , , ,Kabowd,Gjurekovec
GWCF General Scholarship 2023,Submitted; Complete; Complete; Complete,Denied, , , , , , , , , , , , , , , , , , , , , , , , , , , , , , , ,Muneefa,Ives
GWCF General Scholarship 2023,Submitted; Complete; Complete,Denied, , , , , , , , , , , , , , , , , , , , , , , , , , , , , , , ,Shayla,Stepter
GWCF General Scholarship 2023,Submitted; Complete; Complete; Complete; Complete; Assigned,Denied, , , , , , , , , , , , , , , , , , , , , , , , , , , ,Assumption University, , , ,Aliyya,Linear
GWCF General Scholarship 2023,Submitted; Complete; Complete,Denied, , , , , , , , , , , , , , , , , , , , , , , , , , , , , , , ,Marcos,Mason
GWCF General Scholarship 2023,Submitted; Complete; Complete; Complete,Denied, , , , , , , , , , , , , , , , , , , , , , , , , , , , , , , ,Kortnee,al-Hariri
GWCF General Scholarship 2023,Submitted; Complete; Complete,Denied, , , , , , , , , , , , , , , , , , , , , , , , , , , , , , , ,Allegra,Strobel
GWCF General Scholarship 2023,Submitted; Complete; Complete; Complete,Denied, , , , , , , , , , , , , , , , , , , , , , , , , , , , , , , ,Miranda,Atolani
GWCF General Scholarship 2023,Submitted; Complete; Complete,Denied, , , , , , , , , , , , , , , , , , , , , , , , , , , , , , , ,K'Sandra,Brunson
GWCF General Scholarship 2023,Submitted; Complete; Complete,Denied, , , , , , , , , , , , , , , , , , , , , , , , , , , , , , , ,Arghavan,Parrilla
GWCF General Scholarship 2023,Submitted; Complete; Complete,Denied, , , , , , , , , , , , , , , , , , , , , , , , , , , , , , , ,Naazil,Centeno
GWCF General Scholarship 2023,Submitted; Complete; Complete; Complete; Complete,Denied, , , , , , , , , , , , , , , , , , , , , , , , , , , , , , , ,Jared,Gordon
GWCF General Scholarship 2023,Submitted; Complete; Complete; Complete,Denied, , , , , , , , , , , , , , , , , , , , , , , , , , , , , , , ,Abdul Haleem,al-Huda
GWCF General Scholarship 2023,Submitted; Complete; Complete; Complete; Complete; Complete; Complete; Assigned,Denied, , , , , , , , , , , , , , , , , , , , , , , , , , , ,Quinsigamond Community College: Business Office, , , ,Richard,Barnabas
GWCF General Scholarship 2023,Submitted; Complete; Complete,Denied, , , , , , , , , , , , , , , , , , , , , , , , , , , , , , , ,Roger,al-Hameed
GWCF General Scholarship 2023,Submitted; Submitted; Complete; Complete,Denied, , , , , , , , , , , , , , , , , , , , , , , , , , , , , , , ,Ana Maria,Molina-Gutierrez
GWCF General Scholarship 2023,Submitted; Complete; Complete,Denied, , , , , , , , , , , , , , , , , , , , , , , , , , , , , , , ,Anasthasia,Vu
GWCF General Scholarship 2023,Submitted; Submitted; Complete,Denied, , , , , , , , , , , , , , , , , , , , , , , , , , , , , , , ,Zaamil,Carolina
GWCF General Scholarship 2023,Submitted; Submitted; Complete,Denied, , , , , , , , , , , , , , , , , , , , , , , , , , , , , , , ,Cynthia,Talbert
GWCF General Scholarship 2023,Submitted; Complete; Complete,Denied, , , , , , , , , , , , , , , , , , , , , , , , , , , , , , , ,Ta,Donaldson
GWCF General Scholarship 2023,Submitted; Complete; Complete,Denied, , , , , , , , , , , , , , , , , , , , , , , , , , , , , , , ,Jordynn,Horta
GWCF General Scholarship 2023,Submitted; Complete; Complete,Denied, , , , , , , , , , , , , , , , , , , , , , , , , , , , , , , ,Mashal,Bardsley
GWCF General Scholarship 2023,Submitted; Submitted; Complete,Denied, , , , , , , , , , , , , , , , , , , , , , , , , , , , , , , ,Halley,Howard
GWCF General Scholarship 2023,Submitted; Complete; Complete,Denied, , , , , , , , , , , , , , , , , , , , , , , , , , , , , , , ,Monique,Tor Agbidye
GWCF General Scholarship 2023,Submitted; Complete; Complete; Complete,Denied, , , , , , , , , , , , , , , , , , , , , , , , , , , , , , , ,Shivani,Bliss
GWCF General Scholarship 2023,Submitted; Complete; Complete,Denied, , , , , , , , , , , , , , , , , , , , , , , , , , , , , , , ,Jadira,Elizalde
GWCF General Scholarship 2023,Submitted; Complete; Complete; Complete; Complete; Complete; Complete; Complete,Denied, , , , , , , , , , , , , , , , , , , , , , , , , , , ,Worcester State University; Worcester State University, , , ,Rod,Shorty
GWCF General Scholarship 2023,Submitted; Complete; Complete; Complete,Denied, , , , , , , , , , , , , , , , , , , , , , , , , , , , , , , ,Kentorra,Bardsley
GWCF General Scholarship 2023,Submitted; Complete; Complete; Complete; Complete,Denied, , , , , , , , , , , , , , , , , , , , , , , , , , , ,Worcester State University, , , ,Latasha,al-Guler
GWCF General Scholarship 2023,Submitted; Complete; Complete,Denied, , , , , , , , , , , , , , , , , , , , , , , , , , , , , , , ,Shaakira,Trembly
GWCF General Scholarship 2023,Submitted; Complete; Complete,Denied, , , , , , , , , , , , , , , , , , , , , , , , , , , , , , , ,Bobbi,Hathaway
GWCF General Scholarship 2023,Submitted; Complete; Complete; Complete,Denied, , , , , , , , , , , , , , , , , , , , , , , , , , , , , , , ,Wyleen,Macasinag
GWCF General Scholarship 2023,Submitted; Complete; Complete; Complete; Complete; Complete; Complete; Complete,Denied, , , , , , , , , , , , , , , , , , , , , , , , , , , ,Suffolk University; Boston College, , , ,Armonno,Mcglothlen
GWCF General Scholarship 2023,Submitted; Complete; Complete,Denied, , , , , , , , , , , , , , , , , , , , , , , , , , , , , , , ,Celine,Wambach
GWCF General Scholarship 2023,Submitted; Complete; Complete; Complete,Denied, , , , , , , , , , , , , , , , , , , , , , , , , , , , , , , ,Orlando,Ordaz
GWCF General Scholarship 2023,Submitted; Complete; Complete,Denied, , , , , , , , , , , , , , , , , , , , , , , , , , , , , , , ,Xai,Womack
GWCF General Scholarship 2023,Submitted; Submitted; Complete,Denied, , , , , , , , , , , , , , , , , , , , , , , , , , , , , , , ,Andres,Blalock
GWCF General Scholarship 2023,Submitted; Complete; Complete; Complete; Complete; Complete; Complete; Complete,Denied, , , , , , , , , , , , , , , , , , , , , , , , , , , ,Massachusetts College of Art and Design; Massachusetts College of Art and Design, , , ,Dayshawn,Griffie
GWCF General Scholarship 2023,Submitted; Complete; Complete,Denied, , , , , , , , , , , , , , , , , , , , , , , , , , , , , , , ,Jalaal,Gaston
GWCF General Scholarship 2023,Submitted; Complete; Complete,Denied, , , , , , , , , , , , , , , , , , , , , , , , , , , , , , , ,Brittney,Carrillo
GWCF General Scholarship 2023,Submitted; Complete; Complete; Complete,Denied, , , , , , , , , , , , , , , , , , , , , , , , , , , , , , , ,Ohitike,Charles
GWCF General Scholarship 2023,Submitted; Complete; Complete; Complete,Denied, , , , , , , , , , , , , , , , , , , , , , , , , , , , , , , ,Leilani,Swimmer
GWCF General Scholarship 2023,Submitted; Complete; Complete,Denied, , , , , , , , , , , , , , , , , , , , , , , , , , , , , , , ,Angel,Arambula
GWCF General Scholarship 2023,Submitted; Complete; Complete,Denied, , , , , , , , , , , , , , , , , , , , , , , , , , , , , , , ,Marvon,Hren
GWCF General Scholarship 2023,Submitted; Complete; Complete,Denied, , , , , , , , , , , , , , , , , , , , , , , , , , , , , , , ,Howe,Trinh
GWCF General Scholarship 2023,Submitted; Complete; Complete,Denied, , , , , , , , , , , , , , , , , , , , , , , , , , , , , , , ,Daizha,Oh
GWCF General Scholarship 2023,Submitted; Complete; Complete,Denied, , , , , , , , , , , , , , , , , , , , , , , , , , , , , , , ,Mufeeda,Tagawa
GWCF General Scholarship 2023,Submitted; Complete; Complete,Denied, , , , , , , , , , , , , , , , , , , , , , , , , , , , , , , ,Xai,Ray
GWCF General Scholarship 2023,Submitted; Complete; Complete,Denied, , , , , , , , , , , , , , , , , , , , , , , , , , , , , , , ,Trina,Atkins
GWCF General Scholarship 2023,Submitted; Complete; Complete,Denied, , , , , , , , , , , , , , , , , , , , , , , , , , , , , , , ,Michiyo,Varela
GWCF General Scholarship 2023,Submitted; Complete; Complete,Denied, , , , , , , , , , , , , , , , , , , , , , , , , , , , , , , ,Monique,Duong
GWCF General Scholarship 2023,Submitted; Complete; Complete,Denied, , , , , , , , , , , , , , , , , , , , , , , , , , , , , , , ,Rosemary,Uhland
GWCF General Scholarship 2023,Submitted; Complete; Complete; Complete; Complete; Complete; Complete; Complete,Denied, , , , , , , , , , , , , , , , , , , , , , , , , , , ,Stonehill College; Stonehill College, , , ,Yadira,Daly
GWCF General Scholarship 2023,Submitted; Complete; Complete,Denied, , , , , , , , , , , , , , , , , , , , , , , , , , , , , , , ,Margaret,Warnes
GWCF General Scholarship 2023,Submitted; Complete; Complete; Complete,Denied, , , , , , , , , , , , , , , , , , , , , , , , , , , , , , , ,Nina,Sprangers
GWCF General Scholarship 2023,Submitted; Complete; Complete,Denied, , , , , , , , , , , , , , , , , , , , , , , , , , , , , , , ,K'Lyn,al-Ibrahim
GWCF General Scholarship 2023,Submitted; Complete; Complete; Complete; Complete; Complete; Complete; Complete,Denied, , , , , , , , , , , , , , , , , , , , , , , , , , , ,Gordon College; Gordon College, , , ,Jayelin,Rad
GWCF General Scholarship 2023,Submitted; Complete; Complete; Complete,Denied, , , , , , , , , , , , , , , , , , , , , , , , , , , , , , , ,Sushmita,Fognani
GWCF General Scholarship 2023,Submitted; Complete; Complete; Complete; Complete; Complete; Complete; Complete,Denied, , , , , , , , , , , , , , , , , , , , , , , , , , , ,University of Massachusetts at Amherst; University of Massachusetts at Amherst, , , ,Nevin,Shain
GWCF General Scholarship 2023,Submitted; Complete; Complete,Denied, , , , , , , , , , , , , , , , , , , , , , , , , , , , , , , ,Calandra,al-Habib
GWCF General Scholarship 2023,Submitted; Complete; Complete,Denied, , , , , , , , , , , , , , , , , , , , , , , , , , , , , , , ,Sierra,Puckett
GWCF General Scholarship 2023,Submitted; Submitted; Complete,Denied, , , , , , , , , , , , , , , , , , , , , , , , , , , , , , , ,Stephany,Channel
GWCF General Scholarship 2023,Submitted; Complete; Complete,Denied, , , , , , , , , , , , , , , , , , , , , , , , , , , , , , , ,Shanya,Mathukumilli
GWCF General Scholarship 2023,Submitted; Complete; Complete,Denied, , , , , , , , , , , , , , , , , , , , , , , , , , , , , , , ,Ihaab,Slowman
GWCF General Scholarship 2023,Submitted; Complete; Complete,Denied, , , , , , , , , , , , , , , , , , , , , , , , , , , , , , , ,Theodora,Wells
GWCF General Scholarship 2023,Submitted; Complete; Complete,Denied, , , , , , , , , , , , , , , , , , , , , , , , , , , , , , , ,Picabo,Brandon
GWCF General Scholarship 2023,Submitted; Complete; Complete; Complete; Complete; Complete,Denied, , , , , , , , , , , , , , , , , , , , , , , , , , , ,Worcester State University; Worcester State University, , , ,Muhjar,Hart
GWCF General Scholarship 2023,Submitted; Complete; Complete; Complete,Denied, , , , , , , , , , , , , , , , , , , , , , , , , , , , , , , ,Sumbula,Roman-Cervantes
GWCF General Scholarship 2023,Submitted; Complete; Complete,Denied, , , , , , , , , , , , , , , , , , , , , , , , , , , , , , , ,Mashal,Domingo
GWCF General Scholarship 2023,Submitted; Complete; Complete; Complete,Denied, , , , , , , , , , , , , , , , , , , , , , , , , , , , , , , ,Lavies,Ruska
GWCF General Scholarship 2023,Submitted; Complete; Complete; Complete; Complete; Complete; Complete; Complete,Denied, , , , , , , , , , , , , , , , , , , , , , , , , , , ,Providence College; Providence College, , , ,Matias,Herrington
GWCF General Scholarship 2023,Submitted; Complete; Complete,Denied, , , , , , , , , , , , , , , , , , , , , , , , , , , , , , , ,Abdul Noor,al-Sharifi
GWCF General Scholarship 2023,Submitted; Complete; Complete,Denied, , , , , , , , , , , , , , , , , , , , , , , , , , , , , , , ,D'Mitri,el-Nasr
GWCF General Scholarship 2023,Submitted; Complete; Complete; Complete,Denied, , , , , , , , , , , , , , , , , , , , , , , , , , , , , , , ,Faai Z,Nye
GWCF General Scholarship 2023,Submitted; Complete; Complete,Denied, , , , , , , , , , , , , , , , , , , , , , , , , , , , , , , ,Fawzia,al-Elamin
GWCF General Scholarship 2023,Submitted; Complete; Complete,Denied, , , , , , , , , , , , , , , , , , , , , , , , , , , , , , , ,Matia,Bak
GWCF General Scholarship 2023,Submitted; Complete; Complete,Denied, , , , , , , , , , , , , , , , , , , , , , , , , , , , , , , ,Picabo,Richardson
GWCF General Scholarship 2023,Submitted; Complete; Complete; Complete,Denied, , , , , , , , , , , , , , , , , , , , , , , , , , , , , , , ,Brendon,Channel
GWCF General Scholarship 2023,Submitted; Complete; Complete; Complete; Complete; Complete; Complete; Complete,Denied, , , , , , , , , , , , , , , , , , , , , , , , , , , ,Worcester Polytechnic Institute; Worcester Polytechnic Institute, , , ,Jathan,Kaiser
GWCF General Scholarship 2023,Submitted; Complete; Complete,Denied, , , , , , , , , , , , , , , , , , , , , , , , , , , , , , , ,Jeffrey,Buehler
GWCF General Scholarship 2023,Submitted; Complete; Complete; Complete,Denied, , , , , , , , , , , , , , , , , , , , , , , , , , , , , , , ,Victor,Ma
GWCF General Scholarship 2023,Submitted; Complete; Complete; Complete; Complete; Complete; Complete; Complete,Denied, , , , , , , , , , , , , , , , , , , , , , , , , , , ,Other; Other,Carnegie Mellon University; Carnegie Mellon University, , ,Hamad,el-Kader
GWCF General Scholarship 2023,Submitted; Complete; Complete; Complete; Complete; Complete; Complete; Complete,Denied, , , , , , , , , , , , , , , , , , , , , , , , , , , ,MCPHS University; MCPHS University, , , ,Raheema,Amgalanbayar
GWCF General Scholarship 2023,Submitted; Complete; Complete; Complete,Denied, , , , , , , , , , , , , , , , , , , , , , , , , , , , , , , ,Mychael,Halberg
GWCF General Scholarship 2023,Submitted; Complete; Complete; Complete,Denied, , , , , , , , , , , , , , , , , , , , , , , , , , , , , , , ,Steve,el-Kader
GWCF General Scholarship 2023,Submitted; Complete; Complete; Complete; Complete; Complete; Complete; Complete,Denied, , , , , , , , , , , , , , , , , , , , , , , , , , , ,Bridgewater State University; Bridgewater State University, , , ,Pate,el-Abraham
GWCF General Scholarship 2023,Submitted; Complete; Complete; Complete,Denied, , , , , , , , , , , , , , , , , , , , , , , , , , , , , , , ,Kalleb,Balogh
GWCF General Scholarship 2023,Submitted; Complete; Complete; Complete; Complete; Complete; Complete; Complete,Denied, , , , , , , , , , , , , , , , , , , , , , , , , , , ,Assumption University; Assumption University, , , ,Losol,Senior
GWCF General Scholarship 2023,Submitted; Complete; Complete,Denied, , , , , , , , , , , , , , , , , , , , , , , , , , , , , , , ,Mahbooba,al-Shaikh
GWCF General Scholarship 2023,Submitted; Complete; Complete,Denied, , , , , , , , , , , , , , , , , , , , , , , , , , , , , , , ,Julie,Haroon
GWCF General Scholarship 2023,Submitted; Complete; Complete; Complete; Complete; Complete; Complete; Complete,Denied, , , , , , , , , , , , , , , , , , , , , , , , , , , ,Boston University; Boston University, , , ,Xavia,Mccarty
GWCF General Scholarship 2023,Submitted; Complete; Complete,Denied, , , , , , , , , , , , , , , , , , , , , , , , , , , , , , , ,Taqi,Tuiolosega
GWCF General Scholarship 2023,Submitted; Complete; Complete,Denied, , , , , , , , , , , , , , , , , , , , , , , , , , , , , , , ,Sterling,Tong
GWCF General Scholarship 2023,Submitted; Complete; Complete,Denied, , , , , , , , , , , , , , , , , , , , , , , , , , , , , , , ,Kristal,al-Ismael
GWCF General Scholarship 2023,Submitted; Complete; Complete; Complete; Complete; Complete; Complete; Complete,Denied, , , , , , , , , , , , , , , , , , , , , , , , , , , ,Boston University; Boston University, , , ,Mi,Wands
GWCF General Scholarship 2023,Submitted; Complete; Complete,Denied, , , , , , , , , , , , , , , , , , , , , , , , , , , , , , , ,Suhaa,Hillsmon
GWCF General Scholarship 2023,Submitted; Complete; Complete; Complete,Denied, , , , , , , , , , , , , , , , , , , , , , , , , , , , , , , ,Ana Maria,Salihi
GWCF General Scholarship 2023,Submitted; Complete; Complete,Denied, , , , , , , , , , , , , , , , , , , , , , , , , , , , , , , ,Maegan,el-Mohiuddin
GWCF General Scholarship 2023,Submitted; Complete; Complete; Complete; Complete; Complete; Complete; Complete,Denied, , , , , , , , , , , , , , , , , , , , , , , , , , , ,Anna Maria College; Anna Maria College, , , ,Ace,Tagawa
GWCF General Scholarship 2023,Submitted; Complete; Complete,Denied, , , , , , , , , , , , , , , , , , , , , , , , , , , , , , , ,Abraham,Embry
GWCF General Scholarship 2023,Submitted; Complete; Complete; Complete,Denied, , , , , , , , , , , , , , , , , , , , , , , , , , , , , , , ,Kitana,Ault
GWCF General Scholarship 2023,Submitted; Complete; Complete,Denied, , , , , , , , , , , , , , , , , , , , , , , , , , , , , , , ,Juanita,Oakley
GWCF General Scholarship 2023,Submitted; Complete; Complete,Denied, , , , , , , , , , , , , , , , , , , , , , , , , , , , , , , ,Jaymie Leigh,Mamdu
GWCF General Scholarship 2023,Submitted; Complete; Complete,Denied, , , , , , , , , , , , , , , , , , , , , , , , , , , , , , , ,Simcha,Isaac Jackson
GWCF General Scholarship 2023,Submitted; Complete; Complete; Complete; Complete; Complete; Complete; Complete,Denied, , , , , , , , , , , , , , , , , , , , , , , , , , , ,University of Pennsylvania; University of Pennsylvania, , , ,Angela,al-Hariri
GWCF General Scholarship 2023,Submitted; Complete; Complete,Denied, , , , , , , , , , , , , , , , , , , , , , , , , , , , , , , ,Wisaam,Roybal
GWCF General Scholarship 2023,Submitted; Complete; Complete; Complete; Complete; Complete; Complete; Complete,Denied, , , , , , , , , , , , , , , , , , , , , , , , , , , ,Bentley University; Bentley University, , , ,Konda,al-Hariri
GWCF General Scholarship 2023,Submitted; Complete; Complete; Complete; Complete; Complete; Complete; Complete,Denied, , , , , , , , , , , , , , , , , , , , , , , , , , , ,University of Massachusetts at Amherst; University of Massachusetts at Amherst, , , ,Dequanda,Jenkins
GWCF General Scholarship 2023,Submitted; Complete; Complete; Complete,Denied, , , , , , , , , , , , , , , , , , , , , , , , , , , , , , , ,Edwin,Jackson
GWCF General Scholarship 2023,Submitted; Complete; Complete,Denied, , , , , , , , , , , , , , , , , , , , , , , , , , , , , , , ,Nahom,Koerner
GWCF General Scholarship 2023,Submitted; Submitted; Complete,Denied, , , , , , , , , , , , , , , , , , , , , , , , , , , , , , , ,Naaifa,Dellacroce
GWCF General Scholarship 2023,Submitted; Complete; Complete; Complete,Denied, , , , , , , , , , , , , , , , , , , , , , , , , , , , , , , ,Qaasim,Delgado
GWCF General Scholarship 2023,Submitted; Complete; Complete; Complete,Denied, , , , , , , , , , , , , , , , , , , , , , , , , , , , , , , ,Howard,Dickey
GWCF General Scholarship 2023,Submitted; Complete; Complete; Complete,Denied, , , , , , , , , , , , , , , , , , , , , , , , , , , , , , , ,Andi,Stark
GWCF General Scholarship 2023,Submitted; Complete; Complete,Denied, , , , , , , , , , , , , , , , , , , , , , , , , , , , , , , ,Lauren,Lillie
GWCF General Scholarship 2023,Submitted; Complete; Complete; Complete; Complete; Complete; Complete; Complete,Denied, , , , , , , , , , , , , , , , , , , , , , , , , , , ,Worcester State University; Worcester State University, , , ,Abhaya,Macias Flores
GWCF General Scholarship 2023,Submitted; Complete; Complete; Complete,Denied, , , , , , , , , , , , , , , , , , , , , , , , , , , , , , , ,Heather,Cruise
GWCF General Scholarship 2023,Submitted; Complete; Complete,Denied, , , , , , , , , , , , , , , , , , , , , , , , , , , , , , , ,Mikala,Christensen
GWCF General Scholarship 2023,Submitted; Submitted; Complete,Denied, , , , , , , , , , , , , , , , , , , , , , , , , , , , , , , ,Prodeo,Gookin
GWCF General Scholarship 2023,Submitted; Complete; Complete,Denied, , , , , , , , , , , , , , , , , , , , , , , , , , , , , , , ,Ekom,Rosales
GWCF General Scholarship 2023,Submitted; Complete; Complete,Denied, , , , , , , , , , , , , , , , , , , , , , , , , , , , , , , ,Elisabeth,Glynn
GWCF General Scholarship 2023,Submitted; Complete; Complete; Complete; Complete; Complete; Complete; Complete,Denied, , , , , , , , , , , , , , , , , , , , , , , , , , , ,University of Michigan at Ann Arbor; University of Michigan at Ann Arbor, , , ,Roger,el-Masri
GWCF General Scholarship 2023,Submitted; Complete; Complete; Complete,Denied, , , , , , , , , , , , , , , , , , , , , , , , , , , , , , , ,Akeem,Rodrukkwun
GWCF General Scholarship 2023,Submitted; Complete; Complete,Denied, , , , , , , , , , , , , , , , , , , , , , , , , , , , , , , ,Izzat,Heidrich
GWCF General Scholarship 2023,Submitted; Complete; Complete; Complete; Complete; Complete; Complete; Complete,Denied, , , , , , , , , , , , , , , , , , , , , , , , , , , ,Other; Other,Columbia University ; Columbia University in the City of N.Y.C., , ,Dezmond,Michell
GWCF General Scholarship 2023,Submitted; Complete; Complete; Complete,Denied, , , , , , , , , , , , , , , , , , , , , , , , , , , , , , , ,Jyotshal,al-Selim
GWCF General Scholarship 2023,Submitted; Complete; Complete; Complete; Complete; Complete; Complete; Complete,Denied, , , , , , , , , , , , , , , , , , , , , , , , , , , ,Other; Other,Northwestern University; Northwestern University, , ,Tamanna,Larez
GWCF General Scholarship 2023,Submitted; Complete; Complete; Complete; Complete; Complete; Complete; Complete,Denied, , , , , , , , , , , , , , , , , , , , , , , , , , , ,Boston College; Boston College, , , ,Murshid,el-Mohammadi
GWCF General Scholarship 2023,Submitted; Complete; Complete,Denied, , , , , , , , , , , , , , , , , , , , , , , , , , , , , , , ,Dajon,Mekonnen
GWCF General Scholarship 2023,Submitted; Complete; Complete,Denied, , , , , , , , , , , , , , , , , , , , , , , , , , , , , , , ,Shirley,al-Hariri
GWCF General Scholarship 2023,Submitted; Complete; Complete,Denied, , , , , , , , , , , , , , , , , , , , , , , , , , , , , , , ,Daizha,Khatanbaatar
GWCF General Scholarship 2023,Submitted; Complete; Complete; Complete; Complete; Complete; Complete; Complete,Denied, , , , , , , , , , , , , , , , , , , , , , , , , , , ,Georgia State University; Georgia State University, , , ,Cesar,al-Ismael
GWCF General Scholarship 2023,Submitted; Complete; Complete; Complete,Denied, , , , , , , , , , , , , , , , , , , , , , , , , , , , , , , ,Fernanda,Leamons
GWCF General Scholarship 2023,Submitted; Complete; Complete,Denied, , , , , , , , , , , , , , , , , , , , , , , , , , , , , , , ,Christine,Lastrella
GWCF General Scholarship 2023,Submitted; Complete; Complete; Complete,Denied, , , , , , , , , , , , , , , , , , , , , , , , , , , , , , , ,Dean,Huerta
GWCF General Scholarship 2023,Submitted; Complete; Complete,Denied, , , , , , , , , , , , , , , , , , , , , , , , , , , , , , , ,Travonta,Balderas Aguilar
GWCF General Scholarship 2023,Submitted; Complete; Complete,Denied, , , , , , , , , , , , , , , , , , , , , , , , , , , , , , , ,Naaifa,Cleavenger
GWCF General Scholarship 2023,Submitted; Complete; Complete,Denied, , , , , , , , , , , , , , , , , , , , , , , , , , , , , , , ,Andy,Hren
GWCF General Scholarship 2023,Submitted; Complete; Complete; Complete; Complete; Complete; Complete; Complete,Denied, , , , , , , , , , , , , , , , , , , , , , , , , , , ,Other; Other,Fashion Institute of Technology ; FIT, , ,Karan,Gandarilla
GWCF General Scholarship 2023,Submitted; Complete; Complete,Denied, , , , , , , , , , , , , , , , , , , , , , , , , , , , , , , ,Alina,Baird
GWCF General Scholarship 2023,Submitted; Complete; Complete,Denied, , , , , , , , , , , , , , , , , , , , , , , , , , , , , , , ,Miqdaad,Torain
GWCF General Scholarship 2023,Submitted; Complete; Complete,Denied, , , , , , , , , , , , , , , , , , , , , , , , , , , , , , , ,Roderick,Chavira-Delgado
GWCF General Scholarship 2023,Submitted; Complete; Complete,Denied, , , , , , , , , , , , , , , , , , , , , , , , , , , , , , , ,Karlina,Punzal
GWCF General Scholarship 2023,Submitted; Complete; Complete; Complete,Denied, , , , , , , , , , , , , , , , , , , , , , , , , , , , , , , ,Fawzia,Wingo
GWCF General Scholarship 2023,Submitted; Complete; Complete,Denied, , , , , , , , , , , , , , , , , , , , , , , , , , , , , , , ,Africa,al-Farman
GWCF General Scholarship 2023,Submitted; Complete; Complete,Denied, , , , , , , , , , , , , , , , , , , , , , , , , , , , , , , ,Westley,Rovik
GWCF General Scholarship 2023,Submitted; Complete; Complete; Complete; Complete; Complete; Complete; Complete,Denied, , , , , , , , , , , , , , , , , , , , , , , , , , , ,Boston University; Boston University, , , ,Magdalena,Gaskins
GWCF General Scholarship 2023,Submitted; Complete; Complete,Denied, , , , , , , , , , , , , , , , , , , , , , , , , , , , , , , ,Kaiya,Centeno Leon
GWCF General Scholarship 2023,Submitted; Complete; Complete,Denied, , , , , , , , , , , , , , , , , , , , , , , , , , , , , , , ,Bryce,Krabbe
GWCF General Scholarship 2023,Submitted; Complete; Complete,Denied, , , , , , , , , , , , , , , , , , , , , , , , , , , , , , , ,Izzaddeen,Feltman
GWCF General Scholarship 2023,Submitted; Complete; Complete; Complete; Complete; Complete; Complete; Complete,Follow Up(s) Assigned,2000, , , , , , , , , , , , , , , , , , , , , , , , , , ,Massachusetts Institute of Technology; Massachusetts Institute of Technology, , , ,Koji,el-Kazemi
Harold R. Jensen Memorial Scholarship 2023,Submitted; Complete; Complete; Complete,Closed,1600, , , , , , , , , , , , , , , , , , , , , , , , , , , , , , ,Muneefa,Ives
Harold R. Jensen Memorial Scholarship 2023,Submitted; Complete; Complete; Complete,Closed,1600, , , , , , , , , , , , , , , , , , , , , , , , , , , , , , ,Jovon,al-Shehata
Harold R. Jensen Memorial Scholarship 2023,Submitted; Complete; Complete; Complete,Closed,1600, , , , , , , , , , , , , , , , , , , , , , , , , , , , , , ,Abdul Haleem,al-Huda
Harold R. Jensen Memorial Scholarship 2023,Submitted; Complete; Complete; Complete,Closed,1600, , , , , , , , , , , , , , , , , , , , , , , , , , , , , , ,Manaara,Ayers
Harold R. Jensen Memorial Scholarship 2023,Submitted; Complete; Complete; Complete,Closed,1600, , , , , , , , , , , , , , , , , , , , , , , , , , , , , , ,Orlando,Ordaz
Harold R. Jensen Memorial Scholarship 2023,Submitted; Complete; Complete; Complete,Closed,1600, , , , , , , , , , , , , , , , , , , , , , , , , , , , , , ,Emilio,Flint
Harold R. Jensen Memorial Scholarship 2023,Submitted; Complete; Complete; Complete,Closed,1600, , , , , , , , , , , , , , , , , , , , , , , , , , , , , , ,Idrianna,Manlove
Harold R. Jensen Memorial Scholarship 2023,Submitted; Complete; Complete; Complete,Closed,1600, , , , , , , , , , , , , , , , , , , , , , , , , , , , , , ,Marcanthony,Good Wind
Harold R. Jensen Memorial Scholarship 2023,Submitted; Complete; Complete; Complete,Closed,1600, , , , , , , , , , , , , , , , , , , , , , , , , , , , , , ,Nina,Sprangers
Harold R. Jensen Memorial Scholarship 2023,Submitted; Complete; Complete; Complete,Closed,1600, , , , , , , , , , , , , , , , , , , , , , , , , , , , , , ,Sushmita,Fognani
Harold R. Jensen Memorial Scholarship 2023,Submitted; Complete; Complete; Complete,Closed,1600, , , , , , , , , , , , , , , , , , , , , , , , , , , , , , ,Azhaar,Sparks
Harold R. Jensen Memorial Scholarship 2023,Submitted; Complete; Complete; Complete,Closed,1600, , , , , , , , , , , , , , , , , , , , , , , , , , , , , , ,Camrey,al-Khalili
Harold R. Jensen Memorial Scholarship 2023,Submitted; Complete; Complete; Complete,Closed,1600, , , , , , , , , , , , , , , , , , , , , , , , , , , , , , ,Mutadi,al-Salek
Harold R. Jensen Memorial Scholarship 2023,Submitted; Complete; Complete; Complete,Closed,1600, , , , , , , , , , , , , , , , , , , , , , , , , , , , , , ,Miles,Butler
Harold R. Jensen Memorial Scholarship 2023,Submitted; Complete; Complete; Complete,Closed,3000, , , , , , , , , , , , , , , , , , , , , , , , , , , , , , ,Sumbula,Roman-Cervantes
Harold R. Jensen Memorial Scholarship 2023,Submitted; Complete; Complete; Complete,Closed,1600, , , , , , , , , , , , , , , , , , , , , , , , , , , , , , ,Marysa,Vickles
Harold R. Jensen Memorial Scholarship 2023,Submitted; Complete; Complete; Complete,Closed,1600, , , , , , , , , , , , , , , , , , , , , , , , , , , , , , ,Brendon,Channel
Harold R. Jensen Memorial Scholarship 2023,Submitted; Complete; Complete; Complete,Closed,1600, , , , , , , , , , , , , , , , , , , , , , , , , , , , , , ,Alex,O'Neill
Harold R. Jensen Memorial Scholarship 2023,Submitted; Complete; Complete; Complete,Closed,1600, , , , , , , , , , , , , , , , , , , , , , , , , , , , , , ,Victor,Ma
Harold R. Jensen Memorial Scholarship 2023,Submitted; Complete; Complete; Complete,Closed,1600, , , , , , , , , , , , , , , , , , , , , , , , , , , , , , ,Xai,Christensen
Harold R. Jensen Memorial Scholarship 2023,Submitted; Complete; Complete; Complete,Closed,1600, , , , , , , , , , , , , , , , , , , , , , , , , , , , , , ,Mychael,Halberg
Harold R. Jensen Memorial Scholarship 2023,Submitted; Complete; Complete; Complete,Closed,1600, , , , , , , , , , , , , , , , , , , , , , , , , , , , , , ,Howard,Dickey
Harold R. Jensen Memorial Scholarship 2023,Submitted; Complete; Complete; Complete,Closed,1600, , , , , , , , , , , , , , , , , , , , , , , , , , , , , , ,Fernanda,Leamons
Harold R. Jensen Memorial Scholarship 2023,Submitted; Complete; Complete; Complete,Closed,1600, , , , , , , , , , , , , , , , , , , , , , , , , , , , , , ,Ivan,Deleon-Rodriguez
Harold R. Jensen Memorial Scholarship 2023,Submitted; Complete; Complete; Complete,Closed,1600, , , , , , , , , , , , , , , , , , , , , , , , , , , , , , ,Dean,Huerta
Harold R. Jensen Memorial Scholarship 2023,Submitted; Complete; Complete; Complete,Closed,1600, , , , , , , , , , , , , , , , , , , , , , , , , , , , , , ,Abhaya,Browning
Harold R. Jensen Memorial Scholarship 2023,Submitted; Complete; Complete; Complete,Denied, , , , , , , , , , , , , , , , , , , , , , , , , , , , , , , ,Avianha,Behrens
Harold R. Jensen Memorial Scholarship 2023,Submitted; Complete; Complete,Denied, , , , , , , , , , , , , , , , , , , , , , , , , , , , , , , ,Clint,Reyes-Martinez
Harold R. Jensen Memorial Scholarship 2023,Submitted; Complete; Complete; Complete,Denied, , , , , , , , , , , , , , , , , , , , , , , , , , , , , , , ,Najimah,Brandon
Harold R. Jensen Memorial Scholarship 2023,Submitted; Complete; Complete,Denied, , , , , , , , , , , , , , , , , , , , , , , , , , , , , , , ,Shayla,Stepter
Harold R. Jensen Memorial Scholarship 2023,Submitted; Complete; Complete; Complete,Denied, , , , , , , , , , , , , , , , , , , , , , , , , , , , , , , ,Rahma,Rumsey
Harold R. Jensen Memorial Scholarship 2023,Submitted; Complete; Complete,Denied, , , , , , , , , , , , , , , , , , , , , , , , , , , , , , , ,Natelle Rae,Hebda
Harold R. Jensen Memorial Scholarship 2023,Submitted; Complete; Complete,Denied, , , , , , , , , , , , , , , , , , , , , , , , , , , , , , , ,Marcos,Mason
Harold R. Jensen Memorial Scholarship 2023,Submitted; Complete; Complete; Complete,Denied, , , , , , , , , , , , , , , , , , , , , , , , , , , , , , , ,Whitney,Burnett
Harold R. Jensen Memorial Scholarship 2023,Submitted; Complete; Complete; Complete,Denied, , , , , , , , , , , , , , , , , , , , , , , , , , , , , , , ,Kortnee,al-Hariri
Harold R. Jensen Memorial Scholarship 2023,Submitted; Complete; Complete; Complete,Denied, , , , , , , , , , , , , , , , , , , , , , , , , , , , , , , ,Miranda,Atolani
Harold R. Jensen Memorial Scholarship 2023,Submitted; Complete; Complete,Denied, , , , , , , , , , , , , , , , , , , , , , , , , , , , , , , ,Rian,Aldret
Harold R. Jensen Memorial Scholarship 2023,Submitted; Complete; Complete,Denied, , , , , , , , , , , , , , , , , , , , , , , , , , , , , , , ,Gianny,Aker
Harold R. Jensen Memorial Scholarship 2023,Submitted; Complete; Complete,Denied, , , , , , , , , , , , , , , , , , , , , , , , , , , , , , , ,Arghavan,Parrilla
Harold R. Jensen Memorial Scholarship 2023,Submitted; Complete; Complete,Denied, , , , , , , , , , , , , , , , , , , , , , , , , , , , , , , ,Naazil,Centeno
Harold R. Jensen Memorial Scholarship 2023,Submitted; Complete; Complete; Complete; Complete,Denied, , , , , , , , , , , , , , , , , , , , , , , , , , , , , , , ,Jared,Gordon
Harold R. Jensen Memorial Scholarship 2023,Submitted; Complete; Complete; Complete,Denied, , , , , , , , , , , , , , , , , , , , , , , , , , , , , , , ,Shadi,Natonabah
Harold R. Jensen Memorial Scholarship 2023,Submitted; Complete; Complete,Denied, , , , , , , , , , , , , , , , , , , , , , , , , , , , , , , ,Nabeel,Kaeck
Harold R. Jensen Memorial Scholarship 2023,Submitted; Complete; Complete; Complete; Complete; Complete; Complete; Complete,Denied, , , , , , , , , , , , , , , , , , , , , , , , , , , ,Boston College; Boston College, , , ,Saamyya,Brizuela
Harold R. Jensen Memorial Scholarship 2023,Submitted; Complete; Complete,Denied, , , , , , , , , , , , , , , , , , , , , , , , , , , , , , , ,Jyotshal,Amgalanbayar
Harold R. Jensen Memorial Scholarship 2023,Submitted; Complete; Complete,Denied, , , , , , , , , , , , , , , , , , , , , , , , , , , , , , , ,Brandyn,Darity
Harold R. Jensen Memorial Scholarship 2023,Submitted; Complete; Complete; Complete,Denied, , , , , , , , , , , , , , , , , , , , , , , , , , , , , , , ,Shivani,Bliss
Harold R. Jensen Memorial Scholarship 2023,Submitted; Complete; Complete,Denied, , , , , , , , , , , , , , , , , , , , , , , , , , , , , , , ,Jadira,Elizalde
Harold R. Jensen Memorial Scholarship 2023,Submitted; Complete; Complete; Complete; Complete; Complete; Complete,Denied, , , , , , , , , , , , , , , , , , , , , , , , , , , ,Worcester State University, , , ,Abhaya,el-Allee
Harold R. Jensen Memorial Scholarship 2023,Submitted; Complete; Complete; Complete,Denied, , , , , , , , , , , , , , , , , , , , , , , , , , , , , , , ,Kent,Clough
Harold R. Jensen Memorial Scholarship 2023,Submitted; Complete; Complete,Denied, , , , , , , , , , , , , , , , , , , , , , , , , , , , , , , ,Alton,Sage
Harold R. Jensen Memorial Scholarship 2023,Submitted; Complete; Complete,Denied, , , , , , , , , , , , , , , , , , , , , , , , , , , , , , , ,Leisha,el-Salama
Harold R. Jensen Memorial Scholarship 2023,Submitted; Complete; Complete,Denied, , , , , , , , , , , , , , , , , , , , , , , , , , , , , , , ,Bobbi,Hathaway
Harold R. Jensen Memorial Scholarship 2023,Submitted; Complete; Complete; Complete,Denied, , , , , , , , , , , , , , , , , , , , , , , , , , , , , , , ,Wyleen,Macasinag
Harold R. Jensen Memorial Scholarship 2023,Submitted; Complete; Complete,Denied, , , , , , , , , , , , , , , , , , , , , , , , , , , , , , , ,Jyotshal,Hulbert
Harold R. Jensen Memorial Scholarship 2023,Submitted; Complete; Complete,Denied, , , , , , , , , , , , , , , , , , , , , , , , , , , , , , , ,Celine,Wambach
Harold R. Jensen Memorial Scholarship 2023,Submitted; Complete; Complete; Complete; Complete; Complete; Complete; Complete,Denied, , , , , , , , , , , , , , , , , , , , , , , , , , , ,Other; Wentworth Institute of Technology,Wentworth Institute of Technology, , ,Andres,French Thomason
Harold R. Jensen Memorial Scholarship 2023,Submitted; Complete; Complete,Denied, , , , , , , , , , , , , , , , , , , , , , , , , , , , , , , ,Ohitike,Burke
Harold R. Jensen Memorial Scholarship 2023,Submitted; Complete; Complete,Denied, , , , , , , , , , , , , , , , , , , , , , , , , , , , , , , ,My,Burke
Harold R. Jensen Memorial Scholarship 2023,Submitted; Complete; Complete; Complete; Complete; Complete; Complete; Complete,Denied, , , , , , , , , , , , , , , , , , , , , , , , , , , ,Massachusetts College of Art and Design; Massachusetts College of Art and Design, , , ,Dayshawn,Griffie
Harold R. Jensen Memorial Scholarship 2023,Submitted; Complete; Complete; Complete,Denied, , , , , , , , , , , , , , , , , , , , , , , , , , , , , , , ,Leilani,Swimmer
Harold R. Jensen Memorial Scholarship 2023,Submitted; Complete; Complete,Denied, , , , , , , , , , , , , , , , , , , , , , , , , , , , , , , ,Mirza,al-Matar
Harold R. Jensen Memorial Scholarship 2023,Submitted; Complete; Complete; Complete,Denied, , , , , , , , , , , , , , , , , , , , , , , , , , , , , , , ,Qaasim,Retana
Harold R. Jensen Memorial Scholarship 2023,Submitted; Complete; Complete,Denied, , , , , , , , , , , , , , , , , , , , , , , , , , , , , , , ,Khongmong,Majid
Harold R. Jensen Memorial Scholarship 2023,Submitted; Complete; Complete; Complete,Denied, , , , , , , , , , , , , , , , , , , , , , , , , , , , , , , ,Westley,al-Guler
Harold R. Jensen Memorial Scholarship 2023,Submitted; Complete; Complete,Denied, , , , , , , , , , , , , , , , , , , , , , , , , , , , , , , ,Howe,Trinh
Harold R. Jensen Memorial Scholarship 2023,Submitted; Complete; Complete,Denied, , , , , , , , , , , , , , , , , , , , , , , , , , , , , , , ,Brice,Stoops
Harold R. Jensen Memorial Scholarship 2023,Submitted; Complete; Complete,Denied, , , , , , , , , , , , , , , , , , , , , , , , , , , , , , , ,Monique,Duong
Harold R. Jensen Memorial Scholarship 2023,Submitted; Complete; Complete; Complete; Complete; Complete; Complete; Complete,Denied, , , , , , , , , , , , , , , , , , , , , , , , , , , ,Gordon College; Gordon College, , , ,Jayelin,Rad
Harold R. Jensen Memorial Scholarship 2023,Submitted; Complete; Complete,Denied, , , , , , , , , , , , , , , , , , , , , , , , , , , , , , , ,Calandra,al-Habib
Harold R. Jensen Memorial Scholarship 2023,Submitted; Complete; Complete; Complete; Complete; Complete; Complete; Complete,Denied, , , , , , , , , , , , , , , , , , , , , , , , , , , ,Western New England University; Western New England University, , , ,Kaarim,Miller
Harold R. Jensen Memorial Scholarship 2023,Submitted; Complete; Complete; Complete; Complete; Complete; Complete; Complete,Denied, , , , , , , , , , , , , , , , , , , , , , , , , , , ,Boston College; Boston College, , , ,Tiffany,Saidy
Harold R. Jensen Memorial Scholarship 2023,Submitted; Complete; Complete; Complete,Denied, , , , , , , , , , , , , , , , , , , , , , , , , , , , , , , ,Roger,Carrera
Harold R. Jensen Memorial Scholarship 2023,Submitted; Complete; Complete,Denied, , , , , , , , , , , , , , , , , , , , , , , , , , , , , , , ,Jesse,Abdella
Harold R. Jensen Memorial Scholarship 2023,Submitted; Complete; Complete; Complete; Complete; Complete,Denied, , , , , , , , , , , , , , , , , , , , , , , , , , , ,Worcester State University; Worcester State University, , , ,Muhjar,Hart
Harold R. Jensen Memorial Scholarship 2023,Submitted; Complete; Complete,Denied, , , , , , , , , , , , , , , , , , , , , , , , , , , , , , , ,Mashal,Domingo
Harold R. Jensen Memorial Scholarship 2023,Submitted; Complete; Complete; Complete,Denied, , , , , , , , , , , , , , , , , , , , , , , , , , , , , , , ,Lavies,Ruska
Harold R. Jensen Memorial Scholarship 2023,Submitted; Complete; Complete; Complete,Denied, , , , , , , , , , , , , , , , , , , , , , , , , , , , , , , ,Cheno,Yates
Harold R. Jensen Memorial Scholarship 2023,Submitted; Complete; Complete; Complete; Complete; Complete; Complete; Complete,Denied, , , , , , , , , , , , , , , , , , , , , , , , , , , ,Providence College; Providence College, , , ,Matias,Herrington
Harold R. Jensen Memorial Scholarship 2023,Submitted; Complete; Complete; Complete; Complete; Draft,Denied, , , , , , , , , , , , , , , , , , , , , , , , , , , ,University of Massachusetts at Amherst, , , ,Trina,el-Sabet
Harold R. Jensen Memorial Scholarship 2023,Submitted; Complete; Complete,Denied, , , , , , , , , , , , , , , , , , , , , , , , , , , , , , , ,Cole,Sawyer
Harold R. Jensen Memorial Scholarship 2023,Submitted; Complete; Complete; Complete,Denied, , , , , , , , , , , , , , , , , , , , , , , , , , , , , , , ,Faai Z,Nye
Harold R. Jensen Memorial Scholarship 2023,Submitted; Complete; Complete,Denied, , , , , , , , , , , , , , , , , , , , , , , , , , , , , , , ,Kursh,Lovan
Harold R. Jensen Memorial Scholarship 2023,Submitted; Complete; Complete,Denied, , , , , , , , , , , , , , , , , , , , , , , , , , , , , , , ,France,al-Safar
Harold R. Jensen Memorial Scholarship 2023,Submitted; Complete; Complete; Complete,Denied, , , , , , , , , , , , , , , , , , , , , , , , , , , , , , , ,Arafaat,Verburg
Harold R. Jensen Memorial Scholarship 2023,Submitted; Complete; Complete,Denied, , , , , , , , , , , , , , , , , , , , , , , , , , , , , , , ,Armonno,Verburg
Harold R. Jensen Memorial Scholarship 2023,Submitted; Complete; Complete; Complete; Complete; Complete; Complete; Complete,Denied, , , , , , , , , , , , , , , , , , , , , , , , , , , ,Worcester Polytechnic Institute; Worcester Polytechnic Institute, , , ,Jathan,Kaiser
Harold R. Jensen Memorial Scholarship 2023,Submitted; Complete; Complete,Denied, , , , , , , , , , , , , , , , , , , , , , , , , , , , , , , ,Alfredo,Shang
Harold R. Jensen Memorial Scholarship 2023,Submitted; Complete; Complete,Denied, , , , , , , , , , , , , , , , , , , , , , , , , , , , , , , ,Xai,Verburg
Harold R. Jensen Memorial Scholarship 2023,Submitted; Complete; Complete,Denied, , , , , , , , , , , , , , , , , , , , , , , , , , , , , , , ,Jerrelle,Whitaker
Harold R. Jensen Memorial Scholarship 2023,Submitted; Complete; Complete; Complete; Complete; Complete; Complete; Complete,Denied, , , , , , , , , , , , , , , , , , , , , , , , , , , ,MCPHS University; MCPHS University, , , ,Raheema,Amgalanbayar
Harold R. Jensen Memorial Scholarship 2023,Submitted; Complete; Complete; Complete,Denied, , , , , , , , , , , , , , , , , , , , , , , , , , , , , , , ,Saamyya,Khan
Harold R. Jensen Memorial Scholarship 2023,Submitted; Complete; Complete; Complete,Denied, , , , , , , , , , , , , , , , , , , , , , , , , , , , , , , ,Kalleb,Balogh
Harold R. Jensen Memorial Scholarship 2023,Submitted; Complete; Complete; Complete; Complete; Complete; Complete; Complete,Denied, , , , , , , , , , , , , , , , , , , , , , , , , , , ,Cornell University; Cornell University, , , ,Marquis,Dickey
Harold R. Jensen Memorial Scholarship 2023,Submitted; Complete; Complete,Denied, , , , , , , , , , , , , , , , , , , , , , , , , , , , , , , ,Kijana,Talain
Harold R. Jensen Memorial Scholarship 2023,Submitted; Complete; Complete,Denied, , , , , , , , , , , , , , , , , , , , , , , , , , , , , , , ,Mahbooba,al-Shaikh
Harold R. Jensen Memorial Scholarship 2023,Submitted; Complete; Complete; Complete,Denied, , , , , , , , , , , , , , , , , , , , , , , , , , , , , , , ,Divyanka,Urresti
Harold R. Jensen Memorial Scholarship 2023,Submitted; Complete; Complete; Complete; Complete; Complete; Complete; Complete,Denied, , , , , , , , , , , , , , , , , , , , , , , , , , , ,Boston University; Boston University, , , ,Xavia,Mccarty
Harold R. Jensen Memorial Scholarship 2023,Submitted; Complete; Complete,Denied, , , , , , , , , , , , , , , , , , , , , , , , , , , , , , , ,Johnny,Zulali
Harold R. Jensen Memorial Scholarship 2023,Submitted; Complete; Complete,Denied, , , , , , , , , , , , , , , , , , , , , , , , , , , , , , , ,Kristal,al-Ismael
Harold R. Jensen Memorial Scholarship 2023,Submitted; Complete; Complete; Complete,Denied, , , , , , , , , , , , , , , , , , , , , , , , , , , , , , , ,Markangelo,Fragozo Verdugo
Harold R. Jensen Memorial Scholarship 2023,Submitted; Complete; Complete,Denied, , , , , , , , , , , , , , , , , , , , , , , , , , , , , , , ,Suhaa,Hillsmon
Harold R. Jensen Memorial Scholarship 2023,Submitted; Complete; Complete; Complete; Complete; Complete; Complete; Complete,Denied, , , , , , , , , , , , , , , , , , , , , , , , , , , ,University of Pennsylvania; University of Pennsylvania, , , ,Angela,al-Hariri
Harold R. Jensen Memorial Scholarship 2023,Submitted; Complete; Complete; Complete; Complete; Complete; Complete; Complete,Denied, , , , , , , , , , , , , , , , , , , , , , , , , , , ,Bentley University; Bentley University, , , ,Konda,al-Hariri
Harold R. Jensen Memorial Scholarship 2023,Submitted; Submitted; Complete,Denied, , , , , , , , , , , , , , , , , , , , , , , , , , , , , , , ,Naaifa,Dellacroce
Harold R. Jensen Memorial Scholarship 2023,Submitted; Complete; Complete,Denied, , , , , , , , , , , , , , , , , , , , , , , , , , , , , , , ,Conner,Chestek
Harold R. Jensen Memorial Scholarship 2023,Submitted; Complete; Complete; Complete,Denied, , , , , , , , , , , , , , , , , , , , , , , , , , , , , , , ,Andi,Stark
Harold R. Jensen Memorial Scholarship 2023,Submitted; Complete; Complete,Denied, , , , , , , , , , , , , , , , , , , , , , , , , , , , , , , ,Tobias,Woy
Harold R. Jensen Memorial Scholarship 2023,Submitted; Complete; Complete,Denied, , , , , , , , , , , , , , , , , , , , , , , , , , , , , , , ,Wajeeh,Dionese
Harold R. Jensen Memorial Scholarship 2023,Submitted; Complete; Complete; Complete; Complete; Complete; Complete; Submitted,Denied, , , , , , , , , , , , , , , , , , , , , , , , , , , ,Other; Other,Stanford University, , ,Will,el-Fayad
Harold R. Jensen Memorial Scholarship 2023,Submitted; Complete; Complete,Denied, , , , , , , , , , , , , , , , , , , , , , , , , , , , , , , ,Waleed,Galindo
Harold R. Jensen Memorial Scholarship 2023,Submitted; Complete; Complete,Denied, , , , , , , , , , , , , , , , , , , , , , , , , , , , , , , ,Ohitike,Terry
Harold R. Jensen Memorial Scholarship 2023,Submitted; Complete; Complete; Complete,Denied, , , , , , , , , , , , , , , , , , , , , , , , , , , , , , , ,Akeem,Rodrukkwun
Harold R. Jensen Memorial Scholarship 2023,Submitted; Complete; Complete; Complete; Complete; Complete; Complete; Complete,Denied, , , , , , , , , , , , , , , , , , , , , , , , , , , ,Other; Other,Columbia University ; Columbia University in the City of N.Y.C., , ,Dezmond,Michell
Harold R. Jensen Memorial Scholarship 2023,Submitted; Complete; Complete,Denied, , , , , , , , , , , , , , , , , , , , , , , , , , , , , , , ,Jyotshal,Westfall
Harold R. Jensen Memorial Scholarship 2023,Submitted; Complete; Complete; Complete,Denied, , , , , , , , , , , , , , , , , , , , , , , , , , , , , , , ,Jyotshal,al-Selim
Harold R. Jensen Memorial Scholarship 2023,Submitted; Complete; Complete,Denied, , , , , , , , , , , , , , , , , , , , , , , , , , , , , , , ,Khongmong,Flowers
Harold R. Jensen Memorial Scholarship 2023,Submitted; Complete; Complete; Complete; Complete; Complete; Complete; Complete,Denied, , , , , , , , , , , , , , , , , , , , , , , , , , , ,Other; Other,Northwestern University; Northwestern University, , ,Tamanna,Larez
Harold R. Jensen Memorial Scholarship 2023,Submitted; Complete; Complete,Denied, , , , , , , , , , , , , , , , , , , , , , , , , , , , , , , ,Shirley,al-Hariri
Harold R. Jensen Memorial Scholarship 2023,Submitted; Complete; Complete,Denied, , , , , , , , , , , , , , , , , , , , , , , , , , , , , , , ,Miriah,al-Rashed
Harold R. Jensen Memorial Scholarship 2023,Submitted; Complete; Complete,Denied, , , , , , , , , , , , , , , , , , , , , , , , , , , , , , , ,Hamdoona,Hyden-Terry
Harold R. Jensen Memorial Scholarship 2023,Submitted; Complete; Complete,Denied, , , , , , , , , , , , , , , , , , , , , , , , , , , , , , , ,Sherman,Munguia
Harold R. Jensen Memorial Scholarship 2023,Submitted; Complete; Complete,Denied, , , , , , , , , , , , , , , , , , , , , , , , , , , , , , , ,Naaifa,Cleavenger
Harold R. Jensen Memorial Scholarship 2023,Submitted; Complete; Complete,Denied, , , , , , , , , , , , , , , , , , , , , , , , , , , , , , , ,Andy,Hren
Harold R. Jensen Memorial Scholarship 2023,Submitted; Complete; Complete,Denied, , , , , , , , , , , , , , , , , , , , , , , , , , , , , , , ,Humaina,Dandridge
Harold R. Jensen Memorial Scholarship 2023,Submitted; Complete; Complete; Complete; Complete; Complete; Complete; Complete,Denied, , , , , , , , , , , , , , , , , , , , , , , , , , , ,Other; Other,Fashion Institute of Technology ; FIT, , ,Karan,Gandarilla
Harold R. Jensen Memorial Scholarship 2023,Submitted; Complete; Complete; Complete,Denied, , , , , , , , , , , , , , , , , , , , , , , , , , , , , , , ,Fawzia,Wingo
Harold R. Jensen Memorial Scholarship 2023,Submitted; Complete; Complete; Complete; Complete; Complete; Complete; Complete,Denied, , , , , , , , , , , , , , , , , , , , , , , , , , , ,Boston University; Boston University, , , ,Magdalena,Gaskins
Harold R. Jensen Memorial Scholarship 2023,Submitted; Complete; Complete,Denied, , , , , , , , , , , , , , , , , , , , , , , , , , , , , , , ,Kaiya,Centeno Leon
Harold R. Jensen Memorial Scholarship 2023,Submitted; Complete; Complete,Denied, , , , , , , , , , , , , , , , , , , , , , , , , , , , , , , ,Bryce,Krabbe
Harold R. Jensen Memorial Scholarship 2023,Submitted; Complete; Complete; Complete; Complete; Assigned,Follow Up(s) Assigned,3000, , , , , , , , , , , , , , , , , , , , , , , , , , ,Assumption University, , , ,Aliyya,Linear
Harold R. Jensen Memorial Scholarship 2023,Submitted; Complete; Complete; Complete; Complete; Complete; Complete; Assigned,Follow Up(s) Assigned,3000, , , , , , , , , , , , , , , , , , , , , , , , , , ,Quinsigamond Community College: Business Office, , , ,Richard,Barnabas
Harold R. Jensen Memorial Scholarship 2023,Submitted; Complete; Complete; Complete; Complete; Complete; Complete; Complete,Follow Up(s) Assigned,6000, , , , , , , , , , , , , , , , , , , , , , , , , , ,Worcester State University; Worcester State University, , , ,Rod,Shorty
Harold R. Jensen Memorial Scholarship 2023,Submitted; Complete; Complete; Complete; Complete,Follow Up(s) Assigned,3000, , , , , , , , , , , , , , , , , , , , , , , , , , ,Worcester State University, , , ,Latasha,al-Guler
Harold R. Jensen Memorial Scholarship 2023,Submitted; Complete; Complete; Complete; Complete; Complete; Complete; Complete,Follow Up(s) Assigned,6000, , , , , , , , , , , , , , , , , , , , , , , , , , ,Stonehill College; Stonehill College, , , ,Yadira,Daly
Harold R. Jensen Memorial Scholarship 2023,Submitted; Complete; Complete; Complete; Complete; Complete; Complete; Complete,Follow Up(s) Assigned,6000, , , , , , , , , , , , , , , , , , , , , , , , , , ,University of Massachusetts at Amherst; University of Massachusetts at Amherst, , , ,Fernando,al-Bashara
Hedin Family Memorial Scholarship 2023,Submitted; Complete; Complete; Complete; Complete; Complete; Complete; Complete; Complete; Complete; Complete; Complete,Closed,1000, , , , , , , , , , , , , , , , , , , , , , , , , , ,Boston College; Boston College, , , ,Murshid,el-Mohammadi
Hedin Family Memorial Scholarship 2023,Submitted; Complete; Complete,Denied, , , , , , , , , , , , , , , , , , , , , , , , , , , , , , , ,Taqi,Brandon
Hedin Family Memorial Scholarship 2023,Submitted; Complete; Complete,Denied, , , , , , , , , , , , , , , , , , , , , , , , , , , , , , , ,Stephen,Wada
Hedin Family Memorial Scholarship 2023,Submitted; Complete; Complete,Denied, , , , , , , , , , , , , , , , , , , , , , , , , , , , , , , ,Gabrielle,Wong
Hedin Family Memorial Scholarship 2023,Submitted; Complete; Complete,Denied, , , , , , , , , , , , , , , , , , , , , , , , , , , , , , , ,Heroki,Wong
Hedin Family Memorial Scholarship 2023,Submitted; Complete; Complete,Denied, , , , , , , , , , , , , , , , , , , , , , , , , , , , , , , ,Marion,Nedd
Hedin Family Memorial Scholarship 2023,Submitted; Complete; Complete; Complete; Complete; Complete; Complete; Complete,Denied, , , , , , , , , , , , , , , , , , , , , , , , , , , , , , , ,Fareeda,Becker
Hedin Family Memorial Scholarship 2023,Submitted; Submitted; Complete; Complete,Denied, , , , , , , , , , , , , , , , , , , , , , , , , , , , , , , ,Ana Maria,Molina-Gutierrez
Hedin Family Memorial Scholarship 2023,Submitted; Complete; Complete; Complete; Complete; Complete; Complete; Complete,Denied, , , , , , , , , , , , , , , , , , , , , , , , , , , , , , , ,Sheena,al-Pashia
Hedin Family Memorial Scholarship 2023,Submitted; Complete; Complete; Complete,Denied, , , , , , , , , , , , , , , , , , , , , , , , , , , , , , , ,Taamira,el-Zakaria
Hedin Family Memorial Scholarship 2023,Submitted; Complete; Complete; Complete; Complete; Complete; Complete; Complete; Complete; Complete; Complete; Complete; Complete,Denied, , , , , , , , , , , , , , , , , , , , , , , , , , , ,Other; Wentworth Institute of Technology,Wentworth Institute of Technology, , ,Shakoora,Lockhart
Hedin Family Memorial Scholarship 2023,Submitted; Complete; Complete,Denied, , , , , , , , , , , , , , , , , , , , , , , , , , , , , , , ,Najeem,Field
Hedin Family Memorial Scholarship 2023,Submitted; Complete; Complete,Denied, , , , , , , , , , , , , , , , , , , , , , , , , , , , , , , ,Aimee,Slife
Hedin Family Memorial Scholarship 2023,Submitted; Complete; Complete,Denied, , , , , , , , , , , , , , , , , , , , , , , , , , , , , , , ,Jase,el-Hashim
Hedin Family Memorial Scholarship 2023,Submitted; Complete; Complete,Denied, , , , , , , , , , , , , , , , , , , , , , , , , , , , , , , ,Sterling,Tong
Hedin Family Memorial Scholarship 2023,Submitted; Complete; Complete; Complete; Complete; Complete; Complete,Denied, , , , , , , , , , , , , , , , , , , , , , , , , , , , , , , ,Jaymie Leigh,Mamdu
Hedin Family Memorial Scholarship 2023,Submitted; Complete; Complete,Denied, , , , , , , , , , , , , , , , , , , , , , , , , , , , , , , ,Survoy,Billie
Hedin Family Memorial Scholarship 2023,Submitted; Complete; Complete,Denied, , , , , , , , , , , , , , , , , , , , , , , , , , , , , , , ,Julien,Chavez Salvador
Helen and Chuck Arsenault Memorial Scholarship 2023,Complete; Complete; Complete,Closed,1000, , , , , , , , , , , , , , , , , , , , , , , , , , , , , , ,Sahara,Pradhan
Herbert D. Sherwin Memorial Scholarship 2023,Submitted; Complete; Complete,Denied, , , , , , , , , , , , , , , , , , , , , , , , , , , , , , , ,Trizton,Sath
Herbert D. Sherwin Memorial Scholarship 2023,Submitted; Complete; Complete; Complete; Complete; Complete,Denied, , , , , , , , , , , , , , , , , , , , , , , , , , , , , , , ,Shakoora,Hamer
Herbert D. Sherwin Memorial Scholarship 2023,Submitted; Complete; Complete; Complete; Complete; Complete,Denied, , , , , , , , , , , , , , , , , , , , , , , , , , , , , , , ,Catarina,al-Lodi
Herbert D. Sherwin Memorial Scholarship 2023,Submitted; Complete; Complete; Complete; Complete; Complete,Denied, , , , , , , , , , , , , , , , , , , , , , , , , , , , , , , ,Kent,el-Shahan
Herbert D. Sherwin Memorial Scholarship 2023,Submitted; Complete; Complete; Complete; Complete; Complete; Complete,Denied, , , , , , , , , , , , , , , , , , , , , , , , , , , , , , , ,Deshawn Joseph,Blevans
Herbert D. Sherwin Memorial Scholarship 2023,Submitted; Complete; Complete; Complete; Complete; Complete; Assigned,Denied, , , , , , , , , , , , , , , , , , , , , , , , , , , , , , , ,Danika,el-Zaidi
Herbert D. Sherwin Memorial Scholarship 2023,Submitted; Complete; Complete; Complete; Complete; Complete; Complete,Denied, , , , , , , , , , , , , , , , , , , , , , , , , , , , , , , ,Simeon,Suarez
Herbert D. Sherwin Memorial Scholarship 2023,Submitted; Complete; Complete; Complete,Denied, , , , , , , , , , , , , , , , , , , , , , , , , , , , , , , ,Kindra,Celestin
Herbert D. Sherwin Memorial Scholarship 2023,Submitted; Complete; Complete; Complete; Complete; Complete,Denied, , , , , , , , , , , , , , , , , , , , , , , , , , , , , , , ,Kysha,Dagher
Herbert D. Sherwin Memorial Scholarship 2023,Submitted; Complete; Complete; Complete; Complete; Complete; Complete; Complete,Follow Up(s) Assigned,20000, , , , , , , , , , , , , , , , , , , , , , , , , , , , , , ,Shaquasia,Taylor
Howard W. Dunbar Scholarship 2023,Submitted; Complete; Complete; Complete; Complete; Complete; Complete,Closed,3000, , , , , , , , , , , , , , , , , , , , , , , , , , , , , , ,Shadi,Natonabah
Howard W. Dunbar Scholarship 2023,Submitted; Complete; Complete; Complete; Complete; Complete; Complete,Closed,3000, , , , , , , , , , , , , , , , , , , , , , , , , , , , , , ,Brenna,Gosnell
Howard W. Dunbar Scholarship 2023,Submitted; Complete; Complete; Complete; Complete; Complete; Complete,Closed,3000, , , , , , , , , , , , , , , , , , , , , , , , , , , , , , ,Cole,Fernandez
Howard W. Dunbar Scholarship 2023,Submitted; Complete; Complete; Complete; Complete; Complete; Complete,Closed,3000, , , , , , , , , , , , , , , , , , , , , , , , , , , , , , ,Souphakone,Bandreddi
Howard W. Dunbar Scholarship 2023,Submitted; Complete; Complete,Denied, , , , , , , , , , , , , , , , , , , , , , , , , , , , , , , ,Rian,Aldret
Howard W. Dunbar Scholarship 2023,Submitted; Submitted; Complete,Denied, , , , , , , , , , , , , , , , , , , , , , , , , , , , , , , ,Dahlia,al-Ibrahim
Howard W. Dunbar Scholarship 2023,Submitted; Complete; Complete; Complete; Complete; Complete; Complete; Complete; Complete; Complete; Complete,Follow Up(s) Assigned,5000, , , , , , , , , , , , , , , , , , , , , , , , , , ,Other; Wentworth Institute of Technology,Wentworth Institute of Technology, , ,Andres,French Thomason
Howard W. Dunbar Scholarship 2023,Submitted; Complete; Complete; Complete; Complete; Complete; Complete; Complete; Complete,Follow Up(s) Assigned,2500, , , , , , , , , , , , , , , , , , , , , , , , , , ,Worcester State University; Worcester State University, , , ,Shasta,al-Zaman
Janet Fraser Scholarship 2023,Complete; Complete; Complete; Complete; Complete; Complete; Complete,Follow Up(s) Assigned,5000, , , , , , , , , , , , , , , , , , , , , , , , , , ,Boston University; Boston University, , , ,Sidney,el-Obeid
Jeffrey S. Edinberg Memorial Scholarship 2023,Submitted; Complete; Complete; Complete; Complete; Complete; Complete,Closed,1000, , , , , , , , , , , , , , , , , , , , , , , , , , , , , , ,Akeem,Rodrukkwun
Jeffrey S. Edinberg Memorial Scholarship 2023,Submitted; Complete; Complete; Complete; Complete; Complete; Complete,Closed,1000, , , , , , , , , , , , , , , , , , , , , , , , , , , , , , ,Fawzia,Wingo
Jeffrey S. Edinberg Memorial Scholarship 2023,Submitted; Complete; Complete,Denied, , , , , , , , , , , , , , , , , , , , , , , , , , , , , , , ,Clint,Reyes-Martinez
Jeffrey S. Edinberg Memorial Scholarship 2023,Submitted; Complete; Complete; Complete,Denied, , , , , , , , , , , , , , , , , , , , , , , , , , , , , , , ,Rahma,Rumsey
Jeffrey S. Edinberg Memorial Scholarship 2023,Submitted; Complete; Complete,Denied, , , , , , , , , , , , , , , , , , , , , , , , , , , , , , , ,Jadira,Elizalde
Jeffrey S. Edinberg Memorial Scholarship 2023,Submitted; Complete; Complete,Denied, , , , , , , , , , , , , , , , , , , , , , , , , , , , , , , ,Bobbi,Hathaway
Jeffrey S. Edinberg Memorial Scholarship 2023,Submitted; Complete; Complete,Denied, , , , , , , , , , , , , , , , , , , , , , , , , , , , , , , ,Celine,Wambach
Jeffrey S. Edinberg Memorial Scholarship 2023,Submitted; Complete; Complete; Complete; Complete; Complete; Complete,Denied, , , , , , , , , , , , , , , , , , , , , , , , , , , , , , , ,Idrianna,Manlove
Jeffrey S. Edinberg Memorial Scholarship 2023,Submitted; Complete; Complete; Complete,Denied, , , , , , , , , , , , , , , , , , , , , , , , , , , , , , , ,Nina,Sprangers
Jeffrey S. Edinberg Memorial Scholarship 2023,Submitted; Complete; Complete; Complete; Complete; Complete; Complete,Denied, , , , , , , , , , , , , , , , , , , , , , , , , , , , , , , ,Sushmita,Fognani
Jeffrey S. Edinberg Memorial Scholarship 2023,Submitted; Complete; Complete; Complete; Complete; Complete; Complete,Denied, , , , , , , , , , , , , , , , , , , , , , , , , , , , , , , ,Sumbula,Roman-Cervantes
Jeffrey S. Edinberg Memorial Scholarship 2023,Submitted; Complete; Complete; Complete,Denied, , , , , , , , , , , , , , , , , , , , , , , , , , , , , , , ,Lavies,Ruska
Jeffrey S. Edinberg Memorial Scholarship 2023,Submitted; Complete; Complete; Complete,Denied, , , , , , , , , , , , , , , , , , , , , , , , , , , , , , , ,Alex,O'Neill
Jeffrey S. Edinberg Memorial Scholarship 2023,Submitted; Complete; Complete; Complete; Complete; Complete; Complete,Denied, , , , , , , , , , , , , , , , , , , , , , , , , , , , , , , ,Victor,Ma
Jeffrey S. Edinberg Memorial Scholarship 2023,Submitted; Complete; Complete; Complete; Complete; Complete; Complete; Complete; Complete; Complete; Complete,Denied, , , , , , , , , , , , , , , , , , , , , , , , , , , ,MCPHS University; MCPHS University, , , ,Raheema,Amgalanbayar
Jeffrey S. Edinberg Memorial Scholarship 2023,Submitted; Complete; Complete; Complete; Complete; Complete; Complete,Denied, , , , , , , , , , , , , , , , , , , , , , , , , , , , , , , ,Mychael,Halberg
Jeffrey S. Edinberg Memorial Scholarship 2023,Submitted; Complete; Complete; Complete; Complete; Complete; Complete,Denied, , , , , , , , , , , , , , , , , , , , , , , , , , , , , , , ,Divyanka,Urresti
Jeffrey S. Edinberg Memorial Scholarship 2023,Submitted; Submitted; Complete,Denied, , , , , , , , , , , , , , , , , , , , , , , , , , , , , , , ,Naaifa,Dellacroce
Jeffrey S. Edinberg Memorial Scholarship 2023,Submitted; Complete; Complete; Complete; Complete; Complete; Complete,Denied, , , , , , , , , , , , , , , , , , , , , , , , , , , , , , , ,Andi,Stark
Jeffrey S. Edinberg Memorial Scholarship 2023,Submitted; Complete; Complete,Denied, , , , , , , , , , , , , , , , , , , , , , , , , , , , , , , ,Lauren,Lillie
Jeffrey S. Edinberg Memorial Scholarship 2023,Submitted; Complete; Complete; Complete; Complete; Complete,Denied, , , , , , , , , , , , , , , , , , , , , , , , , , , , , , , ,Dajon,Mekonnen
Jeffrey S. Edinberg Memorial Scholarship 2023,Submitted; Complete; Complete; Complete,Denied, , , , , , , , , , , , , , , , , , , , , , , , , , , , , , , ,Dean,Huerta
Jeffrey S. Edinberg Memorial Scholarship 2023,Submitted; Complete; Complete; Complete; Complete; Complete,Denied, , , , , , , , , , , , , , , , , , , , , , , , , , , , , , , ,Munisa,Cohen-Wilson
Jeffrey S. Edinberg Memorial Scholarship 2023,Submitted; Complete; Complete,Denied, , , , , , , , , , , , , , , , , , , , , , , , , , , , , , , ,Andy,Hren
Jeffrey S. Edinberg Memorial Scholarship 2023,Submitted; Complete; Complete; Complete; Complete; Complete,Denied, , , , , , , , , , , , , , , , , , , , , , , , , , , , , , , ,Bryce,Krabbe
Jeffrey S. Edinberg Memorial Scholarship 2023,Submitted; Complete; Complete; Complete; Complete; Complete,Denied, , , , , , , , , , , , , , , , , , , , , , , , , , , , , , , ,Malynda,Dykstra
Jenica Lynn Junnila Memorial Scholarship 2023,Submitted; Complete; Complete; Complete; Complete; Complete; Complete; Complete; Complete; Complete; Complete; Complete,Closed,500, , , , , , , , , , , , , , , , , , , , , , , , , , , , , , ,Lee,Bruno
Jenica Lynn Junnila Memorial Scholarship 2023,Submitted; Complete; Complete; Complete,Denied, , , , , , , , , , , , , , , , , , , , , , , , , , , , , , , ,Kentorra,Bardsley
Jenica Lynn Junnila Memorial Scholarship 2023,Submitted; Complete; Complete; Complete,Denied, , , , , , , , , , , , , , , , , , , , , , , , , , , , , , , ,Yadira,Slusarchyk
Jenica Lynn Junnila Memorial Scholarship 2023,Submitted; Complete; Complete; Complete; Complete; Complete; Complete; Complete; Complete; Complete; Complete,Denied, , , , , , , , , , , , , , , , , , , , , , , , , , , , , , , ,Shabeeba,Main
Jenica Lynn Junnila Memorial Scholarship 2023,Submitted; Complete; Complete; Complete; Complete; Complete; Complete; Complete; Complete; Complete; Complete,Denied, , , , , , , , , , , , , , , , , , , , , , , , , , , , , , , ,Leanna,Otgontulga
Jenica Lynn Junnila Memorial Scholarship 2023,Submitted; Complete; Complete; Complete; Complete; Complete; Complete; Complete; Complete; Complete; Complete,Denied, , , , , , , , , , , , , , , , , , , , , , , , , , , , , , , ,Cheyane,Alonzo
Jenica Lynn Junnila Memorial Scholarship 2023,Submitted; Complete; Complete,Denied, , , , , , , , , , , , , , , , , , , , , , , , , , , , , , , ,Starla,Harada
Jenica Lynn Junnila Memorial Scholarship 2023,Submitted; Complete; Complete; Complete; Complete; Complete; Complete; Complete; Complete; Complete; Complete; Complete,Denied, , , , , , , , , , , , , , , , , , , , , , , , , , , , , , , ,Sebastian,Nunna
Jenica Lynn Junnila Memorial Scholarship 2023,Submitted; Complete; Complete,Denied, , , , , , , , , , , , , , , , , , , , , , , , , , , , , , , ,Long,Trebus
Jenica Lynn Junnila Memorial Scholarship 2023,Submitted; Complete; Complete; Complete,Denied, , , , , , , , , , , , , , , , , , , , , , , , , , , , , , , ,Katherine,Cayabyab
Jenica Lynn Junnila Memorial Scholarship 2023,Submitted; Complete; Complete; Complete; Complete; Complete; Complete; Complete; Complete; Complete; Complete; Complete,Denied, , , , , , , , , , , , , , , , , , , , , , , , , , , , , , , ,Nichole,Aker
Jenica Lynn Junnila Memorial Scholarship 2023,Submitted; Submitted; Complete,Denied, , , , , , , , , , , , , , , , , , , , , , , , , , , , , , , ,Khalil,Crow
John and Fran Duke Scholarship 2023,Submitted; Complete; Complete; Complete; Complete; Complete; Complete; Complete; Complete; Complete; Complete,Closed,1000, , , , , , , , , , , , , , , , , , , , , , , , , , , , , , ,Arafaat,Verburg
John and Fran Duke Scholarship 2023,Submitted; Complete; Complete; Complete,Denied, , , , , , , , , , , , , , , , , , , , , , , , , , , , , , , ,Angel,Luttrell
John and Fran Duke Scholarship 2023,Submitted; Complete; Complete,Denied, , , , , , , , , , , , , , , , , , , , , , , , , , , , , , , ,Gabriella,Ghiya
John and Fran Duke Scholarship 2023,Submitted; Complete; Complete,Denied, , , , , , , , , , , , , , , , , , , , , , , , , , , , , , , ,Clint,Reyes-Martinez
John and Fran Duke Scholarship 2023,Submitted; Complete; Complete; Complete,Denied, , , , , , , , , , , , , , , , , , , , , , , , , , , , , , , ,Najimah,Brandon
John and Fran Duke Scholarship 2023,Submitted; Complete; Complete; Complete,Denied, , , , , , , , , , , , , , , , , , , , , , , , , , , , , , , ,Muneefa,Ives
John and Fran Duke Scholarship 2023,Submitted; Complete; Complete,Denied, , , , , , , , , , , , , , , , , , , , , , , , , , , , , , , ,Shayla,Stepter
John and Fran Duke Scholarship 2023,Submitted; Complete; Complete; Complete,Denied, , , , , , , , , , , , , , , , , , , , , , , , , , , , , , , ,Rahma,Rumsey
John and Fran Duke Scholarship 2023,Submitted; Complete; Complete; Complete; Complete; Assigned,Denied, , , , , , , , , , , , , , , , , , , , , , , , , , , ,Assumption University, , , ,Aliyya,Linear
John and Fran Duke Scholarship 2023,Submitted; Complete; Complete,Denied, , , , , , , , , , , , , , , , , , , , , , , , , , , , , , , ,Mazi Mathias,Watkins IV
John and Fran Duke Scholarship 2023,Submitted; Complete; Complete,Denied, , , , , , , , , , , , , , , , , , , , , , , , , , , , , , , ,Natelle Rae,Hebda
John and Fran Duke Scholarship 2023,Submitted; Complete; Complete,Denied, , , , , , , , , , , , , , , , , , , , , , , , , , , , , , , ,Marcos,Mason
John and Fran Duke Scholarship 2023,Submitted; Complete; Complete; Complete,Denied, , , , , , , , , , , , , , , , , , , , , , , , , , , , , , , ,Whitney,Burnett
John and Fran Duke Scholarship 2023,Submitted; Complete; Complete; Complete,Denied, , , , , , , , , , , , , , , , , , , , , , , , , , , , , , , ,Jovon,al-Shehata
John and Fran Duke Scholarship 2023,Submitted; Complete; Complete,Denied, , , , , , , , , , , , , , , , , , , , , , , , , , , , , , , ,Rute,Dean
John and Fran Duke Scholarship 2023,Submitted; Complete; Complete; Complete,Denied, , , , , , , , , , , , , , , , , , , , , , , , , , , , , , , ,Kortnee,al-Hariri
John and Fran Duke Scholarship 2023,Submitted; Complete; Complete,Denied, , , , , , , , , , , , , , , , , , , , , , , , , , , , , , , ,Cyra,el-Noor
John and Fran Duke Scholarship 2023,Submitted; Complete; Complete,Denied, , , , , , , , , , , , , , , , , , , , , , , , , , , , , , , ,Mariela,Dzowo
John and Fran Duke Scholarship 2023,Submitted; Complete; Complete,Denied, , , , , , , , , , , , , , , , , , , , , , , , , , , , , , , ,Allegra,Strobel
John and Fran Duke Scholarship 2023,Submitted; Complete; Complete,Denied, , , , , , , , , , , , , , , , , , , , , , , , , , , , , , , ,Davis,Santiago
John and Fran Duke Scholarship 2023,Submitted; Complete; Complete; Complete,Denied, , , , , , , , , , , , , , , , , , , , , , , , , , , , , , , ,Miranda,Atolani
John and Fran Duke Scholarship 2023,Submitted; Complete; Complete,Denied, , , , , , , , , , , , , , , , , , , , , , , , , , , , , , , ,Aimee,Nicholson
John and Fran Duke Scholarship 2023,Submitted; Complete; Complete,Denied, , , , , , , , , , , , , , , , , , , , , , , , , , , , , , , ,Rian,Aldret
John and Fran Duke Scholarship 2023,Submitted; Complete; Complete,Denied, , , , , , , , , , , , , , , , , , , , , , , , , , , , , , , ,Gianny,Aker
John and Fran Duke Scholarship 2023,Submitted; Complete; Complete,Denied, , , , , , , , , , , , , , , , , , , , , , , , , , , , , , , ,K'Sandra,Brunson
John and Fran Duke Scholarship 2023,Submitted; Complete; Complete,Denied, , , , , , , , , , , , , , , , , , , , , , , , , , , , , , , ,Arghavan,Parrilla
John and Fran Duke Scholarship 2023,Submitted; Complete; Complete,Denied, , , , , , , , , , , , , , , , , , , , , , , , , , , , , , , ,Naazil,Centeno
John and Fran Duke Scholarship 2023,Submitted; Complete; Complete; Complete; Complete,Denied, , , , , , , , , , , , , , , , , , , , , , , , , , , , , , , ,Jared,Gordon
John and Fran Duke Scholarship 2023,Submitted; Complete; Complete; Complete,Denied, , , , , , , , , , , , , , , , , , , , , , , , , , , , , , , ,Shadi,Natonabah
John and Fran Duke Scholarship 2023,Submitted; Complete; Complete; Complete,Denied, , , , , , , , , , , , , , , , , , , , , , , , , , , , , , , ,Abdul Haleem,al-Huda
John and Fran Duke Scholarship 2023,Submitted; Complete; Complete; Complete; Complete; Complete; Complete; Assigned,Denied, , , , , , , , , , , , , , , , , , , , , , , , , , , ,Quinsigamond Community College: Business Office, , , ,Richard,Barnabas
John and Fran Duke Scholarship 2023,Submitted; Complete; Complete; Complete; Complete; Complete; Complete; Complete,Denied, , , , , , , , , , , , , , , , , , , , , , , , , , , ,Boston College; Boston College, , , ,Saamyya,Brizuela
John and Fran Duke Scholarship 2023,Submitted; Complete; Complete,Denied, , , , , , , , , , , , , , , , , , , , , , , , , , , , , , , ,Jyotshal,Amgalanbayar
John and Fran Duke Scholarship 2023,Submitted; Complete; Complete,Denied, , , , , , , , , , , , , , , , , , , , , , , , , , , , , , , ,Emmanuel,Montgomery
John and Fran Duke Scholarship 2023,Submitted; Complete; Complete,Denied, , , , , , , , , , , , , , , , , , , , , , , , , , , , , , , ,Brandyn,Darity
John and Fran Duke Scholarship 2023,Submitted; Complete; Complete,Denied, , , , , , , , , , , , , , , , , , , , , , , , , , , , , , , ,Allicia,al-Rehmann
John and Fran Duke Scholarship 2023,Submitted; Complete; Complete,Denied, , , , , , , , , , , , , , , , , , , , , , , , , , , , , , , ,De'Vonta,Arenivar-Ruelas
John and Fran Duke Scholarship 2023,Submitted; Complete; Complete; Complete,Denied, , , , , , , , , , , , , , , , , , , , , , , , , , , , , , , ,Manaara,Ayers
John and Fran Duke Scholarship 2023,Submitted; Complete; Complete; Complete,Denied, , , , , , , , , , , , , , , , , , , , , , , , , , , , , , , ,Shivani,Bliss
John and Fran Duke Scholarship 2023,Submitted; Complete; Complete,Denied, , , , , , , , , , , , , , , , , , , , , , , , , , , , , , , ,Jadira,Elizalde
John and Fran Duke Scholarship 2023,Submitted; Complete; Complete; Complete; Complete; Complete; Complete; Complete,Denied, , , , , , , , , , , , , , , , , , , , , , , , , , , ,Worcester State University; Worcester State University, , , ,Rod,Shorty
John and Fran Duke Scholarship 2023,Submitted; Complete; Complete; Complete; Complete; Complete; Complete,Denied, , , , , , , , , , , , , , , , , , , , , , , , , , , ,Worcester State University, , , ,Abhaya,el-Allee
John and Fran Duke Scholarship 2023,Submitted; Complete; Complete; Complete; Complete,Denied, , , , , , , , , , , , , , , , , , , , , , , , , , , ,Worcester State University, , , ,Latasha,al-Guler
John and Fran Duke Scholarship 2023,Submitted; Complete; Complete; Complete,Denied, , , , , , , , , , , , , , , , , , , , , , , , , , , , , , , ,Kent,Clough
John and Fran Duke Scholarship 2023,Submitted; Complete; Complete,Denied, , , , , , , , , , , , , , , , , , , , , , , , , , , , , , , ,Alton,Sage
John and Fran Duke Scholarship 2023,Submitted; Complete; Complete,Denied, , , , , , , , , , , , , , , , , , , , , , , , , , , , , , , ,Jaquelin,Gamet
John and Fran Duke Scholarship 2023,Submitted; Complete; Complete,Denied, , , , , , , , , , , , , , , , , , , , , , , , , , , , , , , ,Leisha,el-Salama
John and Fran Duke Scholarship 2023,Submitted; Complete; Complete,Denied, , , , , , , , , , , , , , , , , , , , , , , , , , , , , , , ,Bobbi,Hathaway
John and Fran Duke Scholarship 2023,Submitted; Complete; Complete,Denied, , , , , , , , , , , , , , , , , , , , , , , , , , , , , , , ,Nabeel,Renz
John and Fran Duke Scholarship 2023,Submitted; Complete; Complete; Complete,Denied, , , , , , , , , , , , , , , , , , , , , , , , , , , , , , , ,Wyleen,Macasinag
John and Fran Duke Scholarship 2023,Submitted; Complete; Complete; Complete,Denied, , , , , , , , , , , , , , , , , , , , , , , , , , , , , , , ,Amoni,Tambunan
John and Fran Duke Scholarship 2023,Submitted; Complete; Complete,Denied, , , , , , , , , , , , , , , , , , , , , , , , , , , , , , , ,Jyotshal,Hulbert
John and Fran Duke Scholarship 2023,Submitted; Complete; Complete,Denied, , , , , , , , , , , , , , , , , , , , , , , , , , , , , , , ,Celine,Wambach
John and Fran Duke Scholarship 2023,Submitted; Complete; Complete; Complete,Denied, , , , , , , , , , , , , , , , , , , , , , , , , , , , , , , ,Orlando,Ordaz
John and Fran Duke Scholarship 2023,Submitted; Complete; Complete,Denied, , , , , , , , , , , , , , , , , , , , , , , , , , , , , , , ,Rian,Legarreta
John and Fran Duke Scholarship 2023,Submitted; Complete; Complete; Complete,Denied, , , , , , , , , , , , , , , , , , , , , , , , , , , , , , , ,Emilio,Flint
John and Fran Duke Scholarship 2023,Submitted; Complete; Complete; Complete,Denied, , , , , , , , , , , , , , , , , , , , , , , , , , , , , , , ,Idrianna,Manlove
John and Fran Duke Scholarship 2023,Submitted; Complete; Complete; Complete,Denied, , , , , , , , , , , , , , , , , , , , , , , , , , , , , , , ,Samira,el-Sharif
John and Fran Duke Scholarship 2023,Submitted; Complete; Complete; Complete; Complete; Complete; Complete; Complete,Denied, , , , , , , , , , , , , , , , , , , , , , , , , , , ,Massachusetts College of Art and Design; Massachusetts College of Art and Design, , , ,Dayshawn,Griffie
John and Fran Duke Scholarship 2023,Submitted; Complete; Complete; Complete,Denied, , , , , , , , , , , , , , , , , , , , , , , , , , , , , , , ,Leilani,Swimmer
John and Fran Duke Scholarship 2023,Submitted; Complete; Complete; Complete,Denied, , , , , , , , , , , , , , , , , , , , , , , , , , , , , , , ,Marcanthony,Good Wind
John and Fran Duke Scholarship 2023,Submitted; Complete; Complete,Denied, , , , , , , , , , , , , , , , , , , , , , , , , , , , , , , ,Mirza,al-Matar
John and Fran Duke Scholarship 2023,Submitted; Complete; Complete; Complete,Denied, , , , , , , , , , , , , , , , , , , , , , , , , , , , , , , ,Qaasim,Retana
John and Fran Duke Scholarship 2023,Submitted; Complete; Complete,Denied, , , , , , , , , , , , , , , , , , , , , , , , , , , , , , , ,Khongmong,Majid
John and Fran Duke Scholarship 2023,Submitted; Complete; Complete,Denied, , , , , , , , , , , , , , , , , , , , , , , , , , , , , , , ,Marvon,Hren
John and Fran Duke Scholarship 2023,Submitted; Complete; Complete; Complete,Denied, , , , , , , , , , , , , , , , , , , , , , , , , , , , , , , ,Westley,al-Guler
John and Fran Duke Scholarship 2023,Submitted; Complete; Complete,Denied, , , , , , , , , , , , , , , , , , , , , , , , , , , , , , , ,Howe,Trinh
John and Fran Duke Scholarship 2023,Submitted; Complete; Complete,Denied, , , , , , , , , , , , , , , , , , , , , , , , , , , , , , , ,Jase,Howlingwolf
John and Fran Duke Scholarship 2023,Submitted; Complete; Complete,Denied, , , , , , , , , , , , , , , , , , , , , , , , , , , , , , , ,Heroki,Berumen
John and Fran Duke Scholarship 2023,Submitted; Complete; Complete,Denied, , , , , , , , , , , , , , , , , , , , , , , , , , , , , , , ,Brice,Stoops
John and Fran Duke Scholarship 2023,Submitted; Complete; Complete,Denied, , , , , , , , , , , , , , , , , , , , , , , , , , , , , , , ,Monique,Duong
John and Fran Duke Scholarship 2023,Submitted; Complete; Complete; Complete; Complete; Complete; Complete; Complete,Denied, , , , , , , , , , , , , , , , , , , , , , , , , , , ,Stonehill College; Stonehill College, , , ,Yadira,Daly
John and Fran Duke Scholarship 2023,Submitted; Complete; Complete; Complete,Denied, , , , , , , , , , , , , , , , , , , , , , , , , , , , , , , ,Nina,Sprangers
John and Fran Duke Scholarship 2023,Submitted; Complete; Complete; Complete; Complete; Complete; Complete; Complete,Denied, , , , , , , , , , , , , , , , , , , , , , , , , , , ,Gordon College; Gordon College, , , ,Jayelin,Rad
John and Fran Duke Scholarship 2023,Submitted; Complete; Complete; Complete; Complete; Complete; Complete; Complete; Complete; Complete; Complete,Denied, , , , , , , , , , , , , , , , , , , , , , , , , , , , , , , ,Sushmita,Fognani
John and Fran Duke Scholarship 2023,Submitted; Complete; Complete; Complete; Complete; Complete; Complete; Complete,Denied, , , , , , , , , , , , , , , , , , , , , , , , , , , ,University of Massachusetts at Amherst; University of Massachusetts at Amherst, , , ,Fernando,al-Bashara
John and Fran Duke Scholarship 2023,Submitted; Complete; Complete,Denied, , , , , , , , , , , , , , , , , , , , , , , , , , , , , , , ,Calandra,al-Habib
John and Fran Duke Scholarship 2023,Submitted; Complete; Complete; Complete; Complete; Complete; Complete; Complete,Denied, , , , , , , , , , , , , , , , , , , , , , , , , , , ,Western New England University; Western New England University, , , ,Kaarim,Miller
John and Fran Duke Scholarship 2023,Submitted; Complete; Complete; Complete; Complete; Complete; Complete; Complete,Denied, , , , , , , , , , , , , , , , , , , , , , , , , , , ,Boston College; Boston College, , , ,Tiffany,Saidy
John and Fran Duke Scholarship 2023,Submitted; Complete; Complete; Complete,Denied, , , , , , , , , , , , , , , , , , , , , , , , , , , , , , , ,Camrey,al-Khalili
John and Fran Duke Scholarship 2023,Submitted; Complete; Complete; Complete,Denied, , , , , , , , , , , , , , , , , , , , , , , , , , , , , , , ,Roger,Carrera
John and Fran Duke Scholarship 2023,Submitted; Complete; Complete,Denied, , , , , , , , , , , , , , , , , , , , , , , , , , , , , , , ,Jesse,Abdella
John and Fran Duke Scholarship 2023,Submitted; Complete; Complete,Denied, , , , , , , , , , , , , , , , , , , , , , , , , , , , , , , ,Abiy,Oliva
John and Fran Duke Scholarship 2023,Submitted; Complete; Complete; Complete; Complete; Complete,Denied, , , , , , , , , , , , , , , , , , , , , , , , , , , ,Worcester State University; Worcester State University, , , ,Muhjar,Hart
John and Fran Duke Scholarship 2023,Submitted; Complete; Complete; Complete,Denied, , , , , , , , , , , , , , , , , , , , , , , , , , , , , , , ,Mutadi,al-Salek
John and Fran Duke Scholarship 2023,Submitted; Complete; Complete; Complete,Denied, , , , , , , , , , , , , , , , , , , , , , , , , , , , , , , ,Miles,Butler
John and Fran Duke Scholarship 2023,Submitted; Complete; Complete; Complete,Denied, , , , , , , , , , , , , , , , , , , , , , , , , , , , , , , ,Sumbula,Roman-Cervantes
John and Fran Duke Scholarship 2023,Submitted; Complete; Complete,Denied, , , , , , , , , , , , , , , , , , , , , , , , , , , , , , , ,Mashal,Domingo
John and Fran Duke Scholarship 2023,Submitted; Complete; Complete; Complete,Denied, , , , , , , , , , , , , , , , , , , , , , , , , , , , , , , ,Lavies,Ruska
John and Fran Duke Scholarship 2023,Submitted; Complete; Complete; Complete,Denied, , , , , , , , , , , , , , , , , , , , , , , , , , , , , , , ,Marysa,Vickles
John and Fran Duke Scholarship 2023,Submitted; Complete; Complete; Complete,Denied, , , , , , , , , , , , , , , , , , , , , , , , , , , , , , , ,Cheno,Yates
John and Fran Duke Scholarship 2023,Submitted; Complete; Complete; Complete; Complete; Complete; Complete; Complete,Denied, , , , , , , , , , , , , , , , , , , , , , , , , , , ,Providence College; Providence College, , , ,Matias,Herrington
John and Fran Duke Scholarship 2023,Submitted; Complete; Complete; Complete; Complete; Complete; Complete; Complete; Complete; Complete; Complete; Complete; Draft,Denied, , , , , , , , , , , , , , , , , , , , , , , , , , , ,University of Massachusetts at Amherst, , , ,Trina,el-Sabet
John and Fran Duke Scholarship 2023,Submitted; Complete; Complete,Denied, , , , , , , , , , , , , , , , , , , , , , , , , , , , , , , ,Cole,Sawyer
John and Fran Duke Scholarship 2023,Submitted; Complete; Complete; Complete,Denied, , , , , , , , , , , , , , , , , , , , , , , , , , , , , , , ,Faai Z,Nye
John and Fran Duke Scholarship 2023,Submitted; Complete; Complete,Denied, , , , , , , , , , , , , , , , , , , , , , , , , , , , , , , ,Alex,Valbrun
John and Fran Duke Scholarship 2023,Submitted; Complete; Complete,Denied, , , , , , , , , , , , , , , , , , , , , , , , , , , , , , , ,Monolito,Gandarilla
John and Fran Duke Scholarship 2023,Submitted; Complete; Complete,Denied, , , , , , , , , , , , , , , , , , , , , , , , , , , , , , , ,Fawzia,al-Elamin
John and Fran Duke Scholarship 2023,Submitted; Complete; Complete,Denied, , , , , , , , , , , , , , , , , , , , , , , , , , , , , , , ,Kursh,Lovan
John and Fran Duke Scholarship 2023,Submitted; Complete; Complete,Denied, , , , , , , , , , , , , , , , , , , , , , , , , , , , , , , ,Moises,Maynes
John and Fran Duke Scholarship 2023,Submitted; Complete; Complete,Denied, , , , , , , , , , , , , , , , , , , , , , , , , , , , , , , ,France,al-Safar
John and Fran Duke Scholarship 2023,Submitted; Complete; Complete,Denied, , , , , , , , , , , , , , , , , , , , , , , , , , , , , , , ,Armonno,Verburg
John and Fran Duke Scholarship 2023,Submitted; Complete; Complete; Complete,Denied, , , , , , , , , , , , , , , , , , , , , , , , , , , , , , , ,Brendon,Channel
John and Fran Duke Scholarship 2023,Submitted; Complete; Complete; Complete; Complete; Complete; Complete; Complete,Denied, , , , , , , , , , , , , , , , , , , , , , , , , , , ,Worcester Polytechnic Institute; Worcester Polytechnic Institute, , , ,Jathan,Kaiser
John and Fran Duke Scholarship 2023,Submitted; Complete; Complete,Denied, , , , , , , , , , , , , , , , , , , , , , , , , , , , , , , ,Xai,Verburg
John and Fran Duke Scholarship 2023,Submitted; Complete; Complete; Complete,Denied, , , , , , , , , , , , , , , , , , , , , , , , , , , , , , , ,Alex,O'Neill
John and Fran Duke Scholarship 2023,Submitted; Complete; Complete,Denied, , , , , , , , , , , , , , , , , , , , , , , , , , , , , , , ,Armonno,Carson
John and Fran Duke Scholarship 2023,Submitted; Complete; Complete; Complete,Denied, , , , , , , , , , , , , , , , , , , , , , , , , , , , , , , ,Victor,Ma
John and Fran Duke Scholarship 2023,Submitted; Complete; Complete; Complete,Denied, , , , , , , , , , , , , , , , , , , , , , , , , , , , , , , ,Xai,Christensen
John and Fran Duke Scholarship 2023,Submitted; Submitted; Complete,Denied, , , , , , , , , , , , , , , , , , , , , , , , , , , , , , , ,Nova,Liang
John and Fran Duke Scholarship 2023,Submitted; Complete; Complete; Complete; Complete; Complete; Complete; Complete,Denied, , , , , , , , , , , , , , , , , , , , , , , , , , , ,MCPHS University; MCPHS University, , , ,Raheema,Amgalanbayar
John and Fran Duke Scholarship 2023,Submitted; Complete; Complete,Denied, , , , , , , , , , , , , , , , , , , , , , , , , , , , , , , ,Naaji,Rosencrans
John and Fran Duke Scholarship 2023,Submitted; Complete; Complete,Denied, , , , , , , , , , , , , , , , , , , , , , , , , , , , , , , ,Major,Loera Lomeli
John and Fran Duke Scholarship 2023,Submitted; Complete; Complete; Complete,Denied, , , , , , , , , , , , , , , , , , , , , , , , , , , , , , , ,Mychael,Halberg
John and Fran Duke Scholarship 2023,Submitted; Complete; Complete; Complete,Denied, , , , , , , , , , , , , , , , , , , , , , , , , , , , , , , ,Kalleb,Balogh
John and Fran Duke Scholarship 2023,Submitted; Complete; Complete; Complete,Denied, , , , , , , , , , , , , , , , , , , , , , , , , , , , , , , ,Minh,Lowry
John and Fran Duke Scholarship 2023,Submitted; Complete; Complete; Complete; Complete; Complete; Complete; Complete,Denied, , , , , , , , , , , , , , , , , , , , , , , , , , , ,Cornell University; Cornell University, , , ,Marquis,Dickey
John and Fran Duke Scholarship 2023,Submitted; Complete; Complete; Complete,Denied, , , , , , , , , , , , , , , , , , , , , , , , , , , , , , , ,Rhiannon,el-Bacho
John and Fran Duke Scholarship 2023,Submitted; Complete; Complete; Complete,Denied, , , , , , , , , , , , , , , , , , , , , , , , , , , , , , , ,Armonno,Patterson
John and Fran Duke Scholarship 2023,Submitted; Complete; Complete; Complete; Complete; Complete; Complete; Complete; Complete; Complete,Denied, , , , , , , , , , , , , , , , , , , , , , , , , , , , , , , ,Mahbooba,al-Shaikh
John and Fran Duke Scholarship 2023,Submitted; Complete; Complete; Complete,Denied, , , , , , , , , , , , , , , , , , , , , , , , , , , , , , , ,Divyanka,Urresti
John and Fran Duke Scholarship 2023,Submitted; Complete; Complete; Complete; Complete; Complete; Complete; Complete,Denied, , , , , , , , , , , , , , , , , , , , , , , , , , , ,Boston University; Boston University, , , ,Xavia,Mccarty
John and Fran Duke Scholarship 2023,Submitted; Complete; Complete,Denied, , , , , , , , , , , , , , , , , , , , , , , , , , , , , , , ,Khongmong,Sargent
John and Fran Duke Scholarship 2023,Submitted; Complete; Complete,Denied, , , , , , , , , , , , , , , , , , , , , , , , , , , , , , , ,Kristal,al-Ismael
John and Fran Duke Scholarship 2023,Submitted; Complete; Complete,Denied, , , , , , , , , , , , , , , , , , , , , , , , , , , , , , , ,Shasta,Miranda
John and Fran Duke Scholarship 2023,Submitted; Complete; Complete,Denied, , , , , , , , , , , , , , , , , , , , , , , , , , , , , , , ,Suhaa,Hillsmon
John and Fran Duke Scholarship 2023,Submitted; Complete; Complete; Complete,Denied, , , , , , , , , , , , , , , , , , , , , , , , , , , , , , , ,Mara,Blitzer
John and Fran Duke Scholarship 2023,Submitted; Complete; Complete,Denied, , , , , , , , , , , , , , , , , , , , , , , , , , , , , , , ,Karlos,Moua
John and Fran Duke Scholarship 2023,Submitted; Complete; Complete; Complete,Denied, , , , , , , , , , , , , , , , , , , , , , , , , , , , , , , ,Kitana,Ault
John and Fran Duke Scholarship 2023,Submitted; Complete; Complete; Complete; Complete; Complete; Complete; Complete,Denied, , , , , , , , , , , , , , , , , , , , , , , , , , , ,University of Pennsylvania; University of Pennsylvania, , , ,Angela,al-Hariri
John and Fran Duke Scholarship 2023,Submitted; Complete; Complete; Complete; Complete; Complete; Complete; Complete,Denied, , , , , , , , , , , , , , , , , , , , , , , , , , , ,Bentley University; Bentley University, , , ,Konda,al-Hariri
John and Fran Duke Scholarship 2023,Submitted; Complete; Complete; Complete,Denied, , , , , , , , , , , , , , , , , , , , , , , , , , , , , , , ,Edwin,Jackson
John and Fran Duke Scholarship 2023,Submitted; Submitted; Complete,Denied, , , , , , , , , , , , , , , , , , , , , , , , , , , , , , , ,Naaifa,Dellacroce
John and Fran Duke Scholarship 2023,Submitted; Complete; Complete,Denied, , , , , , , , , , , , , , , , , , , , , , , , , , , , , , , ,Conner,Chestek
John and Fran Duke Scholarship 2023,Submitted; Complete; Complete,Denied, , , , , , , , , , , , , , , , , , , , , , , , , , , , , , , ,Rahma,el-Kaleel
John and Fran Duke Scholarship 2023,Submitted; Complete; Complete; Complete,Denied, , , , , , , , , , , , , , , , , , , , , , , , , , , , , , , ,Howard,Dickey
John and Fran Duke Scholarship 2023,Submitted; Complete; Complete; Complete,Denied, , , , , , , , , , , , , , , , , , , , , , , , , , , , , , , ,Andi,Stark
John and Fran Duke Scholarship 2023,Submitted; Complete; Complete,Denied, , , , , , , , , , , , , , , , , , , , , , , , , , , , , , , ,Lauren,Lillie
John and Fran Duke Scholarship 2023,Submitted; Submitted; Complete,Denied, , , , , , , , , , , , , , , , , , , , , , , , , , , , , , , ,Shasta,Aldret
John and Fran Duke Scholarship 2023,Submitted; Complete; Complete,Denied, , , , , , , , , , , , , , , , , , , , , , , , , , , , , , , ,Tobias,Woy
John and Fran Duke Scholarship 2023,Submitted; Complete; Complete,Denied, , , , , , , , , , , , , , , , , , , , , , , , , , , , , , , ,Wajeeh,Dionese
John and Fran Duke Scholarship 2023,Submitted; Complete; Complete; Complete; Complete; Complete; Complete; Submitted,Denied, , , , , , , , , , , , , , , , , , , , , , , , , , , ,Other; Other,Stanford University, , ,Will,el-Fayad
John and Fran Duke Scholarship 2023,Submitted; Complete; Complete; Complete; Complete; Complete; Complete; Complete,Denied, , , , , , , , , , , , , , , , , , , , , , , , , , , ,Cornell University; Cornell University, , , ,Roger,el-Vaziri
John and Fran Duke Scholarship 2023,Submitted; Complete; Complete,Denied, , , , , , , , , , , , , , , , , , , , , , , , , , , , , , , ,Ekom,Rosales
John and Fran Duke Scholarship 2023,Submitted; Complete; Complete,Denied, , , , , , , , , , , , , , , , , , , , , , , , , , , , , , , ,Luke,Flores-Rodriguez
John and Fran Duke Scholarship 2023,Submitted; Complete; Complete,Denied, , , , , , , , , , , , , , , , , , , , , , , , , , , , , , , ,Humaidaan,el-Khalaf
John and Fran Duke Scholarship 2023,Submitted; Complete; Complete,Denied, , , , , , , , , , , , , , , , , , , , , , , , , , , , , , , ,Waleed,Galindo
John and Fran Duke Scholarship 2023,Submitted; Complete; Complete,Denied, , , , , , , , , , , , , , , , , , , , , , , , , , , , , , , ,Ohitike,Terry
John and Fran Duke Scholarship 2023,Submitted; Complete; Complete; Complete,Denied, , , , , , , , , , , , , , , , , , , , , , , , , , , , , , , ,Akeem,Rodrukkwun
John and Fran Duke Scholarship 2023,Submitted; Complete; Complete; Complete; Complete; Complete; Complete; Complete,Denied, , , , , , , , , , , , , , , , , , , , , , , , , , , ,Other; Other,Columbia University ; Columbia University in the City of N.Y.C., , ,Dezmond,Michell
John and Fran Duke Scholarship 2023,Submitted; Complete; Complete,Denied, , , , , , , , , , , , , , , , , , , , , , , , , , , , , , , ,Jyotshal,Westfall
John and Fran Duke Scholarship 2023,Submitted; Complete; Complete; Complete,Denied, , , , , , , , , , , , , , , , , , , , , , , , , , , , , , , ,Jyotshal,al-Selim
John and Fran Duke Scholarship 2023,Submitted; Complete; Complete,Denied, , , , , , , , , , , , , , , , , , , , , , , , , , , , , , , ,Khongmong,Flowers
John and Fran Duke Scholarship 2023,Submitted; Complete; Complete; Complete; Complete; Complete; Complete; Complete,Denied, , , , , , , , , , , , , , , , , , , , , , , , , , , ,Other; Other,Northwestern University; Northwestern University, , ,Tamanna,Larez
John and Fran Duke Scholarship 2023,Submitted; Complete; Complete,Denied, , , , , , , , , , , , , , , , , , , , , , , , , , , , , , , ,Dajon,Mekonnen
John and Fran Duke Scholarship 2023,Submitted; Complete; Complete,Denied, , , , , , , , , , , , , , , , , , , , , , , , , , , , , , , ,Shirley,al-Hariri
John and Fran Duke Scholarship 2023,Submitted; Complete; Complete,Denied, , , , , , , , , , , , , , , , , , , , , , , , , , , , , , , ,Miriah,al-Rashed
John and Fran Duke Scholarship 2023,Submitted; Complete; Complete; Complete; Complete; Complete; Complete; Complete,Denied, , , , , , , , , , , , , , , , , , , , , , , , , , , ,Georgia State University; Georgia State University, , , ,Cesar,al-Ismael
John and Fran Duke Scholarship 2023,Submitted; Complete; Complete; Complete,Denied, , , , , , , , , , , , , , , , , , , , , , , , , , , , , , , ,Fernanda,Leamons
John and Fran Duke Scholarship 2023,Submitted; Complete; Complete; Complete,Denied, , , , , , , , , , , , , , , , , , , , , , , , , , , , , , , ,Ivan,Deleon-Rodriguez
John and Fran Duke Scholarship 2023,Submitted; Complete; Complete,Denied, , , , , , , , , , , , , , , , , , , , , , , , , , , , , , , ,Mutasim,Temaat
John and Fran Duke Scholarship 2023,Submitted; Complete; Complete,Denied, , , , , , , , , , , , , , , , , , , , , , , , , , , , , , , ,Hamdoona,Hyden-Terry
John and Fran Duke Scholarship 2023,Submitted; Complete; Complete,Denied, , , , , , , , , , , , , , , , , , , , , , , , , , , , , , , ,Sherman,Munguia
John and Fran Duke Scholarship 2023,Submitted; Complete; Complete,Denied, , , , , , , , , , , , , , , , , , , , , , , , , , , , , , , ,Subhi,Satterfield
John and Fran Duke Scholarship 2023,Submitted; Complete; Complete; Complete,Denied, , , , , , , , , , , , , , , , , , , , , , , , , , , , , , , ,Dean,Huerta
John and Fran Duke Scholarship 2023,Submitted; Complete; Complete,Denied, , , , , , , , , , , , , , , , , , , , , , , , , , , , , , , ,Naaifa,Cleavenger
John and Fran Duke Scholarship 2023,Submitted; Complete; Complete,Denied, , , , , , , , , , , , , , , , , , , , , , , , , , , , , , , ,Munisa,Cohen-Wilson
John and Fran Duke Scholarship 2023,Submitted; Complete; Complete,Denied, , , , , , , , , , , , , , , , , , , , , , , , , , , , , , , ,Christine,Warsame
John and Fran Duke Scholarship 2023,Submitted; Complete; Complete,Denied, , , , , , , , , , , , , , , , , , , , , , , , , , , , , , , ,Andy,Hren
John and Fran Duke Scholarship 2023,Submitted; Complete; Complete; Complete; Complete; Complete; Complete; Complete,Denied, , , , , , , , , , , , , , , , , , , , , , , , , , , ,Other; Other,Fashion Institute of Technology ; FIT, , ,Karan,Gandarilla
John and Fran Duke Scholarship 2023,Submitted; Complete; Complete,Denied, , , , , , , , , , , , , , , , , , , , , , , , , , , , , , , ,Tevin,al-Hariri
John and Fran Duke Scholarship 2023,Submitted; Complete; Complete,Denied, , , , , , , , , , , , , , , , , , , , , , , , , , , , , , , ,Roderick,Chavira-Delgado
John and Fran Duke Scholarship 2023,Submitted; Complete; Complete; Complete,Denied, , , , , , , , , , , , , , , , , , , , , , , , , , , , , , , ,Fawzia,Wingo
John and Fran Duke Scholarship 2023,Submitted; Complete; Complete; Complete; Complete; Complete; Complete; Complete,Denied, , , , , , , , , , , , , , , , , , , , , , , , , , , ,Hamilton College; Hamilton College, , , ,My,Castorena
John and Fran Duke Scholarship 2023,Submitted; Complete; Complete; Complete,Denied, , , , , , , , , , , , , , , , , , , , , , , , , , , , , , , ,Sokdaney,Blitzer
John and Fran Duke Scholarship 2023,Submitted; Complete; Complete; Complete; Complete; Complete; Complete; Complete,Denied, , , , , , , , , , , , , , , , , , , , , , , , , , , ,Boston University; Boston University, , , ,Magdalena,Gaskins
John and Fran Duke Scholarship 2023,Submitted; Complete; Complete,Denied, , , , , , , , , , , , , , , , , , , , , , , , , , , , , , , ,Kaiya,Centeno Leon
John and Fran Duke Scholarship 2023,Submitted; Complete; Complete,Denied, , , , , , , , , , , , , , , , , , , , , , , , , , , , , , , ,Jeffery,Sanni
John and Fran Duke Scholarship 2023,Submitted; Complete; Complete,Denied, , , , , , , , , , , , , , , , , , , , , , , , , , , , , , , ,Bryce,Krabbe
John and Fran Duke Scholarship 2023,Submitted; Complete; Complete,Denied, , , , , , , , , , , , , , , , , , , , , , , , , , , , , , , ,Franklin,Vanduren
John and Fran Duke Scholarship 2023,Submitted; Complete; Complete,Denied, , , , , , , , , , , , , , , , , , , , , , , , , , , , , , , ,Oniel,Force
John and Fran Duke Scholarship 2023,Submitted; Complete; Complete; Complete,Denied, , , , , , , , , , , , , , , , , , , , , , , , , , , , , , , ,Allyson,Zimmerman
John and Fran Duke Scholarship 2023,Submitted; Complete; Complete; Complete,Denied, , , , , , , , , , , , , , , , , , , , , , , , , , , , , , , ,Abhaya,Browning
John and Fran Duke Scholarship 2023,Submitted; Complete; Complete,Denied, , , , , , , , , , , , , , , , , , , , , , , , , , , , , , , ,Malynda,Dykstra
John F. Freeland Memorial Scholarship 2023,Submitted; Complete; Complete; Complete; Complete; Complete; Complete; Complete; Complete; Complete; Complete; Complete,Closed,1800, , , , , , , , , , , , , , , , , , , , , , , , , , , , , , ,Yadira,Slusarchyk
John F. Freeland Memorial Scholarship 2023,Submitted; Complete; Complete; Complete; Complete; Complete; Complete; Complete; Complete; Complete; Complete; Complete,Denied, , , , , , , , , , , , , , , , , , , , , , , , , , , , , , , ,Nichole,Aker
Joseph F. and Claire L. Halvey Scholarship 2023,Submitted; Complete; Complete; Complete,Denied, , , , , , , , , , , , , , , , , , , , , , , , , , , , , , , ,Muneefa,Ives
Joseph F. and Claire L. Halvey Scholarship 2023,Submitted; Complete; Complete,Denied, , , , , , , , , , , , , , , , , , , , , , , , , , , , , , , ,Shayla,Stepter
Joseph F. and Claire L. Halvey Scholarship 2023,Submitted; Complete; Complete; Complete,Denied, , , , , , , , , , , , , , , , , , , , , , , , , , , , , , , ,Kortnee,al-Hariri
Joseph F. and Claire L. Halvey Scholarship 2023,Submitted; Complete; Complete; Complete; Complete,Denied, , , , , , , , , , , , , , , , , , , , , , , , , , , , , , , ,Jared,Gordon
Joseph F. and Claire L. Halvey Scholarship 2023,Submitted; Complete; Complete; Complete,Denied, , , , , , , , , , , , , , , , , , , , , , , , , , , , , , , ,Abdul Haleem,al-Huda
Joseph F. and Claire L. Halvey Scholarship 2023,Submitted; Submitted; Complete,Denied, , , , , , , , , , , , , , , , , , , , , , , , , , , , , , , ,Cynthia,Talbert
Joseph F. and Claire L. Halvey Scholarship 2023,Submitted; Complete; Complete,Denied, , , , , , , , , , , , , , , , , , , , , , , , , , , , , , , ,Ta,Donaldson
Joseph F. and Claire L. Halvey Scholarship 2023,Submitted; Complete; Complete,Denied, , , , , , , , , , , , , , , , , , , , , , , , , , , , , , , ,Jordynn,Horta
Joseph F. and Claire L. Halvey Scholarship 2023,Submitted; Complete; Complete,Denied, , , , , , , , , , , , , , , , , , , , , , , , , , , , , , , ,Mashal,Bardsley
Joseph F. and Claire L. Halvey Scholarship 2023,Submitted; Complete; Complete; Complete,Denied, , , , , , , , , , , , , , , , , , , , , , , , , , , , , , , ,Shivani,Bliss
Joseph F. and Claire L. Halvey Scholarship 2023,Submitted; Complete; Complete,Denied, , , , , , , , , , , , , , , , , , , , , , , , , , , , , , , ,Jadira,Elizalde
Joseph F. and Claire L. Halvey Scholarship 2023,Submitted; Complete; Complete; Complete; Complete,Denied, , , , , , , , , , , , , , , , , , , , , , , , , , , ,Worcester State University, , , ,Latasha,al-Guler
Joseph F. and Claire L. Halvey Scholarship 2023,Submitted; Complete; Complete,Denied, , , , , , , , , , , , , , , , , , , , , , , , , , , , , , , ,Bobbi,Hathaway
Joseph F. and Claire L. Halvey Scholarship 2023,Submitted; Complete; Complete; Complete,Denied, , , , , , , , , , , , , , , , , , , , , , , , , , , , , , , ,Wyleen,Macasinag
Joseph F. and Claire L. Halvey Scholarship 2023,Submitted; Complete; Complete; Complete; Complete; Complete; Complete; Complete,Denied, , , , , , , , , , , , , , , , , , , , , , , , , , , ,Massachusetts College of Art and Design; Massachusetts College of Art and Design, , , ,Dayshawn,Griffie
Joseph F. and Claire L. Halvey Scholarship 2023,Submitted; Complete; Complete,Denied, , , , , , , , , , , , , , , , , , , , , , , , , , , , , , , ,Brittney,Carrillo
Joseph F. and Claire L. Halvey Scholarship 2023,Submitted; Complete; Complete,Denied, , , , , , , , , , , , , , , , , , , , , , , , , , , , , , , ,Marvon,Hren
Joseph F. and Claire L. Halvey Scholarship 2023,Submitted; Complete; Complete,Denied, , , , , , , , , , , , , , , , , , , , , , , , , , , , , , , ,Rosemary,Uhland
Joseph F. and Claire L. Halvey Scholarship 2023,Submitted; Complete; Complete,Denied, , , , , , , , , , , , , , , , , , , , , , , , , , , , , , , ,Margaret,Warnes
Joseph F. and Claire L. Halvey Scholarship 2023,Submitted; Complete; Complete; Complete,Denied, , , , , , , , , , , , , , , , , , , , , , , , , , , , , , , ,Sushmita,Fognani
Joseph F. and Claire L. Halvey Scholarship 2023,Submitted; Complete; Complete; Complete; Complete; Complete; Complete; Complete,Denied, , , , , , , , , , , , , , , , , , , , , , , , , , , ,University of Massachusetts at Amherst; University of Massachusetts at Amherst, , , ,Nevin,Shain
Joseph F. and Claire L. Halvey Scholarship 2023,Submitted; Complete; Complete,Denied, , , , , , , , , , , , , , , , , , , , , , , , , , , , , , , ,Sierra,Puckett
Joseph F. and Claire L. Halvey Scholarship 2023,Submitted; Submitted; Complete,Denied, , , , , , , , , , , , , , , , , , , , , , , , , , , , , , , ,Stephany,Channel
Joseph F. and Claire L. Halvey Scholarship 2023,Submitted; Complete; Complete; Complete; Complete; Complete,Denied, , , , , , , , , , , , , , , , , , , , , , , , , , , ,Worcester State University; Worcester State University, , , ,Muhjar,Hart
Joseph F. and Claire L. Halvey Scholarship 2023,Submitted; Complete; Complete; Complete,Denied, , , , , , , , , , , , , , , , , , , , , , , , , , , , , , , ,Sumbula,Roman-Cervantes
Joseph F. and Claire L. Halvey Scholarship 2023,Submitted; Complete; Complete; Complete,Denied, , , , , , , , , , , , , , , , , , , , , , , , , , , , , , , ,Lavies,Ruska
Joseph F. and Claire L. Halvey Scholarship 2023,Submitted; Complete; Complete; Complete,Denied, , , , , , , , , , , , , , , , , , , , , , , , , , , , , , , ,Faai Z,Nye
Joseph F. and Claire L. Halvey Scholarship 2023,Submitted; Complete; Complete,Denied, , , , , , , , , , , , , , , , , , , , , , , , , , , , , , , ,Fawzia,al-Elamin
Joseph F. and Claire L. Halvey Scholarship 2023,Submitted; Complete; Complete,Denied, , , , , , , , , , , , , , , , , , , , , , , , , , , , , , , ,Matia,Bak
Joseph F. and Claire L. Halvey Scholarship 2023,Submitted; Complete; Complete; Complete,Denied, , , , , , , , , , , , , , , , , , , , , , , , , , , , , , , ,Brendon,Channel
Joseph F. and Claire L. Halvey Scholarship 2023,Submitted; Complete; Complete; Complete; Complete; Complete; Complete; Complete,Denied, , , , , , , , , , , , , , , , , , , , , , , , , , , ,Other; Other,Carnegie Mellon University; Carnegie Mellon University, , ,Hamad,el-Kader
Joseph F. and Claire L. Halvey Scholarship 2023,Submitted; Complete; Complete; Complete; Complete; Complete; Complete; Complete,Denied, , , , , , , , , , , , , , , , , , , , , , , , , , , ,MCPHS University; MCPHS University, , , ,Raheema,Amgalanbayar
Joseph F. and Claire L. Halvey Scholarship 2023,Submitted; Complete; Complete; Complete,Denied, , , , , , , , , , , , , , , , , , , , , , , , , , , , , , , ,Mychael,Halberg
Joseph F. and Claire L. Halvey Scholarship 2023,Submitted; Complete; Complete; Complete,Denied, , , , , , , , , , , , , , , , , , , , , , , , , , , , , , , ,Kalleb,Balogh
Joseph F. and Claire L. Halvey Scholarship 2023,Submitted; Complete; Complete; Complete; Complete; Complete; Complete; Complete,Denied, , , , , , , , , , , , , , , , , , , , , , , , , , , ,Assumption University; Assumption University, , , ,Losol,Senior
Joseph F. and Claire L. Halvey Scholarship 2023,Submitted; Complete; Complete,Denied, , , , , , , , , , , , , , , , , , , , , , , , , , , , , , , ,Mahbooba,al-Shaikh
Joseph F. and Claire L. Halvey Scholarship 2023,Submitted; Complete; Complete,Denied, , , , , , , , , , , , , , , , , , , , , , , , , , , , , , , ,Julie,Haroon
Joseph F. and Claire L. Halvey Scholarship 2023,Submitted; Complete; Complete,Denied, , , , , , , , , , , , , , , , , , , , , , , , , , , , , , , ,Kristal,al-Ismael
Joseph F. and Claire L. Halvey Scholarship 2023,Submitted; Complete; Complete,Denied, , , , , , , , , , , , , , , , , , , , , , , , , , , , , , , ,Suhaa,Hillsmon
Joseph F. and Claire L. Halvey Scholarship 2023,Submitted; Complete; Complete; Complete; Complete; Complete; Complete; Complete,Denied, , , , , , , , , , , , , , , , , , , , , , , , , , , ,Anna Maria College; Anna Maria College, , , ,Ace,Tagawa
Joseph F. and Claire L. Halvey Scholarship 2023,Submitted; Complete; Complete; Complete; Complete; Complete; Complete; Complete,Denied, , , , , , , , , , , , , , , , , , , , , , , , , , , ,University of Pennsylvania; University of Pennsylvania, , , ,Angela,al-Hariri
Joseph F. and Claire L. Halvey Scholarship 2023,Submitted; Complete; Complete; Complete; Complete; Complete; Complete; Complete,Denied, , , , , , , , , , , , , , , , , , , , , , , , , , , ,Bentley University; Bentley University, , , ,Konda,al-Hariri
Joseph F. and Claire L. Halvey Scholarship 2023,Submitted; Complete; Complete; Complete,Denied, , , , , , , , , , , , , , , , , , , , , , , , , , , , , , , ,Edwin,Jackson
Joseph F. and Claire L. Halvey Scholarship 2023,Submitted; Submitted; Complete,Denied, , , , , , , , , , , , , , , , , , , , , , , , , , , , , , , ,Naaifa,Dellacroce
Joseph F. and Claire L. Halvey Scholarship 2023,Submitted; Complete; Complete; Complete,Denied, , , , , , , , , , , , , , , , , , , , , , , , , , , , , , , ,Howard,Dickey
Joseph F. and Claire L. Halvey Scholarship 2023,Submitted; Complete; Complete; Complete,Denied, , , , , , , , , , , , , , , , , , , , , , , , , , , , , , , ,Andi,Stark
Joseph F. and Claire L. Halvey Scholarship 2023,Submitted; Complete; Complete,Denied, , , , , , , , , , , , , , , , , , , , , , , , , , , , , , , ,Lauren,Lillie
Joseph F. and Claire L. Halvey Scholarship 2023,Submitted; Complete; Complete; Complete; Complete; Complete; Complete; Complete,Denied, , , , , , , , , , , , , , , , , , , , , , , , , , , ,Worcester State University; Worcester State University, , , ,Abhaya,Macias Flores
Joseph F. and Claire L. Halvey Scholarship 2023,Submitted; Complete; Complete,Denied, , , , , , , , , , , , , , , , , , , , , , , , , , , , , , , ,Mikala,Christensen
Joseph F. and Claire L. Halvey Scholarship 2023,Submitted; Complete; Complete; Complete; Complete; Complete; Complete; Complete,Denied, , , , , , , , , , , , , , , , , , , , , , , , , , , ,University of Michigan at Ann Arbor; University of Michigan at Ann Arbor, , , ,Roger,el-Masri
Joseph F. and Claire L. Halvey Scholarship 2023,Submitted; Complete; Complete; Complete,Denied, , , , , , , , , , , , , , , , , , , , , , , , , , , , , , , ,Akeem,Rodrukkwun
Joseph F. and Claire L. Halvey Scholarship 2023,Submitted; Complete; Complete; Complete; Complete; Complete; Complete; Complete,Denied, , , , , , , , , , , , , , , , , , , , , , , , , , , ,Other; Other,Columbia University ; Columbia University in the City of N.Y.C., , ,Dezmond,Michell
Joseph F. and Claire L. Halvey Scholarship 2023,Submitted; Complete; Complete; Complete,Denied, , , , , , , , , , , , , , , , , , , , , , , , , , , , , , , ,Jyotshal,al-Selim
Joseph F. and Claire L. Halvey Scholarship 2023,Submitted; Complete; Complete,Denied, , , , , , , , , , , , , , , , , , , , , , , , , , , , , , , ,Shirley,al-Hariri
Joseph F. and Claire L. Halvey Scholarship 2023,Submitted; Complete; Complete,Denied, , , , , , , , , , , , , , , , , , , , , , , , , , , , , , , ,Daizha,Khatanbaatar
Joseph F. and Claire L. Halvey Scholarship 2023,Submitted; Complete; Complete; Complete; Complete; Complete; Complete; Complete,Denied, , , , , , , , , , , , , , , , , , , , , , , , , , , ,Georgia State University; Georgia State University, , , ,Cesar,al-Ismael
Joseph F. and Claire L. Halvey Scholarship 2023,Submitted; Complete; Complete; Complete,Denied, , , , , , , , , , , , , , , , , , , , , , , , , , , , , , , ,Fernanda,Leamons
Joseph F. and Claire L. Halvey Scholarship 2023,Submitted; Complete; Complete; Complete,Denied, , , , , , , , , , , , , , , , , , , , , , , , , , , , , , , ,Dean,Huerta
Joseph F. and Claire L. Halvey Scholarship 2023,Submitted; Complete; Complete,Denied, , , , , , , , , , , , , , , , , , , , , , , , , , , , , , , ,Travonta,Balderas Aguilar
Joseph F. and Claire L. Halvey Scholarship 2023,Submitted; Complete; Complete,Denied, , , , , , , , , , , , , , , , , , , , , , , , , , , , , , , ,Naaifa,Cleavenger
Joseph F. and Claire L. Halvey Scholarship 2023,Submitted; Complete; Complete,Denied, , , , , , , , , , , , , , , , , , , , , , , , , , , , , , , ,Andy,Hren
Joseph F. and Claire L. Halvey Scholarship 2023,Submitted; Complete; Complete; Complete; Complete; Complete; Complete; Complete,Denied, , , , , , , , , , , , , , , , , , , , , , , , , , , ,Other; Other,Fashion Institute of Technology ; FIT, , ,Karan,Gandarilla
Joseph F. and Claire L. Halvey Scholarship 2023,Submitted; Complete; Complete,Denied, , , , , , , , , , , , , , , , , , , , , , , , , , , , , , , ,Miqdaad,Torain
Joseph F. and Claire L. Halvey Scholarship 2023,Submitted; Complete; Complete,Denied, , , , , , , , , , , , , , , , , , , , , , , , , , , , , , , ,Roderick,Chavira-Delgado
Joseph F. and Claire L. Halvey Scholarship 2023,Submitted; Complete; Complete,Denied, , , , , , , , , , , , , , , , , , , , , , , , , , , , , , , ,Karlina,Punzal
Joseph F. and Claire L. Halvey Scholarship 2023,Submitted; Complete; Complete; Complete,Denied, , , , , , , , , , , , , , , , , , , , , , , , , , , , , , , ,Fawzia,Wingo
Joseph F. and Claire L. Halvey Scholarship 2023,Submitted; Complete; Complete,Denied, , , , , , , , , , , , , , , , , , , , , , , , , , , , , , , ,Africa,al-Farman
Joseph F. and Claire L. Halvey Scholarship 2023,Submitted; Complete; Complete; Complete; Complete; Complete; Complete; Complete,Denied, , , , , , , , , , , , , , , , , , , , , , , , , , , ,Massachusetts Institute of Technology; Massachusetts Institute of Technology, , , ,Koji,el-Kazemi
Joseph F. and Claire L. Halvey Scholarship 2023,Submitted; Complete; Complete,Denied, , , , , , , , , , , , , , , , , , , , , , , , , , , , , , , ,Kaiya,Centeno Leon
Joseph F. and Claire L. Halvey Scholarship 2023,Submitted; Complete; Complete,Denied, , , , , , , , , , , , , , , , , , , , , , , , , , , , , , , ,Bryce,Krabbe
Joseph F. and Claire L. Halvey Scholarship 2023,Submitted; Complete; Complete,Denied, , , , , , , , , , , , , , , , , , , , , , , , , , , , , , , ,Izzaddeen,Feltman
Kathleen Terry Memorial Scholarship 2023,Submitted; Complete; Complete; Complete; Complete; Complete; Complete; Complete; Complete,Closed,800, , , , , , , , , , , , , , , , , , , , , , , , , , , , , , ,Idrianna,Longwing
Kathleen Terry Memorial Scholarship 2023,Submitted; Submitted; Complete,Denied, , , , , , , , , , , , , , , , , , , , , , , , , , , , , , , ,Halley,Howard
Kathleen Terry Memorial Scholarship 2023,Submitted; Complete; Complete; Complete; Complete; Complete; Complete; Complete; Complete; Complete; Complete; Complete; Complete,Denied, , , , , , , , , , , , , , , , , , , , , , , , , , , ,Assumption University; Assumption University, , , ,Ignacio,Longwing
Kathleen Terry Memorial Scholarship 2023,Submitted; Complete; Complete; Complete; Complete; Complete; Complete; Complete; Complete; Complete; Complete; Complete; Complete,Denied, , , , , , , , , , , , , , , , , , , , , , , , , , , ,Suffolk University; Boston College, , , ,Armonno,Mcglothlen
Kathleen Terry Memorial Scholarship 2023,Submitted; Complete; Complete,Denied, , , , , , , , , , , , , , , , , , , , , , , , , , , , , , , ,Armonno,Abebe
Kathleen Terry Memorial Scholarship 2023,Submitted; Complete; Complete,Denied, , , , , , , , , , , , , , , , , , , , , , , , , , , , , , , ,Alex,Tang
Kathleen Terry Memorial Scholarship 2023,Submitted; Complete; Complete,Denied, , , , , , , , , , , , , , , , , , , , , , , , , , , , , , , ,Whitney,Oster
Kathleen Terry Memorial Scholarship 2023,Submitted; Complete; Complete,Denied, , , , , , , , , , , , , , , , , , , , , , , , , , , , , , , ,Lateefa,Whiteman
Kathleen Terry Memorial Scholarship 2023,Submitted; Complete; Complete,Denied, , , , , , , , , , , , , , , , , , , , , , , , , , , , , , , ,Stephen,al-Halaby
Kathleen Terry Memorial Scholarship 2023,Submitted; Complete; Complete; Complete; Complete; Complete; Complete; Complete,Denied, , , , , , , , , , , , , , , , , , , , , , , , , , , , , , , ,Musheera,Donez
Kathleen Terry Memorial Scholarship 2023,Submitted; Complete; Complete,Denied, , , , , , , , , , , , , , , , , , , , , , , , , , , , , , , ,Camrey,Gaucin
Kathleen Terry Memorial Scholarship 2023,Submitted; Complete; Complete,Denied, , , , , , , , , , , , , , , , , , , , , , , , , , , , , , , ,Hyeju,Dai
Kathleen Terry Memorial Scholarship 2023,Submitted; Complete; Complete,Denied, , , , , , , , , , , , , , , , , , , , , , , , , , , , , , , ,Qisma,Mcguire
Kathleen Terry Memorial Scholarship 2023,Submitted; Complete; Complete,Denied, , , , , , , , , , , , , , , , , , , , , , , , , , , , , , , ,Luisa,al-Awan
Kathleen Terry Memorial Scholarship 2023,Submitted; Complete; Complete,Denied, , , , , , , , , , , , , , , , , , , , , , , , , , , , , , , ,Ignacio,Vega
Kathleen Terry Memorial Scholarship 2023,Submitted; Complete; Complete,Denied, , , , , , , , , , , , , , , , , , , , , , , , , , , , , , , ,Collin,Walthall
Kathleen Terry Memorial Scholarship 2023,Submitted; Complete; Complete,Denied, , , , , , , , , , , , , , , , , , , , , , , , , , , , , , , ,Jereek,Fajardo
Kathleen Terry Memorial Scholarship 2023,Submitted; Complete; Complete,Denied, , , , , , , , , , , , , , , , , , , , , , , , , , , , , , , ,Monique,Minter
Kelly A. Davis Memorial Scholarship 2023,Submitted; Complete; Complete; Complete,Closed,650, , , , , , , , , , , , , , , , , , , , , , , , , , , , , , ,Simon,Manimtim
Kelly A. Davis Memorial Scholarship 2023,Submitted; Complete; Complete,Denied, , , , , , , , , , , , , , , , , , , , , , , , , , , , , , , ,Ireland,No
Ken and Pat Jones Scholarship 2023,Submitted; Complete; Complete; Complete; Complete; Complete; Complete; Complete; Complete; Complete,Closed,2500, , , , , , , , , , , , , , , , , , , , , , , , , , , , , , ,Janei,Jennings
Ken and Pat Jones Scholarship 2023,Submitted; Complete; Complete; Complete; Complete; Complete; Complete; Complete; Complete; Complete,Closed,2500, , , , , , , , , , , , , , , , , , , , , , , , , , , , , , ,Sheena,al-Pashia
Ken and Pat Jones Scholarship 2023,Submitted; Submitted; Complete,Denied, , , , , , , , , , , , , , , , , , , , , , , , , , , , , , , ,Kabowd,Gjurekovec
Ken and Pat Jones Scholarship 2023,Submitted; Complete; Complete,Denied, , , , , , , , , , , , , , , , , , , , , , , , , , , , , , , ,Jim,Rivas
Ken and Pat Jones Scholarship 2023,Submitted; Complete; Complete,Denied, , , , , , , , , , , , , , , , , , , , , , , , , , , , , , , ,Angelo,Forfar-Jones
Ken and Pat Jones Scholarship 2023,Submitted; Complete; Complete,Denied, , , , , , , , , , , , , , , , , , , , , , , , , , , , , , , ,Saamyya,Rumsey
Ken and Pat Jones Scholarship 2023,Submitted; Complete; Complete; Complete; Complete; Complete; Complete; Complete; Complete,Denied, , , , , , , , , , , , , , , , , , , , , , , , , , , , , , , ,Stephen,Wada
Ken and Pat Jones Scholarship 2023,Submitted; Complete; Complete,Denied, , , , , , , , , , , , , , , , , , , , , , , , , , , , , , , ,Fikir,Mann
Ken and Pat Jones Scholarship 2023,Submitted; Complete; Complete,Denied, , , , , , , , , , , , , , , , , , , , , , , , , , , , , , , ,Jacina,Isobe
Ken and Pat Jones Scholarship 2023,Submitted; Complete; Complete,Denied, , , , , , , , , , , , , , , , , , , , , , , , , , , , , , , ,Trent,al-Abdelrahman
Ken and Pat Jones Scholarship 2023,Submitted; Complete; Complete; Complete; Complete; Complete; Complete; Complete,Denied, , , , , , , , , , , , , , , , , , , , , , , , , , , ,Assumption University; Assumption University, , , ,Taeler,Ginsberg
Ken and Pat Jones Scholarship 2023,Submitted; Complete; Complete,Denied, , , , , , , , , , , , , , , , , , , , , , , , , , , , , , , ,Roger,al-Hameed
Ken and Pat Jones Scholarship 2023,Submitted; Complete; Complete; Complete; Complete; Complete; Complete; Complete,Denied, , , , , , , , , , , , , , , , , , , , , , , , , , , ,Endicott College; Endicott College, , , ,Erika,Briones-Pena
Ken and Pat Jones Scholarship 2023,Submitted; Complete; Complete,Denied, , , , , , , , , , , , , , , , , , , , , , , , , , , , , , , ,Adail,Abu-Khdeir
Ken and Pat Jones Scholarship 2023,Submitted; Complete; Complete,Denied, , , , , , , , , , , , , , , , , , , , , , , , , , , , , , , ,Karlos,el-Bey
Ken and Pat Jones Scholarship 2023,Submitted; Complete; Complete; Complete; Complete; Complete; Complete; Complete; Complete,Denied, , , , , , , , , , , , , , , , , , , , , , , , , , , , , , , ,Nia'Imani,Ballesteros
Ken and Pat Jones Scholarship 2023,Submitted; Complete; Complete; Complete; Complete; Complete; Complete; Complete; Complete,Denied, , , , , , , , , , , , , , , , , , , , , , , , , , , , , , , ,Nabeel,Diaz-Meyer
Ken and Pat Jones Scholarship 2023,Submitted; Complete; Complete,Denied, , , , , , , , , , , , , , , , , , , , , , , , , , , , , , , ,Munisa,Meli
Ken and Pat Jones Scholarship 2023,Submitted; Complete; Complete,Denied, , , , , , , , , , , , , , , , , , , , , , , , , , , , , , , ,Juliana,el-Mannan
Ken and Pat Jones Scholarship 2023,Submitted; Complete; Complete; Complete; Complete; Complete,Denied, , , , , , , , , , , , , , , , , , , , , , , , , , , ,Worcester State University; Worcester State University, , , ,Shasta,al-Zaman
Ken and Pat Jones Scholarship 2023,Submitted; Complete; Complete,Denied, , , , , , , , , , , , , , , , , , , , , , , , , , , , , , , ,Fawz,el-Jaber
Ken and Pat Jones Scholarship 2023,Submitted; Complete; Complete,Denied, , , , , , , , , , , , , , , , , , , , , , , , , , , , , , , ,Izaak,Eisele
Ken and Pat Jones Scholarship 2023,Submitted; Complete; Complete,Denied, , , , , , , , , , , , , , , , , , , , , , , , , , , , , , , ,Heroki,Berumen
Ken and Pat Jones Scholarship 2023,Submitted; Complete; Complete,Denied, , , , , , , , , , , , , , , , , , , , , , , , , , , , , , , ,Alton,Ervin
Ken and Pat Jones Scholarship 2023,Submitted; Complete; Complete,Denied, , , , , , , , , , , , , , , , , , , , , , , , , , , , , , , ,Waleed,Oliva
Ken and Pat Jones Scholarship 2023,Submitted; Complete; Complete,Denied, , , , , , , , , , , , , , , , , , , , , , , , , , , , , , , ,Stephen,al-Halaby
Ken and Pat Jones Scholarship 2023,Submitted; Complete; Complete; Complete; Complete; Complete; Complete; Complete,Denied, , , , , , , , , , , , , , , , , , , , , , , , , , , ,Boston College; Boston College, , , ,Tiffany,Saidy
Ken and Pat Jones Scholarship 2023,Submitted; Complete; Complete,Denied, , , , , , , , , , , , , , , , , , , , , , , , , , , , , , , ,Joann,Soria
Ken and Pat Jones Scholarship 2023,Submitted; Complete; Complete,Denied, , , , , , , , , , , , , , , , , , , , , , , , , , , , , , , ,Umair,Vasquez
Ken and Pat Jones Scholarship 2023,Submitted; Complete; Complete; Complete,Denied, , , , , , , , , , , , , , , , , , , , , , , , , , , , , , , ,Musheera,Cade Blanche
Ken and Pat Jones Scholarship 2023,Submitted; Complete; Complete,Denied, , , , , , , , , , , , , , , , , , , , , , , , , , , , , , , ,Humaira,el-Obeid
Ken and Pat Jones Scholarship 2023,Submitted; Complete; Complete; Complete; Complete; Complete; Complete; Complete; Complete; Complete,Denied, , , , , , , , , , , , , , , , , , , , , , , , , , , , , , , ,Mirza,Dagin
Ken and Pat Jones Scholarship 2023,Submitted; Complete; Complete; Complete; Complete; Complete; Complete; Complete,Denied, , , , , , , , , , , , , , , , , , , , , , , , , , , ,University of Massachusetts at Amherst; University of Massachusetts at Amherst, , , ,Kent,Bechler
Ken and Pat Jones Scholarship 2023,Submitted; Complete; Complete; Complete,Denied, , , , , , , , , , , , , , , , , , , , , , , , , , , , , , , ,Marcello,Compton
Ken and Pat Jones Scholarship 2023,Submitted; Complete; Complete; Complete,Denied, , , , , , , , , , , , , , , , , , , , , , , , , , , , , , , ,Picabo,al-Aydin
Ken and Pat Jones Scholarship 2023,Submitted; Complete; Complete,Denied, , , , , , , , , , , , , , , , , , , , , , , , , , , , , , , ,Taqi,Tuiolosega
Ken and Pat Jones Scholarship 2023,Submitted; Complete; Complete,Denied, , , , , , , , , , , , , , , , , , , , , , , , , , , , , , , ,Markangelo,Mccreary
Ken and Pat Jones Scholarship 2023,Submitted; Complete; Complete,Denied, , , , , , , , , , , , , , , , , , , , , , , , , , , , , , , ,Kanjai,Ludwig
Ken and Pat Jones Scholarship 2023,Submitted; Complete; Complete,Denied, , , , , , , , , , , , , , , , , , , , , , , , , , , , , , , ,"Jam,Aan",Pandit
Ken and Pat Jones Scholarship 2023,Submitted; Complete; Complete,Denied, , , , , , , , , , , , , , , , , , , , , , , , , , , , , , , ,Lateefa,Stringfellow
Ken and Pat Jones Scholarship 2023,Submitted; Complete; Complete; Complete; Complete; Complete; Complete; Complete; Complete; Complete; Complete; Complete; Complete; Complete,Denied, , , , , , , , , , , , , , , , , , , , , , , , , , , ,University of Massachusetts at Amherst; University of Massachusetts at Amherst, , , ,Dequanda,Jenkins
Ken and Pat Jones Scholarship 2023,Submitted; Complete; Complete,Denied, , , , , , , , , , , , , , , , , , , , , , , , , , , , , , , ,Darell,al-Baten
Ken and Pat Jones Scholarship 2023,Submitted; Submitted; Complete,Denied, , , , , , , , , , , , , , , , , , , , , , , , , , , , , , , ,Yadira,al-Naqvi
Ken and Pat Jones Scholarship 2023,Submitted; Submitted; Complete,Denied, , , , , , , , , , , , , , , , , , , , , , , , , , , , , , , ,Shasta,Aldret
Ken and Pat Jones Scholarship 2023,Submitted; Submitted; Complete,Denied, , , , , , , , , , , , , , , , , , , , , , , , , , , , , , , ,Prodeo,Gookin
Ken and Pat Jones Scholarship 2023,Submitted; Complete; Complete,Denied, , , , , , , , , , , , , , , , , , , , , , , , , , , , , , , ,Dametriese,Ritman
Ken and Pat Jones Scholarship 2023,Submitted; Complete; Complete,Denied, , , , , , , , , , , , , , , , , , , , , , , , , , , , , , , ,Davis,Levesque
Ken and Pat Jones Scholarship 2023,Submitted; Complete; Complete,Denied, , , , , , , , , , , , , , , , , , , , , , , , , , , , , , , ,Janayle,Niemann
Ken and Pat Jones Scholarship 2023,Submitted; Complete; Complete,Denied, , , , , , , , , , , , , , , , , , , , , , , , , , , , , , , ,Brenna,el-Ansari
Ken and Pat Jones Scholarship 2023,Submitted; Complete; Complete; Complete,Denied, , , , , , , , , , , , , , , , , , , , , , , , , , , , , , , ,Isiah,Day
Ken and Pat Jones Scholarship 2023,Submitted; Complete; Complete,Denied, , , , , , , , , , , , , , , , , , , , , , , , , , , , , , , ,Azamat,Stice
Ken and Pat Jones Scholarship 2023,Submitted; Complete; Complete; Complete; Complete; Complete; Complete; Complete,Denied, , , , , , , , , , , , , , , , , , , , , , , , , , , ,Endicott College; Endicott College, , , ,Michalyn,Nunn
Ken and Pat Jones Scholarship 2023,Submitted; Complete; Complete,Denied, , , , , , , , , , , , , , , , , , , , , , , , , , , , , , , ,Julien,Chavez Salvador
Ken and Pat Jones Scholarship 2023,Submitted; Complete; Complete,Denied, , , , , , , , , , , , , , , , , , , , , , , , , , , , , , , ,Roger,Boles
Ken and Pat Jones Scholarship 2023,Submitted; Complete; Complete,Denied, , , , , , , , , , , , , , , , , , , , , , , , , , , , , , , ,Izaiah,Tu
L.W.V.O. Memorial Scholarship 2023,Submitted; Submitted; Complete; Complete,Denied, , , , , , , , , , , , , , , , , , , , , , , , , , , , , , , ,Lee,Bruno
L.W.V.O. Memorial Scholarship 2023,Submitted; Submitted; Complete,Denied, , , , , , , , , , , , , , , , , , , , , , , , , , , , , , , ,Jyotshal,Hulbert
L.W.V.O. Memorial Scholarship 2023,Submitted; Submitted; Complete; Complete; Complete,Denied, , , , , , , , , , , , , , , , , , , , , , , , , , , , , , , ,Chase,Brenner
L.W.V.O. Memorial Scholarship 2023,Submitted; Submitted; Complete,Denied, , , , , , , , , , , , , , , , , , , , , , , , , , , , , , , ,Russell,Lombardi-Marsh
L.W.V.O. Memorial Scholarship 2023,Submitted; Submitted; Complete,Denied, , , , , , , , , , , , , , , , , , , , , , , , , , , , , , , ,Luke,Lewis
L.W.V.O. Memorial Scholarship 2023,Submitted; Submitted; Complete,Denied, , , , , , , , , , , , , , , , , , , , , , , , , , , , , , , ,Musheera,Donez
L.W.V.O. Memorial Scholarship 2023,Submitted; Submitted; Complete; Complete,Denied, , , , , , , , , , , , , , , , , , , , , , , , , , , , , , , ,Camrey,al-Khalili
L.W.V.O. Memorial Scholarship 2023,Submitted; Submitted; Complete,Denied, , , , , , , , , , , , , , , , , , , , , , , , , , , , , , , ,Cheyane,Siddiqui
L.W.V.O. Memorial Scholarship 2023,Submitted; Submitted; Complete,Denied, , , , , , , , , , , , , , , , , , , , , , , , , , , , , , , ,Chrisna,Guerra
L.W.V.O. Memorial Scholarship 2023,Submitted; Submitted; Complete,Denied, , , , , , , , , , , , , , , , , , , , , , , , , , , , , , , ,Saamyya,Raval
L.W.V.O. Memorial Scholarship 2023,Submitted; Submitted; Complete,Denied, , , , , , , , , , , , , , , , , , , , , , , , , , , , , , , ,Shasta,Miranda
L.W.V.O. Memorial Scholarship 2023,Submitted; Submitted; Complete; Complete; Complete; Complete; Complete; Complete,Denied, , , , , , , , , , , , , , , , , , , , , , , , , , , ,Trinity College; Trinity College, , , ,Shania,al-Abed
L.W.V.O. Memorial Scholarship 2023,Submitted; Submitted; Complete,Denied, , , , , , , , , , , , , , , , , , , , , , , , , , , , , , , ,Andres,Norman-Wallace
L.W.V.O. Memorial Scholarship 2023,Submitted; Submitted; Complete; Complete,Denied, , , , , , , , , , , , , , , , , , , , , , , , , , , , , , , ,Kitana,Ault
L.W.V.O. Memorial Scholarship 2023,Submitted; Submitted; Complete,Denied, , , , , , , , , , , , , , , , , , , , , , , , , , , , , , , ,Picabo,Amdur
L.W.V.O. Memorial Scholarship 2023,Submitted; Submitted; Complete,Denied, , , , , , , , , , , , , , , , , , , , , , , , , , , , , , , ,Nabeel,Martin
L.W.V.O. Memorial Scholarship 2023,Submitted; Submitted; Complete,Denied, , , , , , , , , , , , , , , , , , , , , , , , , , , , , , , ,Alexxis,Tahir
L.W.V.O. Memorial Scholarship 2023,Submitted; Submitted; Complete,Denied, , , , , , , , , , , , , , , , , , , , , , , , , , , , , , , ,Alex,Otgontulga
L.W.V.O. Memorial Scholarship 2023,Submitted; Submitted; Complete,Denied, , , , , , , , , , , , , , , , , , , , , , , , , , , , , , , ,Sahel,Stryker
L.W.V.O. Memorial Scholarship 2023,Submitted; Submitted; Complete,Denied, , , , , , , , , , , , , , , , , , , , , , , , , , , , , , , ,Abdul Noor,Stryker
L.W.V.O. Memorial Scholarship 2023,Submitted; Submitted; Complete,Denied, , , , , , , , , , , , , , , , , , , , , , , , , , , , , , , ,Shabeeba,Marquardt
L.W.V.O. Memorial Scholarship 2023,Submitted; Submitted; Complete,Denied, , , , , , , , , , , , , , , , , , , , , , , , , , , , , , , ,Roger,Boles
L.W.V.O. Memorial Scholarship 2023,Submitted; Submitted; Complete,Denied, , , , , , , , , , , , , , , , , , , , , , , , , , , , , , , ,Rahma,Khan
L.W.V.O. Memorial Scholarship 2023,Submitted; Complete; Complete; Complete; Complete,Follow Up(s) Assigned,2000, , , , , , , , , , , , , , , , , , , , , , , , , , , , , , ,Alex,Hobley
L.W.V.O. Memorial Scholarship 2023,Submitted; Complete; Complete; Complete; Complete; Complete; Complete; Complete,Follow Up(s) Assigned,4000, , , , , , , , , , , , , , , , , , , , , , , , , , ,Clemson University; Clemson University, , , ,Shayla,Faamausili
Laurie C. Tinsley Scholarship 2023,Submitted; Complete; Complete; Complete; Complete; Complete; Complete; Complete; Complete,Closed,1000, , , , , , , , , , , , , , , , , , , , , , , , , , , , , , ,Miranda,Atolani
Laurie C. Tinsley Scholarship 2023,Submitted; Complete; Complete; Complete; Complete; Complete; Complete; Complete; Complete; Complete; Complete; Complete; Complete,Closed,1000, , , , , , , , , , , , , , , , , , , , , , , , , , ,Boston University; Boston University, , , ,Mi,Wands
Laurie C. Tinsley Scholarship 2023,Submitted; Complete; Complete; Complete; Complete; Complete; Complete; Complete; Complete; Complete; Complete; Complete; Complete,Closed,1000, , , , , , , , , , , , , , , , , , , , , , , , , , ,Georgia State University; Georgia State University, , , ,Cesar,al-Ismael
Laurie C. Tinsley Scholarship 2023,Submitted; Complete; Complete,Denied, , , , , , , , , , , , , , , , , , , , , , , , , , , , , , , ,Samira,al-Salahuddin
Laurie C. Tinsley Scholarship 2023,Submitted; Complete; Complete; Complete,Denied, , , , , , , , , , , , , , , , , , , , , , , , , , , , , , , ,Whitney,Burnett
Laurie C. Tinsley Scholarship 2023,Submitted; Complete; Complete,Denied, , , , , , , , , , , , , , , , , , , , , , , , , , , , , , , ,Toby,Tidwell
Laurie C. Tinsley Scholarship 2023,Submitted; Complete; Complete,Denied, , , , , , , , , , , , , , , , , , , , , , , , , , , , , , , ,Alex,Rumsey
Laurie C. Tinsley Scholarship 2023,Submitted; Complete; Complete,Denied, , , , , , , , , , , , , , , , , , , , , , , , , , , , , , , ,Jayree,Barrios
Laurie C. Tinsley Scholarship 2023,Submitted; Complete; Complete,Denied, , , , , , , , , , , , , , , , , , , , , , , , , , , , , , , ,Emilio,Meli
Laurie C. Tinsley Scholarship 2023,Submitted; Complete; Complete,Denied, , , , , , , , , , , , , , , , , , , , , , , , , , , , , , , ,Emmanuel,Montgomery
Laurie C. Tinsley Scholarship 2023,Submitted; Submitted; Complete,Denied, , , , , , , , , , , , , , , , , , , , , , , , , , , , , , , ,Zaamil,Carolina
Laurie C. Tinsley Scholarship 2023,Submitted; Complete; Complete; Complete; Complete; Complete; Complete; Complete,Denied, , , , , , , , , , , , , , , , , , , , , , , , , , , , , , , ,Mashal,Bardsley
Laurie C. Tinsley Scholarship 2023,Submitted; Complete; Complete; Complete,Denied, , , , , , , , , , , , , , , , , , , , , , , , , , , , , , , ,Manaara,Ayers
Laurie C. Tinsley Scholarship 2023,Submitted; Complete; Complete,Denied, , , , , , , , , , , , , , , , , , , , , , , , , , , , , , , ,Tabeion,Minter
Laurie C. Tinsley Scholarship 2023,Submitted; Complete; Complete; Complete,Denied, , , , , , , , , , , , , , , , , , , , , , , , , , , , , , , ,Norma,Hensinger II
Laurie C. Tinsley Scholarship 2023,Submitted; Complete; Complete,Denied, , , , , , , , , , , , , , , , , , , , , , , , , , , , , , , ,Munisa,Meli
Laurie C. Tinsley Scholarship 2023,Submitted; Complete; Complete,Denied, , , , , , , , , , , , , , , , , , , , , , , , , , , , , , , ,Juliana,el-Mannan
Laurie C. Tinsley Scholarship 2023,Submitted; Complete; Complete,Denied, , , , , , , , , , , , , , , , , , , , , , , , , , , , , , , ,Waleed,Echohawk
Laurie C. Tinsley Scholarship 2023,Submitted; Complete; Complete; Complete; Complete; Complete,Denied, , , , , , , , , , , , , , , , , , , , , , , , , , , ,Worcester State University; Worcester State University, , , ,Shasta,al-Zaman
Laurie C. Tinsley Scholarship 2023,Submitted; Complete; Complete; Complete,Denied, , , , , , , , , , , , , , , , , , , , , , , , , , , , , , , ,Ohitike,Charles
Laurie C. Tinsley Scholarship 2023,Submitted; Complete; Complete,Denied, , , , , , , , , , , , , , , , , , , , , , , , , , , , , , , ,Angel,Arambula
Laurie C. Tinsley Scholarship 2023,Submitted; Complete; Complete,Denied, , , , , , , , , , , , , , , , , , , , , , , , , , , , , , , ,Nia'Imani,Peacock
Laurie C. Tinsley Scholarship 2023,Submitted; Complete; Complete; Complete; Complete; Complete; Complete; Complete; Complete; Complete; Complete; Complete; Complete,Denied, , , , , , , , , , , , , , , , , , , , , , , , , , , ,Gordon College; Gordon College, , , ,Jayelin,Rad
Laurie C. Tinsley Scholarship 2023,Submitted; Complete; Complete; Complete; Complete; Complete; Complete; Complete; Complete,Denied, , , , , , , , , , , , , , , , , , , , , , , , , , , , , , , ,Sushmita,Fognani
Laurie C. Tinsley Scholarship 2023,Submitted; Complete; Complete,Denied, , , , , , , , , , , , , , , , , , , , , , , , , , , , , , , ,Kelsie,el-Nasser
Laurie C. Tinsley Scholarship 2023,Submitted; Complete; Complete,Denied, , , , , , , , , , , , , , , , , , , , , , , , , , , , , , , ,Kabowd,al-Nasrallah
Laurie C. Tinsley Scholarship 2023,Submitted; Complete; Complete; Complete,Denied, , , , , , , , , , , , , , , , , , , , , , , , , , , , , , , ,Marysa,Vickles
Laurie C. Tinsley Scholarship 2023,Submitted; Complete; Complete,Denied, , , , , , , , , , , , , , , , , , , , , , , , , , , , , , , ,Aqeela,Riggins
Laurie C. Tinsley Scholarship 2023,Submitted; Complete; Complete,Denied, , , , , , , , , , , , , , , , , , , , , , , , , , , , , , , ,Chance,al-Hana
Laurie C. Tinsley Scholarship 2023,Submitted; Complete; Complete,Denied, , , , , , , , , , , , , , , , , , , , , , , , , , , , , , , ,Monolito,Gandarilla
Laurie C. Tinsley Scholarship 2023,Submitted; Complete; Complete,Denied, , , , , , , , , , , , , , , , , , , , , , , , , , , , , , , ,Aimee,Mikesell
Laurie C. Tinsley Scholarship 2023,Submitted; Complete; Complete,Denied, , , , , , , , , , , , , , , , , , , , , , , , , , , , , , , ,Jeffrey,Buehler
Laurie C. Tinsley Scholarship 2023,Submitted; Complete; Complete,Denied, , , , , , , , , , , , , , , , , , , , , , , , , , , , , , , ,Mareeon,De La Rosa
Laurie C. Tinsley Scholarship 2023,Submitted; Complete; Complete,Denied, , , , , , , , , , , , , , , , , , , , , , , , , , , , , , , ,Roice,Olson
Laurie C. Tinsley Scholarship 2023,Submitted; Complete; Complete,Denied, , , , , , , , , , , , , , , , , , , , , , , , , , , , , , , ,Teale,Throm
Laurie C. Tinsley Scholarship 2023,Submitted; Complete; Complete; Complete,Denied, , , , , , , , , , , , , , , , , , , , , , , , , , , , , , , ,Markangelo,Fragozo Verdugo
Laurie C. Tinsley Scholarship 2023,Submitted; Complete; Complete,Denied, , , , , , , , , , , , , , , , , , , , , , , , , , , , , , , ,Kanjai,Ludwig
Laurie C. Tinsley Scholarship 2023,Submitted; Complete; Complete; Complete,Denied, , , , , , , , , , , , , , , , , , , , , , , , , , , , , , , ,Schiara,Demario
Laurie C. Tinsley Scholarship 2023,Submitted; Complete; Complete,Denied, , , , , , , , , , , , , , , , , , , , , , , , , , , , , , , ,Jalaal,Oliva
Laurie C. Tinsley Scholarship 2023,Submitted; Complete; Complete,Denied, , , , , , , , , , , , , , , , , , , , , , , , , , , , , , , ,Avianha,Pirzadeh
Laurie C. Tinsley Scholarship 2023,Submitted; Complete; Complete,Denied, , , , , , , , , , , , , , , , , , , , , , , , , , , , , , , ,Simcha,Isaac Jackson
Laurie C. Tinsley Scholarship 2023,Submitted; Complete; Complete; Complete; Complete; Complete; Complete; Complete,Denied, , , , , , , , , , , , , , , , , , , , , , , , , , , ,Springfield College; Springfield College, , , ,Maria Elena,Kytle
Laurie C. Tinsley Scholarship 2023,Submitted; Complete; Complete,Denied, , , , , , , , , , , , , , , , , , , , , , , , , , , , , , , ,Conner,Chestek
Laurie C. Tinsley Scholarship 2023,Submitted; Complete; Complete; Complete,Denied, , , , , , , , , , , , , , , , , , , , , , , , , , , , , , , ,Howard,Dickey
Laurie C. Tinsley Scholarship 2023,Submitted; Complete; Complete,Denied, , , , , , , , , , , , , , , , , , , , , , , , , , , , , , , ,Lauren,Lillie
Laurie C. Tinsley Scholarship 2023,Submitted; Complete; Complete; Complete; Complete; Complete; Complete; Complete; Complete,Denied, , , , , , , , , , , , , , , , , , , , , , , , , , , , , , , ,Heather,Cruise
Laurie C. Tinsley Scholarship 2023,Submitted; Complete; Complete; Complete; Complete; Complete; Complete; Complete,Denied, , , , , , , , , , , , , , , , , , , , , , , , , , , ,Brown University; Brown University, , , ,Shabeeba,Olson
Laurie C. Tinsley Scholarship 2023,Submitted; Complete; Complete,Denied, , , , , , , , , , , , , , , , , , , , , , , , , , , , , , , ,Trevon,Yarangsy
Laurie C. Tinsley Scholarship 2023,Submitted; Complete; Complete; Complete,Denied, , , , , , , , , , , , , , , , , , , , , , , , , , , , , , , ,Akeem,Rodrukkwun
Laurie C. Tinsley Scholarship 2023,Submitted; Complete; Complete,Denied, , , , , , , , , , , , , , , , , , , , , , , , , , , , , , , ,Reese,el-Aman
Laurie C. Tinsley Scholarship 2023,Submitted; Complete; Complete,Denied, , , , , , , , , , , , , , , , , , , , , , , , , , , , , , , ,Miriah,al-Rashed
Laurie C. Tinsley Scholarship 2023,Submitted; Complete; Complete; Complete,Denied, , , , , , , , , , , , , , , , , , , , , , , , , , , , , , , ,Stevon,Alderete
Laurie C. Tinsley Scholarship 2023,Submitted; Complete; Complete,Denied, , , , , , , , , , , , , , , , , , , , , , , , , , , , , , , ,Sherman,Munguia
Laurie C. Tinsley Scholarship 2023,Submitted; Complete; Complete,Denied, , , , , , , , , , , , , , , , , , , , , , , , , , , , , , , ,Travonta,Balderas Aguilar
Laurie C. Tinsley Scholarship 2023,Submitted; Complete; Complete; Complete,Denied, , , , , , , , , , , , , , , , , , , , , , , , , , , , , , , ,Fawzia,Wingo
Laurie C. Tinsley Scholarship 2023,Submitted; Complete; Complete,Denied, , , , , , , , , , , , , , , , , , , , , , , , , , , , , , , ,Cheyenne,Nicholl
Laurie C. Tinsley Scholarship 2023,Submitted; Complete; Complete; Complete; Complete; Complete; Complete; Complete,Denied, , , , , , , , , , , , , , , , , , , , , , , , , , , , , , , ,Izzaddeen,Feltman
Laurie C. Tinsley Scholarship 2023,Submitted; Complete; Complete; Complete; Complete; Complete; Complete; Complete; Complete; Complete; Complete; Complete; Complete,Follow Up(s) Assigned,2000, , , , , , , , , , , , , , , , , , , , , , , , , , ,University of Massachusetts at Amherst; University of Massachusetts at Amherst, , , ,Nevin,Shain
Lawrence M. and Augusta L. Keeler Scholarship 2023,Submitted; Complete; Complete,Denied, , , , , , , , , , , , , , , , , , , , , , , , , , , , , , , ,Jordynn,Horta
Lawrence M. and Augusta L. Keeler Scholarship 2023,Submitted; Complete; Complete,Denied, , , , , , , , , , , , , , , , , , , , , , , , , , , , , , , ,Muneefa,Pourier
Lawrence M. and Augusta L. Keeler Scholarship 2023,Submitted; Complete; Complete,Denied, , , , , , , , , , , , , , , , , , , , , , , , , , , , , , , ,Derrick,Angulo
Lawrence M. and Augusta L. Keeler Scholarship 2023,Submitted; Complete; Complete; Complete; Complete; Complete; Complete; Complete,Denied, , , , , , , , , , , , , , , , , , , , , , , , , , , , , , , ,Russell,Koras
Lawrence M. and Augusta L. Keeler Scholarship 2023,Submitted; Complete; Complete,Denied, , , , , , , , , , , , , , , , , , , , , , , , , , , , , , , ,Azhaar,Minor
Lawrence M. and Augusta L. Keeler Scholarship 2023,Submitted; Complete; Complete,Denied, , , , , , , , , , , , , , , , , , , , , , , , , , , , , , , ,Muneefa,Galicia
Lawrence M. and Augusta L. Keeler Scholarship 2023,Submitted; Complete; Complete; Complete; Complete; Complete; Complete; Complete; Complete; Complete; Complete; Complete,Denied, , , , , , , , , , , , , , , , , , , , , , , , , , , ,University of New England; University of New England, , , ,Karlos,el-Ramadan
Lawrence M. and Augusta L. Keeler Scholarship 2023,Submitted; Complete; Complete,Denied, , , , , , , , , , , , , , , , , , , , , , , , , , , , , , , ,Waseem,Valentine
Lawrence M. and Augusta L. Keeler Scholarship 2023,Submitted; Complete; Complete,Denied, , , , , , , , , , , , , , , , , , , , , , , , , , , , , , , ,Kent,Isais-Pando
Lawrence M. and Augusta L. Keeler Scholarship 2023,Submitted; Complete; Complete,Denied, , , , , , , , , , , , , , , , , , , , , , , , , , , , , , , ,Luke,Lewis
Lawrence M. and Augusta L. Keeler Scholarship 2023,Submitted; Complete; Complete,Denied, , , , , , , , , , , , , , , , , , , , , , , , , , , , , , , ,Shadi,Jahn
Lawrence M. and Augusta L. Keeler Scholarship 2023,Submitted; Complete; Complete,Denied, , , , , , , , , , , , , , , , , , , , , , , , , , , , , , , ,Roice,Olson
Lawrence M. and Augusta L. Keeler Scholarship 2023,Submitted; Complete; Complete; Complete; Complete; Complete; Complete,Denied, , , , , , , , , , , , , , , , , , , , , , , , , , , , , , , ,Taqi,Tuiolosega
Lawrence M. and Augusta L. Keeler Scholarship 2023,Submitted; Complete; Complete,Denied, , , , , , , , , , , , , , , , , , , , , , , , , , , , , , , ,Carina,Griese
Lawrence M. and Augusta L. Keeler Scholarship 2023,Submitted; Complete; Complete; Complete; Complete; Complete; Complete; Complete,Denied, , , , , , , , , , , , , , , , , , , , , , , , , , , ,Brown University; Brown University, , , ,Shabeeba,Olson
Lawrence M. and Augusta L. Keeler Scholarship 2023,Submitted; Complete; Complete; Complete; Complete; Complete; Complete,Denied, , , , , , , , , , , , , , , , , , , , , , , , , , , , , , , ,Adrianna,Hall
Lawrence M. and Augusta L. Keeler Scholarship 2023,Submitted; Complete; Complete; Complete; Complete; Complete; Complete,Denied, , , , , , , , , , , , , , , , , , , , , , , , , , , , , , , ,Izzat,Heidrich
Lawrence M. and Augusta L. Keeler Scholarship 2023,Submitted; Complete; Complete,Denied, , , , , , , , , , , , , , , , , , , , , , , , , , , , , , , ,Taaha,Lamb
Lawrence M. and Augusta L. Keeler Scholarship 2023,Submitted; Complete; Complete,Denied, , , , , , , , , , , , , , , , , , , , , , , , , , , , , , , ,Jaelyn,Carlson
Lawrence M. and Augusta L. Keeler Scholarship 2023,Submitted; Complete; Complete,Denied, , , , , , , , , , , , , , , , , , , , , , , , , , , , , , , ,"Jam,Aan",Barlow
Lawrence M. and Augusta L. Keeler Scholarship 2023,Submitted; Complete; Complete; Complete; Complete; Complete; Complete; Complete; Complete; Complete; Complete; Complete,Follow Up(s) Assigned,3000, , , , , , , , , , , , , , , , , , , , , , , , , , ,Cummings School of Veterinary Medicine at Tufts University; Tufts University, , , ,Abhaya,Cordero
Leicester Samaritan Nursing Association Scholarship Fund 2023,Submitted; Complete; Complete; Complete; Complete; Complete,Closed,1200, , , , , , , , , , , , , , , , , , , , , , , , , , , , , , ,Heather,Cruise
Leicester Samaritan Nursing Association Scholarship Fund 2023,Submitted; Complete; Complete; Complete; Complete; Complete; Complete; Complete; Complete; Complete,Denied, , , , , , , , , , , , , , , , , , , , , , , , , , , ,Endicott College; Endicott College, , , ,Erika,Briones-Pena
Leicester Samaritan Nursing Association Scholarship Fund 2023,Submitted; Complete; Complete; Complete; Complete; Complete; Complete; Complete,Denied, , , , , , , , , , , , , , , , , , , , , , , , , , , ,Worcester State University; Worcester State University, , , ,Shasta,al-Zaman
Leicester Samaritan Nursing Association Scholarship Fund 2023,Submitted; Complete; Complete; Complete; Complete,Denied, , , , , , , , , , , , , , , , , , , , , , , , , , , , , , , ,Kanjai,Ludwig
Leicester Savings Bank Scholarship 2023,Submitted; Complete; Complete; Complete; Complete; Complete; Complete; Complete; Complete; Complete,Denied, , , , , , , , , , , , , , , , , , , , , , , , , , , ,Endicott College; Endicott College, , , ,Erika,Briones-Pena
Leicester Savings Bank Scholarship 2023,Submitted; Submitted; Complete,Denied, , , , , , , , , , , , , , , , , , , , , , , , , , , , , , , ,Halley,Howard
Leicester Savings Bank Scholarship 2023,Submitted; Complete; Complete; Complete,Denied, , , , , , , , , , , , , , , , , , , , , , , , , , , , , , , ,Luke,Crane
Leicester Savings Bank Scholarship 2023,Submitted; Complete; Complete; Complete; Complete; Complete; Complete; Complete,Denied, , , , , , , , , , , , , , , , , , , , , , , , , , , ,Worcester State University; Worcester State University, , , ,Shasta,al-Zaman
Leicester Savings Bank Scholarship 2023,Submitted; Complete; Complete; Complete; Complete,Denied, , , , , , , , , , , , , , , , , , , , , , , , , , , , , , , ,Margaret,Warnes
Leicester Savings Bank Scholarship 2023,Submitted; Complete; Complete,Denied, , , , , , , , , , , , , , , , , , , , , , , , , , , , , , , ,Nyandi,al-Jamil
Leicester Savings Bank Scholarship 2023,Submitted; Complete; Complete; Complete; Complete,Denied, , , , , , , , , , , , , , , , , , , , , , , , , , , , , , , ,Camrey,Gaucin
Leicester Savings Bank Scholarship 2023,Submitted; Complete; Complete; Complete; Complete; Complete; Complete; Complete,Denied, , , , , , , , , , , , , , , , , , , , , , , , , , , ,Rensselaer Polytechnic Institute; Rensselaer Polytechnic Institute, , , ,Kezia,Huston-Harkin
Leicester Savings Bank Scholarship 2023,Submitted; Complete; Complete; Complete; Complete,Denied, , , , , , , , , , , , , , , , , , , , , , , , , , , , , , , ,Kanjai,Ludwig
Leicester Savings Bank Scholarship 2023,Submitted; Complete; Complete; Complete; Complete,Denied, , , , , , , , , , , , , , , , , , , , , , , , , , , , , , , ,Abraham,Embry
Leicester Savings Bank Scholarship 2023,Submitted; Complete; Complete; Complete; Complete,Denied, , , , , , , , , , , , , , , , , , , , , , , , , , , , , , , ,Ignacio,Vega
Leicester Savings Bank Scholarship 2023,Submitted; Complete; Complete; Complete; Complete; Complete,Denied, , , , , , , , , , , , , , , , , , , , , , , , , , , , , , , ,Heather,Cruise
Leicester Savings Bank Scholarship 2023,Submitted; Complete; Complete,Denied, , , , , , , , , , , , , , , , , , , , , , , , , , , , , , , ,Enrico,Montgomery
Leicester Savings Bank Scholarship 2023,Submitted; Complete; Complete; Complete; Complete; Complete; Complete; Complete; Complete; Complete,Follow Up(s) Assigned,2000, , , , , , , , , , , , , , , , , , , , , , , , , , ,Northeastern University; Northeastern University, , , ,Sajiyya,al-Wahab
Leonard F. Leamy Scholarship 2023,Submitted; Complete; Complete; Complete; Complete; Complete; Complete; Complete,Closed,2000, , , , , , , , , , , , , , , , , , , , , , , , , , , , , , ,Abdul Noor,Quinonez
Leonard F. Leamy Scholarship 2023,Submitted; Complete; Complete; Complete; Complete; Complete; Complete; Complete,Closed,2000, , , , , , , , , , , , , , , , , , , , , , , , , , , , , , ,Saamyya,Khan
Leonard F. Leamy Scholarship 2023,Submitted; Complete; Complete,Denied, , , , , , , , , , , , , , , , , , , , , , , , , , , , , , , ,Brandyn,Darity
Leonard F. Leamy Scholarship 2023,Submitted; Complete; Complete,Denied, , , , , , , , , , , , , , , , , , , , , , , , , , , , , , , ,Mahbooba,al-Shaikh
Leonard F. Leamy Scholarship 2023,Submitted; Complete; Complete; Complete; Complete; Complete; Complete; Complete; Complete; Complete; Complete; Complete,Follow Up(s) Assigned,6000, , , , , , , , , , , , , , , , , , , , , , , , , , ,Boston College; Boston College, , , ,Saamyya,Brizuela
Leonard F. Leamy Scholarship 2023,Submitted; Complete; Complete; Complete; Complete; Complete; Complete; Complete; Complete; Complete; Complete,Follow Up(s) Assigned,4000, , , , , , , , , , , , , , , , , , , , , , , , , , ,University of Connecticut; University of Connecticut, , , ,Simcha,Gezaw
Leonard H. White Scholarship 2023,Submitted; Complete; Complete; Complete; Complete; Complete; Complete,Closed,1000, , , , , , , , , , , , , , , , , , , , , , , , , , , , , , ,Rahma,Rumsey
Leonard H. White Scholarship 2023,Submitted; Complete; Complete; Complete; Complete; Complete; Complete,Closed,1000, , , , , , , , , , , , , , , , , , , , , , , , , , , , , , ,K'Sandra,Guenther
Leonard H. White Scholarship 2023,Submitted; Complete; Complete; Complete; Complete; Complete; Complete,Closed,1000, , , , , , , , , , , , , , , , , , , , , , , , , , , , , , ,Najimah,Weaver
Leonard H. White Scholarship 2023,Submitted; Complete; Complete; Complete; Complete; Complete; Complete,Closed,1000, , , , , , , , , , , , , , , , , , , , , , , , , , , , , , ,Karlos,al-Farra
Leonard H. White Scholarship 2023,Submitted; Complete; Complete; Complete; Complete; Complete; Complete,Closed,1000, , , , , , , , , , , , , , , , , , , , , , , , , , , , , , ,Taijeona,Addie
Leonard H. White Scholarship 2023,Submitted; Complete; Complete; Complete; Complete; Complete; Complete,Closed,1000, , , , , , , , , , , , , , , , , , , , , , , , , , , , , , ,Ohitike,el-Sinai
Leonard H. White Scholarship 2023,Submitted; Complete; Complete; Complete; Complete; Complete; Complete,Closed,1000, , , , , , , , , , , , , , , , , , , , , , , , , , , , , , ,Stevon,Alderete
Leonard H. White Scholarship 2023,Submitted; Complete; Complete; Complete; Complete; Complete; Complete,Denied, , , , , , , , , , , , , , , , , , , , , , , , , , , , , , , ,Westley,al-Guler
Leonide J. Lemire VFW Post 6055 Scholarship 2023,Submitted; Complete; Complete; Complete; Complete; Complete; Complete; Complete; Complete; Complete,Closed,1500, , , , , , , , , , , , , , , , , , , , , , , , , , ,Suffolk University; Boston College, , , ,Armonno,Mcglothlen
Leonide J. Lemire VFW Post 6055 Scholarship 2023,Submitted; Complete; Complete; Complete; Complete; Complete,Closed,1500, , , , , , , , , , , , , , , , , , , , , , , , , , , , , , ,Ohitike,Charles
Leonide J. Lemire VFW Post 6055 Scholarship 2023,Submitted; Complete; Complete; Complete; Complete; Complete,Closed,1500, , , , , , , , , , , , , , , , , , , , , , , , , , , , , , ,Qaasim,Delgado
Leonide J. Lemire VFW Post 6055 Scholarship 2023,Submitted; Submitted; Complete,Denied, , , , , , , , , , , , , , , , , , , , , , , , , , , , , , , ,Halley,Howard
Leonide J. Lemire VFW Post 6055 Scholarship 2023,Submitted; Complete; Complete; Complete; Complete; Complete; Complete; Complete,Denied, , , , , , , , , , , , , , , , , , , , , , , , , , , ,Assumption University; Assumption University, , , ,Ignacio,Longwing
Leonide J. Lemire VFW Post 6055 Scholarship 2023,Submitted; Complete; Complete,Denied, , , , , , , , , , , , , , , , , , , , , , , , , , , , , , , ,Shaakira,Trembly
Leonide J. Lemire VFW Post 6055 Scholarship 2023,Submitted; Complete; Complete,Denied, , , , , , , , , , , , , , , , , , , , , , , , , , , , , , , ,Daizha,al-Mahdi
Leonide J. Lemire VFW Post 6055 Scholarship 2023,Submitted; Complete; Complete; Complete; Complete,Denied, , , , , , , , , , , , , , , , , , , , , , , , , , , , , , , ,Roger,Pavisook
Leonide J. Lemire VFW Post 6055 Scholarship 2023,Submitted; Complete; Complete,Denied, , , , , , , , , , , , , , , , , , , , , , , , , , , , , , , ,Armonno,Abebe
Leonide J. Lemire VFW Post 6055 Scholarship 2023,Submitted; Complete; Complete,Denied, , , , , , , , , , , , , , , , , , , , , , , , , , , , , , , ,Mashal,Tagawa
Leonide J. Lemire VFW Post 6055 Scholarship 2023,Submitted; Complete; Complete,Denied, , , , , , , , , , , , , , , , , , , , , , , , , , , , , , , ,Joleen,Bartrum
Leonide J. Lemire VFW Post 6055 Scholarship 2023,Submitted; Complete; Complete; Complete,Denied, , , , , , , , , , , , , , , , , , , , , , , , , , , , , , , ,Idrianna,Longwing
Leonide J. Lemire VFW Post 6055 Scholarship 2023,Submitted; Complete; Complete,Denied, , , , , , , , , , , , , , , , , , , , , , , , , , , , , , , ,Whitney,Oster
Leonide J. Lemire VFW Post 6055 Scholarship 2023,Submitted; Complete; Complete,Denied, , , , , , , , , , , , , , , , , , , , , , , , , , , , , , , ,Xai,Ray
Leonide J. Lemire VFW Post 6055 Scholarship 2023,Submitted; Complete; Complete,Denied, , , , , , , , , , , , , , , , , , , , , , , , , , , , , , , ,Stephen,al-Halaby
Leonide J. Lemire VFW Post 6055 Scholarship 2023,Submitted; Complete; Complete,Denied, , , , , , , , , , , , , , , , , , , , , , , , , , , , , , , ,Shanya,Mathukumilli
Leonide J. Lemire VFW Post 6055 Scholarship 2023,Submitted; Complete; Complete; Complete,Denied, , , , , , , , , , , , , , , , , , , , , , , , , , , , , , , ,Allicia,Mckee
Leonide J. Lemire VFW Post 6055 Scholarship 2023,Submitted; Complete; Complete,Denied, , , , , , , , , , , , , , , , , , , , , , , , , , , , , , , ,Musheera,Donez
Leonide J. Lemire VFW Post 6055 Scholarship 2023,Submitted; Complete; Complete,Denied, , , , , , , , , , , , , , , , , , , , , , , , , , , , , , , ,Camrey,Gaucin
Leonide J. Lemire VFW Post 6055 Scholarship 2023,Submitted; Complete; Complete,Denied, , , , , , , , , , , , , , , , , , , , , , , , , , , , , , , ,Cheyane,Siddiqui
Leonide J. Lemire VFW Post 6055 Scholarship 2023,Submitted; Complete; Complete,Denied, , , , , , , , , , , , , , , , , , , , , , , , , , , , , , , ,Kabowd,al-Nasrallah
Leonide J. Lemire VFW Post 6055 Scholarship 2023,Submitted; Complete; Complete,Denied, , , , , , , , , , , , , , , , , , , , , , , , , , , , , , , ,Hyeju,Dai
Leonide J. Lemire VFW Post 6055 Scholarship 2023,Submitted; Complete; Complete,Denied, , , , , , , , , , , , , , , , , , , , , , , , , , , , , , , ,Qisma,Mcguire
Leonide J. Lemire VFW Post 6055 Scholarship 2023,Submitted; Complete; Complete; Complete,Denied, , , , , , , , , , , , , , , , , , , , , , , , , , , , , , , ,Essence,al-Soliman
Leonide J. Lemire VFW Post 6055 Scholarship 2023,Submitted; Complete; Complete,Denied, , , , , , , , , , , , , , , , , , , , , , , , , , , , , , , ,Luisa,al-Awan
Leonide J. Lemire VFW Post 6055 Scholarship 2023,Submitted; Complete; Complete,Denied, , , , , , , , , , , , , , , , , , , , , , , , , , , , , , , ,Ignacio,Vega
Leonide J. Lemire VFW Post 6055 Scholarship 2023,Submitted; Complete; Complete,Denied, , , , , , , , , , , , , , , , , , , , , , , , , , , , , , , ,Berenice,Lindsey
Leonide J. Lemire VFW Post 6055 Scholarship 2023,Submitted; Complete; Complete; Complete; Complete,Denied, , , , , , , , , , , , , , , , , , , , , , , , , , , , , , , ,Matia,Barksdale
Leonide J. Lemire VFW Post 6055 Scholarship 2023,Submitted; Complete; Complete,Denied, , , , , , , , , , , , , , , , , , , , , , , , , , , , , , , ,Collin,Walthall
Leonide J. Lemire VFW Post 6055 Scholarship 2023,Submitted; Complete; Complete; Complete,Denied, , , , , , , , , , , , , , , , , , , , , , , , , , , , , , , ,Xai,Mackey
Leonide J. Lemire VFW Post 6055 Scholarship 2023,Submitted; Complete; Complete,Denied, , , , , , , , , , , , , , , , , , , , , , , , , , , , , , , ,Jereek,Fajardo
Leonide J. Lemire VFW Post 6055 Scholarship 2023,Submitted; Complete; Complete,Denied, , , , , , , , , , , , , , , , , , , , , , , , , , , , , , , ,Monique,Minter
Leonide J. Lemire VFW Post 6055 Scholarship 2023,Submitted; Complete; Complete,Denied, , , , , , , , , , , , , , , , , , , , , , , , , , , , , , , ,Africa,al-Farman
Leroy Weiner Scholarship 2023,Submitted; Complete; Complete; Complete; Complete,Follow Up(s) Assigned,2000, , , , , , , , , , , , , , , , , , , , , , , , , , , , , , ,Chase,Brenner
Lieutenant Colonel Irving A. and Colonel Marie C. Lepore Scholarship 2023,Submitted; Submitted; Complete,Denied, , , , , , , , , , , , , , , , , , , , , , , , , , , , , , , ,Emilio,al-Hamady
Lieutenant Colonel Irving A. and Colonel Marie C. Lepore Scholarship 2023,Submitted; Complete; Complete; Complete,Denied, , , , , , , , , , , , , , , , , , , , , , , , , , , , , , , ,K'Sandra,Guenther
Lieutenant Colonel Irving A. and Colonel Marie C. Lepore Scholarship 2023,Submitted; Submitted; Complete,Denied, , , , , , , , , , , , , , , , , , , , , , , , , , , , , , , ,Marqueze,el-Wali
Lieutenant Colonel Irving A. and Colonel Marie C. Lepore Scholarship 2023,Submitted; Complete; Complete; Complete,Denied, , , , , , , , , , , , , , , , , , , , , , , , , , , , , , , ,Marysa,Vickles
Lieutenant Colonel Irving A. and Colonel Marie C. Lepore Scholarship 2023,Submitted; Complete; Complete; Complete; Complete; Complete; Complete; Complete,Denied, , , , , , , , , , , , , , , , , , , , , , , , , , , ,Boston University; Boston University, , , ,Xavia,Mccarty
Lieutenant Colonel Irving A. and Colonel Marie C. Lepore Scholarship 2023,Submitted; Complete; Complete,Denied, , , , , , , , , , , , , , , , , , , , , , , , , , , , , , , ,Khiry,Thakur
Lieutenant Colonel Irving A. and Colonel Marie C. Lepore Scholarship 2023,Submitted; Complete; Complete,Denied, , , , , , , , , , , , , , , , , , , , , , , , , , , , , , , ,Christine,Lastrella
Lieutenant Colonel Irving A. and Colonel Marie C. Lepore Scholarship 2023,Submitted; Complete; Complete,Denied, , , , , , , , , , , , , , , , , , , , , , , , , , , , , , , ,Russell,Peterson
Lieutenant Colonel Irving A. and Colonel Marie C. Lepore Scholarship 2023,Submitted; Complete; Complete; Complete; Complete; Complete; Complete; Complete,Follow Up(s) Assigned,3000, , , , , , , , , , , , , , , , , , , , , , , , , , ,Other; Other,Duke University; Duke University, , ,Nhan,Mangus
"Lieutenant James F. ""Jay"" Lyons, III Memorial Scholarship 2023",Submitted; Complete; Complete; Complete; Complete; Complete; Complete; Complete; Complete; Complete,Closed,2000, , , , , , , , , , , , , , , , , , , , , , , , , , , , , , ,Angel,Luttrell
"Lieutenant James F. ""Jay"" Lyons, III Memorial Scholarship 2023",Submitted; Complete; Complete; Complete; Complete; Complete; Complete; Complete; Complete; Complete,Closed,2000, , , , , , , , , , , , , , , , , , , , , , , , , , , , , , ,Whitney,Burnett
"Lieutenant James F. ""Jay"" Lyons, III Memorial Scholarship 2023",Submitted; Complete; Complete; Complete; Complete; Complete; Complete; Complete; Complete; Complete; Complete; Complete; Complete; Complete,Denied, , , , , , , , , , , , , , , , , , , , , , , , , , , ,Boston College; Boston College, , , ,Saamyya,Brizuela
"Lieutenant James F. ""Jay"" Lyons, III Memorial Scholarship 2023",Submitted; Complete; Complete; Complete; Complete; Complete; Complete; Complete; Complete; Complete,Denied, , , , , , , , , , , , , , , , , , , , , , , , , , , , , , , ,Shivani,Bliss
"Lieutenant James F. ""Jay"" Lyons, III Memorial Scholarship 2023",Submitted; Complete; Complete; Complete; Complete; Complete; Complete; Complete; Complete; Complete; Complete; Complete; Complete; Complete,Denied, , , , , , , , , , , , , , , , , , , , , , , , , , , ,Worcester State University; Worcester State University, , , ,Rod,Shorty
"Lieutenant James F. ""Jay"" Lyons, III Memorial Scholarship 2023",Submitted; Complete; Complete; Complete,Denied, , , , , , , , , , , , , , , , , , , , , , , , , , , , , , , ,Wyleen,Macasinag
"Lieutenant James F. ""Jay"" Lyons, III Memorial Scholarship 2023",Submitted; Complete; Complete; Complete,Denied, , , , , , , , , , , , , , , , , , , , , , , , , , , , , , , ,Idrianna,Manlove
"Lieutenant James F. ""Jay"" Lyons, III Memorial Scholarship 2023",Submitted; Complete; Complete,Denied, , , , , , , , , , , , , , , , , , , , , , , , , , , , , , , ,Mirza,al-Matar
"Lieutenant James F. ""Jay"" Lyons, III Memorial Scholarship 2023",Submitted; Complete; Complete; Complete,Denied, , , , , , , , , , , , , , , , , , , , , , , , , , , , , , , ,Qaasim,Retana
"Lieutenant James F. ""Jay"" Lyons, III Memorial Scholarship 2023",Submitted; Complete; Complete,Denied, , , , , , , , , , , , , , , , , , , , , , , , , , , , , , , ,Khongmong,Majid
"Lieutenant James F. ""Jay"" Lyons, III Memorial Scholarship 2023",Submitted; Complete; Complete; Complete; Complete; Complete; Complete; Complete,Denied, , , , , , , , , , , , , , , , , , , , , , , , , , , ,Western New England University; Western New England University, , , ,Kaarim,Miller
"Lieutenant James F. ""Jay"" Lyons, III Memorial Scholarship 2023",Submitted; Complete; Complete,Denied, , , , , , , , , , , , , , , , , , , , , , , , , , , , , , , ,Jesse,Abdella
"Lieutenant James F. ""Jay"" Lyons, III Memorial Scholarship 2023",Submitted; Complete; Complete; Complete,Denied, , , , , , , , , , , , , , , , , , , , , , , , , , , , , , , ,Cheno,Yates
"Lieutenant James F. ""Jay"" Lyons, III Memorial Scholarship 2023",Submitted; Complete; Complete; Complete; Complete; Draft,Denied, , , , , , , , , , , , , , , , , , , , , , , , , , , ,University of Massachusetts at Amherst, , , ,Trina,el-Sabet
"Lieutenant James F. ""Jay"" Lyons, III Memorial Scholarship 2023",Submitted; Complete; Complete,Denied, , , , , , , , , , , , , , , , , , , , , , , , , , , , , , , ,Cole,Sawyer
"Lieutenant James F. ""Jay"" Lyons, III Memorial Scholarship 2023",Submitted; Complete; Complete,Denied, , , , , , , , , , , , , , , , , , , , , , , , , , , , , , , ,Moises,Maynes
"Lieutenant James F. ""Jay"" Lyons, III Memorial Scholarship 2023",Submitted; Complete; Complete,Denied, , , , , , , , , , , , , , , , , , , , , , , , , , , , , , , ,France,al-Safar
"Lieutenant James F. ""Jay"" Lyons, III Memorial Scholarship 2023",Submitted; Complete; Complete; Complete,Denied, , , , , , , , , , , , , , , , , , , , , , , , , , , , , , , ,Arafaat,Verburg
"Lieutenant James F. ""Jay"" Lyons, III Memorial Scholarship 2023",Submitted; Complete; Complete,Denied, , , , , , , , , , , , , , , , , , , , , , , , , , , , , , , ,Armonno,Verburg
"Lieutenant James F. ""Jay"" Lyons, III Memorial Scholarship 2023",Submitted; Complete; Complete,Denied, , , , , , , , , , , , , , , , , , , , , , , , , , , , , , , ,Xai,Verburg
"Lieutenant James F. ""Jay"" Lyons, III Memorial Scholarship 2023",Submitted; Complete; Complete; Complete,Denied, , , , , , , , , , , , , , , , , , , , , , , , , , , , , , , ,Alex,O'Neill
"Lieutenant James F. ""Jay"" Lyons, III Memorial Scholarship 2023",Submitted; Complete; Complete; Complete,Denied, , , , , , , , , , , , , , , , , , , , , , , , , , , , , , , ,Xai,Christensen
"Lieutenant James F. ""Jay"" Lyons, III Memorial Scholarship 2023",Submitted; Complete; Complete; Complete,Denied, , , , , , , , , , , , , , , , , , , , , , , , , , , , , , , ,Markangelo,Fragozo Verdugo
"Lieutenant James F. ""Jay"" Lyons, III Memorial Scholarship 2023",Submitted; Complete; Complete,Denied, , , , , , , , , , , , , , , , , , , , , , , , , , , , , , , ,Conner,Chestek
"Lieutenant James F. ""Jay"" Lyons, III Memorial Scholarship 2023",Submitted; Complete; Complete,Denied, , , , , , , , , , , , , , , , , , , , , , , , , , , , , , , ,Tobias,Woy
"Lieutenant James F. ""Jay"" Lyons, III Memorial Scholarship 2023",Submitted; Complete; Complete,Denied, , , , , , , , , , , , , , , , , , , , , , , , , , , , , , , ,Wajeeh,Dionese
"Lieutenant James F. ""Jay"" Lyons, III Memorial Scholarship 2023",Submitted; Complete; Complete; Complete; Complete; Complete; Complete; Submitted,Denied, , , , , , , , , , , , , , , , , , , , , , , , , , , ,Other; Other,Stanford University, , ,Will,el-Fayad
"Lieutenant James F. ""Jay"" Lyons, III Memorial Scholarship 2023",Submitted; Complete; Complete,Denied, , , , , , , , , , , , , , , , , , , , , , , , , , , , , , , ,Luke,Flores-Rodriguez
"Lieutenant James F. ""Jay"" Lyons, III Memorial Scholarship 2023",Submitted; Complete; Complete,Denied, , , , , , , , , , , , , , , , , , , , , , , , , , , , , , , ,Ohitike,Terry
"Lieutenant James F. ""Jay"" Lyons, III Memorial Scholarship 2023",Submitted; Complete; Complete; Complete,Denied, , , , , , , , , , , , , , , , , , , , , , , , , , , , , , , ,Akeem,Rodrukkwun
"Lieutenant James F. ""Jay"" Lyons, III Memorial Scholarship 2023",Submitted; Complete; Complete,Denied, , , , , , , , , , , , , , , , , , , , , , , , , , , , , , , ,Miriah,al-Rashed
"Lieutenant James F. ""Jay"" Lyons, III Memorial Scholarship 2023",Submitted; Complete; Complete; Complete,Denied, , , , , , , , , , , , , , , , , , , , , , , , , , , , , , , ,Ivan,Deleon-Rodriguez
"Lieutenant James F. ""Jay"" Lyons, III Memorial Scholarship 2023",Submitted; Complete; Complete; Complete,Denied, , , , , , , , , , , , , , , , , , , , , , , , , , , , , , , ,Abhaya,Browning
"Lieutenant James F. ""Jay"" Lyons, III Memorial Scholarship 2023",Submitted; Complete; Complete; Complete; Complete; Complete; Complete; Complete; Complete; Complete; Complete; Complete; Complete,Follow Up(s) Assigned,4000, , , , , , , , , , , , , , , , , , , , , , , , , , ,Worcester State University, , , ,Abhaya,el-Allee
Lincoln Village Scholarship 2023,Submitted; Complete; Complete,Denied, , , , , , , , , , , , , , , , , , , , , , , , , , , , , , , ,Rian,Aldret
Lincoln Village Scholarship 2023,Submitted; Complete; Complete,Denied, , , , , , , , , , , , , , , , , , , , , , , , , , , , , , , ,Bryce,Krabbe
Lincoln Village Scholarship 2023,Submitted; Complete; Complete; Complete; Complete; Complete; Complete; Complete,Follow Up(s) Assigned,2000, , , , , , , , , , , , , , , , , , , , , , , , , , ,Providence College; Providence College, , , ,Matias,Herrington
Love Your Neighbor Award 2023,Submitted; Complete; Complete; Complete; Complete; Complete; Complete,Closed,500, , , , , , , , , , , , , , , , , , , , , , , , , , , , , , ,Armonno,Patterson
Love Your Neighbor Award 2023,Submitted; Complete; Complete; Complete,Denied, , , , , , , , , , , , , , , , , , , , , , , , , , , , , , , ,Angel,Luttrell
Love Your Neighbor Award 2023,Submitted; Complete; Complete; Complete,Denied, , , , , , , , , , , , , , , , , , , , , , , , , , , , , , , ,Avianha,Behrens
Love Your Neighbor Award 2023,Submitted; Complete; Complete,Denied, , , , , , , , , , , , , , , , , , , , , , , , , , , , , , , ,Rute,Dean
Love Your Neighbor Award 2023,Submitted; Complete; Complete,Denied, , , , , , , , , , , , , , , , , , , , , , , , , , , , , , , ,Aimee,Nicholson
Love Your Neighbor Award 2023,Submitted; Complete; Complete,Denied, , , , , , , , , , , , , , , , , , , , , , , , , , , , , , , ,Gianny,Aker
Love Your Neighbor Award 2023,Submitted; Complete; Complete,Denied, , , , , , , , , , , , , , , , , , , , , , , , , , , , , , , ,K'Sandra,Brunson
Love Your Neighbor Award 2023,Submitted; Complete; Complete,Denied, , , , , , , , , , , , , , , , , , , , , , , , , , , , , , , ,Naazil,Centeno
Love Your Neighbor Award 2023,Submitted; Complete; Complete,Denied, , , , , , , , , , , , , , , , , , , , , , , , , , , , , , , ,Tione,Deboer
Love Your Neighbor Award 2023,Submitted; Complete; Complete,Denied, , , , , , , , , , , , , , , , , , , , , , , , , , , , , , , ,Jayree,Barrios
Love Your Neighbor Award 2023,Submitted; Complete; Complete,Denied, , , , , , , , , , , , , , , , , , , , , , , , , , , , , , , ,Keren,Levin
Love Your Neighbor Award 2023,Submitted; Complete; Complete,Denied, , , , , , , , , , , , , , , , , , , , , , , , , , , , , , , ,Emmanuel,Montgomery
Love Your Neighbor Award 2023,Submitted; Complete; Complete; Complete,Denied, , , , , , , , , , , , , , , , , , , , , , , , , , , , , , , ,Urwa,Tieu
Love Your Neighbor Award 2023,Submitted; Complete; Complete,Denied, , , , , , , , , , , , , , , , , , , , , , , , , , , , , , , ,Adail,Abu-Khdeir
Love Your Neighbor Award 2023,Submitted; Complete; Complete,Denied, , , , , , , , , , , , , , , , , , , , , , , , , , , , , , , ,Shelia,el-Salame
Love Your Neighbor Award 2023,Submitted; Complete; Complete; Complete,Denied, , , , , , , , , , , , , , , , , , , , , , , , , , , , , , , ,Janei,Jennings
Love Your Neighbor Award 2023,Submitted; Complete; Complete,Denied, , , , , , , , , , , , , , , , , , , , , , , , , , , , , , , ,Karlos,el-Bey
Love Your Neighbor Award 2023,Submitted; Complete; Complete,Denied, , , , , , , , , , , , , , , , , , , , , , , , , , , , , , , ,Ireland,Otgontulga
Love Your Neighbor Award 2023,Submitted; Complete; Complete; Complete,Denied, , , , , , , , , , , , , , , , , , , , , , , , , , , , , , , ,Kent,Clough
Love Your Neighbor Award 2023,Submitted; Complete; Complete,Denied, , , , , , , , , , , , , , , , , , , , , , , , , , , , , , , ,Yeilin,Kawal
Love Your Neighbor Award 2023,Submitted; Complete; Complete,Denied, , , , , , , , , , , , , , , , , , , , , , , , , , , , , , , ,Alton,Sage
Love Your Neighbor Award 2023,Submitted; Complete; Complete; Complete; Complete; Complete,Denied, , , , , , , , , , , , , , , , , , , , , , , , , , , , , , , ,Nabeel,Renz
Love Your Neighbor Award 2023,Submitted; Complete; Complete; Complete,Denied, , , , , , , , , , , , , , , , , , , , , , , , , , , , , , , ,Amoni,Tambunan
Love Your Neighbor Award 2023,Submitted; Complete; Complete,Denied, , , , , , , , , , , , , , , , , , , , , , , , , , , , , , , ,Breana,Buffone
Love Your Neighbor Award 2023,Submitted; Complete; Complete; Complete,Denied, , , , , , , , , , , , , , , , , , , , , , , , , , , , , , , ,Picabo,Tejada
Love Your Neighbor Award 2023,Submitted; Complete; Complete,Denied, , , , , , , , , , , , , , , , , , , , , , , , , , , , , , , ,Ireland,No
Love Your Neighbor Award 2023,Submitted; Complete; Complete; Complete; Complete; Complete,Denied, , , , , , , , , , , , , , , , , , , , , , , , , , , ,Worcester State University; Worcester State University, , , ,Shasta,al-Zaman
Love Your Neighbor Award 2023,Submitted; Complete; Complete; Complete,Denied, , , , , , , , , , , , , , , , , , , , , , , , , , , , , , , ,Samira,el-Sharif
Love Your Neighbor Award 2023,Submitted; Complete; Complete,Denied, , , , , , , , , , , , , , , , , , , , , , , , , , , , , , , ,Thomas,Ham
Love Your Neighbor Award 2023,Submitted; Complete; Complete; Complete; Complete; Complete; Complete; Complete,Denied, , , , , , , , , , , , , , , , , , , , , , , , , , , ,Massachusetts College of Art and Design; Massachusetts College of Art and Design, , , ,Dayshawn,Griffie
Love Your Neighbor Award 2023,Submitted; Complete; Complete,Denied, , , , , , , , , , , , , , , , , , , , , , , , , , , , , , , ,Dhaafir,el-Attar
Love Your Neighbor Award 2023,Submitted; Complete; Complete,Denied, , , , , , , , , , , , , , , , , , , , , , , , , , , , , , , ,Brittney,Carrillo
Love Your Neighbor Award 2023,Submitted; Complete; Complete,Denied, , , , , , , , , , , , , , , , , , , , , , , , , , , , , , , ,Fawz,el-Jaber
Love Your Neighbor Award 2023,Submitted; Complete; Complete,Denied, , , , , , , , , , , , , , , , , , , , , , , , , , , , , , , ,Angel,Arambula
Love Your Neighbor Award 2023,Submitted; Complete; Complete,Denied, , , , , , , , , , , , , , , , , , , , , , , , , , , , , , , ,Whitney,Oster
Love Your Neighbor Award 2023,Submitted; Complete; Complete; Complete; Complete; Complete,Denied, , , , , , , , , , , , , , , , , , , , , , , , , , , , , , , ,Khongmong,Majid
Love Your Neighbor Award 2023,Submitted; Complete; Complete,Denied, , , , , , , , , , , , , , , , , , , , , , , , , , , , , , , ,Trina,Atkins
Love Your Neighbor Award 2023,Submitted; Complete; Complete,Denied, , , , , , , , , , , , , , , , , , , , , , , , , , , , , , , ,Monique,Duong
Love Your Neighbor Award 2023,Submitted; Complete; Complete,Denied, , , , , , , , , , , , , , , , , , , , , , , , , , , , , , , ,Stephen,al-Halaby
Love Your Neighbor Award 2023,Submitted; Complete; Complete,Denied, , , , , , , , , , , , , , , , , , , , , , , , , , , , , , , ,Taeler,Palmier
Love Your Neighbor Award 2023,Submitted; Complete; Complete; Complete; Complete; Complete; Complete; Complete; Complete; Complete; Complete,Denied, , , , , , , , , , , , , , , , , , , , , , , , , , , ,Gordon College; Gordon College, , , ,Jayelin,Rad
Love Your Neighbor Award 2023,Submitted; Complete; Complete; Complete; Complete; Complete; Complete; Complete,Denied, , , , , , , , , , , , , , , , , , , , , , , , , , , ,University of Massachusetts at Amherst; University of Massachusetts at Amherst, , , ,Nevin,Shain
Love Your Neighbor Award 2023,Submitted; Complete; Complete; Complete; Complete; Complete; Complete; Complete; Complete; Complete; Complete,Denied, , , , , , , , , , , , , , , , , , , , , , , , , , , ,Western New England University; Western New England University, , , ,Kaarim,Miller
Love Your Neighbor Award 2023,Submitted; Complete; Complete,Denied, , , , , , , , , , , , , , , , , , , , , , , , , , , , , , , ,Long,el-Amir
Love Your Neighbor Award 2023,Submitted; Complete; Complete,Denied, , , , , , , , , , , , , , , , , , , , , , , , , , , , , , , ,Indy,Grandberry
Love Your Neighbor Award 2023,Submitted; Complete; Complete,Denied, , , , , , , , , , , , , , , , , , , , , , , , , , , , , , , ,Westley,Barros
Love Your Neighbor Award 2023,Submitted; Complete; Complete,Denied, , , , , , , , , , , , , , , , , , , , , , , , , , , , , , , ,Kamee,Gayle
Love Your Neighbor Award 2023,Submitted; Complete; Complete; Complete; Complete; Complete; Complete; Complete,Denied, , , , , , , , , , , , , , , , , , , , , , , , , , , ,Boston College; Boston College, , , ,Tiffany,Saidy
Love Your Neighbor Award 2023,Submitted; Complete; Complete; Complete; Complete; Complete; Complete,Denied, , , , , , , , , , , , , , , , , , , , , , , , , , , , , , , ,Camrey,al-Khalili
Love Your Neighbor Award 2023,Submitted; Complete; Complete,Denied, , , , , , , , , , , , , , , , , , , , , , , , , , , , , , , ,Kailib,Bird
Love Your Neighbor Award 2023,Submitted; Complete; Complete; Complete,Denied, , , , , , , , , , , , , , , , , , , , , , , , , , , , , , , ,Musheera,Cade Blanche
Love Your Neighbor Award 2023,Submitted; Complete; Complete,Denied, , , , , , , , , , , , , , , , , , , , , , , , , , , , , , , ,Douglas,Kelemeni
Love Your Neighbor Award 2023,Submitted; Complete; Complete,Denied, , , , , , , , , , , , , , , , , , , , , , , , , , , , , , , ,Chance,al-Hana
Love Your Neighbor Award 2023,Submitted; Complete; Complete; Complete,Denied, , , , , , , , , , , , , , , , , , , , , , , , , , , , , , , ,Mirza,Dagin
Love Your Neighbor Award 2023,Submitted; Complete; Complete; Complete; Complete; Complete; Complete,Denied, , , , , , , , , , , , , , , , , , , , , , , , , , , , , , , ,Faai Z,Nye
Love Your Neighbor Award 2023,Submitted; Complete; Complete; Complete; Complete; Complete,Denied, , , , , , , , , , , , , , , , , , , , , , , , , , , , , , , ,Fawzia,al-Elamin
Love Your Neighbor Award 2023,Submitted; Complete; Complete,Denied, , , , , , , , , , , , , , , , , , , , , , , , , , , , , , , ,Munisa,Hawley
Love Your Neighbor Award 2023,Submitted; Complete; Complete; Complete,Denied, , , , , , , , , , , , , , , , , , , , , , , , , , , , , , , ,Brendon,Channel
Love Your Neighbor Award 2023,Submitted; Complete; Complete,Denied, , , , , , , , , , , , , , , , , , , , , , , , , , , , , , , ,Hyeju,Dai
Love Your Neighbor Award 2023,Submitted; Complete; Complete,Denied, , , , , , , , , , , , , , , , , , , , , , , , , , , , , , , ,Waleed,Bustamante
Love Your Neighbor Award 2023,Submitted; Complete; Complete,Denied, , , , , , , , , , , , , , , , , , , , , , , , , , , , , , , ,Karla,Deleon
Love Your Neighbor Award 2023,Submitted; Complete; Complete; Complete; Complete; Complete; Complete; Complete,Denied, , , , , , , , , , , , , , , , , , , , , , , , , , , ,Assumption University; Assumption University, , , ,Losol,Senior
Love Your Neighbor Award 2023,Submitted; Complete; Complete; Complete,Denied, , , , , , , , , , , , , , , , , , , , , , , , , , , , , , , ,Minh,Lowry
Love Your Neighbor Award 2023,Submitted; Complete; Complete,Denied, , , , , , , , , , , , , , , , , , , , , , , , , , , , , , , ,Uriah,al-Uddin
Love Your Neighbor Award 2023,Submitted; Complete; Complete,Denied, , , , , , , , , , , , , , , , , , , , , , , , , , , , , , , ,Xai,Lopez Rodriguez
Love Your Neighbor Award 2023,Submitted; Complete; Complete; Complete; Complete; Complete; Complete; Complete,Denied, , , , , , , , , , , , , , , , , , , , , , , , , , , ,Trinity College; Trinity College, , , ,Shania,al-Abed
Love Your Neighbor Award 2023,Submitted; Complete; Complete,Denied, , , , , , , , , , , , , , , , , , , , , , , , , , , , , , , ,Ivan,Gandarilla
Love Your Neighbor Award 2023,Submitted; Complete; Complete,Denied, , , , , , , , , , , , , , , , , , , , , , , , , , , , , , , ,Morgan,Marks
Love Your Neighbor Award 2023,Submitted; Complete; Complete,Denied, , , , , , , , , , , , , , , , , , , , , , , , , , , , , , , ,Jalaal,Oliva
Love Your Neighbor Award 2023,Submitted; Complete; Complete,Denied, , , , , , , , , , , , , , , , , , , , , , , , , , , , , , , ,Avianha,Pirzadeh
Love Your Neighbor Award 2023,Submitted; Complete; Complete; Complete; Complete; Complete; Complete; Complete,Denied, , , , , , , , , , , , , , , , , , , , , , , , , , , ,University of Pennsylvania; University of Pennsylvania, , , ,Angela,al-Hariri
Love Your Neighbor Award 2023,Submitted; Complete; Complete; Complete,Denied, , , , , , , , , , , , , , , , , , , , , , , , , , , , , , , ,Edwin,Jackson
Love Your Neighbor Award 2023,Submitted; Complete; Complete,Denied, , , , , , , , , , , , , , , , , , , , , , , , , , , , , , , ,Emilio,el-Hariri
Love Your Neighbor Award 2023,Submitted; Complete; Complete; Complete; Complete; Complete; Complete; Complete,Denied, , , , , , , , , , , , , , , , , , , , , , , , , , , ,Springfield College; Springfield College, , , ,Maria Elena,Kytle
Love Your Neighbor Award 2023,Submitted; Complete; Complete,Denied, , , , , , , , , , , , , , , , , , , , , , , , , , , , , , , ,Davis,Koskovich
Love Your Neighbor Award 2023,Submitted; Complete; Complete,Denied, , , , , , , , , , , , , , , , , , , , , , , , , , , , , , , ,Tercell,Portillo
Love Your Neighbor Award 2023,Submitted; Complete; Complete,Denied, , , , , , , , , , , , , , , , , , , , , , , , , , , , , , , ,Conner,Chestek
Love Your Neighbor Award 2023,Submitted; Complete; Complete; Complete,Denied, , , , , , , , , , , , , , , , , , , , , , , , , , , , , , , ,Qaasim,Delgado
Love Your Neighbor Award 2023,Submitted; Complete; Complete; Complete,Denied, , , , , , , , , , , , , , , , , , , , , , , , , , , , , , , ,Heather,Cruise
Love Your Neighbor Award 2023,Submitted; Complete; Complete,Denied, , , , , , , , , , , , , , , , , , , , , , , , , , , , , , , ,Dametriese,Ritman
Love Your Neighbor Award 2023,Submitted; Complete; Complete,Denied, , , , , , , , , , , , , , , , , , , , , , , , , , , , , , , ,Qaasim,Cochran
Love Your Neighbor Award 2023,Submitted; Complete; Complete,Denied, , , , , , , , , , , , , , , , , , , , , , , , , , , , , , , ,Janayle,Niemann
Love Your Neighbor Award 2023,Submitted; Complete; Complete,Denied, , , , , , , , , , , , , , , , , , , , , , , , , , , , , , , ,Jacob,Willcutt
Love Your Neighbor Award 2023,Submitted; Complete; Complete; Complete; Complete; Complete; Complete; Complete,Denied, , , , , , , , , , , , , , , , , , , , , , , , , , , ,Brown University; Brown University, , , ,Shabeeba,Olson
Love Your Neighbor Award 2023,Submitted; Complete; Complete,Denied, , , , , , , , , , , , , , , , , , , , , , , , , , , , , , , ,Jonet,Pablo
Love Your Neighbor Award 2023,Submitted; Complete; Complete,Denied, , , , , , , , , , , , , , , , , , , , , , , , , , , , , , , ,Izzat,Heidrich
Love Your Neighbor Award 2023,Submitted; Complete; Complete,Denied, , , , , , , , , , , , , , , , , , , , , , , , , , , , , , , ,Taaha,Lamb
Love Your Neighbor Award 2023,Submitted; Complete; Complete,Denied, , , , , , , , , , , , , , , , , , , , , , , , , , , , , , , ,Brenna,el-Ansari
Love Your Neighbor Award 2023,Submitted; Complete; Complete,Denied, , , , , , , , , , , , , , , , , , , , , , , , , , , , , , , ,Bonnie,el-Aydin
Love Your Neighbor Award 2023,Submitted; Complete; Complete; Complete,Denied, , , , , , , , , , , , , , , , , , , , , , , , , , , , , , , ,Xai,Mackey
Love Your Neighbor Award 2023,Submitted; Complete; Complete; Complete; Complete; Complete; Complete; Complete,Denied, , , , , , , , , , , , , , , , , , , , , , , , , , , ,Other; Other,Northwestern University; Northwestern University, , ,Tamanna,Larez
Love Your Neighbor Award 2023,Submitted; Complete; Complete,Denied, , , , , , , , , , , , , , , , , , , , , , , , , , , , , , , ,Dajon,Mekonnen
Love Your Neighbor Award 2023,Submitted; Complete; Complete; Complete; Complete; Complete; Complete; Complete,Denied, , , , , , , , , , , , , , , , , , , , , , , , , , , ,Georgia State University; Georgia State University, , , ,Cesar,al-Ismael
Love Your Neighbor Award 2023,Submitted; Complete; Complete,Denied, , , , , , , , , , , , , , , , , , , , , , , , , , , , , , , ,India,Encinias
Love Your Neighbor Award 2023,Submitted; Complete; Complete,Denied, , , , , , , , , , , , , , , , , , , , , , , , , , , , , , , ,Sherman,Munguia
Love Your Neighbor Award 2023,Submitted; Complete; Complete,Denied, , , , , , , , , , , , , , , , , , , , , , , , , , , , , , , ,Shabeeba,Marquardt
Love Your Neighbor Award 2023,Submitted; Complete; Complete,Denied, , , , , , , , , , , , , , , , , , , , , , , , , , , , , , , ,Insaaf,Neithercut
Love Your Neighbor Award 2023,Submitted; Complete; Complete,Denied, , , , , , , , , , , , , , , , , , , , , , , , , , , , , , , ,Cheyenne,Nicholl
Love Your Neighbor Award 2023,Submitted; Complete; Complete; Complete,Denied, , , , , , , , , , , , , , , , , , , , , , , , , , , , , , , ,Thong,Shaffer
Lunenburg Opportunity Fund Scholarship 2023,Submitted; Complete; Complete; Complete; Complete; Complete,Denied, , , , , , , , , , , , , , , , , , , , , , , , , , , , , , , ,Catarina,Diggles
Lunenburg Opportunity Fund Scholarship 2023,Submitted; Complete; Complete; Complete; Complete; Complete,Denied, , , , , , , , , , , , , , , , , , , , , , , , , , , , , , , ,Jalaal,Gaston
Lunenburg Opportunity Fund Scholarship 2023,Submitted; Complete; Complete,Denied, , , , , , , , , , , , , , , , , , , , , , , , , , , , , , , ,Katherine,Getchell
Lunenburg Opportunity Fund Scholarship 2023,Submitted; Complete; Complete; Complete; Complete; Complete,Denied, , , , , , , , , , , , , , , , , , , , , , , , , , , , , , , ,Yadira,Kunstman
Lunenburg Opportunity Fund Scholarship 2023,Submitted; Complete; Complete; Complete; Complete; Complete,Denied, , , , , , , , , , , , , , , , , , , , , , , , , , , , , , , ,Daizha,Claycomb
Lunenburg Opportunity Fund Scholarship 2023,Submitted; Complete; Complete; Complete; Complete; Complete; Complete; Complete; Complete; Complete; Complete,Follow Up(s) Assigned,5000, , , , , , , , , , , , , , , , , , , , , , , , , , ,Trinity College; Trinity College, , , ,Shania,al-Abed
Magee Family Education Scholarship 2023,Submitted; Complete; Complete; Complete; Complete,Denied, , , , , , , , , , , , , , , , , , , , , , , , , , , , , , , ,Jared,Gordon
Magee Family Education Scholarship 2023,Submitted; Submitted; Complete; Complete,Denied, , , , , , , , , , , , , , , , , , , , , , , , , , , , , , , ,Ana Maria,Molina-Gutierrez
Magee Family Education Scholarship 2023,Submitted; Complete; Complete,Denied, , , , , , , , , , , , , , , , , , , , , , , , , , , , , , , ,Abdur Razzaaq,Durlin
Magee Family Education Scholarship 2023,Submitted; Complete; Complete,Denied, , , , , , , , , , , , , , , , , , , , , , , , , , , , , , , ,Brittney,Carrillo
Magee Family Education Scholarship 2023,Submitted; Complete; Complete,Denied, , , , , , , , , , , , , , , , , , , , , , , , , , , , , , , ,Howe,Trinh
Magee Family Education Scholarship 2023,Submitted; Complete; Complete,Denied, , , , , , , , , , , , , , , , , , , , , , , , , , , , , , , ,Rosemary,Uhland
Magee Family Education Scholarship 2023,Submitted; Complete; Complete; Complete; Complete; Complete; Complete; Complete; Complete; Complete; Complete; Complete; Complete; Complete,Denied, , , , , , , , , , , , , , , , , , , , , , , , , , , ,University of Massachusetts at Amherst; University of Massachusetts at Amherst, , , ,Fernando,al-Bashara
Magee Family Education Scholarship 2023,Submitted; Complete; Complete,Denied, , , , , , , , , , , , , , , , , , , , , , , , , , , , , , , ,Theodora,Wells
Magee Family Education Scholarship 2023,Submitted; Complete; Complete; Complete; Complete; Complete,Denied, , , , , , , , , , , , , , , , , , , , , , , , , , , ,Worcester State University; Worcester State University, , , ,Muhjar,Hart
Magee Family Education Scholarship 2023,Submitted; Complete; Complete,Denied, , , , , , , , , , , , , , , , , , , , , , , , , , , , , , , ,Aqeela,Riggins
Magee Family Education Scholarship 2023,Submitted; Complete; Complete; Complete,Denied, , , , , , , , , , , , , , , , , , , , , , , , , , , , , , , ,Kalleb,Balogh
Magee Family Education Scholarship 2023,Submitted; Complete; Complete; Complete; Complete; Complete; Complete; Complete; Complete; Complete,Denied, , , , , , , , , , , , , , , , , , , , , , , , , , , , , , , ,Essence,al-Soliman
Magee Family Education Scholarship 2023,Submitted; Submitted; Complete,Denied, , , , , , , , , , , , , , , , , , , , , , , , , , , , , , , ,Shasta,Aldret
Magee Family Education Scholarship 2023,Submitted; Complete; Complete; Complete; Complete; Complete; Complete; Complete,Denied, , , , , , , , , , , , , , , , , , , , , , , , , , , ,Worcester State University; Worcester State University, , , ,Abhaya,Macias Flores
Magee Family Education Scholarship 2023,Submitted; Complete; Complete,Denied, , , , , , , , , , , , , , , , , , , , , , , , , , , , , , , ,Mikala,Christensen
Magee Family Education Scholarship 2023,Submitted; Submitted; Complete,Denied, , , , , , , , , , , , , , , , , , , , , , , , , , , , , , , ,Prodeo,Gookin
Magee Family Education Scholarship 2023,Submitted; Complete; Complete; Complete; Complete; Complete; Complete; Complete; Complete; Complete,Denied, , , , , , , , , , , , , , , , , , , , , , , , , , , , , , , ,Xai,Mackey
Magee Family Education Scholarship 2023,Submitted; Complete; Complete,Denied, , , , , , , , , , , , , , , , , , , , , , , , , , , , , , , ,Roderick,Chavira-Delgado
Magee Family Education Scholarship 2023,Submitted; Complete; Complete,Denied, , , , , , , , , , , , , , , , , , , , , , , , , , , , , , , ,Franklin,Vanduren
Magee Family Education Scholarship 2023,Submitted; Complete; Complete,Denied, , , , , , , , , , , , , , , , , , , , , , , , , , , , , , , ,Malynda,Dykstra
Magee Family Education Scholarship 2023,Submitted; Complete; Complete; Complete; Complete; Complete; Complete; Complete; Complete; Complete; Complete; Complete; Complete; Complete,Follow Up(s) Assigned,5000, , , , , , , , , , , , , , , , , , , , , , , , , , ,University of Massachusetts at Amherst; University of Massachusetts at Amherst, , , ,Sahara,Vargas Villalba
Margaret G. Wolcott Scholarship 2023,Submitted; Complete; Complete; Complete; Complete; Complete; Complete; Complete; Complete,Closed,1000, , , , , , , , , , , , , , , , , , , , , , , , , , , , , , ,Norma,Hensinger II
Margaret G. Wolcott Scholarship 2023,Submitted; Complete; Complete; Complete; Complete; Complete; Complete; Complete; Complete; Complete; Complete; Complete; Complete,Closed,1000, , , , , , , , , , , , , , , , , , , , , , , , , , ,Other; Other,Carnegie Mellon University; Carnegie Mellon University, , ,Hamad,el-Kader
Margaret G. Wolcott Scholarship 2023,Submitted; Complete; Complete; Complete; Complete; Complete; Complete; Complete,Denied, , , , , , , , , , , , , , , , , , , , , , , , , , , , , , , ,Nia'Imani,Ballesteros
Margaret G. Wolcott Scholarship 2023,Submitted; Complete; Complete,Denied, , , , , , , , , , , , , , , , , , , , , , , , , , , , , , , ,Blain,Mahre
Margaret G. Wolcott Scholarship 2023,Submitted; Complete; Complete,Denied, , , , , , , , , , , , , , , , , , , , , , , , , , , , , , , ,Lateefa,al-Hafeez
Margaret G. Wolcott Scholarship 2023,Submitted; Complete; Complete,Denied, , , , , , , , , , , , , , , , , , , , , , , , , , , , , , , ,Saajid,Dickey
Margaret G. Wolcott Scholarship 2023,Submitted; Complete; Complete,Denied, , , , , , , , , , , , , , , , , , , , , , , , , , , , , , , ,Abhaya,Rader
Margaret G. Wolcott Scholarship 2023,Submitted; Complete; Complete,Denied, , , , , , , , , , , , , , , , , , , , , , , , , , , , , , , ,Malissa,Pena
Margaret G. Wolcott Scholarship 2023,Submitted; Complete; Complete,Denied, , , , , , , , , , , , , , , , , , , , , , , , , , , , , , , ,Morgan,Marks
Margaret G. Wolcott Scholarship 2023,Submitted; Complete; Complete,Denied, , , , , , , , , , , , , , , , , , , , , , , , , , , , , , , ,Kianna,Arguello
Margaret G. Wolcott Scholarship 2023,Submitted; Complete; Complete; Complete; Complete; Complete; Complete; Complete,Denied, , , , , , , , , , , , , , , , , , , , , , , , , , , , , , , ,Jacob,Willcutt
Margaret G. Wolcott Scholarship 2023,Submitted; Complete; Complete,Denied, , , , , , , , , , , , , , , , , , , , , , , , , , , , , , , ,Olivya,Pinelle
Margaret G. Wolcott Scholarship 2023,Submitted; Complete; Complete,Denied, , , , , , , , , , , , , , , , , , , , , , , , , , , , , , , ,India,Encinias
Margaret G. Wolcott Scholarship 2023,Submitted; Complete; Complete,Denied, , , , , , , , , , , , , , , , , , , , , , , , , , , , , , , ,Shayla,al-Sylla
Margaret G. Wolcott Scholarship 2023,Submitted; Complete; Complete,Denied, , , , , , , , , , , , , , , , , , , , , , , , , , , , , , , ,Insaaf,Neithercut
Margaret G. Wolcott Scholarship 2023,Submitted; Complete; Complete,Denied, , , , , , , , , , , , , , , , , , , , , , , , , , , , , , , ,Jeffery,Sanni
Margaret G. Wolcott Scholarship 2023,Submitted; Complete; Complete,Denied, , , , , , , , , , , , , , , , , , , , , , , , , , , , , , , ,Janei,Florez
Margaret G. Wolcott Scholarship 2023,Submitted; Complete; Complete; Complete; Complete; Complete; Complete; Complete; Complete; Complete; Complete; Complete; Complete,Follow Up(s) Assigned,2000, , , , , , , , , , , , , , , , , , , , , , , , , , ,Assumption University; Assumption University, , , ,Losol,Senior
Margaret G. Wolcott Scholarship 2023,Submitted; Complete; Complete; Complete; Complete; Complete; Complete; Complete; Complete; Complete; Complete; Complete; Complete,Follow Up(s) Assigned,2000, , , , , , , , , , , , , , , , , , , , , , , , , , ,University of Michigan at Ann Arbor; University of Michigan at Ann Arbor, , , ,Roger,el-Masri
Mark MacPherson Lightbown Memorial Scholarship 2023,Submitted; Complete; Complete,Denied, , , , , , , , , , , , , , , , , , , , , , , , , , , , , , , ,Jordynn,Horta
Mark MacPherson Lightbown Memorial Scholarship 2023,Submitted; Complete; Complete; Complete; Complete; Complete; Complete; Complete,Denied, , , , , , , , , , , , , , , , , , , , , , , , , , , , , , , ,Russell,Koras
Mark MacPherson Lightbown Memorial Scholarship 2023,Submitted; Complete; Complete,Denied, , , , , , , , , , , , , , , , , , , , , , , , , , , , , , , ,Luke,Lewis
Mark MacPherson Lightbown Memorial Scholarship 2023,Submitted; Complete; Complete; Complete; Complete; Complete; Complete,Denied, , , , , , , , , , , , , , , , , , , , , , , , , , , , , , , ,Roice,Olson
Mark MacPherson Lightbown Memorial Scholarship 2023,Submitted; Complete; Complete; Complete; Complete; Complete; Complete,Denied, , , , , , , , , , , , , , , , , , , , , , , , , , , , , , , ,Taqi,Tuiolosega
Mark MacPherson Lightbown Memorial Scholarship 2023,Submitted; Submitted; Complete,Denied, , , , , , , , , , , , , , , , , , , , , , , , , , , , , , , ,Prodeo,Gookin
Mark MacPherson Lightbown Memorial Scholarship 2023,Submitted; Complete; Complete,Denied, , , , , , , , , , , , , , , , , , , , , , , , , , , , , , , ,Cheyane,Hall
Mark MacPherson Lightbown Memorial Scholarship 2023,Submitted; Complete; Complete; Complete; Complete; Complete; Complete,Denied, , , , , , , , , , , , , , , , , , , , , , , , , , , , , , , ,Adrianna,Hall
Mark MacPherson Lightbown Memorial Scholarship 2023,Submitted; Complete; Complete,Denied, , , , , , , , , , , , , , , , , , , , , , , , , , , , , , , ,Izzat,Heidrich
Mark MacPherson Lightbown Memorial Scholarship 2023,Submitted; Complete; Complete,Denied, , , , , , , , , , , , , , , , , , , , , , , , , , , , , , , ,Taaha,Lamb
Mark MacPherson Lightbown Memorial Scholarship 2023,Submitted; Complete; Complete,Denied, , , , , , , , , , , , , , , , , , , , , , , , , , , , , , , ,Jaelyn,Carlson
Mark MacPherson Lightbown Memorial Scholarship 2023,Submitted; Complete; Complete,Denied, , , , , , , , , , , , , , , , , , , , , , , , , , , , , , , ,"Jam,Aan",Barlow
Mark MacPherson Lightbown Memorial Scholarship 2023,Submitted; Complete; Complete; Complete; Complete; Complete; Complete; Complete; Complete; Complete; Complete; Complete,Follow Up(s) Assigned,2000, , , , , , , , , , , , , , , , , , , , , , , , , , ,University of New England; University of New England, , , ,Karlos,el-Ramadan
Mark W. Tripp Scholarship 2023,Submitted; Complete; Complete; Complete; Complete; Complete; Complete; Complete,Closed,1000, , , , , , , , , , , , , , , , , , , , , , , , , , , , , , ,Schiara,Demario
Mark W. Tripp Scholarship 2023,Submitted; Complete; Complete; Complete,Denied, , , , , , , , , , , , , , , , , , , , , , , , , , , , , , , ,Angel,Luttrell
Mark W. Tripp Scholarship 2023,Submitted; Complete; Complete,Denied, , , , , , , , , , , , , , , , , , , , , , , , , , , , , , , ,Clint,Reyes-Martinez
Mark W. Tripp Scholarship 2023,Submitted; Complete; Complete; Complete,Denied, , , , , , , , , , , , , , , , , , , , , , , , , , , , , , , ,Whitney,Burnett
Mark W. Tripp Scholarship 2023,Submitted; Complete; Complete; Complete,Denied, , , , , , , , , , , , , , , , , , , , , , , , , , , , , , , ,Jovon,al-Shehata
Mark W. Tripp Scholarship 2023,Submitted; Complete; Complete,Denied, , , , , , , , , , , , , , , , , , , , , , , , , , , , , , , ,Alex,Rumsey
Mark W. Tripp Scholarship 2023,Submitted; Complete; Complete,Denied, , , , , , , , , , , , , , , , , , , , , , , , , , , , , , , ,Izaak,Gellatly
Mark W. Tripp Scholarship 2023,Submitted; Complete; Complete,Denied, , , , , , , , , , , , , , , , , , , , , , , , , , , , , , , ,Shakoora,Hamer
Mark W. Tripp Scholarship 2023,Submitted; Complete; Complete,Denied, , , , , , , , , , , , , , , , , , , , , , , , , , , , , , , ,Emmanuel,Montgomery
Mark W. Tripp Scholarship 2023,Submitted; Complete; Complete,Denied, , , , , , , , , , , , , , , , , , , , , , , , , , , , , , , ,Allicia,al-Rehmann
Mark W. Tripp Scholarship 2023,Submitted; Complete; Complete,Denied, , , , , , , , , , , , , , , , , , , , , , , , , , , , , , , ,Mashal,Bardsley
Mark W. Tripp Scholarship 2023,Submitted; Complete; Complete,Denied, , , , , , , , , , , , , , , , , , , , , , , , , , , , , , , ,Karlos,el-Bey
Mark W. Tripp Scholarship 2023,Submitted; Complete; Complete; Complete; Complete; Complete; Complete,Denied, , , , , , , , , , , , , , , , , , , , , , , , , , , ,Worcester State University, , , ,Abhaya,el-Allee
Mark W. Tripp Scholarship 2023,Submitted; Complete; Complete; Complete,Denied, , , , , , , , , , , , , , , , , , , , , , , , , , , , , , , ,Lee,Bruno
Mark W. Tripp Scholarship 2023,Submitted; Complete; Complete; Complete,Denied, , , , , , , , , , , , , , , , , , , , , , , , , , , , , , , ,Kentorra,Bardsley
Mark W. Tripp Scholarship 2023,Submitted; Complete; Complete; Complete; Complete,Denied, , , , , , , , , , , , , , , , , , , , , , , , , , , ,Worcester State University, , , ,Latasha,al-Guler
Mark W. Tripp Scholarship 2023,Submitted; Complete; Complete; Complete,Denied, , , , , , , , , , , , , , , , , , , , , , , , , , , , , , , ,Norma,Hensinger II
Mark W. Tripp Scholarship 2023,Submitted; Complete; Complete,Denied, , , , , , , , , , , , , , , , , , , , , , , , , , , , , , , ,Fareeda,al-Jamail
Mark W. Tripp Scholarship 2023,Submitted; Complete; Complete,Denied, , , , , , , , , , , , , , , , , , , , , , , , , , , , , , , ,Juliana,el-Mannan
Mark W. Tripp Scholarship 2023,Submitted; Complete; Complete,Denied, , , , , , , , , , , , , , , , , , , , , , , , , , , , , , , ,Catarina,al-Lodi
Mark W. Tripp Scholarship 2023,Submitted; Complete; Complete,Denied, , , , , , , , , , , , , , , , , , , , , , , , , , , , , , , ,Waleed,Echohawk
Mark W. Tripp Scholarship 2023,Submitted; Complete; Complete,Denied, , , , , , , , , , , , , , , , , , , , , , , , , , , , , , , ,Ohitike,Burke
Mark W. Tripp Scholarship 2023,Submitted; Complete; Complete,Denied, , , , , , , , , , , , , , , , , , , , , , , , , , , , , , , ,Xai,Womack
Mark W. Tripp Scholarship 2023,Submitted; Complete; Complete,Denied, , , , , , , , , , , , , , , , , , , , , , , , , , , , , , , ,My,Burke
Mark W. Tripp Scholarship 2023,Submitted; Complete; Complete; Complete,Denied, , , , , , , , , , , , , , , , , , , , , , , , , , , , , , , ,Sheena,al-Pashia
Mark W. Tripp Scholarship 2023,Submitted; Complete; Complete,Denied, , , , , , , , , , , , , , , , , , , , , , , , , , , , , , , ,Dhaafir,el-Attar
Mark W. Tripp Scholarship 2023,Submitted; Complete; Complete,Denied, , , , , , , , , , , , , , , , , , , , , , , , , , , , , , , ,Vanya,Ayala
Mark W. Tripp Scholarship 2023,Submitted; Complete; Complete,Denied, , , , , , , , , , , , , , , , , , , , , , , , , , , , , , , ,Jalaal,Gaston
Mark W. Tripp Scholarship 2023,Submitted; Complete; Complete; Complete,Denied, , , , , , , , , , , , , , , , , , , , , , , , , , , , , , , ,Qaasim,Retana
Mark W. Tripp Scholarship 2023,Submitted; Complete; Complete; Complete,Denied, , , , , , , , , , , , , , , , , , , , , , , , , , , , , , , ,Kameel,Kellum
Mark W. Tripp Scholarship 2023,Submitted; Complete; Complete,Denied, , , , , , , , , , , , , , , , , , , , , , , , , , , , , , , ,Katherine,Getchell
Mark W. Tripp Scholarship 2023,Submitted; Complete; Complete; Complete; Complete; Complete; Complete; Complete,Denied, , , , , , , , , , , , , , , , , , , , , , , , , , , ,Cummings School of Veterinary Medicine at Tufts University; Tufts University, , , ,Abhaya,Cordero
Mark W. Tripp Scholarship 2023,Submitted; Complete; Complete,Denied, , , , , , , , , , , , , , , , , , , , , , , , , , , , , , , ,Alton,Ervin
Mark W. Tripp Scholarship 2023,Submitted; Submitted; Complete,Denied, , , , , , , , , , , , , , , , , , , , , , , , , , , , , , , ,Pablo,el-Salim
Mark W. Tripp Scholarship 2023,Submitted; Complete; Complete; Complete,Denied, , , , , , , , , , , , , , , , , , , , , , , , , , , , , , , ,Sushmita,Fognani
Mark W. Tripp Scholarship 2023,Submitted; Complete; Complete; Complete,Denied, , , , , , , , , , , , , , , , , , , , , , , , , , , , , , , ,Cynthia,Barnabas
Mark W. Tripp Scholarship 2023,Submitted; Complete; Complete; Complete; Complete; Complete; Complete; Complete,Denied, , , , , , , , , , , , , , , , , , , , , , , , , , , ,University of Massachusetts at Amherst; University of Massachusetts at Amherst, , , ,Nevin,Shain
Mark W. Tripp Scholarship 2023,Submitted; Complete; Complete,Denied, , , , , , , , , , , , , , , , , , , , , , , , , , , , , , , ,Kelsie,el-Nasser
Mark W. Tripp Scholarship 2023,Submitted; Complete; Complete; Complete; Complete; Complete; Complete; Complete,Denied, , , , , , , , , , , , , , , , , , , , , , , , , , , ,University of Massachusetts at Amherst; University of Massachusetts at Amherst, , , ,Adham,Vinegar
Mark W. Tripp Scholarship 2023,Submitted; Complete; Complete; Complete; Complete; Complete; Complete,Denied, , , , , , , , , , , , , , , , , , , , , , , , , , , , , , , ,Ihaab,Slowman
Mark W. Tripp Scholarship 2023,Submitted; Complete; Complete,Denied, , , , , , , , , , , , , , , , , , , , , , , , , , , , , , , ,Musheera,Donez
Mark W. Tripp Scholarship 2023,Submitted; Complete; Complete; Complete; Complete; Complete; Complete; Complete,Denied, , , , , , , , , , , , , , , , , , , , , , , , , , , ,University of Massachusetts at Amherst; University of Massachusetts at Amherst, , , ,Thomas,Olson
Mark W. Tripp Scholarship 2023,Submitted; Submitted; Complete,Denied, , , , , , , , , , , , , , , , , , , , , , , , , , , , , , , ,Shayla,Simpson
Mark W. Tripp Scholarship 2023,Submitted; Complete; Complete,Denied, , , , , , , , , , , , , , , , , , , , , , , , , , , , , , , ,Monolito,Gandarilla
Mark W. Tripp Scholarship 2023,Submitted; Complete; Complete,Denied, , , , , , , , , , , , , , , , , , , , , , , , , , , , , , , ,Aimee,Mikesell
Mark W. Tripp Scholarship 2023,Submitted; Submitted; Complete,Denied, , , , , , , , , , , , , , , , , , , , , , , , , , , , , , , ,Abhaya,Ranney
Mark W. Tripp Scholarship 2023,Submitted; Complete; Complete,Denied, , , , , , , , , , , , , , , , , , , , , , , , , , , , , , , ,Hyeju,Dai
Mark W. Tripp Scholarship 2023,Submitted; Complete; Complete; Complete; Complete; Complete; Complete,Denied, , , , , , , , , , , , , , , , , , , , , , , , , , , , , , , ,De'Vonta,Watkins
Mark W. Tripp Scholarship 2023,Submitted; Complete; Complete,Denied, , , , , , , , , , , , , , , , , , , , , , , , , , , , , , , ,Roice,Olson
Mark W. Tripp Scholarship 2023,Submitted; Complete; Complete,Denied, , , , , , , , , , , , , , , , , , , , , , , , , , , , , , , ,Teale,Throm
Mark W. Tripp Scholarship 2023,Submitted; Complete; Complete; Complete,Denied, , , , , , , , , , , , , , , , , , , , , , , , , , , , , , , ,Sydney,Sepeda
Mark W. Tripp Scholarship 2023,Submitted; Complete; Complete; Complete,Denied, , , , , , , , , , , , , , , , , , , , , , , , , , , , , , , ,Mychael,Halberg
Mark W. Tripp Scholarship 2023,Submitted; Complete; Complete; Complete,Denied, , , , , , , , , , , , , , , , , , , , , , , , , , , , , , , ,Steve,el-Kader
Mark W. Tripp Scholarship 2023,Submitted; Complete; Complete,Denied, , , , , , , , , , , , , , , , , , , , , , , , , , , , , , , ,Saajid,Stubits
Mark W. Tripp Scholarship 2023,Submitted; Complete; Complete,Denied, , , , , , , , , , , , , , , , , , , , , , , , , , , , , , , ,Julie,Haroon
Mark W. Tripp Scholarship 2023,Submitted; Complete; Complete,Denied, , , , , , , , , , , , , , , , , , , , , , , , , , , , , , , ,Khongmong,Sargent
Mark W. Tripp Scholarship 2023,Submitted; Complete; Complete; Complete; Complete; Complete; Complete; Complete,Denied, , , , , , , , , , , , , , , , , , , , , , , , , , , ,Boston University; Boston University, , , ,Mi,Wands
Mark W. Tripp Scholarship 2023,Submitted; Complete; Complete,Denied, , , , , , , , , , , , , , , , , , , , , , , , , , , , , , , ,Qisma,Mcguire
Mark W. Tripp Scholarship 2023,Submitted; Complete; Complete,Denied, , , , , , , , , , , , , , , , , , , , , , , , , , , , , , , ,Kanjai,Ludwig
Mark W. Tripp Scholarship 2023,Submitted; Complete; Complete; Complete; Complete; Complete; Complete; Complete,Denied, , , , , , , , , , , , , , , , , , , , , , , , , , , ,Anna Maria College; Anna Maria College, , , ,Ace,Tagawa
Mark W. Tripp Scholarship 2023,Submitted; Complete; Complete,Denied, , , , , , , , , , , , , , , , , , , , , , , , , , , , , , , ,Abraham,Embry
Mark W. Tripp Scholarship 2023,Submitted; Complete; Complete; Complete,Denied, , , , , , , , , , , , , , , , , , , , , , , , , , , , , , , ,Ohitike,el-Sinai
Mark W. Tripp Scholarship 2023,Submitted; Complete; Complete,Denied, , , , , , , , , , , , , , , , , , , , , , , , , , , , , , , ,Karlos,Moua
Mark W. Tripp Scholarship 2023,Submitted; Submitted; Complete; Complete; Complete; Complete; Complete; Complete,Denied, , , , , , , , , , , , , , , , , , , , , , , , , , , ,University of Massachusetts Lowell; University of Massachusetts Lowell, , , ,Piotreck,al-Musa
Mark W. Tripp Scholarship 2023,Submitted; Complete; Complete,Denied, , , , , , , , , , , , , , , , , , , , , , , , , , , , , , , ,Vanya,Lopez-Carrizales
Mark W. Tripp Scholarship 2023,Submitted; Complete; Complete,Denied, , , , , , , , , , , , , , , , , , , , , , , , , , , , , , , ,Soryn,Otgontulga
Mark W. Tripp Scholarship 2023,Submitted; Complete; Complete,Denied, , , , , , , , , , , , , , , , , , , , , , , , , , , , , , , ,Avianha,Pirzadeh
Mark W. Tripp Scholarship 2023,Submitted; Complete; Complete; Complete; Complete; Complete; Complete; Complete; Complete; Complete; Complete; Complete,Denied, , , , , , , , , , , , , , , , , , , , , , , , , , , ,Bentley University; Bentley University, , , ,Konda,al-Hariri
Mark W. Tripp Scholarship 2023,Submitted; Submitted; Complete,Denied, , , , , , , , , , , , , , , , , , , , , , , , , , , , , , , ,Yadira,al-Naqvi
Mark W. Tripp Scholarship 2023,Submitted; Complete; Complete,Denied, , , , , , , , , , , , , , , , , , , , , , , , , , , , , , , ,Nahom,Koerner
Mark W. Tripp Scholarship 2023,Submitted; Complete; Complete; Complete; Complete; Complete; Complete; Complete,Denied, , , , , , , , , , , , , , , , , , , , , , , , , , , ,Springfield College; Springfield College, , , ,Maria Elena,Kytle
Mark W. Tripp Scholarship 2023,Submitted; Complete; Complete; Complete,Denied, , , , , , , , , , , , , , , , , , , , , , , , , , , , , , , ,Heather,Cruise
Mark W. Tripp Scholarship 2023,Submitted; Complete; Complete,Denied, , , , , , , , , , , , , , , , , , , , , , , , , , , , , , , ,Mikala,Christensen
Mark W. Tripp Scholarship 2023,Submitted; Complete; Complete,Denied, , , , , , , , , , , , , , , , , , , , , , , , , , , , , , , ,Wajeeh,Dionese
Mark W. Tripp Scholarship 2023,Submitted; Complete; Complete; Complete; Complete; Complete; Complete; Submitted,Denied, , , , , , , , , , , , , , , , , , , , , , , , , , , ,Other; Other,Stanford University, , ,Will,el-Fayad
Mark W. Tripp Scholarship 2023,Submitted; Complete; Complete,Denied, , , , , , , , , , , , , , , , , , , , , , , , , , , , , , , ,Davis,Levesque
Mark W. Tripp Scholarship 2023,Submitted; Complete; Complete,Denied, , , , , , , , , , , , , , , , , , , , , , , , , , , , , , , ,Khiry,Thakur
Mark W. Tripp Scholarship 2023,Submitted; Complete; Complete,Denied, , , , , , , , , , , , , , , , , , , , , , , , , , , , , , , ,Qaasim,Cochran
Mark W. Tripp Scholarship 2023,Submitted; Complete; Complete,Denied, , , , , , , , , , , , , , , , , , , , , , , , , , , , , , , ,Humaidaan,el-Khalaf
Mark W. Tripp Scholarship 2023,Submitted; Complete; Complete; Complete; Complete; Complete; Complete; Complete,Denied, , , , , , , , , , , , , , , , , , , , , , , , , , , , , , , ,Simon,Manimtim
Mark W. Tripp Scholarship 2023,Submitted; Complete; Complete; Complete; Complete; Complete; Complete; Complete,Denied, , , , , , , , , , , , , , , , , , , , , , , , , , , ,Brown University; Brown University, , , ,Shabeeba,Olson
Mark W. Tripp Scholarship 2023,Submitted; Complete; Complete,Denied, , , , , , , , , , , , , , , , , , , , , , , , , , , , , , , ,Isuru,Longwing
Mark W. Tripp Scholarship 2023,Submitted; Complete; Complete,Denied, , , , , , , , , , , , , , , , , , , , , , , , , , , , , , , ,Alexxis,Tahir
Mark W. Tripp Scholarship 2023,Submitted; Complete; Complete,Denied, , , , , , , , , , , , , , , , , , , , , , , , , , , , , , , ,Trevon,Yarangsy
Mark W. Tripp Scholarship 2023,Submitted; Complete; Complete,Denied, , , , , , , , , , , , , , , , , , , , , , , , , , , , , , , ,Adrianna,Hall
Mark W. Tripp Scholarship 2023,Submitted; Complete; Complete,Denied, , , , , , , , , , , , , , , , , , , , , , , , , , , , , , , ,Tercell,Winters
Mark W. Tripp Scholarship 2023,Submitted; Complete; Complete,Denied, , , , , , , , , , , , , , , , , , , , , , , , , , , , , , , ,Reese,el-Aman
Mark W. Tripp Scholarship 2023,Submitted; Complete; Complete,Denied, , , , , , , , , , , , , , , , , , , , , , , , , , , , , , , ,Burhaan,Stanley
Mark W. Tripp Scholarship 2023,Submitted; Complete; Complete,Denied, , , , , , , , , , , , , , , , , , , , , , , , , , , , , , , ,Theodora,Newman
Mark W. Tripp Scholarship 2023,Submitted; Complete; Complete,Denied, , , , , , , , , , , , , , , , , , , , , , , , , , , , , , , ,Jereek,Fajardo
Mark W. Tripp Scholarship 2023,Submitted; Complete; Complete; Complete,Denied, , , , , , , , , , , , , , , , , , , , , , , , , , , , , , , ,Stevon,Alderete
Mark W. Tripp Scholarship 2023,Submitted; Complete; Complete,Denied, , , , , , , , , , , , , , , , , , , , , , , , , , , , , , , ,Alex,Caballero
Mark W. Tripp Scholarship 2023,Submitted; Complete; Complete; Complete; Complete; Complete; Complete; Complete,Denied, , , , , , , , , , , , , , , , , , , , , , , , , , , ,Massachusetts Institute of Technology; Massachusetts Institute of Technology, , , ,Koji,el-Kazemi
Mark W. Tripp Scholarship 2023,Submitted; Complete; Complete,Denied, , , , , , , , , , , , , , , , , , , , , , , , , , , , , , , ,Tien,Ehrlich
Mark W. Tripp Scholarship 2023,Submitted; Complete; Complete,Denied, , , , , , , , , , , , , , , , , , , , , , , , , , , , , , , ,Daizha,Claycomb
Mark W. Tripp Scholarship 2023,Submitted; Complete; Complete,Denied, , , , , , , , , , , , , , , , , , , , , , , , , , , , , , , ,Izzaddeen,Feltman
Mark W. Tripp Scholarship 2023,Submitted; Complete; Complete; Complete; Complete; Complete; Complete; Complete,Denied, , , , , , , , , , , , , , , , , , , , , , , , , , , , , , , ,Abhaya,Browning
Marty Hastings Memorial Scholarship 2023,Submitted; Complete; Complete; Complete; Complete; Complete; Complete; Complete; Complete,Closed,1000, , , , , , , , , , , , , , , , , , , , , , , , , , , , , , ,Lavies,Ruska
Marty Hastings Memorial Scholarship 2023,Submitted; Complete; Complete; Complete; Complete; Complete; Complete; Complete,Denied, , , , , , , , , , , , , , , , , , , , , , , , , , , , , , , ,Howe,Trinh
Marty Hastings Memorial Scholarship 2023,Submitted; Complete; Complete; Complete; Complete; Complete; Complete; Complete; Complete,Denied, , , , , , , , , , , , , , , , , , , , , , , , , , , , , , , ,Sushmita,Fognani
Marty Hastings Memorial Scholarship 2023,Submitted; Submitted; Complete,Denied, , , , , , , , , , , , , , , , , , , , , , , , , , , , , , , ,Nova,Liang
Marty Hastings Memorial Scholarship 2023,Submitted; Complete; Complete; Complete; Complete; Complete; Complete; Complete,Denied, , , , , , , , , , , , , , , , , , , , , , , , , , , , , , , ,Mahbooba,al-Shaikh
Marty Hastings Memorial Scholarship 2023,Submitted; Complete; Complete; Complete,Denied, , , , , , , , , , , , , , , , , , , , , , , , , , , , , , , ,Kitana,Ault
Marty Hastings Memorial Scholarship 2023,Submitted; Complete; Complete,Denied, , , , , , , , , , , , , , , , , , , , , , , , , , , , , , , ,Lauren,Lillie
Marty Hastings Memorial Scholarship 2023,Submitted; Complete; Complete,Denied, , , , , , , , , , , , , , , , , , , , , , , , , , , , , , , ,Jyotshal,Westfall
Marty Hastings Memorial Scholarship 2023,Submitted; Complete; Complete,Denied, , , , , , , , , , , , , , , , , , , , , , , , , , , , , , , ,Andy,Hren
Mary and John Buckley Memorial Education Scholarship 2023,Submitted; Complete; Complete; Complete; Complete; Complete; Complete; Assigned,Closed,800, , , , , , , , , , , , , , , , , , , , , , , , , , ,Quinsigamond Community College: Business Office, , , ,Richard,Barnabas
Mary and John Buckley Memorial Education Scholarship 2023,Submitted; Complete; Complete; Complete,Denied, , , , , , , , , , , , , , , , , , , , , , , , , , , , , , , ,Souphakone,Thorne
Mary and John Buckley Memorial Education Scholarship 2023,Submitted; Complete; Complete,Denied, , , , , , , , , , , , , , , , , , , , , , , , , , , , , , , ,Jim,Rivas
Mary and John Buckley Memorial Education Scholarship 2023,Submitted; Complete; Complete,Denied, , , , , , , , , , , , , , , , , , , , , , , , , , , , , , , ,Mazi Mathias,Watkins IV
Mary and John Buckley Memorial Education Scholarship 2023,Submitted; Complete; Complete; Complete,Denied, , , , , , , , , , , , , , , , , , , , , , , , , , , , , , , ,Whitney,Burnett
Mary and John Buckley Memorial Education Scholarship 2023,Submitted; Complete; Complete,Denied, , , , , , , , , , , , , , , , , , , , , , , , , , , , , , , ,Saamyya,Rumsey
Mary and John Buckley Memorial Education Scholarship 2023,Submitted; Complete; Complete; Complete,Denied, , , , , , , , , , , , , , , , , , , , , , , , , , , , , , , ,Jovon,al-Shehata
Mary and John Buckley Memorial Education Scholarship 2023,Submitted; Complete; Complete,Denied, , , , , , , , , , , , , , , , , , , , , , , , , , , , , , , ,Rute,Dean
Mary and John Buckley Memorial Education Scholarship 2023,Submitted; Complete; Complete; Complete,Denied, , , , , , , , , , , , , , , , , , , , , , , , , , , , , , , ,Miranda,Atolani
Mary and John Buckley Memorial Education Scholarship 2023,Submitted; Complete; Complete,Denied, , , , , , , , , , , , , , , , , , , , , , , , , , , , , , , ,Aimee,Nicholson
Mary and John Buckley Memorial Education Scholarship 2023,Submitted; Complete; Complete,Denied, , , , , , , , , , , , , , , , , , , , , , , , , , , , , , , ,Heroki,Elfvin
Mary and John Buckley Memorial Education Scholarship 2023,Submitted; Complete; Complete,Denied, , , , , , , , , , , , , , , , , , , , , , , , , , , , , , , ,Gabrielle,Wong
Mary and John Buckley Memorial Education Scholarship 2023,Submitted; Complete; Complete,Denied, , , , , , , , , , , , , , , , , , , , , , , , , , , , , , , ,Xai,Aldapa-Humes
Mary and John Buckley Memorial Education Scholarship 2023,Submitted; Submitted; Complete,Denied, , , , , , , , , , , , , , , , , , , , , , , , , , , , , , , ,Emilio,al-Hamady
Mary and John Buckley Memorial Education Scholarship 2023,Submitted; Complete; Complete,Denied, , , , , , , , , , , , , , , , , , , , , , , , , , , , , , , ,Heroki,Wong
Mary and John Buckley Memorial Education Scholarship 2023,Submitted; Complete; Complete,Denied, , , , , , , , , , , , , , , , , , , , , , , , , , , , , , , ,Soryn,Palacios
Mary and John Buckley Memorial Education Scholarship 2023,Submitted; Complete; Complete,Denied, , , , , , , , , , , , , , , , , , , , , , , , , , , , , , , ,Tione,Deboer
Mary and John Buckley Memorial Education Scholarship 2023,Submitted; Complete; Complete; Complete; Complete; Complete; Complete; Complete,Denied, , , , , , , , , , , , , , , , , , , , , , , , , , , ,Assumption University; Assumption University, , , ,Taeler,Ginsberg
Mary and John Buckley Memorial Education Scholarship 2023,Submitted; Complete; Complete; Complete; Complete; Complete; Complete; Complete,Denied, , , , , , , , , , , , , , , , , , , , , , , , , , , ,Boston College; Boston College, , , ,Saamyya,Brizuela
Mary and John Buckley Memorial Education Scholarship 2023,Submitted; Complete; Complete,Denied, , , , , , , , , , , , , , , , , , , , , , , , , , , , , , , ,Bibek,el-Tamer
Mary and John Buckley Memorial Education Scholarship 2023,Submitted; Complete; Complete,Denied, , , , , , , , , , , , , , , , , , , , , , , , , , , , , , , ,Jyotshal,Amgalanbayar
Mary and John Buckley Memorial Education Scholarship 2023,Submitted; Submitted; Complete,Denied, , , , , , , , , , , , , , , , , , , , , , , , , , , , , , , ,Aimee,Mckiver
Mary and John Buckley Memorial Education Scholarship 2023,Submitted; Submitted; Complete,Denied, , , , , , , , , , , , , , , , , , , , , , , , , , , , , , , ,Cynthia,Talbert
Mary and John Buckley Memorial Education Scholarship 2023,Submitted; Complete; Complete,Denied, , , , , , , , , , , , , , , , , , , , , , , , , , , , , , , ,Nia'Imani,Ballesteros
Mary and John Buckley Memorial Education Scholarship 2023,Submitted; Complete; Complete,Denied, , , , , , , , , , , , , , , , , , , , , , , , , , , , , , , ,Norma,Ashton
Mary and John Buckley Memorial Education Scholarship 2023,Submitted; Complete; Complete; Complete; Complete; Complete; Complete,Denied, , , , , , , , , , , , , , , , , , , , , , , , , , , ,Worcester State University, , , ,Abhaya,el-Allee
Mary and John Buckley Memorial Education Scholarship 2023,Submitted; Complete; Complete,Denied, , , , , , , , , , , , , , , , , , , , , , , , , , , , , , , ,Dahlia,al-Salek
Mary and John Buckley Memorial Education Scholarship 2023,Submitted; Complete; Complete; Complete,Denied, , , , , , , , , , , , , , , , , , , , , , , , , , , , , , , ,Lee,Bruno
Mary and John Buckley Memorial Education Scholarship 2023,Submitted; Complete; Complete,Denied, , , , , , , , , , , , , , , , , , , , , , , , , , , , , , , ,Derrick,Angulo
Mary and John Buckley Memorial Education Scholarship 2023,Submitted; Complete; Complete,Denied, , , , , , , , , , , , , , , , , , , , , , , , , , , , , , , ,Tabeion,Minter
Mary and John Buckley Memorial Education Scholarship 2023,Submitted; Complete; Complete,Denied, , , , , , , , , , , , , , , , , , , , , , , , , , , , , , , ,Jaquelin,Gamet
Mary and John Buckley Memorial Education Scholarship 2023,Submitted; Complete; Complete,Denied, , , , , , , , , , , , , , , , , , , , , , , , , , , , , , , ,Leisha,el-Salama
Mary and John Buckley Memorial Education Scholarship 2023,Submitted; Complete; Complete,Denied, , , , , , , , , , , , , , , , , , , , , , , , , , , , , , , ,Trina,Boogert
Mary and John Buckley Memorial Education Scholarship 2023,Submitted; Complete; Complete,Denied, , , , , , , , , , , , , , , , , , , , , , , , , , , , , , , ,Cheyanne,Stirgus
Mary and John Buckley Memorial Education Scholarship 2023,Submitted; Complete; Complete,Denied, , , , , , , , , , , , , , , , , , , , , , , , , , , , , , , ,Azhaar,Minor
Mary and John Buckley Memorial Education Scholarship 2023,Submitted; Complete; Complete,Denied, , , , , , , , , , , , , , , , , , , , , , , , , , , , , , , ,Juliana,el-Mannan
Mary and John Buckley Memorial Education Scholarship 2023,Submitted; Complete; Complete; Complete,Denied, , , , , , , , , , , , , , , , , , , , , , , , , , , , , , , ,Orlando,Ordaz
Mary and John Buckley Memorial Education Scholarship 2023,Submitted; Complete; Complete; Complete; Complete; Complete; Complete; Complete,Denied, , , , , , , , , , , , , , , , , , , , , , , , , , , ,Other; Wentworth Institute of Technology,Wentworth Institute of Technology, , ,Andres,French Thomason
Mary and John Buckley Memorial Education Scholarship 2023,Submitted; Complete; Complete; Complete,Denied, , , , , , , , , , , , , , , , , , , , , , , , , , , , , , , ,Emilio,Flint
Mary and John Buckley Memorial Education Scholarship 2023,Submitted; Complete; Complete; Complete,Denied, , , , , , , , , , , , , , , , , , , , , , , , , , , , , , , ,Picabo,Tejada
Mary and John Buckley Memorial Education Scholarship 2023,Submitted; Complete; Complete; Complete,Denied, , , , , , , , , , , , , , , , , , , , , , , , , , , , , , , ,Sheena,al-Pashia
Mary and John Buckley Memorial Education Scholarship 2023,Submitted; Complete; Complete; Complete; Complete; Complete,Denied, , , , , , , , , , , , , , , , , , , , , , , , , , , ,Worcester State University; Worcester State University, , , ,Shasta,al-Zaman
Mary and John Buckley Memorial Education Scholarship 2023,Submitted; Complete; Complete,Denied, , , , , , , , , , , , , , , , , , , , , , , , , , , , , , , ,Waseem,Valentine
Mary and John Buckley Memorial Education Scholarship 2023,Submitted; Complete; Complete; Complete,Denied, , , , , , , , , , , , , , , , , , , , , , , , , , , , , , , ,Taamira,el-Zakaria
Mary and John Buckley Memorial Education Scholarship 2023,Submitted; Complete; Complete,Denied, , , , , , , , , , , , , , , , , , , , , , , , , , , , , , , ,Cyra,Valdez Arias
Mary and John Buckley Memorial Education Scholarship 2023,Submitted; Complete; Complete; Complete,Denied, , , , , , , , , , , , , , , , , , , , , , , , , , , , , , , ,Qaasim,Retana
Mary and John Buckley Memorial Education Scholarship 2023,Submitted; Complete; Complete,Denied, , , , , , , , , , , , , , , , , , , , , , , , , , , , , , , ,Khongmong,Majid
Mary and John Buckley Memorial Education Scholarship 2023,Submitted; Complete; Complete,Denied, , , , , , , , , , , , , , , , , , , , , , , , , , , , , , , ,Taiseer,Casias
Mary and John Buckley Memorial Education Scholarship 2023,Submitted; Complete; Complete; Complete,Denied, , , , , , , , , , , , , , , , , , , , , , , , , , , , , , , ,Kameel,Kellum
Mary and John Buckley Memorial Education Scholarship 2023,Submitted; Complete; Complete,Denied, , , , , , , , , , , , , , , , , , , , , , , , , , , , , , , ,Katherine,Getchell
Mary and John Buckley Memorial Education Scholarship 2023,Submitted; Complete; Complete,Denied, , , , , , , , , , , , , , , , , , , , , , , , , , , , , , , ,Mufeeda,Tagawa
Mary and John Buckley Memorial Education Scholarship 2023,Submitted; Complete; Complete,Denied, , , , , , , , , , , , , , , , , , , , , , , , , , , , , , , ,Isiah,Anders
Mary and John Buckley Memorial Education Scholarship 2023,Submitted; Complete; Complete,Denied, , , , , , , , , , , , , , , , , , , , , , , , , , , , , , , ,Humaira,Gantvoort
Mary and John Buckley Memorial Education Scholarship 2023,Submitted; Complete; Complete,Denied, , , , , , , , , , , , , , , , , , , , , , , , , , , , , , , ,Trina,Atkins
Mary and John Buckley Memorial Education Scholarship 2023,Submitted; Complete; Complete,Denied, , , , , , , , , , , , , , , , , , , , , , , , , , , , , , , ,Tasneem,Gantvoort
Mary and John Buckley Memorial Education Scholarship 2023,Submitted; Complete; Complete,Denied, , , , , , , , , , , , , , , , , , , , , , , , , , , , , , , ,Michiyo,Varela
Mary and John Buckley Memorial Education Scholarship 2023,Submitted; Complete; Complete,Denied, , , , , , , , , , , , , , , , , , , , , , , , , , , , , , , ,Nia'Imani,Peacock
Mary and John Buckley Memorial Education Scholarship 2023,Submitted; Complete; Complete,Denied, , , , , , , , , , , , , , , , , , , , , , , , , , , , , , , ,Rosemary,Uhland
Mary and John Buckley Memorial Education Scholarship 2023,Submitted; Complete; Complete,Denied, , , , , , , , , , , , , , , , , , , , , , , , , , , , , , , ,Alton,Ervin
Mary and John Buckley Memorial Education Scholarship 2023,Submitted; Complete; Complete; Complete; Complete; Complete; Complete; Complete,Denied, , , , , , , , , , , , , , , , , , , , , , , , , , , ,Stonehill College; Stonehill College, , , ,Yadira,Daly
Mary and John Buckley Memorial Education Scholarship 2023,Submitted; Complete; Complete,Denied, , , , , , , , , , , , , , , , , , , , , , , , , , , , , , , ,De'Vonta,Mcstraw
Mary and John Buckley Memorial Education Scholarship 2023,Submitted; Complete; Complete; Complete,Denied, , , , , , , , , , , , , , , , , , , , , , , , , , , , , , , ,Cynthia,Barnabas
Mary and John Buckley Memorial Education Scholarship 2023,Submitted; Complete; Complete; Complete,Denied, , , , , , , , , , , , , , , , , , , , , , , , , , , , , , , ,Aqeela,Ritman
Mary and John Buckley Memorial Education Scholarship 2023,Submitted; Complete; Complete; Complete,Denied, , , , , , , , , , , , , , , , , , , , , , , , , , , , , , , ,Azhaar,Sparks
Mary and John Buckley Memorial Education Scholarship 2023,Submitted; Complete; Complete; Complete; Complete; Complete; Complete; Complete,Denied, , , , , , , , , , , , , , , , , , , , , , , , , , , ,Boston College; Boston College, , , ,Tiffany,Saidy
Mary and John Buckley Memorial Education Scholarship 2023,Submitted; Submitted; Complete,Denied, , , , , , , , , , , , , , , , , , , , , , , , , , , , , , , ,Dahlia,al-Ibrahim
Mary and John Buckley Memorial Education Scholarship 2023,Submitted; Complete; Complete,Denied, , , , , , , , , , , , , , , , , , , , , , , , , , , , , , , ,Dajon,Fritter
Mary and John Buckley Memorial Education Scholarship 2023,Submitted; Complete; Complete; Complete,Denied, , , , , , , , , , , , , , , , , , , , , , , , , , , , , , , ,Musheera,Cade Blanche
Mary and John Buckley Memorial Education Scholarship 2023,Submitted; Complete; Complete; Complete; Complete; Complete,Denied, , , , , , , , , , , , , , , , , , , , , , , , , , , ,Worcester State University; Worcester State University, , , ,Muhjar,Hart
Mary and John Buckley Memorial Education Scholarship 2023,Submitted; Complete; Complete; Complete,Denied, , , , , , , , , , , , , , , , , , , , , , , , , , , , , , , ,Sumbula,Roman-Cervantes
Mary and John Buckley Memorial Education Scholarship 2023,Submitted; Complete; Complete,Denied, , , , , , , , , , , , , , , , , , , , , , , , , , , , , , , ,Khongmong,Vandergriff
Mary and John Buckley Memorial Education Scholarship 2023,Submitted; Submitted; Complete,Denied, , , , , , , , , , , , , , , , , , , , , , , , , , , , , , , ,Shayla,Simpson
Mary and John Buckley Memorial Education Scholarship 2023,Submitted; Complete; Complete; Complete; Complete; Complete; Complete; Complete,Denied, , , , , , , , , , , , , , , , , , , , , , , , , , , ,Providence College; Providence College, , , ,Matias,Herrington
Mary and John Buckley Memorial Education Scholarship 2023,Submitted; Complete; Complete; Complete,Denied, , , , , , , , , , , , , , , , , , , , , , , , , , , , , , , ,Cole,Fernandez
Mary and John Buckley Memorial Education Scholarship 2023,Submitted; Complete; Complete,Denied, , , , , , , , , , , , , , , , , , , , , , , , , , , , , , , ,Nabeeh,Berumen
Mary and John Buckley Memorial Education Scholarship 2023,Submitted; Complete; Complete,Denied, , , , , , , , , , , , , , , , , , , , , , , , , , , , , , , ,Kursh,Lovan
Mary and John Buckley Memorial Education Scholarship 2023,Submitted; Complete; Complete; Complete,Denied, , , , , , , , , , , , , , , , , , , , , , , , , , , , , , , ,Arafaat,Verburg
Mary and John Buckley Memorial Education Scholarship 2023,Submitted; Complete; Complete,Denied, , , , , , , , , , , , , , , , , , , , , , , , , , , , , , , ,Armonno,Verburg
Mary and John Buckley Memorial Education Scholarship 2023,Submitted; Complete; Complete,Denied, , , , , , , , , , , , , , , , , , , , , , , , , , , , , , , ,Xai,Verburg
Mary and John Buckley Memorial Education Scholarship 2023,Submitted; Complete; Complete,Denied, , , , , , , , , , , , , , , , , , , , , , , , , , , , , , , ,Mutadi,Higley
Mary and John Buckley Memorial Education Scholarship 2023,Submitted; Complete; Complete,Denied, , , , , , , , , , , , , , , , , , , , , , , , , , , , , , , ,Hyeju,Dai
Mary and John Buckley Memorial Education Scholarship 2023,Submitted; Complete; Complete; Complete,Denied, , , , , , , , , , , , , , , , , , , , , , , , , , , , , , , ,Victor,Ma
Mary and John Buckley Memorial Education Scholarship 2023,Submitted; Complete; Complete,Denied, , , , , , , , , , , , , , , , , , , , , , , , , , , , , , , ,Jerrelle,Whitaker
Mary and John Buckley Memorial Education Scholarship 2023,Submitted; Complete; Complete,Denied, , , , , , , , , , , , , , , , , , , , , , , , , , , , , , , ,De'Vonta,Watkins
Mary and John Buckley Memorial Education Scholarship 2023,Submitted; Complete; Complete; Complete,Denied, , , , , , , , , , , , , , , , , , , , , , , , , , , , , , , ,Saamyya,Khan
Mary and John Buckley Memorial Education Scholarship 2023,Submitted; Complete; Complete,Denied, , , , , , , , , , , , , , , , , , , , , , , , , , , , , , , ,Major,Loera Lomeli
Mary and John Buckley Memorial Education Scholarship 2023,Submitted; Complete; Complete; Complete,Denied, , , , , , , , , , , , , , , , , , , , , , , , , , , , , , , ,Kalleb,Balogh
Mary and John Buckley Memorial Education Scholarship 2023,Submitted; Complete; Complete,Denied, , , , , , , , , , , , , , , , , , , , , , , , , , , , , , , ,Izaiah,Chacon
Mary and John Buckley Memorial Education Scholarship 2023,Submitted; Complete; Complete,Denied, , , , , , , , , , , , , , , , , , , , , , , , , , , , , , , ,Saajid,Stubits
Mary and John Buckley Memorial Education Scholarship 2023,Submitted; Complete; Complete,Denied, , , , , , , , , , , , , , , , , , , , , , , , , , , , , , , ,Kijana,Talain
Mary and John Buckley Memorial Education Scholarship 2023,Submitted; Complete; Complete,Denied, , , , , , , , , , , , , , , , , , , , , , , , , , , , , , , ,Heroki,el-Salame
Mary and John Buckley Memorial Education Scholarship 2023,Submitted; Complete; Complete,Denied, , , , , , , , , , , , , , , , , , , , , , , , , , , , , , , ,Johnny,Zulali
Mary and John Buckley Memorial Education Scholarship 2023,Submitted; Complete; Complete,Denied, , , , , , , , , , , , , , , , , , , , , , , , , , , , , , , ,Xai,Lopez Rodriguez
Mary and John Buckley Memorial Education Scholarship 2023,Submitted; Complete; Complete; Complete; Complete; Complete; Complete; Complete,Denied, , , , , , , , , , , , , , , , , , , , , , , , , , , ,Boston University; Boston University, , , ,Mi,Wands
Mary and John Buckley Memorial Education Scholarship 2023,Submitted; Complete; Complete,Denied, , , , , , , , , , , , , , , , , , , , , , , , , , , , , , , ,Saamyya,Raval
Mary and John Buckley Memorial Education Scholarship 2023,Submitted; Complete; Complete; Complete,Denied, , , , , , , , , , , , , , , , , , , , , , , , , , , , , , , ,Markangelo,Fragozo Verdugo
Mary and John Buckley Memorial Education Scholarship 2023,Submitted; Complete; Complete,Denied, , , , , , , , , , , , , , , , , , , , , , , , , , , , , , , ,Markangelo,Mccreary
Mary and John Buckley Memorial Education Scholarship 2023,Submitted; Complete; Complete,Denied, , , , , , , , , , , , , , , , , , , , , , , , , , , , , , , ,Kanjai,Ludwig
Mary and John Buckley Memorial Education Scholarship 2023,Submitted; Complete; Complete,Denied, , , , , , , , , , , , , , , , , , , , , , , , , , , , , , , ,Andres,Norman-Wallace
Mary and John Buckley Memorial Education Scholarship 2023,Submitted; Complete; Complete,Denied, , , , , , , , , , , , , , , , , , , , , , , , , , , , , , , ,Sterling,Liles
Mary and John Buckley Memorial Education Scholarship 2023,Submitted; Complete; Complete,Denied, , , , , , , , , , , , , , , , , , , , , , , , , , , , , , , ,Karlos,Cave
Mary and John Buckley Memorial Education Scholarship 2023,Submitted; Complete; Complete,Denied, , , , , , , , , , , , , , , , , , , , , , , , , , , , , , , ,Wisaam,Norwood
Mary and John Buckley Memorial Education Scholarship 2023,Submitted; Complete; Complete,Denied, , , , , , , , , , , , , , , , , , , , , , , , , , , , , , , ,Vanya,Lopez-Carrizales
Mary and John Buckley Memorial Education Scholarship 2023,Submitted; Complete; Complete,Denied, , , , , , , , , , , , , , , , , , , , , , , , , , , , , , , ,Avianha,Pirzadeh
Mary and John Buckley Memorial Education Scholarship 2023,Submitted; Complete; Complete,Denied, , , , , , , , , , , , , , , , , , , , , , , , , , , , , , , ,Ignacio,Vega
Mary and John Buckley Memorial Education Scholarship 2023,Submitted; Submitted; Complete,Denied, , , , , , , , , , , , , , , , , , , , , , , , , , , , , , , ,Yadira,al-Naqvi
Mary and John Buckley Memorial Education Scholarship 2023,Submitted; Complete; Complete,Denied, , , , , , , , , , , , , , , , , , , , , , , , , , , , , , , ,Emilio,el-Hariri
Mary and John Buckley Memorial Education Scholarship 2023,Submitted; Complete; Complete,Denied, , , , , , , , , , , , , , , , , , , , , , , , , , , , , , , ,Nabeel,Sweetwater
Mary and John Buckley Memorial Education Scholarship 2023,Submitted; Complete; Complete; Complete,Denied, , , , , , , , , , , , , , , , , , , , , , , , , , , , , , , ,Qaasim,Delgado
Mary and John Buckley Memorial Education Scholarship 2023,Submitted; Complete; Complete,Denied, , , , , , , , , , , , , , , , , , , , , , , , , , , , , , , ,Rahma,el-Kaleel
Mary and John Buckley Memorial Education Scholarship 2023,Submitted; Complete; Complete; Complete,Denied, , , , , , , , , , , , , , , , , , , , , , , , , , , , , , , ,Heather,Cruise
Mary and John Buckley Memorial Education Scholarship 2023,Submitted; Complete; Complete,Denied, , , , , , , , , , , , , , , , , , , , , , , , , , , , , , , ,Wajeeh,Dionese
Mary and John Buckley Memorial Education Scholarship 2023,Submitted; Complete; Complete; Complete; Complete; Complete; Complete; Submitted,Denied, , , , , , , , , , , , , , , , , , , , , , , , , , , ,Other; Other,Stanford University, , ,Will,el-Fayad
Mary and John Buckley Memorial Education Scholarship 2023,Submitted; Complete; Complete,Denied, , , , , , , , , , , , , , , , , , , , , , , , , , , , , , , ,Collin,Walthall
Mary and John Buckley Memorial Education Scholarship 2023,Submitted; Complete; Complete; Complete,Denied, , , , , , , , , , , , , , , , , , , , , , , , , , , , , , , ,Simon,Manimtim
Mary and John Buckley Memorial Education Scholarship 2023,Submitted; Complete; Complete,Denied, , , , , , , , , , , , , , , , , , , , , , , , , , , , , , , ,Janayle,Niemann
Mary and John Buckley Memorial Education Scholarship 2023,Submitted; Complete; Complete,Denied, , , , , , , , , , , , , , , , , , , , , , , , , , , , , , , ,Waleed,Galindo
Mary and John Buckley Memorial Education Scholarship 2023,Submitted; Complete; Complete,Denied, , , , , , , , , , , , , , , , , , , , , , , , , , , , , , , ,Maegen,Rail
Mary and John Buckley Memorial Education Scholarship 2023,Submitted; Complete; Complete,Denied, , , , , , , , , , , , , , , , , , , , , , , , , , , , , , , ,Jonet,Pablo
Mary and John Buckley Memorial Education Scholarship 2023,Submitted; Complete; Complete,Denied, , , , , , , , , , , , , , , , , , , , , , , , , , , , , , , ,Taaha,Lamb
Mary and John Buckley Memorial Education Scholarship 2023,Submitted; Complete; Complete,Denied, , , , , , , , , , , , , , , , , , , , , , , , , , , , , , , ,Chykeiljah,Sarsam
Mary and John Buckley Memorial Education Scholarship 2023,Submitted; Complete; Complete,Denied, , , , , , , , , , , , , , , , , , , , , , , , , , , , , , , ,Theodora,Newman
Mary and John Buckley Memorial Education Scholarship 2023,Submitted; Complete; Complete,Denied, , , , , , , , , , , , , , , , , , , , , , , , , , , , , , , ,Jereek,Fajardo
Mary and John Buckley Memorial Education Scholarship 2023,Submitted; Complete; Complete,Denied, , , , , , , , , , , , , , , , , , , , , , , , , , , , , , , ,Jaelyn,Carlson
Mary and John Buckley Memorial Education Scholarship 2023,Submitted; Complete; Complete,Denied, , , , , , , , , , , , , , , , , , , , , , , , , , , , , , , ,Jaelyn,Omerovic
Mary and John Buckley Memorial Education Scholarship 2023,Submitted; Complete; Complete,Denied, , , , , , , , , , , , , , , , , , , , , , , , , , , , , , , ,Azamat,Stice
Mary and John Buckley Memorial Education Scholarship 2023,Submitted; Complete; Complete,Denied, , , , , , , , , , , , , , , , , , , , , , , , , , , , , , , ,Christine,Warsame
Mary and John Buckley Memorial Education Scholarship 2023,Submitted; Complete; Complete,Denied, , , , , , , , , , , , , , , , , , , , , , , , , , , , , , , ,Humaina,Dandridge
Mary and John Buckley Memorial Education Scholarship 2023,Submitted; Complete; Complete; Complete; Complete; Complete; Complete; Complete,Denied, , , , , , , , , , , , , , , , , , , , , , , , , , , ,Endicott College; Endicott College, , , ,Michalyn,Nunn
Mary and John Buckley Memorial Education Scholarship 2023,Submitted; Complete; Complete,Denied, , , , , , , , , , , , , , , , , , , , , , , , , , , , , , , ,Wisaam,Bass
Mary and John Buckley Memorial Education Scholarship 2023,Submitted; Complete; Complete,Denied, , , , , , , , , , , , , , , , , , , , , , , , , , , , , , , ,Shabeeba,Marquardt
Mary and John Buckley Memorial Education Scholarship 2023,Submitted; Complete; Complete,Denied, , , , , , , , , , , , , , , , , , , , , , , , , , , , , , , ,Julien,Chavez Salvador
Mary and John Buckley Memorial Education Scholarship 2023,Submitted; Complete; Complete,Denied, , , , , , , , , , , , , , , , , , , , , , , , , , , , , , , ,Westley,Rovik
Mary and John Buckley Memorial Education Scholarship 2023,Submitted; Complete; Complete,Denied, , , , , , , , , , , , , , , , , , , , , , , , , , , , , , , ,Roger,Boles
Mary and John Buckley Memorial Education Scholarship 2023,Submitted; Complete; Complete,Denied, , , , , , , , , , , , , , , , , , , , , , , , , , , , , , , ,Russell,Peterson
Mary Ann Binkoski Scholarship 2023,Submitted; Complete; Complete; Complete; Complete; Complete; Complete; Complete; Complete; Complete; Complete; Complete,Closed,700, , , , , , , , , , , , , , , , , , , , , , , , , , ,Boston College; Boston College, , , ,Tiffany,Saidy
Mary Ann Binkoski Scholarship 2023,Submitted; Complete; Complete; Complete; Complete; Complete; Complete,Denied, , , , , , , , , , , , , , , , , , , , , , , , , , , , , , , ,Mirza,al-Matar
Mary Ann Binkoski Scholarship 2023,Submitted; Complete; Complete; Complete; Complete; Complete; Complete; Complete,Denied, , , , , , , , , , , , , , , , , , , , , , , , , , , , , , , ,Sushmita,Fognani
Mary Ann Binkoski Scholarship 2023,Submitted; Complete; Complete; Complete; Complete; Complete; Complete; Complete,Denied, , , , , , , , , , , , , , , , , , , , , , , , , , , , , , , ,Mutadi,al-Salek
Mary Ann Binkoski Scholarship 2023,Submitted; Complete; Complete,Denied, , , , , , , , , , , , , , , , , , , , , , , , , , , , , , , ,Kursh,Lovan
Mary Ann Binkoski Scholarship 2023,Submitted; Complete; Complete; Complete; Complete; Complete; Complete,Denied, , , , , , , , , , , , , , , , , , , , , , , , , , , , , , , ,Moises,Maynes
Mary Connolly Memorial Scholarship 2023,Submitted; Complete; Complete; Complete; Complete; Complete; Complete; Complete; Complete; Complete; Complete; Complete,Closed,250, , , , , , , , , , , , , , , , , , , , , , , , , , , , , , ,Nichole,Aker
Mary Connolly Memorial Scholarship 2023,Submitted; Complete; Complete; Complete; Complete; Complete; Complete; Complete; Complete; Complete; Complete; Complete,Denied, , , , , , , , , , , , , , , , , , , , , , , , , , , , , , , ,Katherine,Cayabyab
Mary Olive Wood Scholarship 2023,Submitted; Complete; Complete,Denied, , , , , , , , , , , , , , , , , , , , , , , , , , , , , , , ,Xai,Coyote
Mary Olive Wood Scholarship 2023,Submitted; Complete; Complete,Denied, , , , , , , , , , , , , , , , , , , , , , , , , , , , , , , ,Yadira,Schopp
Mary Olive Wood Scholarship 2023,Submitted; Complete; Complete; Complete; Complete; Complete; Complete; Complete,Follow Up(s) Assigned,6000, , , , , , , , , , , , , , , , , , , , , , , , , , ,University of New Haven; University of New Haven, , , ,Fat'hiyaa,Ellerman
Mary Olive Wood Scholarship 2023,Submitted; Complete; Complete; Complete; Complete; Complete; Complete; Complete,Follow Up(s) Assigned,6000, , , , , , , , , , , , , , , , , , , , , , , , , , ,University of Massachusetts at Amherst; University of Massachusetts at Amherst, , , ,Dequanda,Jenkins
Mary Olive Wood Scholarship 2023,Submitted; Complete; Complete; Complete; Complete; Complete; Complete; Complete,Follow Up(s) Assigned,6000, , , , , , , , , , , , , , , , , , , , , , , , , , ,Springfield College; Springfield College, , , ,Maria Elena,Kytle
Mary R. Fedeli Memorial Scholarship Fund 2023,Submitted; Complete; Complete,Denied, , , , , , , , , , , , , , , , , , , , , , , , , , , , , , , ,Juliana,el-Mannan
Mary R. Fedeli Memorial Scholarship Fund 2023,Submitted; Complete; Complete,Denied, , , , , , , , , , , , , , , , , , , , , , , , , , , , , , , ,Abiy,Carrillo Valencia
Mary R. Fedeli Memorial Scholarship Fund 2023,Submitted; Complete; Complete,Denied, , , , , , , , , , , , , , , , , , , , , , , , , , , , , , , ,Emilio,el-Hariri
Mary R. Fedeli Memorial Scholarship Fund 2023,Submitted; Complete; Complete; Complete; Complete; Complete; Complete; Complete,Follow Up(s) Assigned,2000, , , , , , , , , , , , , , , , , , , , , , , , , , ,University of Massachusetts at Amherst; University of Massachusetts at Amherst, , , ,Adham,Vinegar
Mary Sahagan Lonstein Scholarship 2023,Submitted; Complete; Complete; Complete,Closed,2800, , , , , , , , , , , , , , , , , , , , , , , , , , , , , , ,Luke,Crane
Mary Sahagan Lonstein Scholarship 2023,Submitted; Complete; Complete,Denied, , , , , , , , , , , , , , , , , , , , , , , , , , , , , , , ,Davis,Santiago
Mary Sahagan Lonstein Scholarship 2023,Submitted; Complete; Complete; Complete,Denied, , , , , , , , , , , , , , , , , , , , , , , , , , , , , , , ,Roger,Carrera
Maureen Henrickson Memorial Scholarship 2023,Submitted; Complete; Complete; Complete; Complete; Complete; Complete; Complete; Complete; Complete; Complete; Complete,Closed,500, , , , , , , , , , , , , , , , , , , , , , , , , , , , , , ,Katherine,Cayabyab
Maureen Henrickson Memorial Scholarship 2023,Submitted; Complete; Complete; Complete,Denied, , , , , , , , , , , , , , , , , , , , , , , , , , , , , , , ,Lee,Bruno
Maureen Henrickson Memorial Scholarship 2023,Submitted; Complete; Complete; Complete,Denied, , , , , , , , , , , , , , , , , , , , , , , , , , , , , , , ,Kentorra,Bardsley
Maureen Henrickson Memorial Scholarship 2023,Submitted; Complete; Complete; Complete,Denied, , , , , , , , , , , , , , , , , , , , , , , , , , , , , , , ,Yadira,Slusarchyk
Maureen Henrickson Memorial Scholarship 2023,Submitted; Complete; Complete,Denied, , , , , , , , , , , , , , , , , , , , , , , , , , , , , , , ,Shabeeba,Main
Maureen Henrickson Memorial Scholarship 2023,Submitted; Complete; Complete,Denied, , , , , , , , , , , , , , , , , , , , , , , , , , , , , , , ,Leanna,Otgontulga
Maureen Henrickson Memorial Scholarship 2023,Submitted; Complete; Complete,Denied, , , , , , , , , , , , , , , , , , , , , , , , , , , , , , , ,Cheyane,Alonzo
Maureen Henrickson Memorial Scholarship 2023,Submitted; Complete; Complete,Denied, , , , , , , , , , , , , , , , , , , , , , , , , , , , , , , ,Starla,Harada
Maureen Henrickson Memorial Scholarship 2023,Submitted; Complete; Complete; Complete,Denied, , , , , , , , , , , , , , , , , , , , , , , , , , , , , , , ,Sebastian,Nunna
Maureen Henrickson Memorial Scholarship 2023,Submitted; Complete; Complete,Denied, , , , , , , , , , , , , , , , , , , , , , , , , , , , , , , ,Long,Trebus
Maureen Henrickson Memorial Scholarship 2023,Submitted; Complete; Complete; Complete; Complete; Complete; Complete; Complete; Complete; Complete; Complete; Complete,Denied, , , , , , , , , , , , , , , , , , , , , , , , , , , , , , , ,Nichole,Aker
Maureen Henrickson Memorial Scholarship 2023,Submitted; Complete; Complete,Denied, , , , , , , , , , , , , , , , , , , , , , , , , , , , , , , ,Shinji,Hsueh
Maureen Henrickson Memorial Scholarship 2023,Submitted; Submitted; Complete,Denied, , , , , , , , , , , , , , , , , , , , , , , , , , , , , , , ,Khalil,Crow
Max H. and Eloise A. Kuhner Scholarship 2023,Submitted; Complete; Complete; Complete; Complete; Complete; Complete; Complete,Denied, , , , , , , , , , , , , , , , , , , , , , , , , , , , , , , ,Musheera,Cade Blanche
Max H. and Eloise A. Kuhner Scholarship 2023,Submitted; Complete; Complete,Denied, , , , , , , , , , , , , , , , , , , , , , , , , , , , , , , ,Karlos,Cave
Max H. and Eloise A. Kuhner Scholarship 2023,Submitted; Complete; Complete,Denied, , , , , , , , , , , , , , , , , , , , , , , , , , , , , , , ,Mikala,Christensen
Max H. and Eloise A. Kuhner Scholarship 2023,Submitted; Complete; Complete; Complete; Complete; Complete; Complete,Denied, , , , , , , , , , , , , , , , , , , , , , , , , , , , , , , ,Trevon,Yarangsy
Max H. and Eloise A. Kuhner Scholarship 2023,Submitted; Complete; Complete; Complete; Complete; Complete; Complete,Denied, , , , , , , , , , , , , , , , , , , , , , , , , , , , , , , ,Alizah,Griess
Max H. and Eloise A. Kuhner Scholarship 2023,Submitted; Complete; Complete; Complete; Complete; Complete; Complete; Complete; Complete; Complete; Complete; Complete,Denied, , , , , , , , , , , , , , , , , , , , , , , , , , , ,Endicott College; Endicott College, , , ,Michalyn,Nunn
Max H. and Eloise A. Kuhner Scholarship 2023,Submitted; Complete; Complete; Complete; Complete; Complete; Complete; Complete; Complete; Complete; Complete; Complete,Follow Up(s) Assigned,2000, , , , , , , , , , , , , , , , , , , , , , , , , , ,Assumption University; Assumption University, , , ,Taeler,Ginsberg
Melanie Davidian Memorial Scholarship 2023,Submitted; Complete; Complete; Complete; Complete; Complete; Complete,Closed,1000, , , , , , , , , , , , , , , , , , , , , , , , , , , , , , ,Westley,al-Guler
Melanie Davidian Memorial Scholarship 2023,Submitted; Complete; Complete; Complete; Complete; Complete; Complete,Closed,1000, , , , , , , , , , , , , , , , , , , , , , , , , , , , , , ,Divyanka,Urresti
Melanie Davidian Memorial Scholarship 2023,Submitted; Complete; Complete; Complete,Denied, , , , , , , , , , , , , , , , , , , , , , , , , , , , , , , ,Dean,Huerta
Melanie Davidian Memorial Scholarship 2023,Submitted; Complete; Complete; Complete; Complete; Complete; Complete; Complete; Complete; Complete; Complete,Follow Up(s) Assigned,2000, , , , , , , , , , , , , , , , , , , , , , , , , , ,MCPHS University; MCPHS University, , , ,Raheema,Amgalanbayar
Melvin S. Cutler Scholarship 2023,Submitted; Complete; Complete; Complete; Complete; Complete; Complete; Complete,Denied, , , , , , , , , , , , , , , , , , , , , , , , , , , ,Assumption University; Assumption University, , , ,Ignacio,Longwing
Melvin S. Cutler Scholarship 2023,Submitted; Complete; Complete; Complete,Follow Up(s) Assigned,1800, , , , , , , , , , , , , , , , , , , , , , , , , , , , , , ,Idrianna,Longwing
Michael Minty Memorial Scholarship 2023,Submitted; Complete; Complete; Complete,Closed,750, , , , , , , , , , , , , , , , , , , , , , , , , , , , , , ,Mara,Blitzer
Michael Minty Memorial Scholarship 2023,Submitted; Complete; Complete; Complete,Closed,750, , , , , , , , , , , , , , , , , , , , , , , , , , , , , , ,Sokdaney,Blitzer
Michael Minty Memorial Scholarship 2023,Submitted; Submitted; Complete; Complete,Denied, , , , , , , , , , , , , , , , , , , , , , , , , , , , , , , ,Whitney,Burnett
Michael Minty Memorial Scholarship 2023,Submitted; Submitted; Complete,Denied, , , , , , , , , , , , , , , , , , , , , , , , , , , , , , , ,Jaasir,el-Hassen
Michael Minty Memorial Scholarship 2023,Submitted; Complete; Complete; Complete,Denied, , , , , , , , , , , , , , , , , , , , , , , , , , , , , , , ,Taamira,el-Zakaria
Michael Minty Memorial Scholarship 2023,Submitted; Submitted; Complete; Complete,Denied, , , , , , , , , , , , , , , , , , , , , , , , , , , , , , , ,Souphakone,Bandreddi
Michael Minty Memorial Scholarship 2023,Submitted; Submitted; Complete,Denied, , , , , , , , , , , , , , , , , , , , , , , , , , , , , , , ,Xai,Robertson
Middlesex Savings Charitable Foundation Scholarship 2023,Complete; Complete,Approved,1000, , , , , , , , , , , , , , , , , , , , , , , , , , , , , , ,Abdul Noor,Dudley
Middlesex Savings Charitable Foundation Scholarship 2023,Complete; Complete; Complete,Closed,1000, , , , , , , , , , , , , , , , , , , , , , , , , , , , , , ,Monique,el-Hussain
Middlesex Savings Charitable Foundation Scholarship 2023,Complete; Complete; Complete,Closed,1000, , , , , , , , , , , , , , , , , , , , , , , , , , , , , , ,Matia,Bak
Middlesex Savings Charitable Foundation Scholarship 2023,Complete; Complete; Complete,Closed,0, , , , , , , , , , , , , , , , , , , , , , , , , , , , , , ,Francisco,Baldwin
Middlesex Savings Charitable Foundation Scholarship 2023,Complete; Complete; Complete,Closed,1000, , , , , , , , , , , , , , , , , , , , , , , , , , , , , , ,Gwen,Van
Middlesex Savings Charitable Foundation Scholarship 2023,Complete; Complete; Complete,Closed,1000, , , , , , , , , , , , , , , , , , , , , , , , , , , , , , ,Munisa,Deeming
Middlesex Savings Charitable Foundation Scholarship 2023,Complete; Complete; Complete,Closed,1000, , , , , , , , , , , , , , , , , , , , , , , , , , , , , , ,Megan,Person
Middlesex Savings Charitable Foundation Scholarship 2023,Complete; Complete; Complete,Closed,1000, , , , , , , , , , , , , , , , , , , , , , , , , , , , , , ,Mubeena,Olson
Middlesex Savings Charitable Foundation Scholarship 2023,Complete; Complete; Complete,Closed,1000, , , , , , , , , , , , , , , , , , , , , , , , , , , , , , ,Qisma,al-Azam
Middlesex Savings Charitable Foundation Scholarship 2023,Complete; Complete; Complete,Closed,1000, , , , , , , , , , , , , , , , , , , , , , , , , , , , , , ,Leonard,Ransom
Middlesex Savings Charitable Foundation Scholarship 2023,Complete; Complete; Complete,Closed,1000, , , , , , , , , , , , , , , , , , , , , , , , , , , , , , ,Sushmita,Crockett
Middlesex Savings Charitable Foundation Scholarship 2023,Complete; Complete; Complete,Closed,1000, , , , , , , , , , , , , , , , , , , , , , , , , , , , , , ,"Jam,Aan",al-Ben
Middlesex Savings Charitable Foundation Scholarship 2023,Complete; Complete; Complete,Closed,1000, , , , , , , , , , , , , , , , , , , , , , , , , , , , , , ,Cole,el-Ullah
Middlesex Savings Charitable Foundation Scholarship 2023,Complete; Complete; Complete,Closed,1000, , , , , , , , , , , , , , , , , , , , , , , , , , , , , , ,L'Rae,Sowards
Middlesex Savings Charitable Foundation Scholarship 2023,Complete; Complete; Complete,Closed,1000, , , , , , , , , , , , , , , , , , , , , , , , , , , , , , ,Breanna,Stripling
Middlesex Savings Charitable Foundation Scholarship 2023,Complete; Complete; Complete,Closed,1000, , , , , , , , , , , , , , , , , , , , , , , , , , , , , , ,Mckinzie,al-Sayed
Middlesex Savings Charitable Foundation Scholarship 2023,Complete; Complete; Complete,Closed,1000, , , , , , , , , , , , , , , , , , , , , , , , , , , , , , ,Alton,Lopez
Middlesex Savings Charitable Foundation Scholarship 2023,Complete; Complete; Complete,Closed,1000, , , , , , , , , , , , , , , , , , , , , , , , , , , , , , ,Umaima,Suazo
Middlesex Savings Charitable Foundation Scholarship 2023,Complete; Complete; Complete,Closed,1000, , , , , , , , , , , , , , , , , , , , , , , , , , , , , , ,Abhisaar,al-Jalil
Middlesex Savings Charitable Foundation Scholarship 2023,Complete; Complete; Complete,Closed,1000, , , , , , , , , , , , , , , , , , , , , , , , , , , , , , ,Douglas,Batson
Middlesex Savings Charitable Foundation Scholarship 2023,Complete; Complete; Complete,Closed,1000, , , , , , , , , , , , , , , , , , , , , , , , , , , , , , ,Tameem,Kirby
Middlesex Savings Charitable Foundation Scholarship 2023,Complete; Complete; Complete,Closed,1000, , , , , , , , , , , , , , , , , , , , , , , , , , , , , , ,Nabeeh,Bean
Middlesex Savings Charitable Foundation Scholarship 2023,Complete; Complete; Complete,Closed,1000, , , , , , , , , , , , , , , , , , , , , , , , , , , , , , ,"Jam,Aan",Drobney
Middlesex Savings Charitable Foundation Scholarship 2023,Complete; Complete; Complete,Closed,1000, , , , , , , , , , , , , , , , , , , , , , , , , , , , , , ,Hasan,Perez
Middlesex Savings Charitable Foundation Scholarship 2023,Complete; Complete; Complete,Closed,1000, , , , , , , , , , , , , , , , , , , , , , , , , , , , , , ,Xai,Brinson
Middlesex Savings Charitable Foundation Scholarship 2023,Complete; Complete; Complete,Closed,1000, , , , , , , , , , , , , , , , , , , , , , , , , , , , , , ,Janei,Cancanon
Middlesex Savings Charitable Foundation Scholarship 2023,Complete; Complete; Complete,Closed,1000, , , , , , , , , , , , , , , , , , , , , , , , , , , , , , ,Idrianna,Husayni
Middlesex Savings Charitable Foundation Scholarship 2023,Complete; Complete; Complete,Closed,1000, , , , , , , , , , , , , , , , , , , , , , , , , , , , , , ,Jessiah,Kulig
Middlesex Savings Charitable Foundation Scholarship 2023,Complete; Complete; Complete,Closed,1000, , , , , , , , , , , , , , , , , , , , , , , , , , , , , , ,Kristopher,Mizoue
Middlesex Savings Charitable Foundation Scholarship 2023,Complete; Complete; Complete,Closed,1000, , , , , , , , , , , , , , , , , , , , , , , , , , , , , , ,Yadira,Ganaway
Middlesex Savings Charitable Foundation Scholarship 2023,Complete; Complete; Complete,Closed,1000, , , , , , , , , , , , , , , , , , , , , , , , , , , , , , ,Abhaya,al-Mona
Middlesex Savings Charitable Foundation Scholarship 2023,Complete; Complete; Complete,Closed,1000, , , , , , , , , , , , , , , , , , , , , , , , , , , , , , ,Arwa,Hammons
Middlesex Savings Charitable Foundation Scholarship 2023,Complete; Complete; Complete,Closed,1000, , , , , , , , , , , , , , , , , , , , , , , , , , , , , , ,Celine,Greenfield
Middlesex Savings Charitable Foundation Scholarship 2023,Complete; Complete; Complete,Closed,1000, , , , , , , , , , , , , , , , , , , , , , , , , , , , , , ,Whitney,al-Karam
Middlesex Savings Charitable Foundation Scholarship 2023,Complete; Complete; Complete,Closed,5000, , , , , , , , , , , , , , , , , , , , , , , , , , , , , , ,Alexxis,Sturtevant
Middlesex Savings Charitable Foundation Scholarship 2023,Complete; Complete; Complete,Closed,5000, , , , , , , , , , , , , , , , , , , , , , , , , , , , , , ,Brenna,al-Kaiser
Nichols Academy Marilyn T. and Gerald Fels Scholarship 2023,Submitted; Complete; Complete; Complete; Complete; Complete; Complete; Complete; Complete,Closed,3000, , , , , , , , , , , , , , , , , , , , , , , , , , , , , , ,Zahra,Parham
Nichols Academy Marilyn T. and Gerald Fels Scholarship 2023,Submitted; Complete; Complete; Complete; Complete; Complete; Complete; Complete; Complete,Closed,3000, , , , , , , , , , , , , , , , , , , , , , , , , , , , , , ,Souphakone,Thorne
Nichols Academy Marilyn T. and Gerald Fels Scholarship 2023,Submitted; Complete; Complete; Complete; Complete; Complete; Complete; Complete; Complete,Closed,3000, , , , , , , , , , , , , , , , , , , , , , , , , , , , , , ,Kameel,Kellum
Nichols Academy Marilyn T. and Gerald Fels Scholarship 2023,Submitted; Complete; Complete; Complete; Complete; Complete; Complete; Complete; Complete,Closed,3000, , , , , , , , , , , , , , , , , , , , , , , , , , , , , , ,Allicia,Mckee
Nichols Academy Marilyn T. and Gerald Fels Scholarship 2023,Submitted; Submitted; Complete,Denied, , , , , , , , , , , , , , , , , , , , , , , , , , , , , , , ,Cynthia,Talbert
Nichols Academy Marilyn T. and Gerald Fels Scholarship 2023,Submitted; Complete; Complete,Denied, , , , , , , , , , , , , , , , , , , , , , , , , , , , , , , ,Shaakira,Trembly
Nichols Academy Marilyn T. and Gerald Fels Scholarship 2023,Submitted; Complete; Complete; Complete,Denied, , , , , , , , , , , , , , , , , , , , , , , , , , , , , , , ,Ohitike,Charles
Nichols Academy Marilyn T. and Gerald Fels Scholarship 2023,Submitted; Complete; Complete; Complete; Complete; Complete; Complete; Complete,Denied, , , , , , , , , , , , , , , , , , , , , , , , , , , , , , , ,D'Mitri,el-Nasr
Nichols Academy Marilyn T. and Gerald Fels Scholarship 2023,Submitted; Complete; Complete; Complete; Complete; Complete; Complete; Complete,Denied, , , , , , , , , , , , , , , , , , , , , , , , , , , ,University of Massachusetts at Amherst; University of Massachusetts at Amherst, , , ,Kent,Bechler
Nichols Academy Marilyn T. and Gerald Fels Scholarship 2023,Submitted; Complete; Complete,Denied, , , , , , , , , , , , , , , , , , , , , , , , , , , , , , , ,Chrisna,Guerra
Nichols Academy Marilyn T. and Gerald Fels Scholarship 2023,Submitted; Complete; Complete; Complete; Complete; Complete; Complete; Complete,Denied, , , , , , , , , , , , , , , , , , , , , , , , , , , , , , , ,Dahlia,Kassahun
Nichols Academy Marilyn T. and Gerald Fels Scholarship 2023,Submitted; Complete; Complete; Complete; Complete; Complete; Complete; Complete; Complete; Complete; Complete; Complete; Complete,Denied, , , , , , , , , , , , , , , , , , , , , , , , , , , ,Anna Maria College; Anna Maria College, , , ,Ace,Tagawa
Patrica A. and Robert M. Bourke Memorial Scholarship 2023,Submitted; Complete; Complete; Complete; Complete; Complete; Complete; Complete,Closed,1500, , , , , , , , , , , , , , , , , , , , , , , , , , , , , , ,Fareeda,Becker
Patrica A. and Robert M. Bourke Memorial Scholarship 2023,Submitted; Complete; Complete; Complete,Closed,1500, , , , , , , , , , , , , , , , , , , , , , , , , , , , , , ,Ana Maria,Molina-Gutierrez
Patrica A. and Robert M. Bourke Memorial Scholarship 2023,Submitted; Complete; Complete,Denied, , , , , , , , , , , , , , , , , , , , , , , , , , , , , , , ,Taqi,Brandon
Patrica A. and Robert M. Bourke Memorial Scholarship 2023,Submitted; Complete; Complete,Denied, , , , , , , , , , , , , , , , , , , , , , , , , , , , , , , ,Stephen,Wada
Patrica A. and Robert M. Bourke Memorial Scholarship 2023,Submitted; Complete; Complete,Denied, , , , , , , , , , , , , , , , , , , , , , , , , , , , , , , ,Gabrielle,Wong
Patrica A. and Robert M. Bourke Memorial Scholarship 2023,Submitted; Complete; Complete,Denied, , , , , , , , , , , , , , , , , , , , , , , , , , , , , , , ,Heroki,Wong
Patrica A. and Robert M. Bourke Memorial Scholarship 2023,Submitted; Complete; Complete,Denied, , , , , , , , , , , , , , , , , , , , , , , , , , , , , , , ,Marion,Nedd
Patrica A. and Robert M. Bourke Memorial Scholarship 2023,Submitted; Complete; Complete,Denied, , , , , , , , , , , , , , , , , , , , , , , , , , , , , , , ,Emmanuel,Montgomery
Patrica A. and Robert M. Bourke Memorial Scholarship 2023,Submitted; Complete; Complete,Denied, , , , , , , , , , , , , , , , , , , , , , , , , , , , , , , ,Abdur Razzaaq,Durlin
Patrica A. and Robert M. Bourke Memorial Scholarship 2023,Submitted; Complete; Complete; Complete; Complete; Complete; Complete; Complete,Denied, , , , , , , , , , , , , , , , , , , , , , , , , , , , , , , ,Sheena,al-Pashia
Patrica A. and Robert M. Bourke Memorial Scholarship 2023,Submitted; Complete; Complete; Complete,Denied, , , , , , , , , , , , , , , , , , , , , , , , , , , , , , , ,Taamira,el-Zakaria
Patrica A. and Robert M. Bourke Memorial Scholarship 2023,Submitted; Complete; Complete,Denied, , , , , , , , , , , , , , , , , , , , , , , , , , , , , , , ,Heroki,Berumen
Patrica A. and Robert M. Bourke Memorial Scholarship 2023,Submitted; Complete; Complete; Complete; Complete; Complete; Complete; Complete; Complete,Denied, , , , , , , , , , , , , , , , , , , , , , , , , , , ,Other; Wentworth Institute of Technology,Wentworth Institute of Technology, , ,Shakoora,Lockhart
Patrica A. and Robert M. Bourke Memorial Scholarship 2023,Submitted; Complete; Complete,Denied, , , , , , , , , , , , , , , , , , , , , , , , , , , , , , , ,Najeem,Field
Patrica A. and Robert M. Bourke Memorial Scholarship 2023,Submitted; Complete; Complete,Denied, , , , , , , , , , , , , , , , , , , , , , , , , , , , , , , ,Aimee,Slife
Patrica A. and Robert M. Bourke Memorial Scholarship 2023,Submitted; Complete; Complete,Denied, , , , , , , , , , , , , , , , , , , , , , , , , , , , , , , ,Jase,el-Hashim
Patrica A. and Robert M. Bourke Memorial Scholarship 2023,Submitted; Complete; Complete,Denied, , , , , , , , , , , , , , , , , , , , , , , , , , , , , , , ,Sterling,Tong
Patrica A. and Robert M. Bourke Memorial Scholarship 2023,Submitted; Complete; Complete; Complete; Complete; Complete; Complete,Denied, , , , , , , , , , , , , , , , , , , , , , , , , , , , , , , ,Jaymie Leigh,Mamdu
Patrica A. and Robert M. Bourke Memorial Scholarship 2023,Submitted; Complete; Complete,Denied, , , , , , , , , , , , , , , , , , , , , , , , , , , , , , , ,Survoy,Billie
Patrica A. and Robert M. Bourke Memorial Scholarship 2023,Submitted; Complete; Complete; Complete; Complete; Complete; Complete; Complete; Complete; Complete; Complete; Complete,Denied, , , , , , , , , , , , , , , , , , , , , , , , , , , ,Boston College; Boston College, , , ,Murshid,el-Mohammadi
Patrica A. and Robert M. Bourke Memorial Scholarship 2023,Submitted; Complete; Complete,Denied, , , , , , , , , , , , , , , , , , , , , , , , , , , , , , , ,Julien,Chavez Salvador
Patricia Proko Morris Memorial Scholarship 2023,Submitted; Complete; Complete; Complete; Complete; Complete; Complete; Complete,Follow Up(s) Assigned,2000, , , , , , , , , , , , , , , , , , , , , , , , , , ,Endicott College; Endicott College, , , ,Michalyn,Nunn
Paul E. Tarkiainen Art Award Scholarship 2023,Complete; Complete; Complete,Closed,1600, , , , , , , , , , , , , , , , , , , , , , , , , , , , , , ,Karan,Gandarilla
Paul J. Westberg Memorial Scholarship 2023,Submitted; Complete; Complete; Complete; Complete; Complete; Complete; Complete,Closed,350, , , , , , , , , , , , , , , , , , , , , , , , , , , , , , ,Cheno,Yates
Paul J. Westberg Memorial Scholarship 2023,Submitted; Complete; Complete; Complete; Complete; Complete; Complete; Complete; Complete; Assigned,Denied, , , , , , , , , , , , , , , , , , , , , , , , , , , ,Assumption University, , , ,Aliyya,Linear
Paul J. Westberg Memorial Scholarship 2023,Submitted; Complete; Complete; Complete; Complete; Complete; Complete; Complete,Denied, , , , , , , , , , , , , , , , , , , , , , , , , , , , , , , ,Idrianna,Manlove
Paul J. Westberg Memorial Scholarship 2023,Submitted; Complete; Complete; Complete,Denied, , , , , , , , , , , , , , , , , , , , , , , , , , , , , , , ,Qaasim,Retana
Paul J. Westberg Memorial Scholarship 2023,Submitted; Complete; Complete; Complete; Complete; Complete; Complete; Complete,Denied, , , , , , , , , , , , , , , , , , , , , , , , , , , , , , , ,Sumbula,Roman-Cervantes
Paul J. Westberg Memorial Scholarship 2023,Submitted; Complete; Complete; Complete; Complete; Complete; Complete,Denied, , , , , , , , , , , , , , , , , , , , , , , , , , , , , , , ,Mashal,Domingo
Paul J. Westberg Memorial Scholarship 2023,Submitted; Complete; Complete; Complete,Denied, , , , , , , , , , , , , , , , , , , , , , , , , , , , , , , ,Akeem,Rodrukkwun
Paul M. Gervais Memorial Music Scholarship 2023,Submitted; Complete; Complete; Complete,Denied, , , , , , , , , , , , , , , , , , , , , , , , , , , , , , , ,Avianha,Behrens
Paul M. Gervais Memorial Music Scholarship 2023,Submitted; Complete; Complete; Complete; Complete; Assigned,Denied, , , , , , , , , , , , , , , , , , , , , , , , , , , ,Assumption University, , , ,Aliyya,Linear
Paul M. Gervais Memorial Music Scholarship 2023,Submitted; Complete; Complete; Complete,Denied, , , , , , , , , , , , , , , , , , , , , , , , , , , , , , , ,Shadi,Natonabah
Paul M. Gervais Memorial Music Scholarship 2023,Submitted; Complete; Complete,Denied, , , , , , , , , , , , , , , , , , , , , , , , , , , , , , , ,Yeilin,Kawal
Paul M. Gervais Memorial Music Scholarship 2023,Submitted; Complete; Complete,Denied, , , , , , , , , , , , , , , , , , , , , , , , , , , , , , , ,Abdul Wadood,Santiago
Paul M. Gervais Memorial Music Scholarship 2023,Submitted; Complete; Complete; Complete; Complete; Complete; Complete; Complete,Denied, , , , , , , , , , , , , , , , , , , , , , , , , , , , , , , ,Marvon,Hren
Paul M. Gervais Memorial Music Scholarship 2023,Submitted; Complete; Complete; Complete; Complete; Draft,Denied, , , , , , , , , , , , , , , , , , , , , , , , , , , ,University of Massachusetts at Amherst, , , ,Trina,el-Sabet
Paul M. Gervais Memorial Music Scholarship 2023,Submitted; Complete; Complete,Denied, , , , , , , , , , , , , , , , , , , , , , , , , , , , , , , ,Cole,Sawyer
Paul M. Gervais Memorial Music Scholarship 2023,Submitted; Complete; Complete,Denied, , , , , , , , , , , , , , , , , , , , , , , , , , , , , , , ,Kursh,Lovan
Paul M. Gervais Memorial Music Scholarship 2023,Submitted; Complete; Complete; Complete; Complete; Complete; Complete; Complete,Denied, , , , , , , , , , , , , , , , , , , , , , , , , , , ,Worcester Polytechnic Institute; Worcester Polytechnic Institute, , , ,Jathan,Kaiser
Paul M. Gervais Memorial Music Scholarship 2023,Submitted; Complete; Complete; Complete; Complete; Complete; Complete; Complete; Complete,Denied, , , , , , , , , , , , , , , , , , , , , , , , , , , , , , , ,Victor,Ma
Paul M. Gervais Memorial Music Scholarship 2023,Submitted; Complete; Complete; Complete; Complete; Complete; Complete; Complete,Denied, , , , , , , , , , , , , , , , , , , , , , , , , , , , , , , ,Jerrelle,Whitaker
Paul M. Gervais Memorial Music Scholarship 2023,Submitted; Complete; Complete,Denied, , , , , , , , , , , , , , , , , , , , , , , , , , , , , , , ,Major,Loera Lomeli
Paul M. Gervais Memorial Music Scholarship 2023,Submitted; Complete; Complete; Complete; Complete; Complete; Complete; Complete; Complete; Complete; Complete; Complete; Complete,Denied, , , , , , , , , , , , , , , , , , , , , , , , , , , ,Cornell University; Cornell University, , , ,Roger,el-Vaziri
Paul M. Gervais Memorial Music Scholarship 2023,Submitted; Complete; Complete,Denied, , , , , , , , , , , , , , , , , , , , , , , , , , , , , , , ,Khongmong,Flowers
Paul M. Gervais Memorial Music Scholarship 2023,Submitted; Complete; Complete; Complete; Complete; Complete; Complete; Complete,Denied, , , , , , , , , , , , , , , , , , , , , , , , , , , ,Georgia State University; Georgia State University, , , ,Cesar,al-Ismael
Paul M. Gervais Memorial Music Scholarship 2023,Submitted; Complete; Complete,Denied, , , , , , , , , , , , , , , , , , , , , , , , , , , , , , , ,Sherman,Munguia
Paul M. Gervais Memorial Music Scholarship 2023,Submitted; Complete; Complete; Complete; Complete; Complete; Complete; Complete,Denied, , , , , , , , , , , , , , , , , , , , , , , , , , , , , , , ,Andy,Hren
Paul M. Gervais Memorial Music Scholarship 2023,Submitted; Complete; Complete; Complete; Complete; Complete; Complete; Complete,Denied, , , , , , , , , , , , , , , , , , , , , , , , , , , , , , , ,Humaina,Dandridge
Paul M. Gervais Memorial Music Scholarship 2023,Submitted; Complete; Complete; Complete; Complete; Complete; Complete; Complete,Denied, , , , , , , , , , , , , , , , , , , , , , , , , , , ,Other; Other,Fashion Institute of Technology ; FIT, , ,Karan,Gandarilla
Paul M. Gervais Memorial Music Scholarship 2023,Submitted; Complete; Complete; Complete; Complete; Complete; Complete; Complete; Complete,Follow Up(s) Assigned,1500, , , , , , , , , , , , , , , , , , , , , , , , , , , , , , ,Kent,Clough
Project Aspire Scholarship 2023,Submitted; Complete; Complete; Complete; Complete; Complete; Complete,Closed,600, , , , , , , , , , , , , , , , , , , , , , , , , , , , , , ,Avianha,Behrens
Project Aspire Scholarship 2023,Submitted; Complete; Complete; Complete; Complete; Complete,Denied, , , , , , , , , , , , , , , , , , , , , , , , , , , , , , , ,Rian,Aldret
Project Aspire Scholarship 2023,Submitted; Complete; Complete; Complete; Complete; Complete,Denied, , , , , , , , , , , , , , , , , , , , , , , , , , , , , , , ,Kristal,al-Ismael
Project Aspire Scholarship 2023,Submitted; Complete; Complete; Complete; Complete; Complete,Denied, , , , , , , , , , , , , , , , , , , , , , , , , , , , , , , ,Oniel,Force
Rev. Richard & Shirley Wright Emmanuel Baptist Church Scholarship 2023,Submitted; Complete; Complete; Complete,Closed,4000, , , , , , , , , , , , , , , , , , , , , , , , , , , , , , ,Najimah,Brandon
Richard and Jeanne Ahlquist Scholarship 2023,Submitted; Complete; Complete; Complete; Complete; Complete; Complete,Closed,500, , , , , , , , , , , , , , , , , , , , , , , , , , , , , , ,Simon,Manimtim
Richard and Jeanne Ahlquist Scholarship 2023,Submitted; Complete; Complete,Denied, , , , , , , , , , , , , , , , , , , , , , , , , , , , , , , ,Brice,Tisdale
Richard and Jeanne Ahlquist Scholarship 2023,Submitted; Complete; Complete,Denied, , , , , , , , , , , , , , , , , , , , , , , , , , , , , , , ,Mashal,Bardsley
Richard and Jeanne Ahlquist Scholarship 2023,Submitted; Complete; Complete,Denied, , , , , , , , , , , , , , , , , , , , , , , , , , , , , , , ,Muneefa,Pourier
Richard and Jeanne Ahlquist Scholarship 2023,Submitted; Complete; Complete,Denied, , , , , , , , , , , , , , , , , , , , , , , , , , , , , , , ,Abdul Noor,Petrarca
Richard and Jeanne Ahlquist Scholarship 2023,Submitted; Complete; Complete; Complete,Denied, , , , , , , , , , , , , , , , , , , , , , , , , , , , , , , ,K'Sandra,Guenther
Richard and Jeanne Ahlquist Scholarship 2023,Submitted; Complete; Complete; Complete; Complete; Complete,Denied, , , , , , , , , , , , , , , , , , , , , , , , , , , , , , , ,Ireland,No
Richard and Jeanne Ahlquist Scholarship 2023,Submitted; Complete; Complete,Denied, , , , , , , , , , , , , , , , , , , , , , , , , , , , , , , ,Thomas,Ham
Richard and Jeanne Ahlquist Scholarship 2023,Submitted; Complete; Complete,Denied, , , , , , , , , , , , , , , , , , , , , , , , , , , , , , , ,Dhaafir,el-Attar
Richard and Jeanne Ahlquist Scholarship 2023,Submitted; Complete; Complete; Complete; Complete; Complete,Denied, , , , , , , , , , , , , , , , , , , , , , , , , , , , , , , ,Michal,Gould
Richard and Jeanne Ahlquist Scholarship 2023,Submitted; Complete; Complete,Denied, , , , , , , , , , , , , , , , , , , , , , , , , , , , , , , ,Kent,Isais-Pando
Richard and Jeanne Ahlquist Scholarship 2023,Submitted; Complete; Complete,Denied, , , , , , , , , , , , , , , , , , , , , , , , , , , , , , , ,Mutasim,Dittloff
Richard and Jeanne Ahlquist Scholarship 2023,Submitted; Complete; Complete,Denied, , , , , , , , , , , , , , , , , , , , , , , , , , , , , , , ,Rayshaan,Tayon
Richard and Jeanne Ahlquist Scholarship 2023,Submitted; Complete; Complete,Denied, , , , , , , , , , , , , , , , , , , , , , , , , , , , , , , ,Mirza,Jibowu
Richard and Jeanne Ahlquist Scholarship 2023,Submitted; Complete; Complete,Denied, , , , , , , , , , , , , , , , , , , , , , , , , , , , , , , ,Musheera,al-Jamil
Richard and Jeanne Ahlquist Scholarship 2023,Submitted; Complete; Complete; Complete,Denied, , , , , , , , , , , , , , , , , , , , , , , , , , , , , , , ,Cynthia,Barnabas
Richard and Jeanne Ahlquist Scholarship 2023,Submitted; Complete; Complete,Denied, , , , , , , , , , , , , , , , , , , , , , , , , , , , , , , ,Long,el-Amir
Richard and Jeanne Ahlquist Scholarship 2023,Submitted; Complete; Complete,Denied, , , , , , , , , , , , , , , , , , , , , , , , , , , , , , , ,Shadi,Jahn
Richard and Jeanne Ahlquist Scholarship 2023,Submitted; Complete; Complete,Denied, , , , , , , , , , , , , , , , , , , , , , , , , , , , , , , ,Qaasim,al-Gad
Richard and Jeanne Ahlquist Scholarship 2023,Submitted; Complete; Complete,Denied, , , , , , , , , , , , , , , , , , , , , , , , , , , , , , , ,Ivan,el-Hossain
Richard and Jeanne Ahlquist Scholarship 2023,Submitted; Complete; Complete; Complete; Complete; Complete; Complete,Denied, , , , , , , , , , , , , , , , , , , , , , , , , , , , , , , ,Cole,Fernandez
Richard and Jeanne Ahlquist Scholarship 2023,Submitted; Complete; Complete,Denied, , , , , , , , , , , , , , , , , , , , , , , , , , , , , , , ,Karla,Deleon
Richard and Jeanne Ahlquist Scholarship 2023,Submitted; Complete; Complete,Denied, , , , , , , , , , , , , , , , , , , , , , , , , , , , , , , ,Kiduse,Mcstraw
Richard and Jeanne Ahlquist Scholarship 2023,Submitted; Complete; Complete,Denied, , , , , , , , , , , , , , , , , , , , , , , , , , , , , , , ,Lena,Andrews
Richard and Jeanne Ahlquist Scholarship 2023,Submitted; Complete; Complete; Complete; Complete; Complete,Denied, , , , , , , , , , , , , , , , , , , , , , , , , , , , , , , ,Ivan,Gandarilla
Richard and Jeanne Ahlquist Scholarship 2023,Submitted; Complete; Complete,Denied, , , , , , , , , , , , , , , , , , , , , , , , , , , , , , , ,Tercell,Portillo
Richard and Jeanne Ahlquist Scholarship 2023,Submitted; Complete; Complete,Denied, , , , , , , , , , , , , , , , , , , , , , , , , , , , , , , ,Safwaan,al-Suleiman
Richard and Jeanne Ahlquist Scholarship 2023,Submitted; Complete; Complete,Denied, , , , , , , , , , , , , , , , , , , , , , , , , , , , , , , ,Sydney,White
Richard and Jeanne Ahlquist Scholarship 2023,Submitted; Complete; Complete,Denied, , , , , , , , , , , , , , , , , , , , , , , , , , , , , , , ,Sahel,Stryker
Richard and Jeanne Ahlquist Scholarship 2023,Submitted; Complete; Complete; Complete; Complete; Complete; Complete; Complete,Denied, , , , , , , , , , , , , , , , , , , , , , , , , , , ,University of Massachusetts at Amherst; University of Massachusetts at Amherst, , , ,Sahara,Vargas Villalba
Richard and Jeanne Ahlquist Scholarship 2023,Submitted; Complete; Complete,Denied, , , , , , , , , , , , , , , , , , , , , , , , , , , , , , , ,Alina,Baird
Richard and Jeanne Ahlquist Scholarship 2023,Submitted; Complete; Complete,Denied, , , , , , , , , , , , , , , , , , , , , , , , , , , , , , , ,Abdul Noor,Stryker
Richard and Jeanne Ahlquist Scholarship 2023,Submitted; Complete; Complete,Denied, , , , , , , , , , , , , , , , , , , , , , , , , , , , , , , ,Cheyenne,Nicholl
Richard and Jeanne Ahlquist Scholarship 2023,Submitted; Complete; Complete,Denied, , , , , , , , , , , , , , , , , , , , , , , , , , , , , , , ,Kabowd,Locust
Richard and Jeanne Ahlquist Scholarship 2023,Submitted; Complete; Complete; Complete,Denied, , , , , , , , , , , , , , , , , , , , , , , , , , , , , , , ,Thong,Shaffer
Richard W. Pierce Scholarship 2023,Submitted; Complete; Complete,Denied, , , , , , , , , , , , , , , , , , , , , , , , , , , , , , , ,Allicia,al-Rehmann
Richard W. Pierce Scholarship 2023,Submitted; Complete; Complete,Denied, , , , , , , , , , , , , , , , , , , , , , , , , , , , , , , ,Nyandi,al-Jamil
Richard W. Pierce Scholarship 2023,Submitted; Complete; Complete,Denied, , , , , , , , , , , , , , , , , , , , , , , , , , , , , , , ,Tediana,Zeigler
Richard W. Pierce Scholarship 2023,Submitted; Complete; Complete,Denied, , , , , , , , , , , , , , , , , , , , , , , , , , , , , , , ,Bryce,Krabbe
Richard W. Pierce Scholarship 2023,Submitted; Complete; Complete; Complete; Complete; Complete; Complete; Complete; Complete; Complete; Complete,Follow Up(s) Assigned,2800, , , , , , , , , , , , , , , , , , , , , , , , , , ,Massachusetts College of Art and Design; Massachusetts College of Art and Design, , , ,Dayshawn,Griffie
Richard W. Pierce Scholarship 2023,Submitted; Complete; Complete; Complete; Complete; Complete; Complete; Complete; Complete; Complete; Complete,Follow Up(s) Assigned,2800, , , , , , , , , , , , , , , , , , , , , , , , , , ,Massachusetts College of Art and Design; Massachusetts College of Art and Design, , , ,Yadira,Tivis
Richard W. Pierce Scholarship 2023,Submitted; Complete; Complete; Complete; Complete; Complete; Complete; Complete; Complete; Complete; Complete,Follow Up(s) Assigned,2800, , , , , , , , , , , , , , , , , , , , , , , , , , ,Other; Other,Fashion Institute of Technology ; FIT, , ,Karan,Gandarilla
Richard W. Pierce Scholarship 2023,Submitted; Complete; Complete; Complete; Complete; Complete; Complete; Complete; Complete; Complete; Complete,Follow Up(s) Assigned,2800, , , , , , , , , , , , , , , , , , , , , , , , , , ,Hamilton College; Hamilton College, , , ,My,Castorena
Richard W. Pierce Scholarship 2023,Submitted; Complete; Complete; Complete; Complete; Complete; Complete; Complete; Complete; Complete; Complete,Follow Up(s) Assigned,2800, , , , , , , , , , , , , , , , , , , , , , , , , , ,University of Massachusetts at Amherst; University of Massachusetts at Amherst, , , ,Muneer,Nevarez
Robert P. Currie Scholarship 2023,Submitted; Complete; Complete; Complete; Complete; Complete,Closed,400, , , , , , , , , , , , , , , , , , , , , , , , , , , , , , ,Minh,Lowry
Robert P. Currie Scholarship 2023,Submitted; Complete; Complete,Denied, , , , , , , , , , , , , , , , , , , , , , , , , , , , , , , ,Gabriella,Ghiya
Robert P. Currie Scholarship 2023,Submitted; Complete; Complete,Denied, , , , , , , , , , , , , , , , , , , , , , , , , , , , , , , ,Taqi,Brandon
Robert P. Currie Scholarship 2023,Submitted; Complete; Complete,Denied, , , , , , , , , , , , , , , , , , , , , , , , , , , , , , , ,Davis,Santiago
Robert P. Currie Scholarship 2023,Submitted; Complete; Complete,Denied, , , , , , , , , , , , , , , , , , , , , , , , , , , , , , , ,Xai,Aldapa-Humes
Robert P. Currie Scholarship 2023,Submitted; Complete; Complete; Complete; Complete,Denied, , , , , , , , , , , , , , , , , , , , , , , , , , , , , , , ,Russell,Sun
Robert P. Currie Scholarship 2023,Submitted; Complete; Complete,Denied, , , , , , , , , , , , , , , , , , , , , , , , , , , , , , , ,Shnika,Muralidharan
Robert P. Currie Scholarship 2023,Submitted; Complete; Complete,Denied, , , , , , , , , , , , , , , , , , , , , , , , , , , , , , , ,Marion,Nedd
Robert P. Currie Scholarship 2023,Submitted; Complete; Complete,Denied, , , , , , , , , , , , , , , , , , , , , , , , , , , , , , , ,Alex,Rumsey
Robert P. Currie Scholarship 2023,Submitted; Complete; Complete; Complete; Complete,Denied, , , , , , , , , , , , , , , , , , , , , , , , , , , , , , , ,Tione,Deboer
Robert P. Currie Scholarship 2023,Submitted; Complete; Complete,Denied, , , , , , , , , , , , , , , , , , , , , , , , , , , , , , , ,Emilio,Meli
Robert P. Currie Scholarship 2023,Submitted; Submitted; Complete,Denied, , , , , , , , , , , , , , , , , , , , , , , , , , , , , , , ,Aimee,Mckiver
Robert P. Currie Scholarship 2023,Submitted; Complete; Complete,Denied, , , , , , , , , , , , , , , , , , , , , , , , , , , , , , , ,Norma,Ashton
Robert P. Currie Scholarship 2023,Submitted; Complete; Complete,Denied, , , , , , , , , , , , , , , , , , , , , , , , , , , , , , , ,"Jam,Aan",al-Ameen
Robert P. Currie Scholarship 2023,Submitted; Complete; Complete,Denied, , , , , , , , , , , , , , , , , , , , , , , , , , , , , , , ,Yeilin,Kawal
Robert P. Currie Scholarship 2023,Submitted; Complete; Complete,Denied, , , , , , , , , , , , , , , , , , , , , , , , , , , , , , , ,Jaquelin,Gamet
Robert P. Currie Scholarship 2023,Submitted; Complete; Complete; Complete,Denied, , , , , , , , , , , , , , , , , , , , , , , , , , , , , , , ,Russell,Koras
Robert P. Currie Scholarship 2023,Submitted; Complete; Complete; Complete,Denied, , , , , , , , , , , , , , , , , , , , , , , , , , , , , , , ,Amoni,Tambunan
Robert P. Currie Scholarship 2023,Submitted; Complete; Complete; Complete,Denied, , , , , , , , , , , , , , , , , , , , , , , , , , , , , , , ,Orlando,Ordaz
Robert P. Currie Scholarship 2023,Submitted; Complete; Complete; Complete; Complete; Complete,Denied, , , , , , , , , , , , , , , , , , , , , , , , , , , , , , , ,Picabo,Tejada
Robert P. Currie Scholarship 2023,Submitted; Complete; Complete; Complete; Complete; Complete,Denied, , , , , , , , , , , , , , , , , , , , , , , , , , , ,Dean College; Dean College, , , ,Raheema,Snider
Robert P. Currie Scholarship 2023,Submitted; Complete; Complete,Denied, , , , , , , , , , , , , , , , , , , , , , , , , , , , , , , ,Dhaafir,el-Attar
Robert P. Currie Scholarship 2023,Submitted; Complete; Complete,Denied, , , , , , , , , , , , , , , , , , , , , , , , , , , , , , , ,Davis,Arviso
Robert P. Currie Scholarship 2023,Submitted; Complete; Complete; Complete,Denied, , , , , , , , , , , , , , , , , , , , , , , , , , , , , , , ,Taamira,el-Zakaria
Robert P. Currie Scholarship 2023,Submitted; Complete; Complete; Complete; Complete,Denied, , , , , , , , , , , , , , , , , , , , , , , , , , , , , , , ,Brittney,Carrillo
Robert P. Currie Scholarship 2023,Submitted; Complete; Complete,Denied, , , , , , , , , , , , , , , , , , , , , , , , , , , , , , , ,Cyra,Valdez Arias
Robert P. Currie Scholarship 2023,Submitted; Submitted; Complete,Denied, , , , , , , , , , , , , , , , , , , , , , , , , , , , , , , ,Alton,Gstalder
Robert P. Currie Scholarship 2023,Submitted; Complete; Complete,Denied, , , , , , , , , , , , , , , , , , , , , , , , , , , , , , , ,Howe,Trinh
Robert P. Currie Scholarship 2023,Submitted; Complete; Complete,Denied, , , , , , , , , , , , , , , , , , , , , , , , , , , , , , , ,Katherine,Getchell
Robert P. Currie Scholarship 2023,Submitted; Complete; Complete; Complete; Complete; Complete; Complete; Complete,Denied, , , , , , , , , , , , , , , , , , , , , , , , , , , ,Gordon College; Gordon College, , , ,Jayelin,Rad
Robert P. Currie Scholarship 2023,Submitted; Complete; Complete,Denied, , , , , , , , , , , , , , , , , , , , , , , , , , , , , , , ,Humaira,Baumann
Robert P. Currie Scholarship 2023,Submitted; Complete; Complete,Denied, , , , , , , , , , , , , , , , , , , , , , , , , , , , , , , ,Westley,Barros
Robert P. Currie Scholarship 2023,Submitted; Complete; Complete; Complete; Complete; Complete; Complete; Complete,Denied, , , , , , , , , , , , , , , , , , , , , , , , , , , ,University of Massachusetts at Amherst; University of Massachusetts at Amherst, , , ,Adham,Vinegar
Robert P. Currie Scholarship 2023,Submitted; Complete; Complete,Denied, , , , , , , , , , , , , , , , , , , , , , , , , , , , , , , ,Karlos,Foster
Robert P. Currie Scholarship 2023,Submitted; Complete; Complete; Complete,Denied, , , , , , , , , , , , , , , , , , , , , , , , , , , , , , , ,Roger,Carrera
Robert P. Currie Scholarship 2023,Submitted; Complete; Complete,Denied, , , , , , , , , , , , , , , , , , , , , , , , , , , , , , , ,Saajid,Dickey
Robert P. Currie Scholarship 2023,Submitted; Complete; Complete,Denied, , , , , , , , , , , , , , , , , , , , , , , , , , , , , , , ,Dajon,Fritter
Robert P. Currie Scholarship 2023,Submitted; Complete; Complete; Complete; Complete; Complete,Denied, , , , , , , , , , , , , , , , , , , , , , , , , , , ,Worcester State University; Worcester State University, , , ,Muhjar,Hart
Robert P. Currie Scholarship 2023,Submitted; Complete; Complete; Complete,Denied, , , , , , , , , , , , , , , , , , , , , , , , , , , , , , , ,Lavies,Ruska
Robert P. Currie Scholarship 2023,Submitted; Complete; Complete; Complete,Denied, , , , , , , , , , , , , , , , , , , , , , , , , , , , , , , ,Cole,Fernandez
Robert P. Currie Scholarship 2023,Submitted; Complete; Complete,Denied, , , , , , , , , , , , , , , , , , , , , , , , , , , , , , , ,Sahel,Weeks
Robert P. Currie Scholarship 2023,Submitted; Complete; Complete,Denied, , , , , , , , , , , , , , , , , , , , , , , , , , , , , , , ,Armonno,Carson
Robert P. Currie Scholarship 2023,Submitted; Complete; Complete,Denied, , , , , , , , , , , , , , , , , , , , , , , , , , , , , , , ,Mareeon,De La Rosa
Robert P. Currie Scholarship 2023,Submitted; Complete; Complete; Complete,Denied, , , , , , , , , , , , , , , , , , , , , , , , , , , , , , , ,Katherine,Cayabyab
Robert P. Currie Scholarship 2023,Submitted; Complete; Complete; Complete; Complete,Denied, , , , , , , , , , , , , , , , , , , , , , , , , , , , , , , ,Waleed,Bustamante
Robert P. Currie Scholarship 2023,Submitted; Complete; Complete,Denied, , , , , , , , , , , , , , , , , , , , , , , , , , , , , , , ,Teale,Throm
Robert P. Currie Scholarship 2023,Submitted; Complete; Complete,Denied, , , , , , , , , , , , , , , , , , , , , , , , , , , , , , , ,Naaji,Rosencrans
Robert P. Currie Scholarship 2023,Submitted; Complete; Complete; Complete,Denied, , , , , , , , , , , , , , , , , , , , , , , , , , , , , , , ,Kalleb,Balogh
Robert P. Currie Scholarship 2023,Submitted; Complete; Complete,Denied, , , , , , , , , , , , , , , , , , , , , , , , , , , , , , , ,Saajid,Stubits
Robert P. Currie Scholarship 2023,Submitted; Complete; Complete; Complete; Complete,Denied, , , , , , , , , , , , , , , , , , , , , , , , , , , , , , , ,Johnny,Zulali
Robert P. Currie Scholarship 2023,Submitted; Complete; Complete,Denied, , , , , , , , , , , , , , , , , , , , , , , , , , , , , , , ,Kristal,al-Ismael
Robert P. Currie Scholarship 2023,Submitted; Submitted; Complete,Denied, , , , , , , , , , , , , , , , , , , , , , , , , , , , , , , ,Idrianna,el-Qazi
Robert P. Currie Scholarship 2023,Submitted; Complete; Complete; Complete,Denied, , , , , , , , , , , , , , , , , , , , , , , , , , , , , , , ,Mara,Blitzer
Robert P. Currie Scholarship 2023,Submitted; Complete; Complete,Denied, , , , , , , , , , , , , , , , , , , , , , , , , , , , , , , ,Picabo,Amdur
Robert P. Currie Scholarship 2023,Submitted; Complete; Complete,Denied, , , , , , , , , , , , , , , , , , , , , , , , , , , , , , , ,Tyrelle,Vai
Robert P. Currie Scholarship 2023,Submitted; Complete; Complete,Denied, , , , , , , , , , , , , , , , , , , , , , , , , , , , , , , ,Jaymie Leigh,Mamdu
Robert P. Currie Scholarship 2023,Submitted; Complete; Complete,Denied, , , , , , , , , , , , , , , , , , , , , , , , , , , , , , , ,Avianha,Pirzadeh
Robert P. Currie Scholarship 2023,Submitted; Complete; Complete,Denied, , , , , , , , , , , , , , , , , , , , , , , , , , , , , , , ,Westley,Hopper
Robert P. Currie Scholarship 2023,Submitted; Complete; Complete; Complete; Complete; Complete,Denied, , , , , , , , , , , , , , , , , , , , , , , , , , , , , , , ,Qaasim,Delgado
Robert P. Currie Scholarship 2023,Submitted; Complete; Complete,Denied, , , , , , , , , , , , , , , , , , , , , , , , , , , , , , , ,Chykeiljah,Sarsam
Robert P. Currie Scholarship 2023,Submitted; Complete; Complete,Denied, , , , , , , , , , , , , , , , , , , , , , , , , , , , , , , ,Bonnie,el-Aydin
Robert P. Currie Scholarship 2023,Submitted; Complete; Complete; Complete; Complete,Denied, , , , , , , , , , , , , , , , , , , , , , , , , , , , , , , ,Dajon,Mekonnen
Robert P. Currie Scholarship 2023,Submitted; Complete; Complete,Denied, , , , , , , , , , , , , , , , , , , , , , , , , , , , , , , ,Shirley,al-Hariri
Robert P. Currie Scholarship 2023,Submitted; Complete; Complete,Denied, , , , , , , , , , , , , , , , , , , , , , , , , , , , , , , ,Travonta,Balderas Aguilar
Robert P. Currie Scholarship 2023,Submitted; Complete; Complete,Denied, , , , , , , , , , , , , , , , , , , , , , , , , , , , , , , ,Christine,Warsame
Robert P. Currie Scholarship 2023,Submitted; Complete; Complete,Denied, , , , , , , , , , , , , , , , , , , , , , , , , , , , , , , ,Abdul Noor,Stryker
Robert P. Currie Scholarship 2023,Submitted; Complete; Complete,Denied, , , , , , , , , , , , , , , , , , , , , , , , , , , , , , , ,Karlina,Punzal
Robert P. Currie Scholarship 2023,Submitted; Submitted; Complete,Denied, , , , , , , , , , , , , , , , , , , , , , , , , , , , , , , ,Tyrelle,Hermanson
Robert P. Currie Scholarship 2023,Submitted; Complete; Complete,Denied, , , , , , , , , , , , , , , , , , , , , , , , , , , , , , , ,Daizha,Claycomb
Robert P. Currie Scholarship 2023,Submitted; Complete; Complete,Denied, , , , , , , , , , , , , , , , , , , , , , , , , , , , , , , ,Izzaddeen,Feltman
Robert P. Goulet Memorial Scholarship 2023,Submitted; Complete; Complete; Complete; Complete; Complete; Complete; Complete,Closed,550, , , , , , , , , , , , , , , , , , , , , , , , , , , , , , ,Marcello,Compton
Robert P. Goulet Memorial Scholarship 2023,Submitted; Complete; Complete; Complete; Complete; Complete; Complete,Denied, , , , , , , , , , , , , , , , , , , , , , , , , , , , , , , ,Jacina,Isobe
Robert P. Goulet Memorial Scholarship 2023,Submitted; Complete; Complete; Complete; Complete; Complete; Complete,Denied, , , , , , , , , , , , , , , , , , , , , , , , , , , , , , , ,Jaquelin,Gamet
Robert P. Goulet Memorial Scholarship 2023,Submitted; Complete; Complete; Complete; Complete; Complete; Complete,Denied, , , , , , , , , , , , , , , , , , , , , , , , , , , , , , , ,Sahel,Weeks
Robert P. Goulet Memorial Scholarship 2023,Submitted; Complete; Complete; Complete; Complete; Complete; Complete,Denied, , , , , , , , , , , , , , , , , , , , , , , , , , , , , , , ,Nabeeh,Berumen
Robert P. Goulet Memorial Scholarship 2023,Submitted; Complete; Complete; Complete; Complete; Complete; Complete; Complete,Denied, , , , , , , , , , , , , , , , , , , , , , , , , , , , , , , ,Sydney,Sepeda
Robert P. Goulet Memorial Scholarship 2023,Submitted; Complete; Complete,Denied, , , , , , , , , , , , , , , , , , , , , , , , , , , , , , , ,Chiana,Lowe
Robert P. Goulet Memorial Scholarship 2023,Submitted; Complete; Complete,Denied, , , , , , , , , , , , , , , , , , , , , , , , , , , , , , , ,Shabeeba,Tarr
Robert T. Salem Educational Scholarship 2023,Submitted; Complete; Complete,Denied, , , , , , , , , , , , , , , , , , , , , , , , , , , , , , , ,Zaamil,Medrano
Robert T. Salem Educational Scholarship 2023,Submitted; Complete; Complete,Denied, , , , , , , , , , , , , , , , , , , , , , , , , , , , , , , ,Mikala,Christensen
Robert T. Salem Educational Scholarship 2023,Submitted; Complete; Complete,Denied, , , , , , , , , , , , , , , , , , , , , , , , , , , , , , , ,Trina,Tsen
Robert T. Salem Educational Scholarship 2023,Submitted; Complete; Complete,Denied, , , , , , , , , , , , , , , , , , , , , , , , , , , , , , , ,Damione,Wauer
Robert T. Salem Educational Scholarship 2023,Submitted; Complete; Complete; Complete; Complete; Complete; Complete; Complete,Follow Up(s) Assigned,2000, , , , , , , , , , , , , , , , , , , , , , , , , , ,Worcester State University; Worcester State University, , , ,Abhaya,Macias Flores
Robert Thomson Scholarship 2023,Submitted; Complete; Complete; Complete; Complete; Complete,Follow Up(s) Assigned,6000, , , , , , , , , , , , , , , , , , , , , , , , , , ,Dean College; Dean College, , , ,Raheema,Snider
Santo J. and Ellen M. DiDonato Memorial Scholarship 2023,Submitted; Complete; Complete; Complete,Denied, , , , , , , , , , , , , , , , , , , , , , , , , , , , , , , ,Zahra,Parham
Santo J. and Ellen M. DiDonato Memorial Scholarship 2023,Submitted; Complete; Complete; Complete,Denied, , , , , , , , , , , , , , , , , , , , , , , , , , , , , , , ,Souphakone,Thorne
Santo J. and Ellen M. DiDonato Memorial Scholarship 2023,Submitted; Complete; Complete,Denied, , , , , , , , , , , , , , , , , , , , , , , , , , , , , , , ,Samira,al-Salahuddin
Santo J. and Ellen M. DiDonato Memorial Scholarship 2023,Submitted; Complete; Complete,Denied, , , , , , , , , , , , , , , , , , , , , , , , , , , , , , , ,Martinealyse,Brandon
Santo J. and Ellen M. DiDonato Memorial Scholarship 2023,Submitted; Complete; Complete; Complete; Complete; Complete; Complete; Complete,Denied, , , , , , , , , , , , , , , , , , , , , , , , , , , , , , , ,Keren,Levin
Santo J. and Ellen M. DiDonato Memorial Scholarship 2023,Submitted; Complete; Complete,Denied, , , , , , , , , , , , , , , , , , , , , , , , , , , , , , , ,Munisa,Bron
Santo J. and Ellen M. DiDonato Memorial Scholarship 2023,Submitted; Complete; Complete; Complete; Complete; Complete; Complete; Complete,Denied, , , , , , , , , , , , , , , , , , , , , , , , , , , , , , , ,Dahlia,al-Salek
Santo J. and Ellen M. DiDonato Memorial Scholarship 2023,Submitted; Complete; Complete,Denied, , , , , , , , , , , , , , , , , , , , , , , , , , , , , , , ,Vanya,al-Burki
Santo J. and Ellen M. DiDonato Memorial Scholarship 2023,Submitted; Complete; Complete; Complete,Denied, , , , , , , , , , , , , , , , , , , , , , , , , , , , , , , ,Brenna,Gosnell
Santo J. and Ellen M. DiDonato Memorial Scholarship 2023,Submitted; Complete; Complete,Denied, , , , , , , , , , , , , , , , , , , , , , , , , , , , , , , ,Camrey,Banda
Santo J. and Ellen M. DiDonato Memorial Scholarship 2023,Submitted; Complete; Complete; Complete,Denied, , , , , , , , , , , , , , , , , , , , , , , , , , , , , , , ,Kameel,Kellum
Santo J. and Ellen M. DiDonato Memorial Scholarship 2023,Submitted; Complete; Complete; Complete; Complete; Complete; Complete; Complete,Denied, , , , , , , , , , , , , , , , , , , , , , , , , , , , , , , ,Nia'Imani,Peacock
Santo J. and Ellen M. DiDonato Memorial Scholarship 2023,Submitted; Submitted; Complete,Denied, , , , , , , , , , , , , , , , , , , , , , , , , , , , , , , ,Dahlia,al-Ibrahim
Santo J. and Ellen M. DiDonato Memorial Scholarship 2023,Submitted; Complete; Complete,Denied, , , , , , , , , , , , , , , , , , , , , , , , , , , , , , , ,D'Mitri,el-Nasr
Santo J. and Ellen M. DiDonato Memorial Scholarship 2023,Submitted; Complete; Complete,Denied, , , , , , , , , , , , , , , , , , , , , , , , , , , , , , , ,Souphakone,Tobon
Santo J. and Ellen M. DiDonato Memorial Scholarship 2023,Submitted; Complete; Complete,Denied, , , , , , , , , , , , , , , , , , , , , , , , , , , , , , , ,Chrisna,Guerra
Santo J. and Ellen M. DiDonato Memorial Scholarship 2023,Submitted; Complete; Complete,Denied, , , , , , , , , , , , , , , , , , , , , , , , , , , , , , , ,Alexxis,Ortegon
Santo J. and Ellen M. DiDonato Memorial Scholarship 2023,Submitted; Complete; Complete; Complete; Complete; Complete; Complete; Complete,Denied, , , , , , , , , , , , , , , , , , , , , , , , , , , ,Anna Maria College; Anna Maria College, , , ,Ace,Tagawa
Santo J. and Ellen M. DiDonato Memorial Scholarship 2023,Submitted; Complete; Complete,Denied, , , , , , , , , , , , , , , , , , , , , , , , , , , , , , , ,Nabeel,Sweetwater
Santo J. and Ellen M. DiDonato Memorial Scholarship 2023,Submitted; Complete; Complete; Complete; Complete; Complete; Complete; Complete; Complete; Complete; Complete; Complete; Complete,Follow Up(s) Assigned,2000, , , , , , , , , , , , , , , , , , , , , , , , , , ,University of Massachusetts at Amherst; University of Massachusetts at Amherst, , , ,Thomas,Olson
Santo J. and Ellen M. DiDonato Memorial Scholarship 2023,Submitted; Complete; Complete; Complete; Complete; Complete; Complete; Complete; Complete; Complete; Complete; Complete; Complete,Follow Up(s) Assigned,2000, , , , , , , , , , , , , , , , , , , , , , , , , , ,University of Massachusetts at Amherst; University of Massachusetts at Amherst, , , ,Kent,Bechler
Sarah Daniels Pettit and William O. Pettit Scholarship 2023,Submitted; Complete; Complete; Complete; Complete; Complete; Complete; Complete,Closed,2000, , , , , , , , , , , , , , , , , , , , , , , , , , , , , , ,Kortnee,al-Hariri
Sarah Daniels Pettit and William O. Pettit Scholarship 2023,Submitted; Complete; Complete; Complete; Complete; Complete; Complete; Complete,Closed,2000, , , , , , , , , , , , , , , , , , , , , , , , , , , , , , ,Miranda,Atolani
Sarah Daniels Pettit and William O. Pettit Scholarship 2023,Submitted; Complete; Complete; Complete; Complete; Complete; Complete; Complete; Complete; Complete; Complete; Complete,Closed,2500, , , , , , , , , , , , , , , , , , , , , , , , , , ,Other; Other,Fashion Institute of Technology ; FIT, , ,Karan,Gandarilla
Sarah Daniels Pettit and William O. Pettit Scholarship 2023,Submitted; Complete; Complete; Complete,Denied, , , , , , , , , , , , , , , , , , , , , , , , , , , , , , , ,Muneefa,Ives
Sarah Daniels Pettit and William O. Pettit Scholarship 2023,Submitted; Complete; Complete,Denied, , , , , , , , , , , , , , , , , , , , , , , , , , , , , , , ,Shayla,Stepter
Sarah Daniels Pettit and William O. Pettit Scholarship 2023,Submitted; Complete; Complete; Complete; Complete,Denied, , , , , , , , , , , , , , , , , , , , , , , , , , , , , , , ,Jared,Gordon
Sarah Daniels Pettit and William O. Pettit Scholarship 2023,Submitted; Complete; Complete; Complete,Denied, , , , , , , , , , , , , , , , , , , , , , , , , , , , , , , ,Abdul Haleem,al-Huda
Sarah Daniels Pettit and William O. Pettit Scholarship 2023,Submitted; Complete; Complete; Complete; Complete; Complete; Complete; Complete,Denied, , , , , , , , , , , , , , , , , , , , , , , , , , , , , , , ,Shivani,Bliss
Sarah Daniels Pettit and William O. Pettit Scholarship 2023,Submitted; Complete; Complete; Complete; Complete,Denied, , , , , , , , , , , , , , , , , , , , , , , , , , , ,Worcester State University, , , ,Latasha,al-Guler
Sarah Daniels Pettit and William O. Pettit Scholarship 2023,Submitted; Complete; Complete; Complete,Denied, , , , , , , , , , , , , , , , , , , , , , , , , , , , , , , ,Wyleen,Macasinag
Sarah Daniels Pettit and William O. Pettit Scholarship 2023,Submitted; Complete; Complete; Complete; Complete; Complete; Complete; Complete,Denied, , , , , , , , , , , , , , , , , , , , , , , , , , , ,Massachusetts College of Art and Design; Massachusetts College of Art and Design, , , ,Dayshawn,Griffie
Sarah Daniels Pettit and William O. Pettit Scholarship 2023,Submitted; Complete; Complete; Complete; Complete; Complete; Complete; Complete,Denied, , , , , , , , , , , , , , , , , , , , , , , , , , , , , , , ,Leilani,Swimmer
Sarah Daniels Pettit and William O. Pettit Scholarship 2023,Submitted; Complete; Complete; Complete; Complete; Complete; Complete; Complete; Complete; Complete; Complete; Complete,Denied, , , , , , , , , , , , , , , , , , , , , , , , , , , ,Gordon College; Gordon College, , , ,Jayelin,Rad
Sarah Daniels Pettit and William O. Pettit Scholarship 2023,Submitted; Complete; Complete; Complete,Denied, , , , , , , , , , , , , , , , , , , , , , , , , , , , , , , ,Sushmita,Fognani
Sarah Daniels Pettit and William O. Pettit Scholarship 2023,Submitted; Complete; Complete; Complete; Complete; Complete,Denied, , , , , , , , , , , , , , , , , , , , , , , , , , , ,Worcester State University; Worcester State University, , , ,Muhjar,Hart
Sarah Daniels Pettit and William O. Pettit Scholarship 2023,Submitted; Complete; Complete; Complete,Denied, , , , , , , , , , , , , , , , , , , , , , , , , , , , , , , ,Sumbula,Roman-Cervantes
Sarah Daniels Pettit and William O. Pettit Scholarship 2023,Submitted; Complete; Complete; Complete; Complete; Complete; Complete; Complete,Denied, , , , , , , , , , , , , , , , , , , , , , , , , , , , , , , ,Faai Z,Nye
Sarah Daniels Pettit and William O. Pettit Scholarship 2023,Submitted; Complete; Complete; Complete; Complete; Complete; Complete,Denied, , , , , , , , , , , , , , , , , , , , , , , , , , , , , , , ,Fawzia,al-Elamin
Sarah Daniels Pettit and William O. Pettit Scholarship 2023,Submitted; Complete; Complete; Complete,Denied, , , , , , , , , , , , , , , , , , , , , , , , , , , , , , , ,Brendon,Channel
Sarah Daniels Pettit and William O. Pettit Scholarship 2023,Submitted; Complete; Complete; Complete; Complete; Complete; Complete; Complete,Denied, , , , , , , , , , , , , , , , , , , , , , , , , , , ,MCPHS University; MCPHS University, , , ,Raheema,Amgalanbayar
Sarah Daniels Pettit and William O. Pettit Scholarship 2023,Submitted; Complete; Complete; Complete,Denied, , , , , , , , , , , , , , , , , , , , , , , , , , , , , , , ,Mychael,Halberg
Sarah Daniels Pettit and William O. Pettit Scholarship 2023,Submitted; Complete; Complete; Complete,Denied, , , , , , , , , , , , , , , , , , , , , , , , , , , , , , , ,Kalleb,Balogh
Sarah Daniels Pettit and William O. Pettit Scholarship 2023,Submitted; Complete; Complete,Denied, , , , , , , , , , , , , , , , , , , , , , , , , , , , , , , ,Mahbooba,al-Shaikh
Sarah Daniels Pettit and William O. Pettit Scholarship 2023,Submitted; Complete; Complete; Complete; Complete; Complete; Complete; Complete; Complete; Complete; Complete; Complete,Denied, , , , , , , , , , , , , , , , , , , , , , , , , , , ,Boston University; Boston University, , , ,Xavia,Mccarty
Sarah Daniels Pettit and William O. Pettit Scholarship 2023,Submitted; Complete; Complete,Denied, , , , , , , , , , , , , , , , , , , , , , , , , , , , , , , ,Kristal,al-Ismael
Sarah Daniels Pettit and William O. Pettit Scholarship 2023,Submitted; Complete; Complete,Denied, , , , , , , , , , , , , , , , , , , , , , , , , , , , , , , ,Suhaa,Hillsmon
Sarah Daniels Pettit and William O. Pettit Scholarship 2023,Submitted; Complete; Complete; Complete; Complete; Complete; Complete; Complete,Denied, , , , , , , , , , , , , , , , , , , , , , , , , , , ,Bentley University; Bentley University, , , ,Konda,al-Hariri
Sarah Daniels Pettit and William O. Pettit Scholarship 2023,Submitted; Submitted; Complete,Denied, , , , , , , , , , , , , , , , , , , , , , , , , , , , , , , ,Naaifa,Dellacroce
Sarah Daniels Pettit and William O. Pettit Scholarship 2023,Submitted; Complete; Complete; Complete,Denied, , , , , , , , , , , , , , , , , , , , , , , , , , , , , , , ,Howard,Dickey
Sarah Daniels Pettit and William O. Pettit Scholarship 2023,Submitted; Complete; Complete; Complete,Denied, , , , , , , , , , , , , , , , , , , , , , , , , , , , , , , ,Andi,Stark
Sarah Daniels Pettit and William O. Pettit Scholarship 2023,Submitted; Complete; Complete; Complete,Denied, , , , , , , , , , , , , , , , , , , , , , , , , , , , , , , ,Akeem,Rodrukkwun
Sarah Daniels Pettit and William O. Pettit Scholarship 2023,Submitted; Complete; Complete; Complete; Complete; Complete; Complete; Complete,Denied, , , , , , , , , , , , , , , , , , , , , , , , , , , ,Other; Other,Columbia University ; Columbia University in the City of N.Y.C., , ,Dezmond,Michell
Sarah Daniels Pettit and William O. Pettit Scholarship 2023,Submitted; Complete; Complete; Complete,Denied, , , , , , , , , , , , , , , , , , , , , , , , , , , , , , , ,Jyotshal,al-Selim
Sarah Daniels Pettit and William O. Pettit Scholarship 2023,Submitted; Complete; Complete,Denied, , , , , , , , , , , , , , , , , , , , , , , , , , , , , , , ,Shirley,al-Hariri
Sarah Daniels Pettit and William O. Pettit Scholarship 2023,Submitted; Complete; Complete; Complete,Denied, , , , , , , , , , , , , , , , , , , , , , , , , , , , , , , ,Fernanda,Leamons
Sarah Daniels Pettit and William O. Pettit Scholarship 2023,Submitted; Complete; Complete; Complete,Denied, , , , , , , , , , , , , , , , , , , , , , , , , , , , , , , ,Dean,Huerta
Sarah Daniels Pettit and William O. Pettit Scholarship 2023,Submitted; Complete; Complete,Denied, , , , , , , , , , , , , , , , , , , , , , , , , , , , , , , ,Naaifa,Cleavenger
Sarah Daniels Pettit and William O. Pettit Scholarship 2023,Submitted; Complete; Complete,Denied, , , , , , , , , , , , , , , , , , , , , , , , , , , , , , , ,Andy,Hren
Sarah Daniels Pettit and William O. Pettit Scholarship 2023,Submitted; Complete; Complete,Denied, , , , , , , , , , , , , , , , , , , , , , , , , , , , , , , ,Roderick,Chavira-Delgado
Sarah Daniels Pettit and William O. Pettit Scholarship 2023,Submitted; Complete; Complete,Denied, , , , , , , , , , , , , , , , , , , , , , , , , , , , , , , ,Kaiya,Centeno Leon
Sarah Daniels Pettit and William O. Pettit Scholarship 2023,Submitted; Complete; Complete; Complete; Complete; Complete; Complete; Complete; Complete; Complete; Complete; Complete,Follow Up(s) Assigned,4000, , , , , , , , , , , , , , , , , , , , , , , , , , ,Worcester Polytechnic Institute; Worcester Polytechnic Institute, , , ,Jathan,Kaiser
Sarah Daniels Pettit and William O. Pettit Scholarship 2023,Submitted; Complete; Complete; Complete; Complete; Complete; Complete; Complete; Complete; Complete; Complete; Complete,Follow Up(s) Assigned,4000, , , , , , , , , , , , , , , , , , , , , , , , , , ,University of Pennsylvania; University of Pennsylvania, , , ,Angela,al-Hariri
Sarah Daniels Pettit and William O. Pettit Scholarship 2023,Submitted; Complete; Complete; Complete; Complete; Complete; Complete; Complete; Complete; Complete; Complete; Complete,Follow Up(s) Assigned,4000, , , , , , , , , , , , , , , , , , , , , , , , , , ,Georgia State University; Georgia State University, , , ,Cesar,al-Ismael
Stephen G. and Jacqueline A. Economos Scholar Athlete Scholarship 2023,Submitted; Complete; Complete; Complete; Complete; Complete; Complete; Complete; Complete; Complete,Closed,1000, , , , , , , , , , , , , , , , , , , , , , , , , , , , , , ,Xai,Mackey
Stephen G. and Jacqueline A. Economos Scholar Athlete Scholarship 2023,Submitted; Complete; Complete; Complete; Complete; Complete; Complete; Complete; Complete; Complete,Denied, , , , , , , , , , , , , , , , , , , , , , , , , , , , , , , ,Souphakone,Thorne
Stephen G. and Jacqueline A. Economos Scholar Athlete Scholarship 2023,Submitted; Complete; Complete; Complete,Denied, , , , , , , , , , , , , , , , , , , , , , , , , , , , , , , ,Rahma,Rumsey
Stephen G. and Jacqueline A. Economos Scholar Athlete Scholarship 2023,Submitted; Complete; Complete,Denied, , , , , , , , , , , , , , , , , , , , , , , , , , , , , , , ,Shetarrah,Kuck
Stephen G. and Jacqueline A. Economos Scholar Athlete Scholarship 2023,Submitted; Complete; Complete,Denied, , , , , , , , , , , , , , , , , , , , , , , , , , , , , , , ,Martinealyse,Brandon
Stephen G. and Jacqueline A. Economos Scholar Athlete Scholarship 2023,Submitted; Complete; Complete; Complete; Complete; Complete; Complete; Complete; Complete,Denied, , , , , , , , , , , , , , , , , , , , , , , , , , , , , , , ,Adail,Abu-Khdeir
Stephen G. and Jacqueline A. Economos Scholar Athlete Scholarship 2023,Submitted; Complete; Complete; Complete; Complete; Complete; Complete; Complete; Complete,Denied, , , , , , , , , , , , , , , , , , , , , , , , , , , , , , , ,Karlos,el-Bey
Stephen G. and Jacqueline A. Economos Scholar Athlete Scholarship 2023,Submitted; Complete; Complete,Denied, , , , , , , , , , , , , , , , , , , , , , , , , , , , , , , ,Daizha,al-Mahdi
Stephen G. and Jacqueline A. Economos Scholar Athlete Scholarship 2023,Submitted; Complete; Complete,Denied, , , , , , , , , , , , , , , , , , , , , , , , , , , , , , , ,My,Burke
Stephen G. and Jacqueline A. Economos Scholar Athlete Scholarship 2023,Submitted; Complete; Complete,Denied, , , , , , , , , , , , , , , , , , , , , , , , , , , , , , , ,Lateefa,al-Hafeez
Stephen G. and Jacqueline A. Economos Scholar Athlete Scholarship 2023,Submitted; Complete; Complete,Denied, , , , , , , , , , , , , , , , , , , , , , , , , , , , , , , ,Mirza,al-Matar
Stephen G. and Jacqueline A. Economos Scholar Athlete Scholarship 2023,Submitted; Complete; Complete,Denied, , , , , , , , , , , , , , , , , , , , , , , , , , , , , , , ,Taiseer,Casias
Stephen G. and Jacqueline A. Economos Scholar Athlete Scholarship 2023,Submitted; Complete; Complete; Complete; Complete; Complete; Complete; Complete; Complete,Denied, , , , , , , , , , , , , , , , , , , , , , , , , , , , , , , ,Dajon,Fritter
Stephen G. and Jacqueline A. Economos Scholar Athlete Scholarship 2023,Submitted; Complete; Complete,Denied, , , , , , , , , , , , , , , , , , , , , , , , , , , , , , , ,Abhaya,Rader
Stephen G. and Jacqueline A. Economos Scholar Athlete Scholarship 2023,Submitted; Complete; Complete,Denied, , , , , , , , , , , , , , , , , , , , , , , , , , , , , , , ,Jereek,Wray Jr
Stephen G. and Jacqueline A. Economos Scholar Athlete Scholarship 2023,Submitted; Complete; Complete,Denied, , , , , , , , , , , , , , , , , , , , , , , , , , , , , , , ,Qaasim,Medina-Chavez
Stephen G. and Jacqueline A. Economos Scholar Athlete Scholarship 2023,Submitted; Complete; Complete,Denied, , , , , , , , , , , , , , , , , , , , , , , , , , , , , , , ,Picabo,Richardson
Stephen G. and Jacqueline A. Economos Scholar Athlete Scholarship 2023,Submitted; Complete; Complete,Denied, , , , , , , , , , , , , , , , , , , , , , , , , , , , , , , ,Kawthar,Byers
Stephen G. and Jacqueline A. Economos Scholar Athlete Scholarship 2023,Submitted; Complete; Complete,Denied, , , , , , , , , , , , , , , , , , , , , , , , , , , , , , , ,Reese,el-Tamer
Stephen G. and Jacqueline A. Economos Scholar Athlete Scholarship 2023,Submitted; Complete; Complete; Complete,Denied, , , , , , , , , , , , , , , , , , , , , , , , , , , , , , , ,Xai,Christensen
Stephen G. and Jacqueline A. Economos Scholar Athlete Scholarship 2023,Submitted; Complete; Complete,Denied, , , , , , , , , , , , , , , , , , , , , , , , , , , , , , , ,Rashawnya,Kuntz
Stephen G. and Jacqueline A. Economos Scholar Athlete Scholarship 2023,Submitted; Complete; Complete,Denied, , , , , , , , , , , , , , , , , , , , , , , , , , , , , , , ,De'Vonta,Watkins
Stephen G. and Jacqueline A. Economos Scholar Athlete Scholarship 2023,Submitted; Complete; Complete,Denied, , , , , , , , , , , , , , , , , , , , , , , , , , , , , , , ,Karla,Deleon
Stephen G. and Jacqueline A. Economos Scholar Athlete Scholarship 2023,Submitted; Complete; Complete; Complete; Complete; Complete; Complete; Complete; Complete,Denied, , , , , , , , , , , , , , , , , , , , , , , , , , , , , , , ,Xai,Lopez Rodriguez
Stephen G. and Jacqueline A. Economos Scholar Athlete Scholarship 2023,Submitted; Complete; Complete; Complete; Complete; Complete; Complete; Complete,Denied, , , , , , , , , , , , , , , , , , , , , , , , , , , ,Trinity College; Trinity College, , , ,Shania,al-Abed
Stephen G. and Jacqueline A. Economos Scholar Athlete Scholarship 2023,Submitted; Complete; Complete,Denied, , , , , , , , , , , , , , , , , , , , , , , , , , , , , , , ,Kanjai,Ludwig
Stephen G. and Jacqueline A. Economos Scholar Athlete Scholarship 2023,Submitted; Complete; Complete,Denied, , , , , , , , , , , , , , , , , , , , , , , , , , , , , , , ,Urwa,Mikesell
Stephen G. and Jacqueline A. Economos Scholar Athlete Scholarship 2023,Submitted; Complete; Complete,Denied, , , , , , , , , , , , , , , , , , , , , , , , , , , , , , , ,Amaan,Mccoy
Stephen G. and Jacqueline A. Economos Scholar Athlete Scholarship 2023,Submitted; Complete; Complete; Complete,Denied, , , , , , , , , , , , , , , , , , , , , , , , , , , , , , , ,Heather,Cruise
Stephen G. and Jacqueline A. Economos Scholar Athlete Scholarship 2023,Submitted; Complete; Complete,Denied, , , , , , , , , , , , , , , , , , , , , , , , , , , , , , , ,Wajeeh,Dionese
Stephen G. and Jacqueline A. Economos Scholar Athlete Scholarship 2023,Submitted; Complete; Complete,Denied, , , , , , , , , , , , , , , , , , , , , , , , , , , , , , , ,Jereek,Fajardo
Stephen G. and Jacqueline A. Economos Scholar Athlete Scholarship 2023,Submitted; Complete; Complete,Denied, , , , , , , , , , , , , , , , , , , , , , , , , , , , , , , ,Rashawnya,English
Stephen G. and Jacqueline A. Economos Scholar Athlete Scholarship 2023,Submitted; Complete; Complete,Denied, , , , , , , , , , , , , , , , , , , , , , , , , , , , , , , ,Christine,Warsame
Summers Family Education Scholarship 2023,Submitted; Complete; Complete; Complete,Closed,650, , , , , , , , , , , , , , , , , , , , , , , , , , , , , , ,Cynthia,Barnabas
Summers Family Education Scholarship 2023,Submitted; Complete; Complete,Denied, , , , , , , , , , , , , , , , , , , , , , , , , , , , , , , ,Xai,Aldapa-Humes
Summers Family Education Scholarship 2023,Submitted; Submitted; Complete,Denied, , , , , , , , , , , , , , , , , , , , , , , , , , , , , , , ,Saamyya,Tellez Gutierrez
Summers Family Education Scholarship 2023,Submitted; Complete; Complete,Denied, , , , , , , , , , , , , , , , , , , , , , , , , , , , , , , ,Tione,Deboer
Summers Family Education Scholarship 2023,Submitted; Complete; Complete,Denied, , , , , , , , , , , , , , , , , , , , , , , , , , , , , , , ,Tabeion,Minter
Summers Family Education Scholarship 2023,Submitted; Complete; Complete,Denied, , , , , , , , , , , , , , , , , , , , , , , , , , , , , , , ,Cyra,Valdez Arias
Summers Family Education Scholarship 2023,Submitted; Complete; Complete,Denied, , , , , , , , , , , , , , , , , , , , , , , , , , , , , , , ,Dajon,Fritter
Summers Family Education Scholarship 2023,Submitted; Complete; Complete; Complete,Denied, , , , , , , , , , , , , , , , , , , , , , , , , , , , , , , ,Simon,Manimtim
Summers Family Education Scholarship 2023,Submitted; Complete; Complete,Denied, , , , , , , , , , , , , , , , , , , , , , , , , , , , , , , ,Humaina,Dandridge
Sumner B. Tilton Memorial Scholarship 2023,Submitted; Complete; Complete; Complete,Denied, , , , , , , , , , , , , , , , , , , , , , , , , , , , , , , ,Angel,Luttrell
Sumner B. Tilton Memorial Scholarship 2023,Submitted; Complete; Complete,Denied, , , , , , , , , , , , , , , , , , , , , , , , , , , , , , , ,Gabriella,Ghiya
Sumner B. Tilton Memorial Scholarship 2023,Submitted; Complete; Complete; Complete,Denied, , , , , , , , , , , , , , , , , , , , , , , , , , , , , , , ,Avianha,Behrens
Sumner B. Tilton Memorial Scholarship 2023,Submitted; Complete; Complete; Complete,Denied, , , , , , , , , , , , , , , , , , , , , , , , , , , , , , , ,Najimah,Brandon
Sumner B. Tilton Memorial Scholarship 2023,Submitted; Complete; Complete; Complete,Denied, , , , , , , , , , , , , , , , , , , , , , , , , , , , , , , ,Muneefa,Ives
Sumner B. Tilton Memorial Scholarship 2023,Submitted; Complete; Complete,Denied, , , , , , , , , , , , , , , , , , , , , , , , , , , , , , , ,Shayla,Stepter
Sumner B. Tilton Memorial Scholarship 2023,Submitted; Complete; Complete; Complete; Complete; Assigned,Denied, , , , , , , , , , , , , , , , , , , , , , , , , , , ,Assumption University, , , ,Aliyya,Linear
Sumner B. Tilton Memorial Scholarship 2023,Submitted; Complete; Complete,Denied, , , , , , , , , , , , , , , , , , , , , , , , , , , , , , , ,Mazi Mathias,Watkins IV
Sumner B. Tilton Memorial Scholarship 2023,Submitted; Complete; Complete,Denied, , , , , , , , , , , , , , , , , , , , , , , , , , , , , , , ,Marcos,Mason
Sumner B. Tilton Memorial Scholarship 2023,Submitted; Complete; Complete; Complete,Denied, , , , , , , , , , , , , , , , , , , , , , , , , , , , , , , ,Whitney,Burnett
Sumner B. Tilton Memorial Scholarship 2023,Submitted; Complete; Complete,Denied, , , , , , , , , , , , , , , , , , , , , , , , , , , , , , , ,Saamyya,Rumsey
Sumner B. Tilton Memorial Scholarship 2023,Submitted; Complete; Complete; Complete,Denied, , , , , , , , , , , , , , , , , , , , , , , , , , , , , , , ,Jovon,al-Shehata
Sumner B. Tilton Memorial Scholarship 2023,Submitted; Complete; Complete,Denied, , , , , , , , , , , , , , , , , , , , , , , , , , , , , , , ,Stephen,Wada
Sumner B. Tilton Memorial Scholarship 2023,Submitted; Complete; Complete; Complete,Denied, , , , , , , , , , , , , , , , , , , , , , , , , , , , , , , ,Kortnee,al-Hariri
Sumner B. Tilton Memorial Scholarship 2023,Submitted; Complete; Complete,Denied, , , , , , , , , , , , , , , , , , , , , , , , , , , , , , , ,Cyra,el-Noor
Sumner B. Tilton Memorial Scholarship 2023,Submitted; Complete; Complete,Denied, , , , , , , , , , , , , , , , , , , , , , , , , , , , , , , ,Mariela,Dzowo
Sumner B. Tilton Memorial Scholarship 2023,Submitted; Complete; Complete; Complete,Denied, , , , , , , , , , , , , , , , , , , , , , , , , , , , , , , ,Miranda,Atolani
Sumner B. Tilton Memorial Scholarship 2023,Submitted; Complete; Complete,Denied, , , , , , , , , , , , , , , , , , , , , , , , , , , , , , , ,Aimee,Nicholson
Sumner B. Tilton Memorial Scholarship 2023,Submitted; Complete; Complete,Denied, , , , , , , , , , , , , , , , , , , , , , , , , , , , , , , ,Rian,Aldret
Sumner B. Tilton Memorial Scholarship 2023,Submitted; Complete; Complete,Denied, , , , , , , , , , , , , , , , , , , , , , , , , , , , , , , ,Gabrielle,Wong
Sumner B. Tilton Memorial Scholarship 2023,Submitted; Complete; Complete,Denied, , , , , , , , , , , , , , , , , , , , , , , , , , , , , , , ,Gianny,Aker
Sumner B. Tilton Memorial Scholarship 2023,Submitted; Complete; Complete,Denied, , , , , , , , , , , , , , , , , , , , , , , , , , , , , , , ,Lorissa,Verburg
Sumner B. Tilton Memorial Scholarship 2023,Submitted; Complete; Complete,Denied, , , , , , , , , , , , , , , , , , , , , , , , , , , , , , , ,K'Sandra,Brunson
Sumner B. Tilton Memorial Scholarship 2023,Submitted; Complete; Complete,Denied, , , , , , , , , , , , , , , , , , , , , , , , , , , , , , , ,Arghavan,Parrilla
Sumner B. Tilton Memorial Scholarship 2023,Submitted; Complete; Complete,Denied, , , , , , , , , , , , , , , , , , , , , , , , , , , , , , , ,Naazil,Centeno
Sumner B. Tilton Memorial Scholarship 2023,Submitted; Complete; Complete; Complete; Complete,Denied, , , , , , , , , , , , , , , , , , , , , , , , , , , , , , , ,Jared,Gordon
Sumner B. Tilton Memorial Scholarship 2023,Submitted; Complete; Complete,Denied, , , , , , , , , , , , , , , , , , , , , , , , , , , , , , , ,Heroki,Wong
Sumner B. Tilton Memorial Scholarship 2023,Submitted; Complete; Complete; Complete,Denied, , , , , , , , , , , , , , , , , , , , , , , , , , , , , , , ,Shadi,Natonabah
Sumner B. Tilton Memorial Scholarship 2023,Submitted; Complete; Complete; Complete,Denied, , , , , , , , , , , , , , , , , , , , , , , , , , , , , , , ,Abdul Haleem,al-Huda
Sumner B. Tilton Memorial Scholarship 2023,Submitted; Complete; Complete; Complete; Complete; Complete; Complete; Assigned,Denied, , , , , , , , , , , , , , , , , , , , , , , , , , , ,Quinsigamond Community College: Business Office, , , ,Richard,Barnabas
Sumner B. Tilton Memorial Scholarship 2023,Submitted; Complete; Complete; Complete,Denied, , , , , , , , , , , , , , , , , , , , , , , , , , , , , , , ,Fareeda,Becker
Sumner B. Tilton Memorial Scholarship 2023,Submitted; Complete; Complete,Denied, , , , , , , , , , , , , , , , , , , , , , , , , , , , , , , ,Nabeel,Kaeck
Sumner B. Tilton Memorial Scholarship 2023,Submitted; Complete; Complete; Complete; Complete; Complete; Complete; Complete,Denied, , , , , , , , , , , , , , , , , , , , , , , , , , , ,Boston College; Boston College, , , ,Saamyya,Brizuela
Sumner B. Tilton Memorial Scholarship 2023,Submitted; Complete; Complete,Denied, , , , , , , , , , , , , , , , , , , , , , , , , , , , , , , ,Roger,al-Hameed
Sumner B. Tilton Memorial Scholarship 2023,Submitted; Complete; Complete,Denied, , , , , , , , , , , , , , , , , , , , , , , , , , , , , , , ,Jyotshal,Amgalanbayar
Sumner B. Tilton Memorial Scholarship 2023,Submitted; Complete; Complete,Denied, , , , , , , , , , , , , , , , , , , , , , , , , , , , , , , ,Traivon,Petrie
Sumner B. Tilton Memorial Scholarship 2023,Submitted; Complete; Complete,Denied, , , , , , , , , , , , , , , , , , , , , , , , , , , , , , , ,Emmanuel,Montgomery
Sumner B. Tilton Memorial Scholarship 2023,Submitted; Complete; Complete,Denied, , , , , , , , , , , , , , , , , , , , , , , , , , , , , , , ,Brandyn,Darity
Sumner B. Tilton Memorial Scholarship 2023,Submitted; Complete; Complete,Denied, , , , , , , , , , , , , , , , , , , , , , , , , , , , , , , ,Allicia,al-Rehmann
Sumner B. Tilton Memorial Scholarship 2023,Submitted; Complete; Complete; Complete; Complete; Complete; Complete; Complete,Denied, , , , , , , , , , , , , , , , , , , , , , , , , , , ,Endicott College; Endicott College, , , ,Erika,Briones-Pena
Sumner B. Tilton Memorial Scholarship 2023,Submitted; Complete; Complete; Complete,Denied, , , , , , , , , , , , , , , , , , , , , , , , , , , , , , , ,Janei,Jennings
Sumner B. Tilton Memorial Scholarship 2023,Submitted; Complete; Complete,Denied, , , , , , , , , , , , , , , , , , , , , , , , , , , , , , , ,De'Vonta,Arenivar-Ruelas
Sumner B. Tilton Memorial Scholarship 2023,Submitted; Complete; Complete,Denied, , , , , , , , , , , , , , , , , , , , , , , , , , , , , , , ,Nia'Imani,Ballesteros
Sumner B. Tilton Memorial Scholarship 2023,Submitted; Complete; Complete; Complete,Denied, , , , , , , , , , , , , , , , , , , , , , , , , , , , , , , ,Manaara,Ayers
Sumner B. Tilton Memorial Scholarship 2023,Submitted; Complete; Complete; Complete,Denied, , , , , , , , , , , , , , , , , , , , , , , , , , , , , , , ,Shivani,Bliss
Sumner B. Tilton Memorial Scholarship 2023,Submitted; Complete; Complete; Complete; Complete; Complete; Complete; Complete,Denied, , , , , , , , , , , , , , , , , , , , , , , , , , , ,Worcester State University; Worcester State University, , , ,Rod,Shorty
Sumner B. Tilton Memorial Scholarship 2023,Submitted; Complete; Complete; Complete; Complete; Complete; Complete,Denied, , , , , , , , , , , , , , , , , , , , , , , , , , , ,Worcester State University, , , ,Abhaya,el-Allee
Sumner B. Tilton Memorial Scholarship 2023,Submitted; Complete; Complete; Complete; Complete,Denied, , , , , , , , , , , , , , , , , , , , , , , , , , , ,Worcester State University, , , ,Latasha,al-Guler
Sumner B. Tilton Memorial Scholarship 2023,Submitted; Complete; Complete; Complete,Denied, , , , , , , , , , , , , , , , , , , , , , , , , , , , , , , ,Kent,Clough
Sumner B. Tilton Memorial Scholarship 2023,Submitted; Complete; Complete,Denied, , , , , , , , , , , , , , , , , , , , , , , , , , , , , , , ,Yeilin,Kawal
Sumner B. Tilton Memorial Scholarship 2023,Submitted; Complete; Complete; Complete; Complete; Complete; Complete; Complete,Denied, , , , , , , , , , , , , , , , , , , , , , , , , , , ,Northeastern University; Northeastern University, , , ,Sajiyya,al-Wahab
Sumner B. Tilton Memorial Scholarship 2023,Submitted; Complete; Complete,Denied, , , , , , , , , , , , , , , , , , , , , , , , , , , , , , , ,Alton,Sage
Sumner B. Tilton Memorial Scholarship 2023,Submitted; Complete; Complete; Complete,Denied, , , , , , , , , , , , , , , , , , , , , , , , , , , , , , , ,Luke,Crane
Sumner B. Tilton Memorial Scholarship 2023,Submitted; Complete; Complete,Denied, , , , , , , , , , , , , , , , , , , , , , , , , , , , , , , ,Leisha,el-Salama
Sumner B. Tilton Memorial Scholarship 2023,Submitted; Complete; Complete,Denied, , , , , , , , , , , , , , , , , , , , , , , , , , , , , , , ,Nabeel,Renz
Sumner B. Tilton Memorial Scholarship 2023,Submitted; Complete; Complete; Complete,Denied, , , , , , , , , , , , , , , , , , , , , , , , , , , , , , , ,Wyleen,Macasinag
Sumner B. Tilton Memorial Scholarship 2023,Submitted; Complete; Complete; Complete,Denied, , , , , , , , , , , , , , , , , , , , , , , , , , , , , , , ,Norma,Hensinger II
Sumner B. Tilton Memorial Scholarship 2023,Submitted; Complete; Complete,Denied, , , , , , , , , , , , , , , , , , , , , , , , , , , , , , , ,Abdur Razzaaq,Durlin
Sumner B. Tilton Memorial Scholarship 2023,Submitted; Complete; Complete; Complete,Denied, , , , , , , , , , , , , , , , , , , , , , , , , , , , , , , ,Amoni,Tambunan
Sumner B. Tilton Memorial Scholarship 2023,Submitted; Complete; Complete,Denied, , , , , , , , , , , , , , , , , , , , , , , , , , , , , , , ,Jyotshal,Hulbert
Sumner B. Tilton Memorial Scholarship 2023,Submitted; Complete; Complete,Denied, , , , , , , , , , , , , , , , , , , , , , , , , , , , , , , ,Roger,Pavisook
Sumner B. Tilton Memorial Scholarship 2023,Submitted; Complete; Complete,Denied, , , , , , , , , , , , , , , , , , , , , , , , , , , , , , , ,Rian,Legarreta
Sumner B. Tilton Memorial Scholarship 2023,Submitted; Complete; Complete; Complete,Denied, , , , , , , , , , , , , , , , , , , , , , , , , , , , , , , ,Emilio,Flint
Sumner B. Tilton Memorial Scholarship 2023,Submitted; Complete; Complete; Complete,Denied, , , , , , , , , , , , , , , , , , , , , , , , , , , , , , , ,Sheena,al-Pashia
Sumner B. Tilton Memorial Scholarship 2023,Submitted; Complete; Complete,Denied, , , , , , , , , , , , , , , , , , , , , , , , , , , , , , , ,Ireland,No
Sumner B. Tilton Memorial Scholarship 2023,Submitted; Complete; Complete; Complete; Complete; Complete,Denied, , , , , , , , , , , , , , , , , , , , , , , , , , , ,Worcester State University; Worcester State University, , , ,Shasta,al-Zaman
Sumner B. Tilton Memorial Scholarship 2023,Submitted; Complete; Complete; Complete,Denied, , , , , , , , , , , , , , , , , , , , , , , , , , , , , , , ,Samira,el-Sharif
Sumner B. Tilton Memorial Scholarship 2023,Submitted; Complete; Complete; Complete; Complete; Complete; Complete; Complete,Denied, , , , , , , , , , , , , , , , , , , , , , , , , , , ,Massachusetts College of Art and Design; Massachusetts College of Art and Design, , , ,Dayshawn,Griffie
Sumner B. Tilton Memorial Scholarship 2023,Submitted; Complete; Complete,Denied, , , , , , , , , , , , , , , , , , , , , , , , , , , , , , , ,Dhaafir,el-Attar
Sumner B. Tilton Memorial Scholarship 2023,Submitted; Complete; Complete,Denied, , , , , , , , , , , , , , , , , , , , , , , , , , , , , , , ,Lateefa,al-Hafeez
Sumner B. Tilton Memorial Scholarship 2023,Submitted; Complete; Complete; Complete; Complete,Denied, , , , , , , , , , , , , , , , , , , , , , , , , , , , , , , ,Chase,Brenner
Sumner B. Tilton Memorial Scholarship 2023,Submitted; Complete; Complete; Complete,Denied, , , , , , , , , , , , , , , , , , , , , , , , , , , , , , , ,Leilani,Swimmer
Sumner B. Tilton Memorial Scholarship 2023,Submitted; Complete; Complete; Complete,Denied, , , , , , , , , , , , , , , , , , , , , , , , , , , , , , , ,Marcanthony,Good Wind
Sumner B. Tilton Memorial Scholarship 2023,Submitted; Complete; Complete,Denied, , , , , , , , , , , , , , , , , , , , , , , , , , , , , , , ,Mirza,al-Matar
Sumner B. Tilton Memorial Scholarship 2023,Submitted; Complete; Complete; Complete,Denied, , , , , , , , , , , , , , , , , , , , , , , , , , , , , , , ,Qaasim,Retana
Sumner B. Tilton Memorial Scholarship 2023,Submitted; Complete; Complete,Denied, , , , , , , , , , , , , , , , , , , , , , , , , , , , , , , ,Khongmong,Majid
Sumner B. Tilton Memorial Scholarship 2023,Submitted; Complete; Complete,Denied, , , , , , , , , , , , , , , , , , , , , , , , , , , , , , , ,Marvon,Hren
Sumner B. Tilton Memorial Scholarship 2023,Submitted; Complete; Complete,Denied, , , , , , , , , , , , , , , , , , , , , , , , , , , , , , , ,Howe,Trinh
Sumner B. Tilton Memorial Scholarship 2023,Submitted; Complete; Complete,Denied, , , , , , , , , , , , , , , , , , , , , , , , , , , , , , , ,Jase,Howlingwolf
Sumner B. Tilton Memorial Scholarship 2023,Submitted; Complete; Complete,Denied, , , , , , , , , , , , , , , , , , , , , , , , , , , , , , , ,Daizha,Oh
Sumner B. Tilton Memorial Scholarship 2023,Submitted; Complete; Complete,Denied, , , , , , , , , , , , , , , , , , , , , , , , , , , , , , , ,Mufeeda,Tagawa
Sumner B. Tilton Memorial Scholarship 2023,Submitted; Complete; Complete,Denied, , , , , , , , , , , , , , , , , , , , , , , , , , , , , , , ,Xai,Ray
Sumner B. Tilton Memorial Scholarship 2023,Submitted; Complete; Complete,Denied, , , , , , , , , , , , , , , , , , , , , , , , , , , , , , , ,Michal,Gould
Sumner B. Tilton Memorial Scholarship 2023,Submitted; Complete; Complete,Denied, , , , , , , , , , , , , , , , , , , , , , , , , , , , , , , ,Trina,Atkins
Sumner B. Tilton Memorial Scholarship 2023,Submitted; Complete; Complete,Denied, , , , , , , , , , , , , , , , , , , , , , , , , , , , , , , ,Martin,Glasper
Sumner B. Tilton Memorial Scholarship 2023,Submitted; Complete; Complete,Denied, , , , , , , , , , , , , , , , , , , , , , , , , , , , , , , ,Monique,Duong
Sumner B. Tilton Memorial Scholarship 2023,Submitted; Complete; Complete,Denied, , , , , , , , , , , , , , , , , , , , , , , , , , , , , , , ,Russell,Lombardi-Marsh
Sumner B. Tilton Memorial Scholarship 2023,Submitted; Complete; Complete,Denied, , , , , , , , , , , , , , , , , , , , , , , , , , , , , , , ,Margaret,Warnes
Sumner B. Tilton Memorial Scholarship 2023,Submitted; Complete; Complete; Complete; Complete; Complete; Complete; Complete; Complete,Denied, , , , , , , , , , , , , , , , , , , , , , , , , , , ,Other; Wentworth Institute of Technology,Wentworth Institute of Technology, , ,Shakoora,Lockhart
Sumner B. Tilton Memorial Scholarship 2023,Submitted; Complete; Complete,Denied, , , , , , , , , , , , , , , , , , , , , , , , , , , , , , , ,Nyandi,al-Jamil
Sumner B. Tilton Memorial Scholarship 2023,Submitted; Complete; Complete; Complete; Complete; Complete; Complete; Complete,Denied, , , , , , , , , , , , , , , , , , , , , , , , , , , ,Gordon College; Gordon College, , , ,Jayelin,Rad
Sumner B. Tilton Memorial Scholarship 2023,Submitted; Complete; Complete; Complete; Complete; Complete; Complete; Complete,Denied, , , , , , , , , , , , , , , , , , , , , , , , , , , ,University of Massachusetts at Amherst; University of Massachusetts at Amherst, , , ,Fernando,al-Bashara
Sumner B. Tilton Memorial Scholarship 2023,Submitted; Complete; Complete,Denied, , , , , , , , , , , , , , , , , , , , , , , , , , , , , , , ,Calandra,al-Habib
Sumner B. Tilton Memorial Scholarship 2023,Submitted; Complete; Complete,Denied, , , , , , , , , , , , , , , , , , , , , , , , , , , , , , , ,Najeem,Field
Sumner B. Tilton Memorial Scholarship 2023,Submitted; Complete; Complete; Complete; Complete; Complete; Complete; Complete,Denied, , , , , , , , , , , , , , , , , , , , , , , , , , , ,Western New England University; Western New England University, , , ,Kaarim,Miller
Sumner B. Tilton Memorial Scholarship 2023,Submitted; Complete; Complete,Denied, , , , , , , , , , , , , , , , , , , , , , , , , , , , , , , ,Westley,Barros
Sumner B. Tilton Memorial Scholarship 2023,Submitted; Complete; Complete,Denied, , , , , , , , , , , , , , , , , , , , , , , , , , , , , , , ,Chrystina,Gorman
Sumner B. Tilton Memorial Scholarship 2023,Submitted; Complete; Complete; Complete,Denied, , , , , , , , , , , , , , , , , , , , , , , , , , , , , , , ,Camrey,al-Khalili
Sumner B. Tilton Memorial Scholarship 2023,Submitted; Complete; Complete; Complete,Denied, , , , , , , , , , , , , , , , , , , , , , , , , , , , , , , ,Roger,Carrera
Sumner B. Tilton Memorial Scholarship 2023,Submitted; Complete; Complete,Denied, , , , , , , , , , , , , , , , , , , , , , , , , , , , , , , ,Jesse,Abdella
Sumner B. Tilton Memorial Scholarship 2023,Submitted; Complete; Complete,Denied, , , , , , , , , , , , , , , , , , , , , , , , , , , , , , , ,Saajid,Dickey
Sumner B. Tilton Memorial Scholarship 2023,Submitted; Complete; Complete,Denied, , , , , , , , , , , , , , , , , , , , , , , , , , , , , , , ,Abhaya,Rader
Sumner B. Tilton Memorial Scholarship 2023,Submitted; Complete; Complete,Denied, , , , , , , , , , , , , , , , , , , , , , , , , , , , , , , ,Jereek,Wray Jr
Sumner B. Tilton Memorial Scholarship 2023,Submitted; Complete; Complete; Complete; Complete; Complete,Denied, , , , , , , , , , , , , , , , , , , , , , , , , , , ,Worcester State University; Worcester State University, , , ,Muhjar,Hart
Sumner B. Tilton Memorial Scholarship 2023,Submitted; Complete; Complete; Complete,Denied, , , , , , , , , , , , , , , , , , , , , , , , , , , , , , , ,Mutadi,al-Salek
Sumner B. Tilton Memorial Scholarship 2023,Submitted; Complete; Complete; Complete,Denied, , , , , , , , , , , , , , , , , , , , , , , , , , , , , , , ,Miles,Butler
Sumner B. Tilton Memorial Scholarship 2023,Submitted; Complete; Complete,Denied, , , , , , , , , , , , , , , , , , , , , , , , , , , , , , , ,Mashal,Domingo
Sumner B. Tilton Memorial Scholarship 2023,Submitted; Complete; Complete; Complete,Denied, , , , , , , , , , , , , , , , , , , , , , , , , , , , , , , ,Marysa,Vickles
Sumner B. Tilton Memorial Scholarship 2023,Submitted; Complete; Complete,Denied, , , , , , , , , , , , , , , , , , , , , , , , , , , , , , , ,Malissa,Pena
Sumner B. Tilton Memorial Scholarship 2023,Submitted; Complete; Complete,Denied, , , , , , , , , , , , , , , , , , , , , , , , , , , , , , , ,Humaira,el-Obeid
Sumner B. Tilton Memorial Scholarship 2023,Submitted; Complete; Complete; Complete,Denied, , , , , , , , , , , , , , , , , , , , , , , , , , , , , , , ,Cheno,Yates
Sumner B. Tilton Memorial Scholarship 2023,Submitted; Complete; Complete; Complete; Complete; Complete; Complete; Complete,Denied, , , , , , , , , , , , , , , , , , , , , , , , , , , ,Providence College; Providence College, , , ,Matias,Herrington
Sumner B. Tilton Memorial Scholarship 2023,Submitted; Complete; Complete; Complete; Complete; Draft,Denied, , , , , , , , , , , , , , , , , , , , , , , , , , , ,University of Massachusetts at Amherst, , , ,Trina,el-Sabet
Sumner B. Tilton Memorial Scholarship 2023,Submitted; Complete; Complete,Denied, , , , , , , , , , , , , , , , , , , , , , , , , , , , , , , ,Nabeeh,Berumen
Sumner B. Tilton Memorial Scholarship 2023,Submitted; Complete; Complete,Denied, , , , , , , , , , , , , , , , , , , , , , , , , , , , , , , ,Cole,Sawyer
Sumner B. Tilton Memorial Scholarship 2023,Submitted; Complete; Complete; Complete; Complete; Complete; Complete; Complete,Denied, , , , , , , , , , , , , , , , , , , , , , , , , , , ,University of Connecticut; University of Connecticut, , , ,Lateefa,Camarena-Cruz
Sumner B. Tilton Memorial Scholarship 2023,Submitted; Complete; Complete; Complete,Denied, , , , , , , , , , , , , , , , , , , , , , , , , , , , , , , ,Faai Z,Nye
Sumner B. Tilton Memorial Scholarship 2023,Submitted; Complete; Complete,Denied, , , , , , , , , , , , , , , , , , , , , , , , , , , , , , , ,Alex,Valbrun
Sumner B. Tilton Memorial Scholarship 2023,Submitted; Complete; Complete,Denied, , , , , , , , , , , , , , , , , , , , , , , , , , , , , , , ,Monolito,Gandarilla
Sumner B. Tilton Memorial Scholarship 2023,Submitted; Complete; Complete,Denied, , , , , , , , , , , , , , , , , , , , , , , , , , , , , , , ,Aimee,Slife
Sumner B. Tilton Memorial Scholarship 2023,Submitted; Complete; Complete,Denied, , , , , , , , , , , , , , , , , , , , , , , , , , , , , , , ,Kursh,Lovan
Sumner B. Tilton Memorial Scholarship 2023,Submitted; Complete; Complete,Denied, , , , , , , , , , , , , , , , , , , , , , , , , , , , , , , ,Moises,Maynes
Sumner B. Tilton Memorial Scholarship 2023,Submitted; Complete; Complete; Complete,Denied, , , , , , , , , , , , , , , , , , , , , , , , , , , , , , , ,Arafaat,Verburg
Sumner B. Tilton Memorial Scholarship 2023,Submitted; Complete; Complete,Denied, , , , , , , , , , , , , , , , , , , , , , , , , , , , , , , ,Armonno,Verburg
Sumner B. Tilton Memorial Scholarship 2023,Submitted; Complete; Complete; Complete,Denied, , , , , , , , , , , , , , , , , , , , , , , , , , , , , , , ,Brendon,Channel
Sumner B. Tilton Memorial Scholarship 2023,Submitted; Complete; Complete; Complete; Complete; Complete; Complete; Complete,Denied, , , , , , , , , , , , , , , , , , , , , , , , , , , ,Worcester Polytechnic Institute; Worcester Polytechnic Institute, , , ,Jathan,Kaiser
Sumner B. Tilton Memorial Scholarship 2023,Submitted; Complete; Complete,Denied, , , , , , , , , , , , , , , , , , , , , , , , , , , , , , , ,Xai,Verburg
Sumner B. Tilton Memorial Scholarship 2023,Submitted; Complete; Complete,Denied, , , , , , , , , , , , , , , , , , , , , , , , , , , , , , , ,Xavier,Alvarado Menchaca
Sumner B. Tilton Memorial Scholarship 2023,Submitted; Complete; Complete; Complete,Denied, , , , , , , , , , , , , , , , , , , , , , , , , , , , , , , ,Marcello,Compton
Sumner B. Tilton Memorial Scholarship 2023,Submitted; Complete; Complete,Denied, , , , , , , , , , , , , , , , , , , , , , , , , , , , , , , ,Jase,el-Hashim
Sumner B. Tilton Memorial Scholarship 2023,Submitted; Complete; Complete,Denied, , , , , , , , , , , , , , , , , , , , , , , , , , , , , , , ,Armonno,Carson
Sumner B. Tilton Memorial Scholarship 2023,Submitted; Complete; Complete,Denied, , , , , , , , , , , , , , , , , , , , , , , , , , , , , , , ,Reese,el-Tamer
Sumner B. Tilton Memorial Scholarship 2023,Submitted; Complete; Complete; Complete,Denied, , , , , , , , , , , , , , , , , , , , , , , , , , , , , , , ,Xai,Christensen
Sumner B. Tilton Memorial Scholarship 2023,Submitted; Complete; Complete,Denied, , , , , , , , , , , , , , , , , , , , , , , , , , , , , , , ,Waleed,Bustamante
Sumner B. Tilton Memorial Scholarship 2023,Submitted; Complete; Complete,Denied, , , , , , , , , , , , , , , , , , , , , , , , , , , , , , , ,De'Vonta,Watkins
Sumner B. Tilton Memorial Scholarship 2023,Submitted; Complete; Complete; Complete,Denied, , , , , , , , , , , , , , , , , , , , , , , , , , , , , , , ,Saamyya,Khan
Sumner B. Tilton Memorial Scholarship 2023,Submitted; Complete; Complete,Denied, , , , , , , , , , , , , , , , , , , , , , , , , , , , , , , ,Naaji,Rosencrans
Sumner B. Tilton Memorial Scholarship 2023,Submitted; Complete; Complete,Denied, , , , , , , , , , , , , , , , , , , , , , , , , , , , , , , ,Major,Loera Lomeli
Sumner B. Tilton Memorial Scholarship 2023,Submitted; Complete; Complete; Complete,Denied, , , , , , , , , , , , , , , , , , , , , , , , , , , , , , , ,Kalleb,Balogh
Sumner B. Tilton Memorial Scholarship 2023,Submitted; Complete; Complete; Complete,Denied, , , , , , , , , , , , , , , , , , , , , , , , , , , , , , , ,Rhiannon,el-Bacho
Sumner B. Tilton Memorial Scholarship 2023,Submitted; Complete; Complete; Complete; Complete; Complete; Complete; Complete,Denied, , , , , , , , , , , , , , , , , , , , , , , , , , , ,Rensselaer Polytechnic Institute; Rensselaer Polytechnic Institute, , , ,Kezia,Huston-Harkin
Sumner B. Tilton Memorial Scholarship 2023,Submitted; Complete; Complete; Complete,Denied, , , , , , , , , , , , , , , , , , , , , , , , , , , , , , , ,Armonno,Patterson
Sumner B. Tilton Memorial Scholarship 2023,Submitted; Complete; Complete,Denied, , , , , , , , , , , , , , , , , , , , , , , , , , , , , , , ,Mahbooba,al-Shaikh
Sumner B. Tilton Memorial Scholarship 2023,Submitted; Complete; Complete,Denied, , , , , , , , , , , , , , , , , , , , , , , , , , , , , , , ,Uriah,al-Uddin
Sumner B. Tilton Memorial Scholarship 2023,Submitted; Complete; Complete,Denied, , , , , , , , , , , , , , , , , , , , , , , , , , , , , , , ,Sterling,Tong
Sumner B. Tilton Memorial Scholarship 2023,Submitted; Complete; Complete,Denied, , , , , , , , , , , , , , , , , , , , , , , , , , , , , , , ,Khongmong,Sargent
Sumner B. Tilton Memorial Scholarship 2023,Submitted; Complete; Complete,Denied, , , , , , , , , , , , , , , , , , , , , , , , , , , , , , , ,Xai,Lopez Rodriguez
Sumner B. Tilton Memorial Scholarship 2023,Submitted; Complete; Complete,Denied, , , , , , , , , , , , , , , , , , , , , , , , , , , , , , , ,Kristal,al-Ismael
Sumner B. Tilton Memorial Scholarship 2023,Submitted; Complete; Complete; Complete,Denied, , , , , , , , , , , , , , , , , , , , , , , , , , , , , , , ,Markangelo,Fragozo Verdugo
Sumner B. Tilton Memorial Scholarship 2023,Submitted; Complete; Complete,Denied, , , , , , , , , , , , , , , , , , , , , , , , , , , , , , , ,Shasta,Miranda
Sumner B. Tilton Memorial Scholarship 2023,Submitted; Complete; Complete,Denied, , , , , , , , , , , , , , , , , , , , , , , , , , , , , , , ,Suhaa,Hillsmon
Sumner B. Tilton Memorial Scholarship 2023,Submitted; Submitted; Complete,Denied, , , , , , , , , , , , , , , , , , , , , , , , , , , , , , , ,Idrianna,el-Qazi
Sumner B. Tilton Memorial Scholarship 2023,Submitted; Complete; Complete,Denied, , , , , , , , , , , , , , , , , , , , , , , , , , , , , , , ,Markangelo,Mccreary
Sumner B. Tilton Memorial Scholarship 2023,Submitted; Complete; Complete,Denied, , , , , , , , , , , , , , , , , , , , , , , , , , , , , , , ,Kanjai,Ludwig
Sumner B. Tilton Memorial Scholarship 2023,Submitted; Complete; Complete,Denied, , , , , , , , , , , , , , , , , , , , , , , , , , , , , , , ,Andres,Norman-Wallace
Sumner B. Tilton Memorial Scholarship 2023,Submitted; Complete; Complete,Denied, , , , , , , , , , , , , , , , , , , , , , , , , , , , , , , ,Ivan,Gandarilla
Sumner B. Tilton Memorial Scholarship 2023,Submitted; Complete; Complete,Denied, , , , , , , , , , , , , , , , , , , , , , , , , , , , , , , ,Karlos,Moua
Sumner B. Tilton Memorial Scholarship 2023,Submitted; Complete; Complete; Complete,Denied, , , , , , , , , , , , , , , , , , , , , , , , , , , , , , , ,Kitana,Ault
Sumner B. Tilton Memorial Scholarship 2023,Submitted; Complete; Complete,Denied, , , , , , , , , , , , , , , , , , , , , , , , , , , , , , , ,Jaymie Leigh,Mamdu
Sumner B. Tilton Memorial Scholarship 2023,Submitted; Complete; Complete,Denied, , , , , , , , , , , , , , , , , , , , , , , , , , , , , , , ,Ignacio,Vega
Sumner B. Tilton Memorial Scholarship 2023,Submitted; Complete; Complete; Complete; Complete; Complete; Complete; Complete,Denied, , , , , , , , , , , , , , , , , , , , , , , , , , , ,University of Pennsylvania; University of Pennsylvania, , , ,Angela,al-Hariri
Sumner B. Tilton Memorial Scholarship 2023,Submitted; Complete; Complete; Complete; Complete; Complete; Complete; Complete,Denied, , , , , , , , , , , , , , , , , , , , , , , , , , , ,Bentley University; Bentley University, , , ,Konda,al-Hariri
Sumner B. Tilton Memorial Scholarship 2023,Submitted; Complete; Complete,Denied, , , , , , , , , , , , , , , , , , , , , , , , , , , , , , , ,Kianna,Arguello
Sumner B. Tilton Memorial Scholarship 2023,Submitted; Complete; Complete,Denied, , , , , , , , , , , , , , , , , , , , , , , , , , , , , , , ,Conner,Chestek
Sumner B. Tilton Memorial Scholarship 2023,Submitted; Complete; Complete,Denied, , , , , , , , , , , , , , , , , , , , , , , , , , , , , , , ,Rahma,el-Kaleel
Sumner B. Tilton Memorial Scholarship 2023,Submitted; Complete; Complete; Complete,Denied, , , , , , , , , , , , , , , , , , , , , , , , , , , , , , , ,Howard,Dickey
Sumner B. Tilton Memorial Scholarship 2023,Submitted; Complete; Complete; Complete,Denied, , , , , , , , , , , , , , , , , , , , , , , , , , , , , , , ,Heather,Cruise
Sumner B. Tilton Memorial Scholarship 2023,Submitted; Complete; Complete,Denied, , , , , , , , , , , , , , , , , , , , , , , , , , , , , , , ,Tobias,Woy
Sumner B. Tilton Memorial Scholarship 2023,Submitted; Complete; Complete,Denied, , , , , , , , , , , , , , , , , , , , , , , , , , , , , , , ,Wajeeh,Dionese
Sumner B. Tilton Memorial Scholarship 2023,Submitted; Complete; Complete,Denied, , , , , , , , , , , , , , , , , , , , , , , , , , , , , , , ,Ekom,Rosales
Sumner B. Tilton Memorial Scholarship 2023,Submitted; Complete; Complete,Denied, , , , , , , , , , , , , , , , , , , , , , , , , , , , , , , ,Luke,Flores-Rodriguez
Sumner B. Tilton Memorial Scholarship 2023,Submitted; Complete; Complete,Denied, , , , , , , , , , , , , , , , , , , , , , , , , , , , , , , ,Humaidaan,el-Khalaf
Sumner B. Tilton Memorial Scholarship 2023,Submitted; Complete; Complete; Complete,Denied, , , , , , , , , , , , , , , , , , , , , , , , , , , , , , , ,Simon,Manimtim
Sumner B. Tilton Memorial Scholarship 2023,Submitted; Complete; Complete,Denied, , , , , , , , , , , , , , , , , , , , , , , , , , , , , , , ,Survoy,Billie
Sumner B. Tilton Memorial Scholarship 2023,Submitted; Complete; Complete; Complete; Complete; Complete; Complete; Complete,Denied, , , , , , , , , , , , , , , , , , , , , , , , , , , ,University of Michigan at Ann Arbor; University of Michigan at Ann Arbor, , , ,Roger,el-Masri
Sumner B. Tilton Memorial Scholarship 2023,Submitted; Complete; Complete,Denied, , , , , , , , , , , , , , , , , , , , , , , , , , , , , , , ,Ohitike,Terry
Sumner B. Tilton Memorial Scholarship 2023,Submitted; Complete; Complete; Complete,Denied, , , , , , , , , , , , , , , , , , , , , , , , , , , , , , , ,Akeem,Rodrukkwun
Sumner B. Tilton Memorial Scholarship 2023,Submitted; Complete; Complete,Denied, , , , , , , , , , , , , , , , , , , , , , , , , , , , , , , ,Chykeiljah,Sarsam
Sumner B. Tilton Memorial Scholarship 2023,Submitted; Complete; Complete; Complete,Denied, , , , , , , , , , , , , , , , , , , , , , , , , , , , , , , ,Jyotshal,al-Selim
Sumner B. Tilton Memorial Scholarship 2023,Submitted; Complete; Complete,Denied, , , , , , , , , , , , , , , , , , , , , , , , , , , , , , , ,Khongmong,Flowers
Sumner B. Tilton Memorial Scholarship 2023,Submitted; Complete; Complete,Denied, , , , , , , , , , , , , , , , , , , , , , , , , , , , , , , ,Dajon,Mekonnen
Sumner B. Tilton Memorial Scholarship 2023,Submitted; Complete; Complete,Denied, , , , , , , , , , , , , , , , , , , , , , , , , , , , , , , ,Shirley,al-Hariri
Sumner B. Tilton Memorial Scholarship 2023,Submitted; Complete; Complete,Denied, , , , , , , , , , , , , , , , , , , , , , , , , , , , , , , ,Miriah,al-Rashed
Sumner B. Tilton Memorial Scholarship 2023,Submitted; Complete; Complete; Complete; Complete; Complete; Complete; Complete,Denied, , , , , , , , , , , , , , , , , , , , , , , , , , , ,Georgia State University; Georgia State University, , , ,Cesar,al-Ismael
Sumner B. Tilton Memorial Scholarship 2023,Submitted; Complete; Complete; Complete,Denied, , , , , , , , , , , , , , , , , , , , , , , , , , , , , , , ,Fernanda,Leamons
Sumner B. Tilton Memorial Scholarship 2023,Submitted; Complete; Complete; Complete,Denied, , , , , , , , , , , , , , , , , , , , , , , , , , , , , , , ,Ivan,Deleon-Rodriguez
Sumner B. Tilton Memorial Scholarship 2023,Submitted; Complete; Complete,Denied, , , , , , , , , , , , , , , , , , , , , , , , , , , , , , , ,Mutasim,Temaat
Sumner B. Tilton Memorial Scholarship 2023,Submitted; Complete; Complete,Denied, , , , , , , , , , , , , , , , , , , , , , , , , , , , , , , ,Chiana,Lowe
Sumner B. Tilton Memorial Scholarship 2023,Submitted; Complete; Complete,Denied, , , , , , , , , , , , , , , , , , , , , , , , , , , , , , , ,Enrico,Montgomery
Sumner B. Tilton Memorial Scholarship 2023,Submitted; Complete; Complete,Denied, , , , , , , , , , , , , , , , , , , , , , , , , , , , , , , ,India,Encinias
Sumner B. Tilton Memorial Scholarship 2023,Submitted; Complete; Complete,Denied, , , , , , , , , , , , , , , , , , , , , , , , , , , , , , , ,Hamdoona,Hyden-Terry
Sumner B. Tilton Memorial Scholarship 2023,Submitted; Complete; Complete,Denied, , , , , , , , , , , , , , , , , , , , , , , , , , , , , , , ,Sherman,Munguia
Sumner B. Tilton Memorial Scholarship 2023,Submitted; Complete; Complete,Denied, , , , , , , , , , , , , , , , , , , , , , , , , , , , , , , ,Christine,Warsame
Sumner B. Tilton Memorial Scholarship 2023,Submitted; Complete; Complete; Complete; Complete; Complete; Complete; Complete,Denied, , , , , , , , , , , , , , , , , , , , , , , , , , , ,Other; Other,Fashion Institute of Technology ; FIT, , ,Karan,Gandarilla
Sumner B. Tilton Memorial Scholarship 2023,Submitted; Complete; Complete,Denied, , , , , , , , , , , , , , , , , , , , , , , , , , , , , , , ,Tevin,al-Hariri
Sumner B. Tilton Memorial Scholarship 2023,Submitted; Complete; Complete,Denied, , , , , , , , , , , , , , , , , , , , , , , , , , , , , , , ,Shabeeba,Tarr
Sumner B. Tilton Memorial Scholarship 2023,Submitted; Complete; Complete,Denied, , , , , , , , , , , , , , , , , , , , , , , , , , , , , , , ,Roderick,Chavira-Delgado
Sumner B. Tilton Memorial Scholarship 2023,Submitted; Complete; Complete,Denied, , , , , , , , , , , , , , , , , , , , , , , , , , , , , , , ,Shabeeba,Marquardt
Sumner B. Tilton Memorial Scholarship 2023,Submitted; Complete; Complete,Denied, , , , , , , , , , , , , , , , , , , , , , , , , , , , , , , ,Julien,Chavez Salvador
Sumner B. Tilton Memorial Scholarship 2023,Submitted; Complete; Complete,Denied, , , , , , , , , , , , , , , , , , , , , , , , , , , , , , , ,Shayla,al-Sylla
Sumner B. Tilton Memorial Scholarship 2023,Submitted; Complete; Complete; Complete; Complete; Complete; Complete; Complete,Denied, , , , , , , , , , , , , , , , , , , , , , , , , , , ,Hamilton College; Hamilton College, , , ,My,Castorena
Sumner B. Tilton Memorial Scholarship 2023,Submitted; Complete; Complete,Denied, , , , , , , , , , , , , , , , , , , , , , , , , , , , , , , ,Danny,Miera
Sumner B. Tilton Memorial Scholarship 2023,Submitted; Complete; Complete,Denied, , , , , , , , , , , , , , , , , , , , , , , , , , , , , , , ,Insaaf,Neithercut
Sumner B. Tilton Memorial Scholarship 2023,Submitted; Complete; Complete,Denied, , , , , , , , , , , , , , , , , , , , , , , , , , , , , , , ,Tien,Ehrlich
Sumner B. Tilton Memorial Scholarship 2023,Submitted; Complete; Complete,Denied, , , , , , , , , , , , , , , , , , , , , , , , , , , , , , , ,Janei,Florez
Sumner B. Tilton Memorial Scholarship 2023,Submitted; Complete; Complete; Complete,Denied, , , , , , , , , , , , , , , , , , , , , , , , , , , , , , , ,Abhaya,Browning
Sumner B. Tilton Memorial Scholarship 2023,Submitted; Complete; Complete,Denied, , , , , , , , , , , , , , , , , , , , , , , , , , , , , , , ,Malynda,Dykstra
Sumner B. Tilton Memorial Scholarship 2023,Submitted; Complete; Complete; Complete; Complete; Complete; Complete; Complete; Complete; Complete; Complete; Complete; Complete,Follow Up(s) Assigned,4000, , , , , , , , , , , , , , , , , , , , , , , , , , ,Boston College; Boston College, , , ,Tiffany,Saidy
Sumner B. Tilton Memorial Scholarship 2023,Submitted; Complete; Complete; Complete; Complete; Complete; Complete; Complete; Complete; Complete; Complete; Complete; Complete,Follow Up(s) Assigned,3000, , , , , , , , , , , , , , , , , , , , , , , , , , ,Other; Other,Carnegie Mellon University; Carnegie Mellon University, , ,Hamad,el-Kader
Sumner B. Tilton Memorial Scholarship 2023,Submitted; Complete; Complete; Complete; Complete; Complete; Complete; Complete; Complete; Complete; Complete; Complete; Complete,Follow Up(s) Assigned,4000, , , , , , , , , , , , , , , , , , , , , , , , , , ,Cornell University; Cornell University, , , ,Marquis,Dickey
Sumner B. Tilton Memorial Scholarship 2023,Submitted; Complete; Complete; Complete; Complete; Complete; Complete; Complete; Complete; Complete; Complete; Complete; Complete,Follow Up(s) Assigned,3000, , , , , , , , , , , , , , , , , , , , , , , , , , ,Boston University; Boston University, , , ,Xavia,Mccarty
Sumner B. Tilton Memorial Scholarship 2023,Submitted; Complete; Complete; Complete; Complete; Complete; Complete; Complete; Complete; Complete; Complete; Complete; Submitted,Follow Up(s) Assigned,4000, , , , , , , , , , , , , , , , , , , , , , , , , , ,Other; Other,Stanford University, , ,Will,el-Fayad
Sumner B. Tilton Memorial Scholarship 2023,Submitted; Complete; Complete; Complete; Complete; Complete; Complete; Complete; Complete; Complete; Complete; Complete; Complete,Follow Up(s) Assigned,4000, , , , , , , , , , , , , , , , , , , , , , , , , , ,Cornell University; Cornell University, , , ,Roger,el-Vaziri
Sumner B. Tilton Memorial Scholarship 2023,Submitted; Complete; Complete; Complete; Complete; Complete; Complete; Complete; Complete; Complete; Complete; Complete; Complete,Follow Up(s) Assigned,4000, , , , , , , , , , , , , , , , , , , , , , , , , , ,Other; Other,Columbia University ; Columbia University in the City of N.Y.C., , ,Dezmond,Michell
Sumner B. Tilton Memorial Scholarship 2023,Submitted; Complete; Complete; Complete; Complete; Complete; Complete; Complete; Complete; Complete; Complete; Complete; Complete,Follow Up(s) Assigned,3000, , , , , , , , , , , , , , , , , , , , , , , , , , ,Other; Other,Northwestern University; Northwestern University, , ,Tamanna,Larez
Sumner B. Tilton Memorial Scholarship 2023,Submitted; Complete; Complete; Complete; Complete; Complete; Complete; Complete; Complete; Complete; Complete; Complete; Complete,Follow Up(s) Assigned,4000, , , , , , , , , , , , , , , , , , , , , , , , , , ,Boston College; Boston College, , , ,Murshid,el-Mohammadi
Sumner B. Tilton Memorial Scholarship 2023,Submitted; Complete; Complete; Complete; Complete; Complete; Complete; Complete; Complete; Complete; Complete; Complete; Complete,Follow Up(s) Assigned,3000, , , , , , , , , , , , , , , , , , , , , , , , , , ,Boston University; Boston University, , , ,Magdalena,Gaskins
Swedish National Federation Scholarship 2023,Submitted; Complete; Complete; Complete; Complete; Complete; Complete; Complete; Complete; Complete; Complete,Closed,1000, , , , , , , , , , , , , , , , , , , , , , , , , , ,Springfield College; Springfield College, , , ,Maria Elena,Kytle
Swedish National Federation Scholarship 2023,Submitted; Complete; Complete,Denied, , , , , , , , , , , , , , , , , , , , , , , , , , , , , , , ,Stephen,Wada
Swedish National Federation Scholarship 2023,Submitted; Complete; Complete,Denied, , , , , , , , , , , , , , , , , , , , , , , , , , , , , , , ,Mariela,Dzowo
Swedish National Federation Scholarship 2023,Submitted; Complete; Complete,Denied, , , , , , , , , , , , , , , , , , , , , , , , , , , , , , , ,Catarina,Diggles
Swedish National Federation Scholarship 2023,Submitted; Complete; Complete,Denied, , , , , , , , , , , , , , , , , , , , , , , , , , , , , , , ,Martinealyse,Brandon
Swedish National Federation Scholarship 2023,Submitted; Complete; Complete,Denied, , , , , , , , , , , , , , , , , , , , , , , , , , , , , , , ,Marion,Nedd
Swedish National Federation Scholarship 2023,Submitted; Complete; Complete; Complete; Complete; Complete; Complete,Denied, , , , , , , , , , , , , , , , , , , , , , , , , , , , , , , ,Fareeda,Becker
Swedish National Federation Scholarship 2023,Submitted; Complete; Complete,Denied, , , , , , , , , , , , , , , , , , , , , , , , , , , , , , , ,Munisa,Bron
Swedish National Federation Scholarship 2023,Submitted; Complete; Complete; Complete; Complete; Complete,Denied, , , , , , , , , , , , , , , , , , , , , , , , , , , , , , , ,Shelia,el-Salame
Swedish National Federation Scholarship 2023,Submitted; Complete; Complete,Denied, , , , , , , , , , , , , , , , , , , , , , , , , , , , , , , ,Muneefa,Pourier
Swedish National Federation Scholarship 2023,Submitted; Complete; Complete,Denied, , , , , , , , , , , , , , , , , , , , , , , , , , , , , , , ,Kabeer,al-Abdulla
Swedish National Federation Scholarship 2023,Submitted; Complete; Complete; Complete; Complete; Complete; Complete; Complete,Denied, , , , , , , , , , , , , , , , , , , , , , , , , , , ,Other; Wentworth Institute of Technology,Wentworth Institute of Technology, , ,Andres,French Thomason
Swedish National Federation Scholarship 2023,Submitted; Complete; Complete; Complete; Complete; Complete,Denied, , , , , , , , , , , , , , , , , , , , , , , , , , , ,Dean College; Dean College, , , ,Raheema,Snider
Swedish National Federation Scholarship 2023,Submitted; Complete; Complete,Denied, , , , , , , , , , , , , , , , , , , , , , , , , , , , , , , ,Dhaafir,el-Attar
Swedish National Federation Scholarship 2023,Submitted; Complete; Complete,Denied, , , , , , , , , , , , , , , , , , , , , , , , , , , , , , , ,Abdul Wadood,Santiago
Swedish National Federation Scholarship 2023,Submitted; Complete; Complete; Complete; Complete,Denied, , , , , , , , , , , , , , , , , , , , , , , , , , , , , , , ,Chase,Brenner
Swedish National Federation Scholarship 2023,Submitted; Complete; Complete; Complete,Denied, , , , , , , , , , , , , , , , , , , , , , , , , , , , , , , ,Brenna,Gosnell
Swedish National Federation Scholarship 2023,Submitted; Complete; Complete,Denied, , , , , , , , , , , , , , , , , , , , , , , , , , , , , , , ,Shabeeba,Arguello
Swedish National Federation Scholarship 2023,Submitted; Submitted; Complete,Denied, , , , , , , , , , , , , , , , , , , , , , , , , , , , , , , ,Alton,Gstalder
Swedish National Federation Scholarship 2023,Submitted; Complete; Complete; Complete,Denied, , , , , , , , , , , , , , , , , , , , , , , , , , , , , , , ,Qaasim,Retana
Swedish National Federation Scholarship 2023,Submitted; Complete; Complete,Denied, , , , , , , , , , , , , , , , , , , , , , , , , , , , , , , ,Taiseer,Casias
Swedish National Federation Scholarship 2023,Submitted; Complete; Complete,Denied, , , , , , , , , , , , , , , , , , , , , , , , , , , , , , , ,Brice,Stoops
Swedish National Federation Scholarship 2023,Submitted; Complete; Complete; Complete; Complete; Complete,Denied, , , , , , , , , , , , , , , , , , , , , , , , , , , , , , , ,Trina,Atkins
Swedish National Federation Scholarship 2023,Submitted; Complete; Complete; Complete; Complete; Complete; Complete; Complete,Denied, , , , , , , , , , , , , , , , , , , , , , , , , , , ,Gordon College; Gordon College, , , ,Jayelin,Rad
Swedish National Federation Scholarship 2023,Submitted; Complete; Complete,Denied, , , , , , , , , , , , , , , , , , , , , , , , , , , , , , , ,Musheera,al-Jamil
Swedish National Federation Scholarship 2023,Submitted; Complete; Complete; Complete; Complete; Complete; Complete,Denied, , , , , , , , , , , , , , , , , , , , , , , , , , , , , , , ,Allicia,Mckee
Swedish National Federation Scholarship 2023,Submitted; Complete; Complete,Denied, , , , , , , , , , , , , , , , , , , , , , , , , , , , , , , ,Musheera,Donez
Swedish National Federation Scholarship 2023,Submitted; Complete; Complete,Denied, , , , , , , , , , , , , , , , , , , , , , , , , , , , , , , ,Cheyane,Siddiqui
Swedish National Federation Scholarship 2023,Submitted; Complete; Complete,Denied, , , , , , , , , , , , , , , , , , , , , , , , , , , , , , , ,Qaasim,al-Gad
Swedish National Federation Scholarship 2023,Submitted; Complete; Complete,Denied, , , , , , , , , , , , , , , , , , , , , , , , , , , , , , , ,Abiy,Oliva
Swedish National Federation Scholarship 2023,Submitted; Complete; Complete,Denied, , , , , , , , , , , , , , , , , , , , , , , , , , , , , , , ,Garrett,Meighan
Swedish National Federation Scholarship 2023,Submitted; Complete; Complete,Denied, , , , , , , , , , , , , , , , , , , , , , , , , , , , , , , ,Kabowd,al-Nasrallah
Swedish National Federation Scholarship 2023,Submitted; Complete; Complete; Complete; Complete; Complete; Complete; Complete,Denied, , , , , , , , , , , , , , , , , , , , , , , , , , , ,University of Massachusetts at Amherst; University of Massachusetts at Amherst, , , ,Thomas,Olson
Swedish National Federation Scholarship 2023,Submitted; Complete; Complete; Complete; Complete; Complete; Complete; Complete,Denied, , , , , , , , , , , , , , , , , , , , , , , , , , , ,Hofstra University; Other,New England Law, , ,Emmanuel,Eyasu
Swedish National Federation Scholarship 2023,Submitted; Complete; Complete; Complete; Complete; Complete; Complete,Denied, , , , , , , , , , , , , , , , , , , , , , , , , , , , , , , ,Cheno,Yates
Swedish National Federation Scholarship 2023,Submitted; Complete; Complete,Denied, , , , , , , , , , , , , , , , , , , , , , , , , , , , , , , ,Priscila,el-Abdoo
Swedish National Federation Scholarship 2023,Submitted; Complete; Complete,Denied, , , , , , , , , , , , , , , , , , , , , , , , , , , , , , , ,Chance,al-Hana
Swedish National Federation Scholarship 2023,Submitted; Complete; Complete,Denied, , , , , , , , , , , , , , , , , , , , , , , , , , , , , , , ,Abdul Noor,al-Sharifi
Swedish National Federation Scholarship 2023,Submitted; Complete; Complete,Denied, , , , , , , , , , , , , , , , , , , , , , , , , , , , , , , ,Cole,Sawyer
Swedish National Federation Scholarship 2023,Submitted; Complete; Complete,Denied, , , , , , , , , , , , , , , , , , , , , , , , , , , , , , , ,Aimee,Slife
Swedish National Federation Scholarship 2023,Submitted; Complete; Complete,Denied, , , , , , , , , , , , , , , , , , , , , , , , , , , , , , , ,Kursh,Lovan
Swedish National Federation Scholarship 2023,Submitted; Complete; Complete,Denied, , , , , , , , , , , , , , , , , , , , , , , , , , , , , , , ,Picabo,Richardson
Swedish National Federation Scholarship 2023,Submitted; Complete; Complete; Complete; Complete; Complete,Denied, , , , , , , , , , , , , , , , , , , , , , , , , , , , , , , ,Mareeon,De La Rosa
Swedish National Federation Scholarship 2023,Submitted; Complete; Complete,Denied, , , , , , , , , , , , , , , , , , , , , , , , , , , , , , , ,Teale,Throm
Swedish National Federation Scholarship 2023,Submitted; Complete; Complete,Denied, , , , , , , , , , , , , , , , , , , , , , , , , , , , , , , ,Khongmong,Sargent
Swedish National Federation Scholarship 2023,Submitted; Complete; Complete,Denied, , , , , , , , , , , , , , , , , , , , , , , , , , , , , , , ,Vanya,Lopez-Carrizales
Swedish National Federation Scholarship 2023,Submitted; Complete; Complete; Complete; Complete; Complete,Denied, , , , , , , , , , , , , , , , , , , , , , , , , , , , , , , ,Soryn,Otgontulga
Swedish National Federation Scholarship 2023,Submitted; Complete; Complete,Denied, , , , , , , , , , , , , , , , , , , , , , , , , , , , , , , ,Darell,al-Baten
Swedish National Federation Scholarship 2023,Submitted; Complete; Complete,Denied, , , , , , , , , , , , , , , , , , , , , , , , , , , , , , , ,Kianna,Arguello
Swedish National Federation Scholarship 2023,Submitted; Complete; Complete,Denied, , , , , , , , , , , , , , , , , , , , , , , , , , , , , , , ,Rahma,el-Kaleel
Swedish National Federation Scholarship 2023,Submitted; Complete; Complete; Complete; Complete; Complete; Complete,Denied, , , , , , , , , , , , , , , , , , , , , , , , , , , , , , , ,Heather,Cruise
Swedish National Federation Scholarship 2023,Submitted; Complete; Complete,Denied, , , , , , , , , , , , , , , , , , , , , , , , , , , , , , , ,Luke,Flores-Rodriguez
Swedish National Federation Scholarship 2023,Submitted; Complete; Complete; Complete; Complete; Complete,Denied, , , , , , , , , , , , , , , , , , , , , , , , , , , , , , , ,Elisabeth,Glynn
Swedish National Federation Scholarship 2023,Submitted; Complete; Complete,Denied, , , , , , , , , , , , , , , , , , , , , , , , , , , , , , , ,Alexxis,Tahir
Swedish National Federation Scholarship 2023,Submitted; Complete; Complete,Denied, , , , , , , , , , , , , , , , , , , , , , , , , , , , , , , ,Cheyane,Hall
Swedish National Federation Scholarship 2023,Submitted; Complete; Complete,Denied, , , , , , , , , , , , , , , , , , , , , , , , , , , , , , , ,Adrianna,Hall
Swedish National Federation Scholarship 2023,Submitted; Complete; Complete,Denied, , , , , , , , , , , , , , , , , , , , , , , , , , , , , , , ,Russell,el-Sharifi
Swedish National Federation Scholarship 2023,Submitted; Complete; Complete,Denied, , , , , , , , , , , , , , , , , , , , , , , , , , , , , , , ,Daizha,Bonser
Swedish National Federation Scholarship 2023,Submitted; Complete; Complete,Denied, , , , , , , , , , , , , , , , , , , , , , , , , , , , , , , ,Sahel,Stryker
Swedish National Federation Scholarship 2023,Submitted; Complete; Complete,Denied, , , , , , , , , , , , , , , , , , , , , , , , , , , , , , , ,Burhaan,Stanley
Swedish National Federation Scholarship 2023,Submitted; Complete; Complete,Denied, , , , , , , , , , , , , , , , , , , , , , , , , , , , , , , ,Damione,Wauer
Swedish National Federation Scholarship 2023,Submitted; Complete; Complete,Denied, , , , , , , , , , , , , , , , , , , , , , , , , , , , , , , ,Subhi,Satterfield
Swedish National Federation Scholarship 2023,Submitted; Complete; Complete,Denied, , , , , , , , , , , , , , , , , , , , , , , , , , , , , , , ,Tediana,Zeigler
Swedish National Federation Scholarship 2023,Submitted; Complete; Complete; Complete,Denied, , , , , , , , , , , , , , , , , , , , , , , , , , , , , , , ,Reagan,Dymek
Swedish National Federation Scholarship 2023,Submitted; Complete; Complete,Denied, , , , , , , , , , , , , , , , , , , , , , , , , , , , , , , ,Shabeeba,Tarr
Swedish National Federation Scholarship 2023,Submitted; Complete; Complete,Denied, , , , , , , , , , , , , , , , , , , , , , , , , , , , , , , ,Abdul Noor,Stryker
Swedish National Federation Scholarship 2023,Submitted; Complete; Complete,Denied, , , , , , , , , , , , , , , , , , , , , , , , , , , , , , , ,Shayla,al-Sylla
Swedish National Federation Scholarship 2023,Submitted; Complete; Complete,Denied, , , , , , , , , , , , , , , , , , , , , , , , , , , , , , , ,Rahma,Khan
Swedish National Federation Scholarship 2023,Submitted; Complete; Complete,Denied, , , , , , , , , , , , , , , , , , , , , , , , , , , , , , , ,Russell,Peterson
Tahanto Regional High School Scholarship 2023,Submitted; Complete; Complete; Complete; Complete; Complete; Complete; Complete,Closed,1500, , , , , , , , , , , , , , , , , , , , , , , , , , , , , , ,Marcello,Compton
Tahanto Regional High School Scholarship 2023,Submitted; Complete; Complete; Complete; Complete; Complete; Complete; Complete,Closed,1500, , , , , , , , , , , , , , , , , , , , , , , , , , , , , , ,Sydney,Sepeda
Tahanto Regional High School Scholarship 2023,Submitted; Complete; Complete; Complete; Complete; Complete; Complete,Denied, , , , , , , , , , , , , , , , , , , , , , , , , , , , , , , ,Jacina,Isobe
Tahanto Regional High School Scholarship 2023,Submitted; Complete; Complete; Complete; Complete; Complete; Complete,Denied, , , , , , , , , , , , , , , , , , , , , , , , , , , , , , , ,Jaquelin,Gamet
Tahanto Regional High School Scholarship 2023,Submitted; Complete; Complete; Complete; Complete; Complete; Complete,Denied, , , , , , , , , , , , , , , , , , , , , , , , , , , , , , , ,Sahel,Weeks
Tahanto Regional High School Scholarship 2023,Submitted; Complete; Complete; Complete; Complete; Complete; Complete,Denied, , , , , , , , , , , , , , , , , , , , , , , , , , , , , , , ,Nabeeh,Berumen
Tahanto Regional High School Scholarship 2023,Submitted; Complete; Complete; Complete; Complete; Complete; Complete,Denied, , , , , , , , , , , , , , , , , , , , , , , , , , , , , , , ,Chiana,Lowe
Tahanto Regional High School Scholarship 2023,Submitted; Complete; Complete; Complete; Complete; Complete; Complete,Denied, , , , , , , , , , , , , , , , , , , , , , , , , , , , , , , ,Shabeeba,Tarr
Tobin Family Fund Scholarship 2023,Submitted; Complete; Complete; Complete,Denied, , , , , , , , , , , , , , , , , , , , , , , , , , , , , , , ,Muneefa,Ives
Tobin Family Fund Scholarship 2023,Submitted; Complete; Complete,Denied, , , , , , , , , , , , , , , , , , , , , , , , , , , , , , , ,Shayla,Stepter
Tobin Family Fund Scholarship 2023,Submitted; Complete; Complete; Complete,Denied, , , , , , , , , , , , , , , , , , , , , , , , , , , , , , , ,Abdul Haleem,al-Huda
Tobin Family Fund Scholarship 2023,Submitted; Complete; Complete; Complete,Denied, , , , , , , , , , , , , , , , , , , , , , , , , , , , , , , ,Shivani,Bliss
Tobin Family Fund Scholarship 2023,Submitted; Complete; Complete; Complete; Complete,Denied, , , , , , , , , , , , , , , , , , , , , , , , , , , ,Worcester State University, , , ,Latasha,al-Guler
Tobin Family Fund Scholarship 2023,Submitted; Complete; Complete; Complete,Denied, , , , , , , , , , , , , , , , , , , , , , , , , , , , , , , ,Wyleen,Macasinag
Tobin Family Fund Scholarship 2023,Submitted; Complete; Complete; Complete,Denied, , , , , , , , , , , , , , , , , , , , , , , , , , , , , , , ,Leilani,Swimmer
Tobin Family Fund Scholarship 2023,Submitted; Complete; Complete; Complete; Complete; Complete; Complete; Complete,Denied, , , , , , , , , , , , , , , , , , , , , , , , , , , ,Gordon College; Gordon College, , , ,Jayelin,Rad
Tobin Family Fund Scholarship 2023,Submitted; Complete; Complete,Denied, , , , , , , , , , , , , , , , , , , , , , , , , , , , , , , ,Fawzia,al-Elamin
Tobin Family Fund Scholarship 2023,Submitted; Complete; Complete; Complete,Denied, , , , , , , , , , , , , , , , , , , , , , , , , , , , , , , ,Brendon,Channel
Tobin Family Fund Scholarship 2023,Submitted; Complete; Complete,Denied, , , , , , , , , , , , , , , , , , , , , , , , , , , , , , , ,Mahbooba,al-Shaikh
Tobin Family Fund Scholarship 2023,Submitted; Complete; Complete; Complete; Complete; Complete; Complete; Complete,Denied, , , , , , , , , , , , , , , , , , , , , , , , , , , ,Boston University; Boston University, , , ,Xavia,Mccarty
Tobin Family Fund Scholarship 2023,Submitted; Complete; Complete,Denied, , , , , , , , , , , , , , , , , , , , , , , , , , , , , , , ,Kristal,al-Ismael
Tobin Family Fund Scholarship 2023,Submitted; Complete; Complete; Complete,Denied, , , , , , , , , , , , , , , , , , , , , , , , , , , , , , , ,Akeem,Rodrukkwun
Tobin Family Fund Scholarship 2023,Submitted; Complete; Complete; Complete,Denied, , , , , , , , , , , , , , , , , , , , , , , , , , , , , , , ,Jyotshal,al-Selim
Tobin Family Fund Scholarship 2023,Submitted; Complete; Complete; Complete; Complete; Complete; Complete; Complete,Denied, , , , , , , , , , , , , , , , , , , , , , , , , , , ,Georgia State University; Georgia State University, , , ,Cesar,al-Ismael
Tobin Family Fund Scholarship 2023,Submitted; Complete; Complete; Complete,Denied, , , , , , , , , , , , , , , , , , , , , , , , , , , , , , , ,Dean,Huerta
Tobin Family Fund Scholarship 2023,Submitted; Complete; Complete,Denied, , , , , , , , , , , , , , , , , , , , , , , , , , , , , , , ,Naaifa,Cleavenger
Tobin Family Fund Scholarship 2023,Submitted; Complete; Complete; Complete; Complete,Follow Up(s) Assigned,600, , , , , , , , , , , , , , , , , , , , , , , , , , , , , , ,Jared,Gordon
Wallace D. and Dorothy M. Andrews Scholarship 2023,Submitted; Complete; Complete; Complete; Complete; Complete; Complete; Complete; Complete; Complete,Closed,1000, , , , , , , , , , , , , , , , , , , , , , , , , , , , , , ,Wyleen,Macasinag
Wallace D. and Dorothy M. Andrews Scholarship 2023,Submitted; Complete; Complete; Complete; Complete; Complete; Complete; Complete; Complete; Complete; Complete; Complete; Complete; Complete,Closed,1000, , , , , , , , , , , , , , , , , , , , , , , , , , ,Boston University; Boston University, , , ,Xavia,Mccarty
Wallace D. and Dorothy M. Andrews Scholarship 2023,Submitted; Complete; Complete; Complete; Complete; Complete; Complete; Complete; Complete; Complete,Closed,1000, , , , , , , , , , , , , , , , , , , , , , , , , , , , , , ,Essence,al-Soliman
Wallace D. and Dorothy M. Andrews Scholarship 2023,Submitted; Complete; Complete; Complete; Complete; Complete; Complete; Complete; Complete; Complete,Closed,1000, , , , , , , , , , , , , , , , , , , , , , , , , , , , , , ,Jyotshal,al-Selim
Wallace D. and Dorothy M. Andrews Scholarship 2023,Submitted; Complete; Complete; Complete,Denied, , , , , , , , , , , , , , , , , , , , , , , , , , , , , , , ,Avianha,Behrens
Wallace D. and Dorothy M. Andrews Scholarship 2023,Submitted; Complete; Complete,Denied, , , , , , , , , , , , , , , , , , , , , , , , , , , , , , , ,Clint,Reyes-Martinez
Wallace D. and Dorothy M. Andrews Scholarship 2023,Submitted; Complete; Complete,Denied, , , , , , , , , , , , , , , , , , , , , , , , , , , , , , , ,Allegra,Strobel
Wallace D. and Dorothy M. Andrews Scholarship 2023,Submitted; Complete; Complete,Denied, , , , , , , , , , , , , , , , , , , , , , , , , , , , , , , ,K'Sandra,Brunson
Wallace D. and Dorothy M. Andrews Scholarship 2023,Submitted; Complete; Complete; Complete,Denied, , , , , , , , , , , , , , , , , , , , , , , , , , , , , , , ,Abdul Haleem,al-Huda
Wallace D. and Dorothy M. Andrews Scholarship 2023,Submitted; Submitted; Complete,Denied, , , , , , , , , , , , , , , , , , , , , , , , , , , , , , , ,Stephany,Channel
Wallace D. and Dorothy M. Andrews Scholarship 2023,Submitted; Complete; Complete; Complete,Denied, , , , , , , , , , , , , , , , , , , , , , , , , , , , , , , ,Miles,Butler
Wallace D. and Dorothy M. Andrews Scholarship 2023,Submitted; Complete; Complete; Complete; Complete; Complete; Complete; Complete; Complete; Complete,Denied, , , , , , , , , , , , , , , , , , , , , , , , , , , , , , , ,Brendon,Channel
Wallace D. and Dorothy M. Andrews Scholarship 2023,Submitted; Complete; Complete; Complete; Complete; Complete; Complete; Complete; Complete,Denied, , , , , , , , , , , , , , , , , , , , , , , , , , , , , , , ,Alfredo,Shang
Wallace D. and Dorothy M. Andrews Scholarship 2023,Submitted; Complete; Complete; Complete; Complete; Complete; Complete; Complete; Complete,Denied, , , , , , , , , , , , , , , , , , , , , , , , , , , , , , , ,Jeffrey,Buehler
Wallace D. and Dorothy M. Andrews Scholarship 2023,Submitted; Complete; Complete,Denied, , , , , , , , , , , , , , , , , , , , , , , , , , , , , , , ,Major,Loera Lomeli
Wallace D. and Dorothy M. Andrews Scholarship 2023,Submitted; Complete; Complete; Complete; Complete; Complete; Complete; Complete; Complete,Denied, , , , , , , , , , , , , , , , , , , , , , , , , , , , , , , ,Mahbooba,al-Shaikh
Wallace D. and Dorothy M. Andrews Scholarship 2023,Submitted; Complete; Complete,Denied, , , , , , , , , , , , , , , , , , , , , , , , , , , , , , , ,Sadi,Skells
Wallace D. and Dorothy M. Andrews Scholarship 2023,Submitted; Complete; Complete,Denied, , , , , , , , , , , , , , , , , , , , , , , , , , , , , , , ,Miriah,al-Rashed
Wallace D. and Dorothy M. Andrews Scholarship 2023,Submitted; Complete; Complete,Denied, , , , , , , , , , , , , , , , , , , , , , , , , , , , , , , ,Naaifa,Cleavenger
Webster Square Business Association Scholarship 2023,Submitted; Complete; Complete; Complete; Complete; Complete; Complete; Complete; Complete; Complete; Complete,Closed,1000, , , , , , , , , , , , , , , , , , , , , , , , , , , , , , ,Kalleb,Balogh
Webster Square Business Association Scholarship 2023,Submitted; Complete; Complete; Complete,Denied, , , , , , , , , , , , , , , , , , , , , , , , , , , , , , , ,Avianha,Behrens
Webster Square Business Association Scholarship 2023,Submitted; Complete; Complete; Complete; Complete; Complete; Complete; Complete; Complete; Complete; Complete; Complete; Assigned,Denied, , , , , , , , , , , , , , , , , , , , , , , , , , , ,Assumption University, , , ,Aliyya,Linear
Webster Square Business Association Scholarship 2023,Submitted; Complete; Complete,Denied, , , , , , , , , , , , , , , , , , , , , , , , , , , , , , , ,K'Sandra,Brunson
Webster Square Business Association Scholarship 2023,Submitted; Complete; Complete; Complete; Complete,Denied, , , , , , , , , , , , , , , , , , , , , , , , , , , ,Worcester State University, , , ,Latasha,al-Guler
Webster Square Business Association Scholarship 2023,Submitted; Complete; Complete; Complete,Denied, , , , , , , , , , , , , , , , , , , , , , , , , , , , , , , ,Westley,al-Guler
Webster Square Business Association Scholarship 2023,Submitted; Complete; Complete; Complete,Denied, , , , , , , , , , , , , , , , , , , , , , , , , , , , , , , ,Roger,Carrera
Webster Square Business Association Scholarship 2023,Submitted; Submitted; Complete,Denied, , , , , , , , , , , , , , , , , , , , , , , , , , , , , , , ,Dahlia,al-Ibrahim
Webster Square Business Association Scholarship 2023,Submitted; Complete; Complete; Complete; Complete; Complete; Complete; Complete; Complete; Complete; Complete,Denied, , , , , , , , , , , , , , , , , , , , , , , , , , , , , , , ,Faai Z,Nye
Webster Square Business Association Scholarship 2023,Submitted; Complete; Complete; Complete; Complete; Complete; Complete; Complete; Complete; Complete; Complete; Complete; Complete; Complete; Complete,Denied, , , , , , , , , , , , , , , , , , , , , , , , , , , ,MCPHS University; MCPHS University, , , ,Raheema,Amgalanbayar
Webster Square Business Association Scholarship 2023,Submitted; Complete; Complete; Complete,Denied, , , , , , , , , , , , , , , , , , , , , , , , , , , , , , , ,Divyanka,Urresti
Webster Square Business Association Scholarship 2023,Submitted; Complete; Complete,Denied, , , , , , , , , , , , , , , , , , , , , , , , , , , , , , , ,Shasta,Miranda
Webster Square Business Association Scholarship 2023,Submitted; Complete; Complete; Complete; Complete; Complete; Complete; Complete; Complete; Complete,Denied, , , , , , , , , , , , , , , , , , , , , , , , , , , , , , , ,Suhaa,Hillsmon
Webster Square Business Association Scholarship 2023,Submitted; Complete; Complete; Complete; Complete; Complete; Complete; Complete,Denied, , , , , , , , , , , , , , , , , , , , , , , , , , , ,Bentley University; Bentley University, , , ,Konda,al-Hariri
Webster Square Business Association Scholarship 2023,Submitted; Complete; Complete; Complete,Denied, , , , , , , , , , , , , , , , , , , , , , , , , , , , , , , ,Howard,Dickey
Webster Square Business Association Scholarship 2023,Submitted; Complete; Complete,Denied, , , , , , , , , , , , , , , , , , , , , , , , , , , , , , , ,Khongmong,Flowers
Webster Square Business Association Scholarship 2023,Submitted; Complete; Complete,Denied, , , , , , , , , , , , , , , , , , , , , , , , , , , , , , , ,Dajon,Mekonnen
Webster Square Business Association Scholarship 2023,Submitted; Complete; Complete,Denied, , , , , , , , , , , , , , , , , , , , , , , , , , , , , , , ,Sherman,Munguia
Webster Square Business Association Scholarship 2023,Submitted; Complete; Complete; Complete,Denied, , , , , , , , , , , , , , , , , , , , , , , , , , , , , , , ,Dean,Huerta
Webster Square Business Association Scholarship 2023,Submitted; Complete; Complete; Complete; Complete; Complete; Complete; Complete,Denied, , , , , , , , , , , , , , , , , , , , , , , , , , , ,Other; Other,Fashion Institute of Technology ; FIT, , ,Karan,Gandarilla
Webster Square Business Association Scholarship 2023,Submitted; Complete; Complete,Denied, , , , , , , , , , , , , , , , , , , , , , , , , , , , , , , ,Tevin,al-Hariri
William J. Short Scholarship 2023,Submitted; Complete; Complete; Complete; Complete; Complete; Complete; Complete,Closed,1000, , , , , , , , , , , , , , , , , , , , , , , , , , , , , , ,Russell,Koras
William J. Short Scholarship 2023,Submitted; Complete; Complete; Complete; Complete; Complete; Complete; Complete,Closed,1000, , , , , , , , , , , , , , , , , , , , , , , , , , , , , , ,Roger,Carrera
William J. Short Scholarship 2023,Submitted; Complete; Complete,Denied, , , , , , , , , , , , , , , , , , , , , , , , , , , , , , , ,Gabriella,Ghiya
William J. Short Scholarship 2023,Submitted; Complete; Complete,Denied, , , , , , , , , , , , , , , , , , , , , , , , , , , , , , , ,Taqi,Brandon
William J. Short Scholarship 2023,Submitted; Complete; Complete; Complete; Complete; Assigned,Denied, , , , , , , , , , , , , , , , , , , , , , , , , , , ,Assumption University, , , ,Aliyya,Linear
William J. Short Scholarship 2023,Submitted; Complete; Complete,Denied, , , , , , , , , , , , , , , , , , , , , , , , , , , , , , , ,Xai,Aldapa-Humes
William J. Short Scholarship 2023,Submitted; Complete; Complete,Denied, , , , , , , , , , , , , , , , , , , , , , , , , , , , , , , ,Russell,Sun
William J. Short Scholarship 2023,Submitted; Complete; Complete,Denied, , , , , , , , , , , , , , , , , , , , , , , , , , , , , , , ,Lorissa,Verburg
William J. Short Scholarship 2023,Submitted; Complete; Complete; Complete; Complete; Complete; Complete,Denied, , , , , , , , , , , , , , , , , , , , , , , , , , , , , , , ,Marion,Nedd
William J. Short Scholarship 2023,Submitted; Complete; Complete,Denied, , , , , , , , , , , , , , , , , , , , , , , , , , , , , , , ,Tione,Deboer
William J. Short Scholarship 2023,Submitted; Complete; Complete,Denied, , , , , , , , , , , , , , , , , , , , , , , , , , , , , , , ,Emilio,Meli
William J. Short Scholarship 2023,Submitted; Complete; Complete,Denied, , , , , , , , , , , , , , , , , , , , , , , , , , , , , , , ,Jordynn,Horta
William J. Short Scholarship 2023,Submitted; Complete; Complete,Denied, , , , , , , , , , , , , , , , , , , , , , , , , , , , , , , ,Norma,Ashton
William J. Short Scholarship 2023,Submitted; Complete; Complete; Complete,Denied, , , , , , , , , , , , , , , , , , , , , , , , , , , , , , , ,Amoni,Tambunan
William J. Short Scholarship 2023,Submitted; Complete; Complete; Complete,Denied, , , , , , , , , , , , , , , , , , , , , , , , , , , , , , , ,Orlando,Ordaz
William J. Short Scholarship 2023,Submitted; Complete; Complete; Complete,Denied, , , , , , , , , , , , , , , , , , , , , , , , , , , , , , , ,Idrianna,Manlove
William J. Short Scholarship 2023,Submitted; Complete; Complete; Complete; Complete; Complete,Denied, , , , , , , , , , , , , , , , , , , , , , , , , , , ,Dean College; Dean College, , , ,Raheema,Snider
William J. Short Scholarship 2023,Submitted; Complete; Complete,Denied, , , , , , , , , , , , , , , , , , , , , , , , , , , , , , , ,Dhaafir,el-Attar
William J. Short Scholarship 2023,Submitted; Complete; Complete,Denied, , , , , , , , , , , , , , , , , , , , , , , , , , , , , , , ,Cyra,Valdez Arias
William J. Short Scholarship 2023,Submitted; Complete; Complete; Complete,Denied, , , , , , , , , , , , , , , , , , , , , , , , , , , , , , , ,Qaasim,Retana
William J. Short Scholarship 2023,Submitted; Complete; Complete,Denied, , , , , , , , , , , , , , , , , , , , , , , , , , , , , , , ,Howe,Trinh
William J. Short Scholarship 2023,Submitted; Complete; Complete; Complete; Complete; Complete; Complete; Complete; Complete; Complete; Complete; Complete,Denied, , , , , , , , , , , , , , , , , , , , , , , , , , , ,Gordon College; Gordon College, , , ,Jayelin,Rad
William J. Short Scholarship 2023,Submitted; Complete; Complete,Denied, , , , , , , , , , , , , , , , , , , , , , , , , , , , , , , ,Najeem,Field
William J. Short Scholarship 2023,Submitted; Complete; Complete,Denied, , , , , , , , , , , , , , , , , , , , , , , , , , , , , , , ,Shanya,Mathukumilli
William J. Short Scholarship 2023,Submitted; Complete; Complete,Denied, , , , , , , , , , , , , , , , , , , , , , , , , , , , , , , ,Westley,Barros
William J. Short Scholarship 2023,Submitted; Complete; Complete,Denied, , , , , , , , , , , , , , , , , , , , , , , , , , , , , , , ,Karlos,Foster
William J. Short Scholarship 2023,Submitted; Complete; Complete; Complete,Denied, , , , , , , , , , , , , , , , , , , , , , , , , , , , , , , ,Azhaar,Sparks
William J. Short Scholarship 2023,Submitted; Complete; Complete; Complete,Denied, , , , , , , , , , , , , , , , , , , , , , , , , , , , , , , ,Sebastian,Nunna
William J. Short Scholarship 2023,Submitted; Complete; Complete,Denied, , , , , , , , , , , , , , , , , , , , , , , , , , , , , , , ,Dajon,Fritter
William J. Short Scholarship 2023,Submitted; Complete; Complete; Complete; Complete; Complete,Denied, , , , , , , , , , , , , , , , , , , , , , , , , , , ,Worcester State University; Worcester State University, , , ,Muhjar,Hart
William J. Short Scholarship 2023,Submitted; Complete; Complete,Denied, , , , , , , , , , , , , , , , , , , , , , , , , , , , , , , ,Mashal,Domingo
William J. Short Scholarship 2023,Submitted; Complete; Complete; Complete,Denied, , , , , , , , , , , , , , , , , , , , , , , , , , , , , , , ,Cheno,Yates
William J. Short Scholarship 2023,Submitted; Complete; Complete; Complete,Denied, , , , , , , , , , , , , , , , , , , , , , , , , , , , , , , ,Cole,Fernandez
William J. Short Scholarship 2023,Submitted; Complete; Complete; Complete; Complete; Complete; Complete; Complete,Denied, , , , , , , , , , , , , , , , , , , , , , , , , , , ,University of Connecticut; University of Connecticut, , , ,Lateefa,Camarena-Cruz
William J. Short Scholarship 2023,Submitted; Complete; Complete,Denied, , , , , , , , , , , , , , , , , , , , , , , , , , , , , , , ,Armonno,Carson
William J. Short Scholarship 2023,Submitted; Complete; Complete,Denied, , , , , , , , , , , , , , , , , , , , , , , , , , , , , , , ,Waleed,Bustamante
William J. Short Scholarship 2023,Submitted; Complete; Complete,Denied, , , , , , , , , , , , , , , , , , , , , , , , , , , , , , , ,Naaji,Rosencrans
William J. Short Scholarship 2023,Submitted; Complete; Complete; Complete,Denied, , , , , , , , , , , , , , , , , , , , , , , , , , , , , , , ,Kalleb,Balogh
William J. Short Scholarship 2023,Submitted; Complete; Complete; Complete; Complete; Complete; Complete; Complete,Denied, , , , , , , , , , , , , , , , , , , , , , , , , , , , , , , ,Minh,Lowry
William J. Short Scholarship 2023,Submitted; Complete; Complete,Denied, , , , , , , , , , , , , , , , , , , , , , , , , , , , , , , ,Kristal,al-Ismael
William J. Short Scholarship 2023,Submitted; Complete; Complete,Denied, , , , , , , , , , , , , , , , , , , , , , , , , , , , , , , ,Tyrelle,Vai
William J. Short Scholarship 2023,Submitted; Complete; Complete; Complete; Complete; Complete; Complete,Denied, , , , , , , , , , , , , , , , , , , , , , , , , , , , , , , ,Jaymie Leigh,Mamdu
William J. Short Scholarship 2023,Submitted; Complete; Complete; Complete; Complete; Complete; Complete; Complete,Denied, , , , , , , , , , , , , , , , , , , , , , , , , , , , , , , ,Qaasim,Delgado
William J. Short Scholarship 2023,Submitted; Complete; Complete; Complete,Denied, , , , , , , , , , , , , , , , , , , , , , , , , , , , , , , ,Akeem,Rodrukkwun
William J. Short Scholarship 2023,Submitted; Complete; Complete,Denied, , , , , , , , , , , , , , , , , , , , , , , , , , , , , , , ,Adrianna,Hall
William J. Short Scholarship 2023,Submitted; Complete; Complete; Complete; Complete; Complete; Complete,Denied, , , , , , , , , , , , , , , , , , , , , , , , , , , , , , , ,Dajon,Mekonnen
William J. Short Scholarship 2023,Submitted; Complete; Complete; Complete; Complete; Complete; Complete,Denied, , , , , , , , , , , , , , , , , , , , , , , , , , , , , , , ,Shirley,al-Hariri
William J. Short Scholarship 2023,Submitted; Complete; Complete,Denied, , , , , , , , , , , , , , , , , , , , , , , , , , , , , , , ,Christine,Warsame
William J. Short Scholarship 2023,Submitted; Complete; Complete,Denied, , , , , , , , , , , , , , , , , , , , , , , , , , , , , , , ,Abdul Noor,Stryker
William J. Short Scholarship 2023,Submitted; Submitted; Complete,Denied, , , , , , , , , , , , , , , , , , , , , , , , , , , , , , , ,Tyrelle,Hermanson
William P. and Carolyn C. Cannon Scholarship 2023,Submitted; Complete; Complete,Denied, , , , , , , , , , , , , , , , , , , , , , , , , , , , , , , ,Saamyya,Rumsey
William P. and Carolyn C. Cannon Scholarship 2023,Submitted; Complete; Complete,Denied, , , , , , , , , , , , , , , , , , , , , , , , , , , , , , , ,Lorissa,Verburg
William P. and Carolyn C. Cannon Scholarship 2023,Submitted; Complete; Complete; Complete; Complete; Complete; Complete; Complete; Complete; Complete,Denied, , , , , , , , , , , , , , , , , , , , , , , , , , , , , , , ,Janei,Jennings
William P. and Carolyn C. Cannon Scholarship 2023,Submitted; Complete; Complete,Denied, , , , , , , , , , , , , , , , , , , , , , , , , , , , , , , ,De'Vonta,Arenivar-Ruelas
William P. and Carolyn C. Cannon Scholarship 2023,Submitted; Complete; Complete; Complete; Complete; Complete,Denied, , , , , , , , , , , , , , , , , , , , , , , , , , , ,Dean College; Dean College, , , ,Raheema,Snider
William P. and Carolyn C. Cannon Scholarship 2023,Submitted; Complete; Complete; Complete; Complete; Complete; Complete; Complete; Complete,Denied, , , , , , , , , , , , , , , , , , , , , , , , , , , , , , , ,Mufeeda,Tagawa
William P. and Carolyn C. Cannon Scholarship 2023,Submitted; Complete; Complete; Complete; Complete; Complete; Complete; Complete; Complete,Denied, , , , , , , , , , , , , , , , , , , , , , , , , , , , , , , ,Russell,Lombardi-Marsh
William P. and Carolyn C. Cannon Scholarship 2023,Submitted; Complete; Complete,Denied, , , , , , , , , , , , , , , , , , , , , , , , , , , , , , , ,Westley,Barros
William P. and Carolyn C. Cannon Scholarship 2023,Submitted; Complete; Complete,Denied, , , , , , , , , , , , , , , , , , , , , , , , , , , , , , , ,Jereek,Wray Jr
William P. and Carolyn C. Cannon Scholarship 2023,Submitted; Complete; Complete,Denied, , , , , , , , , , , , , , , , , , , , , , , , , , , , , , , ,Xavier,Alvarado Menchaca
William P. and Carolyn C. Cannon Scholarship 2023,Submitted; Complete; Complete,Denied, , , , , , , , , , , , , , , , , , , , , , , , , , , , , , , ,Waleed,Bustamante
William P. and Carolyn C. Cannon Scholarship 2023,Submitted; Complete; Complete,Denied, , , , , , , , , , , , , , , , , , , , , , , , , , , , , , , ,Xai,Lopez Rodriguez
William P. and Carolyn C. Cannon Scholarship 2023,Submitted; Complete; Complete; Complete; Complete; Complete; Complete; Complete; Complete,Denied, , , , , , , , , , , , , , , , , , , , , , , , , , , , , , , ,Andres,Norman-Wallace
William P. and Carolyn C. Cannon Scholarship 2023,Submitted; Complete; Complete,Denied, , , , , , , , , , , , , , , , , , , , , , , , , , , , , , , ,Alex,Caballero
William P. and Carolyn C. Cannon Scholarship 2023,Submitted; Complete; Complete; Complete; Complete; Complete; Complete; Complete; Complete; Complete; Complete; Complete; Complete; Complete,Follow Up(s) Assigned,10000, , , , , , , , , , , , , , , , , , , , , , , , , , ,University of Connecticut; University of Connecticut, , , ,Lateefa,Camarena-Cruz
Worcester Area Women in Development Community Service Award 2023,Submitted; Complete; Complete; Complete,Denied, , , , , , , , , , , , , , , , , , , , , , , , , , , , , , , ,Angel,Luttrell
Worcester Area Women in Development Community Service Award 2023,Submitted; Submitted; Complete,Denied, , , , , , , , , , , , , , , , , , , , , , , , , , , , , , , ,Kabowd,Gjurekovec
Worcester Area Women in Development Community Service Award 2023,Submitted; Complete; Complete; Complete,Denied, , , , , , , , , , , , , , , , , , , , , , , , , , , , , , , ,Souphakone,Thorne
Worcester Area Women in Development Community Service Award 2023,Submitted; Complete; Complete; Complete,Denied, , , , , , , , , , , , , , , , , , , , , , , , , , , , , , , ,Najimah,Brandon
Worcester Area Women in Development Community Service Award 2023,Submitted; Complete; Complete,Denied, , , , , , , , , , , , , , , , , , , , , , , , , , , , , , , ,Jim,Rivas
Worcester Area Women in Development Community Service Award 2023,Submitted; Complete; Complete; Complete,Denied, , , , , , , , , , , , , , , , , , , , , , , , , , , , , , , ,Rahma,Rumsey
Worcester Area Women in Development Community Service Award 2023,Submitted; Complete; Complete,Denied, , , , , , , , , , , , , , , , , , , , , , , , , , , , , , , ,Heroki,Armstrong
Worcester Area Women in Development Community Service Award 2023,Submitted; Complete; Complete,Denied, , , , , , , , , , , , , , , , , , , , , , , , , , , , , , , ,Angelo,Forfar-Jones
Worcester Area Women in Development Community Service Award 2023,Submitted; Complete; Complete,Denied, , , , , , , , , , , , , , , , , , , , , , , , , , , , , , , ,Samira,al-Salahuddin
Worcester Area Women in Development Community Service Award 2023,Submitted; Complete; Complete; Complete,Denied, , , , , , , , , , , , , , , , , , , , , , , , , , , , , , , ,Jovon,al-Shehata
Worcester Area Women in Development Community Service Award 2023,Submitted; Complete; Complete,Denied, , , , , , , , , , , , , , , , , , , , , , , , , , , , , , , ,Stephen,Wada
Worcester Area Women in Development Community Service Award 2023,Submitted; Complete; Complete,Denied, , , , , , , , , , , , , , , , , , , , , , , , , , , , , , , ,Brice,Tisdale
Worcester Area Women in Development Community Service Award 2023,Submitted; Complete; Complete; Complete,Denied, , , , , , , , , , , , , , , , , , , , , , , , , , , , , , , ,Kortnee,al-Hariri
Worcester Area Women in Development Community Service Award 2023,Submitted; Complete; Complete,Denied, , , , , , , , , , , , , , , , , , , , , , , , , , , , , , , ,Cyra,el-Noor
Worcester Area Women in Development Community Service Award 2023,Submitted; Complete; Complete,Denied, , , , , , , , , , , , , , , , , , , , , , , , , , , , , , , ,Fikir,Mann
Worcester Area Women in Development Community Service Award 2023,Submitted; Complete; Complete,Denied, , , , , , , , , , , , , , , , , , , , , , , , , , , , , , , ,Xai,Aldapa-Humes
Worcester Area Women in Development Community Service Award 2023,Submitted; Complete; Complete,Denied, , , , , , , , , , , , , , , , , , , , , , , , , , , , , , , ,Gianny,Aker
Worcester Area Women in Development Community Service Award 2023,Submitted; Complete; Complete,Denied, , , , , , , , , , , , , , , , , , , , , , , , , , , , , , , ,Russell,Sun
Worcester Area Women in Development Community Service Award 2023,Submitted; Complete; Complete,Denied, , , , , , , , , , , , , , , , , , , , , , , , , , , , , , , ,Lorissa,Verburg
Worcester Area Women in Development Community Service Award 2023,Submitted; Complete; Complete; Complete,Denied, , , , , , , , , , , , , , , , , , , , , , , , , , , , , , , ,Shadi,Natonabah
Worcester Area Women in Development Community Service Award 2023,Submitted; Complete; Complete,Denied, , , , , , , , , , , , , , , , , , , , , , , , , , , , , , , ,Martinealyse,Brandon
Worcester Area Women in Development Community Service Award 2023,Submitted; Complete; Complete,Denied, , , , , , , , , , , , , , , , , , , , , , , , , , , , , , , ,Alex,Rumsey
Worcester Area Women in Development Community Service Award 2023,Submitted; Complete; Complete,Denied, , , , , , , , , , , , , , , , , , , , , , , , , , , , , , , ,Trent,al-Abdelrahman
Worcester Area Women in Development Community Service Award 2023,Submitted; Complete; Complete,Denied, , , , , , , , , , , , , , , , , , , , , , , , , , , , , , , ,Tione,Deboer
Worcester Area Women in Development Community Service Award 2023,Submitted; Complete; Complete; Complete; Complete; Complete; Complete; Complete,Denied, , , , , , , , , , , , , , , , , , , , , , , , , , , ,Assumption University; Assumption University, , , ,Taeler,Ginsberg
Worcester Area Women in Development Community Service Award 2023,Submitted; Complete; Complete; Complete,Denied, , , , , , , , , , , , , , , , , , , , , , , , , , , , , , , ,Fareeda,Becker
Worcester Area Women in Development Community Service Award 2023,Submitted; Complete; Complete,Denied, , , , , , , , , , , , , , , , , , , , , , , , , , , , , , , ,Anh,Candelario
Worcester Area Women in Development Community Service Award 2023,Submitted; Complete; Complete,Denied, , , , , , , , , , , , , , , , , , , , , , , , , , , , , , , ,Sayfa,Fabrizio
Worcester Area Women in Development Community Service Award 2023,Submitted; Complete; Complete; Complete; Complete; Complete; Complete; Complete,Denied, , , , , , , , , , , , , , , , , , , , , , , , , , , ,Boston College; Boston College, , , ,Saamyya,Brizuela
Worcester Area Women in Development Community Service Award 2023,Submitted; Complete; Complete,Denied, , , , , , , , , , , , , , , , , , , , , , , , , , , , , , , ,Kurt,Senthil Nathan
Worcester Area Women in Development Community Service Award 2023,Submitted; Submitted; Complete; Complete,Denied, , , , , , , , , , , , , , , , , , , , , , , , , , , , , , , ,Ana Maria,Molina-Gutierrez
Worcester Area Women in Development Community Service Award 2023,Submitted; Complete; Complete,Denied, , , , , , , , , , , , , , , , , , , , , , , , , , , , , , , ,Ignacio,el-Baten
Worcester Area Women in Development Community Service Award 2023,Submitted; Complete; Complete,Denied, , , , , , , , , , , , , , , , , , , , , , , , , , , , , , , ,Emmanuel,Montgomery
Worcester Area Women in Development Community Service Award 2023,Submitted; Submitted; Complete,Denied, , , , , , , , , , , , , , , , , , , , , , , , , , , , , , , ,Aimee,Mckiver
Worcester Area Women in Development Community Service Award 2023,Submitted; Submitted; Complete,Denied, , , , , , , , , , , , , , , , , , , , , , , , , , , , , , , ,Zaamil,Carolina
Worcester Area Women in Development Community Service Award 2023,Submitted; Complete; Complete; Complete; Complete; Complete; Complete; Complete,Denied, , , , , , , , , , , , , , , , , , , , , , , , , , , ,Endicott College; Endicott College, , , ,Erika,Briones-Pena
Worcester Area Women in Development Community Service Award 2023,Submitted; Submitted; Complete,Denied, , , , , , , , , , , , , , , , , , , , , , , , , , , , , , , ,Cynthia,Talbert
Worcester Area Women in Development Community Service Award 2023,Submitted; Complete; Complete,Denied, , , , , , , , , , , , , , , , , , , , , , , , , , , , , , , ,Ta,Donaldson
Worcester Area Women in Development Community Service Award 2023,Submitted; Complete; Complete; Complete,Denied, , , , , , , , , , , , , , , , , , , , , , , , , , , , , , , ,Urwa,Tieu
Worcester Area Women in Development Community Service Award 2023,Submitted; Complete; Complete,Denied, , , , , , , , , , , , , , , , , , , , , , , , , , , , , , , ,Adail,Abu-Khdeir
Worcester Area Women in Development Community Service Award 2023,Submitted; Complete; Complete; Complete,Denied, , , , , , , , , , , , , , , , , , , , , , , , , , , , , , , ,Janei,Jennings
Worcester Area Women in Development Community Service Award 2023,Submitted; Complete; Complete,Denied, , , , , , , , , , , , , , , , , , , , , , , , , , , , , , , ,Karlos,el-Bey
Worcester Area Women in Development Community Service Award 2023,Submitted; Complete; Complete,Denied, , , , , , , , , , , , , , , , , , , , , , , , , , , , , , , ,Nia'Imani,Ballesteros
Worcester Area Women in Development Community Service Award 2023,Submitted; Complete; Complete,Denied, , , , , , , , , , , , , , , , , , , , , , , , , , , , , , , ,Armonno,Johnson III
Worcester Area Women in Development Community Service Award 2023,Submitted; Complete; Complete; Complete,Denied, , , , , , , , , , , , , , , , , , , , , , , , , , , , , , , ,Shivani,Bliss
Worcester Area Women in Development Community Service Award 2023,Submitted; Complete; Complete,Denied, , , , , , , , , , , , , , , , , , , , , , , , , , , , , , , ,Norma,Ashton
Worcester Area Women in Development Community Service Award 2023,Submitted; Complete; Complete,Denied, , , , , , , , , , , , , , , , , , , , , , , , , , , , , , , ,Ireland,Otgontulga
Worcester Area Women in Development Community Service Award 2023,Submitted; Complete; Complete; Complete,Denied, , , , , , , , , , , , , , , , , , , , , , , , , , , , , , , ,Lee,Bruno
Worcester Area Women in Development Community Service Award 2023,Submitted; Complete; Complete; Complete; Complete; Complete; Complete; Complete,Denied, , , , , , , , , , , , , , , , , , , , , , , , , , , ,Assumption University; Assumption University, , , ,Ignacio,Longwing
Worcester Area Women in Development Community Service Award 2023,Submitted; Complete; Complete,Denied, , , , , , , , , , , , , , , , , , , , , , , , , , , , , , , ,Brice,Lipps
Worcester Area Women in Development Community Service Award 2023,Submitted; Complete; Complete,Denied, , , , , , , , , , , , , , , , , , , , , , , , , , , , , , , ,Alton,Sage
Worcester Area Women in Development Community Service Award 2023,Submitted; Complete; Complete; Complete,Denied, , , , , , , , , , , , , , , , , , , , , , , , , , , , , , , ,Russell,Koras
Worcester Area Women in Development Community Service Award 2023,Submitted; Complete; Complete,Denied, , , , , , , , , , , , , , , , , , , , , , , , , , , , , , , ,Taijeona,al-Guler
Worcester Area Women in Development Community Service Award 2023,Submitted; Complete; Complete,Denied, , , , , , , , , , , , , , , , , , , , , , , , , , , , , , , ,Leisha,el-Salama
Worcester Area Women in Development Community Service Award 2023,Submitted; Complete; Complete,Denied, , , , , , , , , , , , , , , , , , , , , , , , , , , , , , , ,Tony,Yoo
Worcester Area Women in Development Community Service Award 2023,Submitted; Complete; Complete,Denied, , , , , , , , , , , , , , , , , , , , , , , , , , , , , , , ,Tediana,al-Fadel
Worcester Area Women in Development Community Service Award 2023,Submitted; Complete; Complete,Denied, , , , , , , , , , , , , , , , , , , , , , , , , , , , , , , ,Nabeel,Renz
Worcester Area Women in Development Community Service Award 2023,Submitted; Complete; Complete; Complete,Denied, , , , , , , , , , , , , , , , , , , , , , , , , , , , , , , ,Norma,Hensinger II
Worcester Area Women in Development Community Service Award 2023,Submitted; Complete; Complete,Denied, , , , , , , , , , , , , , , , , , , , , , , , , , , , , , , ,Munisa,Meli
Worcester Area Women in Development Community Service Award 2023,Submitted; Complete; Complete; Complete; Complete; Complete; Complete; Complete,Denied, , , , , , , , , , , , , , , , , , , , , , , , , , , ,Suffolk University; Boston College, , , ,Armonno,Mcglothlen
Worcester Area Women in Development Community Service Award 2023,Submitted; Complete; Complete,Denied, , , , , , , , , , , , , , , , , , , , , , , , , , , , , , , ,Juliana,el-Mannan
Worcester Area Women in Development Community Service Award 2023,Submitted; Complete; Complete,Denied, , , , , , , , , , , , , , , , , , , , , , , , , , , , , , , ,Breana,Buffone
Worcester Area Women in Development Community Service Award 2023,Submitted; Complete; Complete,Denied, , , , , , , , , , , , , , , , , , , , , , , , , , , , , , , ,Xai,Womack
Worcester Area Women in Development Community Service Award 2023,Submitted; Complete; Complete; Complete,Denied, , , , , , , , , , , , , , , , , , , , , , , , , , , , , , , ,Picabo,Tejada
Worcester Area Women in Development Community Service Award 2023,Submitted; Complete; Complete,Denied, , , , , , , , , , , , , , , , , , , , , , , , , , , , , , , ,Ireland,No
Worcester Area Women in Development Community Service Award 2023,Submitted; Complete; Complete,Denied, , , , , , , , , , , , , , , , , , , , , , , , , , , , , , , ,Dhaafir,el-Attar
Worcester Area Women in Development Community Service Award 2023,Submitted; Complete; Complete,Denied, , , , , , , , , , , , , , , , , , , , , , , , , , , , , , , ,Shabeeba,Main
Worcester Area Women in Development Community Service Award 2023,Submitted; Complete; Complete,Denied, , , , , , , , , , , , , , , , , , , , , , , , , , , , , , , ,Joleen,Bartrum
Worcester Area Women in Development Community Service Award 2023,Submitted; Complete; Complete; Complete; Complete; Complete; Complete; Complete,Denied, , , , , , , , , , , , , , , , , , , , , , , , , , , ,University of New England; University of New England, , , ,Karlos,el-Ramadan
Worcester Area Women in Development Community Service Award 2023,Submitted; Complete; Complete,Denied, , , , , , , , , , , , , , , , , , , , , , , , , , , , , , , ,Lateefa,al-Hafeez
Worcester Area Women in Development Community Service Award 2023,Submitted; Complete; Complete,Denied, , , , , , , , , , , , , , , , , , , , , , , , , , , , , , , ,Fawz,el-Jaber
Worcester Area Women in Development Community Service Award 2023,Submitted; Complete; Complete; Complete,Denied, , , , , , , , , , , , , , , , , , , , , , , , , , , , , , , ,Brenna,Gosnell
Worcester Area Women in Development Community Service Award 2023,Submitted; Complete; Complete; Complete,Denied, , , , , , , , , , , , , , , , , , , , , , , , , , , , , , , ,Leilani,Swimmer
Worcester Area Women in Development Community Service Award 2023,Submitted; Complete; Complete,Denied, , , , , , , , , , , , , , , , , , , , , , , , , , , , , , , ,Angel,Arambula
Worcester Area Women in Development Community Service Award 2023,Submitted; Complete; Complete,Denied, , , , , , , , , , , , , , , , , , , , , , , , , , , , , , , ,Mirza,al-Matar
Worcester Area Women in Development Community Service Award 2023,Submitted; Complete; Complete,Denied, , , , , , , , , , , , , , , , , , , , , , , , , , , , , , , ,Yadira,Stenzel
Worcester Area Women in Development Community Service Award 2023,Submitted; Complete; Complete,Denied, , , , , , , , , , , , , , , , , , , , , , , , , , , , , , , ,Cyra,Valdez Arias
Worcester Area Women in Development Community Service Award 2023,Submitted; Complete; Complete,Denied, , , , , , , , , , , , , , , , , , , , , , , , , , , , , , , ,Shabeeba,Arguello
Worcester Area Women in Development Community Service Award 2023,Submitted; Complete; Complete,Denied, , , , , , , , , , , , , , , , , , , , , , , , , , , , , , , ,Leanna,Otgontulga
Worcester Area Women in Development Community Service Award 2023,Submitted; Submitted; Complete,Denied, , , , , , , , , , , , , , , , , , , , , , , , , , , , , , , ,Alton,Gstalder
Worcester Area Women in Development Community Service Award 2023,Submitted; Complete; Complete; Complete,Denied, , , , , , , , , , , , , , , , , , , , , , , , , , , , , , , ,Qaasim,Retana
Worcester Area Women in Development Community Service Award 2023,Submitted; Complete; Complete,Denied, , , , , , , , , , , , , , , , , , , , , , , , , , , , , , , ,Khongmong,Majid
Worcester Area Women in Development Community Service Award 2023,Submitted; Complete; Complete,Denied, , , , , , , , , , , , , , , , , , , , , , , , , , , , , , , ,Taiseer,Casias
Worcester Area Women in Development Community Service Award 2023,Submitted; Complete; Complete,Denied, , , , , , , , , , , , , , , , , , , , , , , , , , , , , , , ,Jase,Howlingwolf
Worcester Area Women in Development Community Service Award 2023,Submitted; Complete; Complete,Denied, , , , , , , , , , , , , , , , , , , , , , , , , , , , , , , ,Neal,el-Abdi
Worcester Area Women in Development Community Service Award 2023,Submitted; Complete; Complete,Denied, , , , , , , , , , , , , , , , , , , , , , , , , , , , , , , ,Daizha,Oh
Worcester Area Women in Development Community Service Award 2023,Submitted; Complete; Complete,Denied, , , , , , , , , , , , , , , , , , , , , , , , , , , , , , , ,Mufeeda,Tagawa
Worcester Area Women in Development Community Service Award 2023,Submitted; Complete; Complete,Denied, , , , , , , , , , , , , , , , , , , , , , , , , , , , , , , ,Xai,Ray
Worcester Area Women in Development Community Service Award 2023,Submitted; Complete; Complete,Denied, , , , , , , , , , , , , , , , , , , , , , , , , , , , , , , ,Martin,Glasper
Worcester Area Women in Development Community Service Award 2023,Submitted; Complete; Complete,Denied, , , , , , , , , , , , , , , , , , , , , , , , , , , , , , , ,Tasneem,Gantvoort
Worcester Area Women in Development Community Service Award 2023,Submitted; Complete; Complete,Denied, , , , , , , , , , , , , , , , , , , , , , , , , , , , , , , ,Rosemary,Uhland
Worcester Area Women in Development Community Service Award 2023,Submitted; Complete; Complete,Denied, , , , , , , , , , , , , , , , , , , , , , , , , , , , , , , ,Waleed,Oliva
Worcester Area Women in Development Community Service Award 2023,Submitted; Complete; Complete,Denied, , , , , , , , , , , , , , , , , , , , , , , , , , , , , , , ,Stephen,al-Halaby
Worcester Area Women in Development Community Service Award 2023,Submitted; Complete; Complete,Denied, , , , , , , , , , , , , , , , , , , , , , , , , , , , , , , ,Soua,al-Yousif
Worcester Area Women in Development Community Service Award 2023,Submitted; Complete; Complete,Denied, , , , , , , , , , , , , , , , , , , , , , , , , , , , , , , ,Taeler,Palmier
Worcester Area Women in Development Community Service Award 2023,Submitted; Complete; Complete,Denied, , , , , , , , , , , , , , , , , , , , , , , , , , , , , , , ,Luke,Lewis
Worcester Area Women in Development Community Service Award 2023,Submitted; Complete; Complete,Denied, , , , , , , , , , , , , , , , , , , , , , , , , , , , , , , ,K'Lyn,al-Ibrahim
Worcester Area Women in Development Community Service Award 2023,Submitted; Complete; Complete,Denied, , , , , , , , , , , , , , , , , , , , , , , , , , , , , , , ,De'Vonta,Mcstraw
Worcester Area Women in Development Community Service Award 2023,Submitted; Complete; Complete,Denied, , , , , , , , , , , , , , , , , , , , , , , , , , , , , , , ,Musheera,al-Jamil
Worcester Area Women in Development Community Service Award 2023,Submitted; Complete; Complete; Complete,Denied, , , , , , , , , , , , , , , , , , , , , , , , , , , , , , , ,Cynthia,Barnabas
Worcester Area Women in Development Community Service Award 2023,Submitted; Complete; Complete; Complete; Complete; Complete; Complete; Complete,Denied, , , , , , , , , , , , , , , , , , , , , , , , , , , ,University of Massachusetts at Amherst; University of Massachusetts at Amherst, , , ,Nevin,Shain
Worcester Area Women in Development Community Service Award 2023,Submitted; Complete; Complete,Denied, , , , , , , , , , , , , , , , , , , , , , , , , , , , , , , ,Tian,Wigdahl
Worcester Area Women in Development Community Service Award 2023,Submitted; Complete; Complete,Denied, , , , , , , , , , , , , , , , , , , , , , , , , , , , , , , ,Calandra,al-Habib
Worcester Area Women in Development Community Service Award 2023,Submitted; Complete; Complete,Denied, , , , , , , , , , , , , , , , , , , , , , , , , , , , , , , ,Najeem,Field
Worcester Area Women in Development Community Service Award 2023,Submitted; Complete; Complete,Denied, , , , , , , , , , , , , , , , , , , , , , , , , , , , , , , ,Kelsie,el-Nasser
Worcester Area Women in Development Community Service Award 2023,Submitted; Complete; Complete,Denied, , , , , , , , , , , , , , , , , , , , , , , , , , , , , , , ,Rahma,Chavez Jr
Worcester Area Women in Development Community Service Award 2023,Submitted; Submitted; Complete,Denied, , , , , , , , , , , , , , , , , , , , , , , , , , , , , , , ,Stephany,Channel
Worcester Area Women in Development Community Service Award 2023,Submitted; Complete; Complete,Denied, , , , , , , , , , , , , , , , , , , , , , , , , , , , , , , ,Indy,Grandberry
Worcester Area Women in Development Community Service Award 2023,Submitted; Complete; Complete,Denied, , , , , , , , , , , , , , , , , , , , , , , , , , , , , , , ,Westley,Barros
Worcester Area Women in Development Community Service Award 2023,Submitted; Complete; Complete,Denied, , , , , , , , , , , , , , , , , , , , , , , , , , , , , , , ,Starla,Harada
Worcester Area Women in Development Community Service Award 2023,Submitted; Complete; Complete,Denied, , , , , , , , , , , , , , , , , , , , , , , , , , , , , , , ,Shabeeba,Caldwell
Worcester Area Women in Development Community Service Award 2023,Submitted; Complete; Complete; Complete; Complete; Complete; Complete; Complete,Denied, , , , , , , , , , , , , , , , , , , , , , , , , , , ,University of Massachusetts at Amherst; University of Massachusetts at Amherst, , , ,Adham,Vinegar
Worcester Area Women in Development Community Service Award 2023,Submitted; Complete; Complete; Complete,Denied, , , , , , , , , , , , , , , , , , , , , , , , , , , , , , , ,Aqeela,Ritman
Worcester Area Women in Development Community Service Award 2023,Submitted; Complete; Complete,Denied, , , , , , , , , , , , , , , , , , , , , , , , , , , , , , , ,Karlos,Foster
Worcester Area Women in Development Community Service Award 2023,Submitted; Complete; Complete,Denied, , , , , , , , , , , , , , , , , , , , , , , , , , , , , , , ,Linda,Edd
Worcester Area Women in Development Community Service Award 2023,Submitted; Complete; Complete; Complete,Denied, , , , , , , , , , , , , , , , , , , , , , , , , , , , , , , ,Sebastian,Nunna
Worcester Area Women in Development Community Service Award 2023,Submitted; Complete; Complete,Denied, , , , , , , , , , , , , , , , , , , , , , , , , , , , , , , ,Joann,Soria
Worcester Area Women in Development Community Service Award 2023,Submitted; Complete; Complete,Denied, , , , , , , , , , , , , , , , , , , , , , , , , , , , , , , ,Shadi,Jahn
Worcester Area Women in Development Community Service Award 2023,Submitted; Complete; Complete,Denied, , , , , , , , , , , , , , , , , , , , , , , , , , , , , , , ,Dajon,Fritter
Worcester Area Women in Development Community Service Award 2023,Submitted; Complete; Complete; Complete,Denied, , , , , , , , , , , , , , , , , , , , , , , , , , , , , , , ,Musheera,Cade Blanche
Worcester Area Women in Development Community Service Award 2023,Submitted; Complete; Complete,Denied, , , , , , , , , , , , , , , , , , , , , , , , , , , , , , , ,Abhaya,Rader
Worcester Area Women in Development Community Service Award 2023,Submitted; Complete; Complete,Denied, , , , , , , , , , , , , , , , , , , , , , , , , , , , , , , ,Jereek,Wray Jr
Worcester Area Women in Development Community Service Award 2023,Submitted; Complete; Complete; Complete; Complete; Complete; Complete; Complete,Denied, , , , , , , , , , , , , , , , , , , , , , , , , , , ,Hofstra University; Other,New England Law, , ,Emmanuel,Eyasu
Worcester Area Women in Development Community Service Award 2023,Submitted; Complete; Complete; Complete,Denied, , , , , , , , , , , , , , , , , , , , , , , , , , , , , , , ,Miles,Butler
Worcester Area Women in Development Community Service Award 2023,Submitted; Complete; Complete,Denied, , , , , , , , , , , , , , , , , , , , , , , , , , , , , , , ,Fat'hiyaa,Pearl
Worcester Area Women in Development Community Service Award 2023,Submitted; Complete; Complete,Denied, , , , , , , , , , , , , , , , , , , , , , , , , , , , , , , ,Malissa,Pena
Worcester Area Women in Development Community Service Award 2023,Submitted; Complete; Complete,Denied, , , , , , , , , , , , , , , , , , , , , , , , , , , , , , , ,Khongmong,Vandergriff
Worcester Area Women in Development Community Service Award 2023,Submitted; Complete; Complete,Denied, , , , , , , , , , , , , , , , , , , , , , , , , , , , , , , ,Aqeela,Riggins
Worcester Area Women in Development Community Service Award 2023,Submitted; Complete; Complete; Complete,Denied, , , , , , , , , , , , , , , , , , , , , , , , , , , , , , , ,Cheno,Yates
Worcester Area Women in Development Community Service Award 2023,Submitted; Complete; Complete,Denied, , , , , , , , , , , , , , , , , , , , , , , , , , , , , , , ,Mishaari,Heuman
Worcester Area Women in Development Community Service Award 2023,Submitted; Complete; Complete,Denied, , , , , , , , , , , , , , , , , , , , , , , , , , , , , , , ,Chance,al-Hana
Worcester Area Women in Development Community Service Award 2023,Submitted; Complete; Complete; Complete; Complete; Complete; Complete; Complete,Denied, , , , , , , , , , , , , , , , , , , , , , , , , , , ,University of New Haven; University of New Haven, , , ,Fat'hiyaa,Ellerman
Worcester Area Women in Development Community Service Award 2023,Submitted; Complete; Complete,Denied, , , , , , , , , , , , , , , , , , , , , , , , , , , , , , , ,D'Mitri,el-Nasr
Worcester Area Women in Development Community Service Award 2023,Submitted; Complete; Complete; Complete; Complete; Complete; Complete; Complete,Denied, , , , , , , , , , , , , , , , , , , , , , , , , , , ,University of Connecticut; University of Connecticut, , , ,Lateefa,Camarena-Cruz
Worcester Area Women in Development Community Service Award 2023,Submitted; Complete; Complete; Complete,Denied, , , , , , , , , , , , , , , , , , , , , , , , , , , , , , , ,Mirza,Dagin
Worcester Area Women in Development Community Service Award 2023,Submitted; Complete; Complete,Denied, , , , , , , , , , , , , , , , , , , , , , , , , , , , , , , ,Alex,Valbrun
Worcester Area Women in Development Community Service Award 2023,Submitted; Complete; Complete,Denied, , , , , , , , , , , , , , , , , , , , , , , , , , , , , , , ,Monolito,Gandarilla
Worcester Area Women in Development Community Service Award 2023,Submitted; Complete; Complete,Denied, , , , , , , , , , , , , , , , , , , , , , , , , , , , , , , ,Aimee,Slife
Worcester Area Women in Development Community Service Award 2023,Submitted; Complete; Complete,Denied, , , , , , , , , , , , , , , , , , , , , , , , , , , , , , , ,Munisa,Hawley
Worcester Area Women in Development Community Service Award 2023,Submitted; Complete; Complete,Denied, , , , , , , , , , , , , , , , , , , , , , , , , , , , , , , ,Matia,Bak
Worcester Area Women in Development Community Service Award 2023,Submitted; Complete; Complete,Denied, , , , , , , , , , , , , , , , , , , , , , , , , , , , , , , ,Moises,Maynes
Worcester Area Women in Development Community Service Award 2023,Submitted; Complete; Complete,Denied, , , , , , , , , , , , , , , , , , , , , , , , , , , , , , , ,Aimee,Mikesell
Worcester Area Women in Development Community Service Award 2023,Submitted; Complete; Complete; Complete; Complete; Complete; Complete; Complete,Denied, , , , , , , , , , , , , , , , , , , , , , , , , , , ,Worcester Polytechnic Institute; Worcester Polytechnic Institute, , , ,Jathan,Kaiser
Worcester Area Women in Development Community Service Award 2023,Submitted; Submitted; Complete,Denied, , , , , , , , , , , , , , , , , , , , , , , , , , , , , , , ,Abhaya,Ranney
Worcester Area Women in Development Community Service Award 2023,Submitted; Complete; Complete; Complete,Denied, , , , , , , , , , , , , , , , , , , , , , , , , , , , , , , ,Marcello,Compton
Worcester Area Women in Development Community Service Award 2023,Submitted; Complete; Complete,Denied, , , , , , , , , , , , , , , , , , , , , , , , , , , , , , , ,Hyeju,Dai
Worcester Area Women in Development Community Service Award 2023,Submitted; Complete; Complete; Complete,Denied, , , , , , , , , , , , , , , , , , , , , , , , , , , , , , , ,Picabo,al-Aydin
Worcester Area Women in Development Community Service Award 2023,Submitted; Complete; Complete,Denied, , , , , , , , , , , , , , , , , , , , , , , , , , , , , , , ,Armonno,Carson
Worcester Area Women in Development Community Service Award 2023,Submitted; Complete; Complete; Complete,Denied, , , , , , , , , , , , , , , , , , , , , , , , , , , , , , , ,Victor,Ma
Worcester Area Women in Development Community Service Award 2023,Submitted; Complete; Complete; Complete; Complete; Complete; Complete; Complete,Denied, , , , , , , , , , , , , , , , , , , , , , , , , , , ,Other; Other,Carnegie Mellon University; Carnegie Mellon University, , ,Hamad,el-Kader
Worcester Area Women in Development Community Service Award 2023,Submitted; Complete; Complete,Denied, , , , , , , , , , , , , , , , , , , , , , , , , , , , , , , ,Blake,al-Sultan
Worcester Area Women in Development Community Service Award 2023,Submitted; Complete; Complete; Complete,Denied, , , , , , , , , , , , , , , , , , , , , , , , , , , , , , , ,Xai,Christensen
Worcester Area Women in Development Community Service Award 2023,Submitted; Complete; Complete,Denied, , , , , , , , , , , , , , , , , , , , , , , , , , , , , , , ,Rashawnya,Kuntz
Worcester Area Women in Development Community Service Award 2023,Submitted; Complete; Complete,Denied, , , , , , , , , , , , , , , , , , , , , , , , , , , , , , , ,Roice,Olson
Worcester Area Women in Development Community Service Award 2023,Submitted; Complete; Complete; Complete,Denied, , , , , , , , , , , , , , , , , , , , , , , , , , , , , , , ,Steve,el-Kader
Worcester Area Women in Development Community Service Award 2023,Submitted; Complete; Complete; Complete; Complete; Complete; Complete; Complete,Denied, , , , , , , , , , , , , , , , , , , , , , , , , , , ,Bridgewater State University; Bridgewater State University, , , ,Pate,el-Abraham
Worcester Area Women in Development Community Service Award 2023,Submitted; Complete; Complete; Complete; Complete; Complete; Complete; Complete,Denied, , , , , , , , , , , , , , , , , , , , , , , , , , , ,Assumption University; Assumption University, , , ,Losol,Senior
Worcester Area Women in Development Community Service Award 2023,Submitted; Complete; Complete; Complete,Denied, , , , , , , , , , , , , , , , , , , , , , , , , , , , , , , ,Nichole,Aker
Worcester Area Women in Development Community Service Award 2023,Submitted; Complete; Complete; Complete,Denied, , , , , , , , , , , , , , , , , , , , , , , , , , , , , , , ,Rhiannon,el-Bacho
Worcester Area Women in Development Community Service Award 2023,Submitted; Complete; Complete,Denied, , , , , , , , , , , , , , , , , , , , , , , , , , , , , , , ,Alexxis,Ortegon
Worcester Area Women in Development Community Service Award 2023,Submitted; Complete; Complete,Denied, , , , , , , , , , , , , , , , , , , , , , , , , , , , , , , ,Heroki,el-Salame
Worcester Area Women in Development Community Service Award 2023,Submitted; Complete; Complete,Denied, , , , , , , , , , , , , , , , , , , , , , , , , , , , , , , ,Xai,Lopez Rodriguez
Worcester Area Women in Development Community Service Award 2023,Submitted; Complete; Complete,Denied, , , , , , , , , , , , , , , , , , , , , , , , , , , , , , , ,Kristal,al-Ismael
Worcester Area Women in Development Community Service Award 2023,Submitted; Complete; Complete,Denied, , , , , , , , , , , , , , , , , , , , , , , , , , , , , , , ,Lena,Andrews
Worcester Area Women in Development Community Service Award 2023,Submitted; Complete; Complete,Denied, , , , , , , , , , , , , , , , , , , , , , , , , , , , , , , ,Taaha,al-Khawaja
Worcester Area Women in Development Community Service Award 2023,Submitted; Complete; Complete; Complete; Complete; Complete; Complete; Complete,Denied, , , , , , , , , , , , , , , , , , , , , , , , , , , ,Anna Maria College; Anna Maria College, , , ,Ace,Tagawa
Worcester Area Women in Development Community Service Award 2023,Submitted; Complete; Complete; Complete,Denied, , , , , , , , , , , , , , , , , , , , , , , , , , , , , , , ,Essence,al-Soliman
Worcester Area Women in Development Community Service Award 2023,Submitted; Complete; Complete,Denied, , , , , , , , , , , , , , , , , , , , , , , , , , , , , , , ,Luisa,al-Awan
Worcester Area Women in Development Community Service Award 2023,Submitted; Complete; Complete; Complete,Denied, , , , , , , , , , , , , , , , , , , , , , , , , , , , , , , ,Kitana,Ault
Worcester Area Women in Development Community Service Award 2023,Submitted; Complete; Complete,Denied, , , , , , , , , , , , , , , , , , , , , , , , , , , , , , , ,Karlos,Cave
Worcester Area Women in Development Community Service Award 2023,Submitted; Complete; Complete,Denied, , , , , , , , , , , , , , , , , , , , , , , , , , , , , , , ,Wisaam,Norwood
Worcester Area Women in Development Community Service Award 2023,Submitted; Complete; Complete,Denied, , , , , , , , , , , , , , , , , , , , , , , , , , , , , , , ,Picabo,Amdur
Worcester Area Women in Development Community Service Award 2023,Submitted; Complete; Complete,Denied, , , , , , , , , , , , , , , , , , , , , , , , , , , , , , , ,Maimoona,al-Hariri
Worcester Area Women in Development Community Service Award 2023,Submitted; Complete; Complete; Complete,Denied, , , , , , , , , , , , , , , , , , , , , , , , , , , , , , , ,Schiara,Demario
Worcester Area Women in Development Community Service Award 2023,Submitted; Complete; Complete,Denied, , , , , , , , , , , , , , , , , , , , , , , , , , , , , , , ,Soryn,Otgontulga
Worcester Area Women in Development Community Service Award 2023,Submitted; Complete; Complete,Denied, , , , , , , , , , , , , , , , , , , , , , , , , , , , , , , ,Christine,Masar
Worcester Area Women in Development Community Service Award 2023,Submitted; Complete; Complete,Denied, , , , , , , , , , , , , , , , , , , , , , , , , , , , , , , ,"Jam,Aan",Pandit
Worcester Area Women in Development Community Service Award 2023,Submitted; Complete; Complete,Denied, , , , , , , , , , , , , , , , , , , , , , , , , , , , , , , ,Lateefa,Stringfellow
Worcester Area Women in Development Community Service Award 2023,Submitted; Complete; Complete,Denied, , , , , , , , , , , , , , , , , , , , , , , , , , , , , , , ,Ignacio,Vega
Worcester Area Women in Development Community Service Award 2023,Submitted; Complete; Complete; Complete; Complete; Complete; Complete; Complete,Denied, , , , , , , , , , , , , , , , , , , , , , , , , , , ,University of Massachusetts at Amherst; University of Massachusetts at Amherst, , , ,Dequanda,Jenkins
Worcester Area Women in Development Community Service Award 2023,Submitted; Complete; Complete,Denied, , , , , , , , , , , , , , , , , , , , , , , , , , , , , , , ,Darell,al-Baten
Worcester Area Women in Development Community Service Award 2023,Submitted; Submitted; Complete,Denied, , , , , , , , , , , , , , , , , , , , , , , , , , , , , , , ,Yadira,al-Naqvi
Worcester Area Women in Development Community Service Award 2023,Submitted; Complete; Complete,Denied, , , , , , , , , , , , , , , , , , , , , , , , , , , , , , , ,Nabeel,Sweetwater
Worcester Area Women in Development Community Service Award 2023,Submitted; Complete; Complete,Denied, , , , , , , , , , , , , , , , , , , , , , , , , , , , , , , ,Nahom,Koerner
Worcester Area Women in Development Community Service Award 2023,Submitted; Complete; Complete; Complete; Complete; Complete; Complete; Complete,Denied, , , , , , , , , , , , , , , , , , , , , , , , , , , ,Springfield College; Springfield College, , , ,Maria Elena,Kytle
Worcester Area Women in Development Community Service Award 2023,Submitted; Complete; Complete,Denied, , , , , , , , , , , , , , , , , , , , , , , , , , , , , , , ,Yadira,Schopp
Worcester Area Women in Development Community Service Award 2023,Submitted; Complete; Complete,Denied, , , , , , , , , , , , , , , , , , , , , , , , , , , , , , , ,Kianna,Arguello
Worcester Area Women in Development Community Service Award 2023,Submitted; Complete; Complete; Complete,Denied, , , , , , , , , , , , , , , , , , , , , , , , , , , , , , , ,Qaasim,Delgado
Worcester Area Women in Development Community Service Award 2023,Submitted; Complete; Complete; Complete,Denied, , , , , , , , , , , , , , , , , , , , , , , , , , , , , , , ,Andi,Stark
Worcester Area Women in Development Community Service Award 2023,Submitted; Complete; Complete; Complete; Complete; Complete; Complete; Complete,Denied, , , , , , , , , , , , , , , , , , , , , , , , , , , ,Worcester State University; Worcester State University, , , ,Abhaya,Macias Flores
Worcester Area Women in Development Community Service Award 2023,Submitted; Complete; Complete; Complete,Denied, , , , , , , , , , , , , , , , , , , , , , , , , , , , , , , ,Heather,Cruise
Worcester Area Women in Development Community Service Award 2023,Submitted; Complete; Complete,Denied, , , , , , , , , , , , , , , , , , , , , , , , , , , , , , , ,Nabeel,Martin
Worcester Area Women in Development Community Service Award 2023,Submitted; Complete; Complete,Denied, , , , , , , , , , , , , , , , , , , , , , , , , , , , , , , ,Yadira,Safar
Worcester Area Women in Development Community Service Award 2023,Submitted; Complete; Complete,Denied, , , , , , , , , , , , , , , , , , , , , , , , , , , , , , , ,Wajeeh,Dionese
Worcester Area Women in Development Community Service Award 2023,Submitted; Submitted; Complete,Denied, , , , , , , , , , , , , , , , , , , , , , , , , , , , , , , ,Prodeo,Gookin
Worcester Area Women in Development Community Service Award 2023,Submitted; Complete; Complete,Denied, , , , , , , , , , , , , , , , , , , , , , , , , , , , , , , ,Dametriese,Ritman
Worcester Area Women in Development Community Service Award 2023,Submitted; Complete; Complete; Complete; Complete; Complete; Complete; Submitted,Denied, , , , , , , , , , , , , , , , , , , , , , , , , , , ,Other; Other,Stanford University, , ,Will,el-Fayad
Worcester Area Women in Development Community Service Award 2023,Submitted; Complete; Complete,Denied, , , , , , , , , , , , , , , , , , , , , , , , , , , , , , , ,Khiry,Thakur
Worcester Area Women in Development Community Service Award 2023,Submitted; Complete; Complete,Denied, , , , , , , , , , , , , , , , , , , , , , , , , , , , , , , ,Luke,Flores-Rodriguez
Worcester Area Women in Development Community Service Award 2023,Submitted; Complete; Complete,Denied, , , , , , , , , , , , , , , , , , , , , , , , , , , , , , , ,Shaakira,el-Zafar
Worcester Area Women in Development Community Service Award 2023,Submitted; Complete; Complete,Denied, , , , , , , , , , , , , , , , , , , , , , , , , , , , , , , ,Humaidaan,el-Khalaf
Worcester Area Women in Development Community Service Award 2023,Submitted; Submitted; Complete,Denied, , , , , , , , , , , , , , , , , , , , , , , , , , , , , , , ,Derrick,el-Kamali
Worcester Area Women in Development Community Service Award 2023,Submitted; Complete; Complete; Complete,Denied, , , , , , , , , , , , , , , , , , , , , , , , , , , , , , , ,Simon,Manimtim
Worcester Area Women in Development Community Service Award 2023,Submitted; Complete; Complete,Denied, , , , , , , , , , , , , , , , , , , , , , , , , , , , , , , ,Elisabeth,Glynn
Worcester Area Women in Development Community Service Award 2023,Submitted; Complete; Complete,Denied, , , , , , , , , , , , , , , , , , , , , , , , , , , , , , , ,Jacob,Willcutt
Worcester Area Women in Development Community Service Award 2023,Submitted; Complete; Complete,Denied, , , , , , , , , , , , , , , , , , , , , , , , , , , , , , , ,Ireland,Lyman
Worcester Area Women in Development Community Service Award 2023,Submitted; Complete; Complete,Denied, , , , , , , , , , , , , , , , , , , , , , , , , , , , , , , ,Alexxis,Tahir
Worcester Area Women in Development Community Service Award 2023,Submitted; Complete; Complete,Denied, , , , , , , , , , , , , , , , , , , , , , , , , , , , , , , ,Trevon,Yarangsy
Worcester Area Women in Development Community Service Award 2023,Submitted; Complete; Complete,Denied, , , , , , , , , , , , , , , , , , , , , , , , , , , , , , , ,Izzat,Heidrich
Worcester Area Women in Development Community Service Award 2023,Submitted; Complete; Complete,Denied, , , , , , , , , , , , , , , , , , , , , , , , , , , , , , , ,Taaha,Lamb
Worcester Area Women in Development Community Service Award 2023,Submitted; Complete; Complete,Denied, , , , , , , , , , , , , , , , , , , , , , , , , , , , , , , ,Brenna,el-Ansari
Worcester Area Women in Development Community Service Award 2023,Submitted; Complete; Complete,Denied, , , , , , , , , , , , , , , , , , , , , , , , , , , , , , , ,Chykeiljah,Sarsam
Worcester Area Women in Development Community Service Award 2023,Submitted; Complete; Complete,Denied, , , , , , , , , , , , , , , , , , , , , , , , , , , , , , , ,Bonnie,el-Aydin
Worcester Area Women in Development Community Service Award 2023,Submitted; Complete; Complete; Complete; Complete; Complete; Complete; Complete,Denied, , , , , , , , , , , , , , , , , , , , , , , , , , , ,Other; Other,Duke University; Duke University, , ,Nhan,Mangus
Worcester Area Women in Development Community Service Award 2023,Submitted; Complete; Complete,Denied, , , , , , , , , , , , , , , , , , , , , , , , , , , , , , , ,Russell,el-Sharifi
Worcester Area Women in Development Community Service Award 2023,Submitted; Complete; Complete,Denied, , , , , , , , , , , , , , , , , , , , , , , , , , , , , , , ,Tercell,Winters
Worcester Area Women in Development Community Service Award 2023,Submitted; Complete; Complete,Denied, , , , , , , , , , , , , , , , , , , , , , , , , , , , , , , ,Reese,el-Aman
Worcester Area Women in Development Community Service Award 2023,Submitted; Complete; Complete; Complete; Complete; Complete; Complete; Complete,Denied, , , , , , , , , , , , , , , , , , , , , , , , , , , ,Boston College; Boston College, , , ,Murshid,el-Mohammadi
Worcester Area Women in Development Community Service Award 2023,Submitted; Complete; Complete,Denied, , , , , , , , , , , , , , , , , , , , , , , , , , , , , , , ,Dajon,Mekonnen
Worcester Area Women in Development Community Service Award 2023,Submitted; Complete; Complete,Denied, , , , , , , , , , , , , , , , , , , , , , , , , , , , , , , ,Daizha,Khatanbaatar
Worcester Area Women in Development Community Service Award 2023,Submitted; Complete; Complete,Denied, , , , , , , , , , , , , , , , , , , , , , , , , , , , , , , ,Kianna,Gamez
Worcester Area Women in Development Community Service Award 2023,Submitted; Complete; Complete,Denied, , , , , , , , , , , , , , , , , , , , , , , , , , , , , , , ,Miriah,al-Rashed
Worcester Area Women in Development Community Service Award 2023,Submitted; Complete; Complete; Complete; Complete; Complete; Complete; Complete,Denied, , , , , , , , , , , , , , , , , , , , , , , , , , , ,Georgia State University; Georgia State University, , , ,Cesar,al-Ismael
Worcester Area Women in Development Community Service Award 2023,Submitted; Complete; Complete,Denied, , , , , , , , , , , , , , , , , , , , , , , , , , , , , , , ,Jereek,Fajardo
Worcester Area Women in Development Community Service Award 2023,Submitted; Complete; Complete,Denied, , , , , , , , , , , , , , , , , , , , , , , , , , , , , , , ,Rashawnya,English
Worcester Area Women in Development Community Service Award 2023,Submitted; Complete; Complete,Denied, , , , , , , , , , , , , , , , , , , , , , , , , , , , , , , ,Jaelyn,Carlson
Worcester Area Women in Development Community Service Award 2023,Submitted; Complete; Complete,Denied, , , , , , , , , , , , , , , , , , , , , , , , , , , , , , , ,Jaelyn,Omerovic
Worcester Area Women in Development Community Service Award 2023,Submitted; Complete; Complete; Complete,Denied, , , , , , , , , , , , , , , , , , , , , , , , , , , , , , , ,Stevon,Alderete
Worcester Area Women in Development Community Service Award 2023,Submitted; Complete; Complete; Complete; Complete; Complete; Complete; Complete,Denied, , , , , , , , , , , , , , , , , , , , , , , , , , , ,University of Massachusetts at Amherst; University of Massachusetts at Amherst, , , ,Sahara,Vargas Villalba
Worcester Area Women in Development Community Service Award 2023,Submitted; Complete; Complete,Denied, , , , , , , , , , , , , , , , , , , , , , , , , , , , , , , ,Shawnia,Loftis
Worcester Area Women in Development Community Service Award 2023,Submitted; Complete; Complete,Denied, , , , , , , , , , , , , , , , , , , , , , , , , , , , , , , ,Tediana,Zeigler
Worcester Area Women in Development Community Service Award 2023,Submitted; Complete; Complete; Complete,Denied, , , , , , , , , , , , , , , , , , , , , , , , , , , , , , , ,Reagan,Dymek
Worcester Area Women in Development Community Service Award 2023,Submitted; Complete; Complete,Denied, , , , , , , , , , , , , , , , , , , , , , , , , , , , , , , ,Munisa,Cohen-Wilson
Worcester Area Women in Development Community Service Award 2023,Submitted; Complete; Complete,Denied, , , , , , , , , , , , , , , , , , , , , , , , , , , , , , , ,Azamat,Stice
Worcester Area Women in Development Community Service Award 2023,Submitted; Complete; Complete,Denied, , , , , , , , , , , , , , , , , , , , , , , , , , , , , , , ,"Jam,Aan",Barlow
Worcester Area Women in Development Community Service Award 2023,Submitted; Complete; Complete; Complete; Complete; Complete; Complete; Complete,Denied, , , , , , , , , , , , , , , , , , , , , , , , , , , ,Other; Other,Fashion Institute of Technology ; FIT, , ,Karan,Gandarilla
Worcester Area Women in Development Community Service Award 2023,Submitted; Complete; Complete,Denied, , , , , , , , , , , , , , , , , , , , , , , , , , , , , , , ,Alina,Baird
Worcester Area Women in Development Community Service Award 2023,Submitted; Complete; Complete,Denied, , , , , , , , , , , , , , , , , , , , , , , , , , , , , , , ,Shabeeba,Tarr
Worcester Area Women in Development Community Service Award 2023,Submitted; Complete; Complete; Complete; Complete; Complete; Complete; Complete,Denied, , , , , , , , , , , , , , , , , , , , , , , , , , , ,Endicott College; Endicott College, , , ,Michalyn,Nunn
Worcester Area Women in Development Community Service Award 2023,Submitted; Complete; Complete,Denied, , , , , , , , , , , , , , , , , , , , , , , , , , , , , , , ,Miqdaad,Torain
Worcester Area Women in Development Community Service Award 2023,Submitted; Complete; Complete; Complete,Denied, , , , , , , , , , , , , , , , , , , , , , , , , , , , , , , ,Fawzia,Wingo
Worcester Area Women in Development Community Service Award 2023,Submitted; Complete; Complete,Denied, , , , , , , , , , , , , , , , , , , , , , , , , , , , , , , ,Julien,Chavez Salvador
Worcester Area Women in Development Community Service Award 2023,Submitted; Complete; Complete,Denied, , , , , , , , , , , , , , , , , , , , , , , , , , , , , , , ,Westley,Rovik
Worcester Area Women in Development Community Service Award 2023,Submitted; Complete; Complete,Denied, , , , , , , , , , , , , , , , , , , , , , , , , , , , , , , ,Munisa,Montoya
Worcester Area Women in Development Community Service Award 2023,Submitted; Complete; Complete,Denied, , , , , , , , , , , , , , , , , , , , , , , , , , , , , , , ,Cheyenne,Nicholl
Worcester Area Women in Development Community Service Award 2023,Submitted; Complete; Complete,Denied, , , , , , , , , , , , , , , , , , , , , , , , , , , , , , , ,Jeffery,Sanni
Worcester Area Women in Development Community Service Award 2023,Submitted; Complete; Complete,Denied, , , , , , , , , , , , , , , , , , , , , , , , , , , , , , , ,Tien,Ehrlich
Worcester Area Women in Development Community Service Award 2023,Submitted; Complete; Complete,Denied, , , , , , , , , , , , , , , , , , , , , , , , , , , , , , , ,Russell,Peterson
Worcester Area Women in Development Community Service Award 2023,Submitted; Complete; Complete,Denied, , , , , , , , , , , , , , , , , , , , , , , , , , , , , , , ,Daizha,Claycomb
Worcester Area Women in Development Community Service Award 2023,Submitted; Complete; Complete; Complete,Denied, , , , , , , , , , , , , , , , , , , , , , , , , , , , , , , ,Abhaya,Browning
Worcester Latino Coalition Scholarship 2023,Submitted; Complete; Complete,Denied, , , , , , , , , , , , , , , , , , , , , , , , , , , , , , , ,Cynthia,Bundrant
Worcester Latino Coalition Scholarship 2023,Submitted; Complete; Complete,Denied, , , , , , , , , , , , , , , , , , , , , , , , , , , , , , , ,Trizton,Sath
Worcester Latino Coalition Scholarship 2023,Submitted; Complete; Complete; Complete; Complete; Complete; Complete; Complete; Complete,Denied, , , , , , , , , , , , , , , , , , , , , , , , , , , , , , , ,Jared,Gordon
Worcester Latino Coalition Scholarship 2023,Submitted; Complete; Complete; Complete,Denied, , , , , , , , , , , , , , , , , , , , , , , , , , , , , , , ,Abdul Haleem,al-Huda
Worcester Latino Coalition Scholarship 2023,Submitted; Complete; Complete; Complete; Complete; Complete; Complete,Denied, , , , , , , , , , , , , , , , , , , , , , , , , , , ,Worcester State University, , , ,Abhaya,el-Allee
Worcester Latino Coalition Scholarship 2023,Submitted; Complete; Complete; Complete; Complete; Complete; Complete; Complete; Complete,Denied, , , , , , , , , , , , , , , , , , , , , , , , , , , ,Worcester State University, , , ,Latasha,al-Guler
Worcester Latino Coalition Scholarship 2023,Submitted; Complete; Complete,Denied, , , , , , , , , , , , , , , , , , , , , , , , , , , , , , , ,Leisha,el-Salama
Worcester Latino Coalition Scholarship 2023,Submitted; Complete; Complete; Complete; Complete; Complete; Complete; Complete,Denied, , , , , , , , , , , , , , , , , , , , , , , , , , , ,Stonehill College; Stonehill College, , , ,Yadira,Daly
Worcester Latino Coalition Scholarship 2023,Submitted; Complete; Complete; Complete,Denied, , , , , , , , , , , , , , , , , , , , , , , , , , , , , , , ,Allicia,Mckee
Worcester Latino Coalition Scholarship 2023,Submitted; Complete; Complete,Denied, , , , , , , , , , , , , , , , , , , , , , , , , , , , , , , ,Saamyya,Peacock
Worcester Latino Coalition Scholarship 2023,Submitted; Complete; Complete,Denied, , , , , , , , , , , , , , , , , , , , , , , , , , , , , , , ,France,al-Safar
Worcester Latino Coalition Scholarship 2023,Submitted; Submitted; Complete,Denied, , , , , , , , , , , , , , , , , , , , , , , , , , , , , , , ,Abhaya,Ranney
Worcester Latino Coalition Scholarship 2023,Submitted; Complete; Complete; Complete,Denied, , , , , , , , , , , , , , , , , , , , , , , , , , , , , , , ,Victor,Ma
Worcester Latino Coalition Scholarship 2023,Submitted; Complete; Complete; Complete; Complete; Complete; Complete; Complete,Denied, , , , , , , , , , , , , , , , , , , , , , , , , , , , , , , ,Steve,el-Kader
Worcester Latino Coalition Scholarship 2023,Submitted; Complete; Complete; Complete; Complete; Complete; Complete; Complete,Denied, , , , , , , , , , , , , , , , , , , , , , , , , , , ,Assumption University; Assumption University, , , ,Losol,Senior
Worcester Latino Coalition Scholarship 2023,Submitted; Complete; Complete,Denied, , , , , , , , , , , , , , , , , , , , , , , , , , , , , , , ,Julie,Haroon
Worcester Latino Coalition Scholarship 2023,Submitted; Complete; Complete; Complete; Complete; Complete; Complete,Denied, , , , , , , , , , , , , , , , , , , , , , , , , , , , , , , ,Nahom,Koerner
Worcester Latino Coalition Scholarship 2023,Submitted; Complete; Complete; Complete,Denied, , , , , , , , , , , , , , , , , , , , , , , , , , , , , , , ,Andi,Stark
Worcester Latino Coalition Scholarship 2023,Submitted; Complete; Complete,Denied, , , , , , , , , , , , , , , , , , , , , , , , , , , , , , , ,Lauren,Lillie
Worcester Latino Coalition Scholarship 2023,Submitted; Complete; Complete,Denied, , , , , , , , , , , , , , , , , , , , , , , , , , , , , , , ,Jaelyn,Carlson
Worcester Latino Coalition Scholarship 2023,Submitted; Complete; Complete,Denied, , , , , , , , , , , , , , , , , , , , , , , , , , , , , , , ,Azamat,Stice
Worcester Latino Coalition Scholarship 2023,Submitted; Complete; Complete,Denied, , , , , , , , , , , , , , , , , , , , , , , , , , , , , , , ,Oniel,Force
Worcester Latino Coalition Scholarship 2023,Submitted; Complete; Complete,Denied, , , , , , , , , , , , , , , , , , , , , , , , , , , , , , , ,Malynda,Dykstra
Worcester Latino Coalition Scholarship 2023,Submitted; Complete; Complete; Complete; Complete; Complete; Complete; Complete,Follow Up(s) Assigned,1000, , , , , , , , , , , , , , , , , , , , , , , , , , , , , , ,Picabo,al-Aydin
Worcester Swedish Charitable Association Scholarship 2023,Submitted; Complete; Complete; Complete; Complete; Complete; Complete,Closed,1300, , , , , , , , , , , , , , , , , , , , , , , , , , , , , , ,Qaasim,Retana
Worcester Swedish Charitable Association Scholarship 2023,Submitted; Complete; Complete; Complete; Complete; Complete; Complete,Closed,1300, , , , , , , , , , , , , , , , , , , , , , , , , , , , , , ,Reagan,Dymek
Worcester Swedish Charitable Association Scholarship 2023,Submitted; Complete; Complete,Denied, , , , , , , , , , , , , , , , , , , , , , , , , , , , , , , ,Stephen,Wada
Worcester Swedish Charitable Association Scholarship 2023,Submitted; Complete; Complete,Denied, , , , , , , , , , , , , , , , , , , , , , , , , , , , , , , ,Mariela,Dzowo
Worcester Swedish Charitable Association Scholarship 2023,Submitted; Complete; Complete; Complete; Complete; Complete,Denied, , , , , , , , , , , , , , , , , , , , , , , , , , , , , , , ,Catarina,Diggles
Worcester Swedish Charitable Association Scholarship 2023,Submitted; Complete; Complete; Complete; Complete; Complete,Denied, , , , , , , , , , , , , , , , , , , , , , , , , , , , , , , ,Martinealyse,Brandon
Worcester Swedish Charitable Association Scholarship 2023,Submitted; Complete; Complete,Denied, , , , , , , , , , , , , , , , , , , , , , , , , , , , , , , ,Marion,Nedd
Worcester Swedish Charitable Association Scholarship 2023,Submitted; Complete; Complete; Complete,Denied, , , , , , , , , , , , , , , , , , , , , , , , , , , , , , , ,Fareeda,Becker
Worcester Swedish Charitable Association Scholarship 2023,Submitted; Complete; Complete,Denied, , , , , , , , , , , , , , , , , , , , , , , , , , , , , , , ,Munisa,Bron
Worcester Swedish Charitable Association Scholarship 2023,Submitted; Complete; Complete,Denied, , , , , , , , , , , , , , , , , , , , , , , , , , , , , , , ,Shelia,el-Salame
Worcester Swedish Charitable Association Scholarship 2023,Submitted; Complete; Complete,Denied, , , , , , , , , , , , , , , , , , , , , , , , , , , , , , , ,Muneefa,Pourier
Worcester Swedish Charitable Association Scholarship 2023,Submitted; Complete; Complete,Denied, , , , , , , , , , , , , , , , , , , , , , , , , , , , , , , ,Kabeer,al-Abdulla
Worcester Swedish Charitable Association Scholarship 2023,Submitted; Complete; Complete; Complete; Complete; Complete; Complete; Complete,Denied, , , , , , , , , , , , , , , , , , , , , , , , , , , ,Other; Wentworth Institute of Technology,Wentworth Institute of Technology, , ,Andres,French Thomason
Worcester Swedish Charitable Association Scholarship 2023,Submitted; Complete; Complete; Complete; Complete; Complete,Denied, , , , , , , , , , , , , , , , , , , , , , , , , , , ,Dean College; Dean College, , , ,Raheema,Snider
Worcester Swedish Charitable Association Scholarship 2023,Submitted; Complete; Complete; Complete; Complete; Complete,Denied, , , , , , , , , , , , , , , , , , , , , , , , , , , , , , , ,Dhaafir,el-Attar
Worcester Swedish Charitable Association Scholarship 2023,Submitted; Complete; Complete,Denied, , , , , , , , , , , , , , , , , , , , , , , , , , , , , , , ,Abdul Wadood,Santiago
Worcester Swedish Charitable Association Scholarship 2023,Submitted; Complete; Complete; Complete; Complete,Denied, , , , , , , , , , , , , , , , , , , , , , , , , , , , , , , ,Chase,Brenner
Worcester Swedish Charitable Association Scholarship 2023,Submitted; Complete; Complete; Complete,Denied, , , , , , , , , , , , , , , , , , , , , , , , , , , , , , , ,Brenna,Gosnell
Worcester Swedish Charitable Association Scholarship 2023,Submitted; Complete; Complete,Denied, , , , , , , , , , , , , , , , , , , , , , , , , , , , , , , ,Shabeeba,Arguello
Worcester Swedish Charitable Association Scholarship 2023,Submitted; Submitted; Complete,Denied, , , , , , , , , , , , , , , , , , , , , , , , , , , , , , , ,Alton,Gstalder
Worcester Swedish Charitable Association Scholarship 2023,Submitted; Complete; Complete; Complete; Complete; Complete,Denied, , , , , , , , , , , , , , , , , , , , , , , , , , , , , , , ,Taiseer,Casias
Worcester Swedish Charitable Association Scholarship 2023,Submitted; Complete; Complete,Denied, , , , , , , , , , , , , , , , , , , , , , , , , , , , , , , ,Brice,Stoops
Worcester Swedish Charitable Association Scholarship 2023,Submitted; Complete; Complete,Denied, , , , , , , , , , , , , , , , , , , , , , , , , , , , , , , ,Trina,Atkins
Worcester Swedish Charitable Association Scholarship 2023,Submitted; Complete; Complete; Complete; Complete; Complete; Complete; Complete,Denied, , , , , , , , , , , , , , , , , , , , , , , , , , , ,Gordon College; Gordon College, , , ,Jayelin,Rad
Worcester Swedish Charitable Association Scholarship 2023,Submitted; Complete; Complete,Denied, , , , , , , , , , , , , , , , , , , , , , , , , , , , , , , ,Musheera,al-Jamil
Worcester Swedish Charitable Association Scholarship 2023,Submitted; Complete; Complete; Complete,Denied, , , , , , , , , , , , , , , , , , , , , , , , , , , , , , , ,Allicia,Mckee
Worcester Swedish Charitable Association Scholarship 2023,Submitted; Complete; Complete; Complete; Complete; Complete,Denied, , , , , , , , , , , , , , , , , , , , , , , , , , , , , , , ,Musheera,Donez
Worcester Swedish Charitable Association Scholarship 2023,Submitted; Complete; Complete,Denied, , , , , , , , , , , , , , , , , , , , , , , , , , , , , , , ,Cheyane,Siddiqui
Worcester Swedish Charitable Association Scholarship 2023,Submitted; Complete; Complete,Denied, , , , , , , , , , , , , , , , , , , , , , , , , , , , , , , ,Qaasim,al-Gad
Worcester Swedish Charitable Association Scholarship 2023,Submitted; Complete; Complete,Denied, , , , , , , , , , , , , , , , , , , , , , , , , , , , , , , ,Abiy,Oliva
Worcester Swedish Charitable Association Scholarship 2023,Submitted; Complete; Complete,Denied, , , , , , , , , , , , , , , , , , , , , , , , , , , , , , , ,Garrett,Meighan
Worcester Swedish Charitable Association Scholarship 2023,Submitted; Complete; Complete,Denied, , , , , , , , , , , , , , , , , , , , , , , , , , , , , , , ,Kabowd,al-Nasrallah
Worcester Swedish Charitable Association Scholarship 2023,Submitted; Complete; Complete; Complete; Complete; Complete; Complete; Complete; Complete; Complete; Complete,Denied, , , , , , , , , , , , , , , , , , , , , , , , , , , ,University of Massachusetts at Amherst; University of Massachusetts at Amherst, , , ,Thomas,Olson
Worcester Swedish Charitable Association Scholarship 2023,Submitted; Complete; Complete; Complete; Complete; Complete; Complete; Complete,Denied, , , , , , , , , , , , , , , , , , , , , , , , , , , ,Hofstra University; Other,New England Law, , ,Emmanuel,Eyasu
Worcester Swedish Charitable Association Scholarship 2023,Submitted; Complete; Complete; Complete,Denied, , , , , , , , , , , , , , , , , , , , , , , , , , , , , , , ,Cheno,Yates
Worcester Swedish Charitable Association Scholarship 2023,Submitted; Complete; Complete,Denied, , , , , , , , , , , , , , , , , , , , , , , , , , , , , , , ,Priscila,el-Abdoo
Worcester Swedish Charitable Association Scholarship 2023,Submitted; Complete; Complete,Denied, , , , , , , , , , , , , , , , , , , , , , , , , , , , , , , ,Chance,al-Hana
Worcester Swedish Charitable Association Scholarship 2023,Submitted; Complete; Complete,Denied, , , , , , , , , , , , , , , , , , , , , , , , , , , , , , , ,Abdul Noor,al-Sharifi
Worcester Swedish Charitable Association Scholarship 2023,Submitted; Complete; Complete,Denied, , , , , , , , , , , , , , , , , , , , , , , , , , , , , , , ,Cole,Sawyer
Worcester Swedish Charitable Association Scholarship 2023,Submitted; Complete; Complete,Denied, , , , , , , , , , , , , , , , , , , , , , , , , , , , , , , ,Aimee,Slife
Worcester Swedish Charitable Association Scholarship 2023,Submitted; Complete; Complete,Denied, , , , , , , , , , , , , , , , , , , , , , , , , , , , , , , ,Kursh,Lovan
Worcester Swedish Charitable Association Scholarship 2023,Submitted; Complete; Complete,Denied, , , , , , , , , , , , , , , , , , , , , , , , , , , , , , , ,Picabo,Richardson
Worcester Swedish Charitable Association Scholarship 2023,Submitted; Complete; Complete,Denied, , , , , , , , , , , , , , , , , , , , , , , , , , , , , , , ,Mareeon,De La Rosa
Worcester Swedish Charitable Association Scholarship 2023,Submitted; Complete; Complete,Denied, , , , , , , , , , , , , , , , , , , , , , , , , , , , , , , ,Teale,Throm
Worcester Swedish Charitable Association Scholarship 2023,Submitted; Complete; Complete,Denied, , , , , , , , , , , , , , , , , , , , , , , , , , , , , , , ,Khongmong,Sargent
Worcester Swedish Charitable Association Scholarship 2023,Submitted; Complete; Complete,Denied, , , , , , , , , , , , , , , , , , , , , , , , , , , , , , , ,Vanya,Lopez-Carrizales
Worcester Swedish Charitable Association Scholarship 2023,Submitted; Complete; Complete,Denied, , , , , , , , , , , , , , , , , , , , , , , , , , , , , , , ,Soryn,Otgontulga
Worcester Swedish Charitable Association Scholarship 2023,Submitted; Complete; Complete; Complete; Complete; Complete,Denied, , , , , , , , , , , , , , , , , , , , , , , , , , , , , , , ,Darell,al-Baten
Worcester Swedish Charitable Association Scholarship 2023,Submitted; Complete; Complete; Complete; Complete; Complete; Complete; Complete,Denied, , , , , , , , , , , , , , , , , , , , , , , , , , , ,Springfield College; Springfield College, , , ,Maria Elena,Kytle
Worcester Swedish Charitable Association Scholarship 2023,Submitted; Complete; Complete,Denied, , , , , , , , , , , , , , , , , , , , , , , , , , , , , , , ,Kianna,Arguello
Worcester Swedish Charitable Association Scholarship 2023,Submitted; Complete; Complete,Denied, , , , , , , , , , , , , , , , , , , , , , , , , , , , , , , ,Rahma,el-Kaleel
Worcester Swedish Charitable Association Scholarship 2023,Submitted; Complete; Complete; Complete,Denied, , , , , , , , , , , , , , , , , , , , , , , , , , , , , , , ,Heather,Cruise
Worcester Swedish Charitable Association Scholarship 2023,Submitted; Complete; Complete,Denied, , , , , , , , , , , , , , , , , , , , , , , , , , , , , , , ,Luke,Flores-Rodriguez
Worcester Swedish Charitable Association Scholarship 2023,Submitted; Complete; Complete,Denied, , , , , , , , , , , , , , , , , , , , , , , , , , , , , , , ,Elisabeth,Glynn
Worcester Swedish Charitable Association Scholarship 2023,Submitted; Complete; Complete,Denied, , , , , , , , , , , , , , , , , , , , , , , , , , , , , , , ,Alexxis,Tahir
Worcester Swedish Charitable Association Scholarship 2023,Submitted; Complete; Complete,Denied, , , , , , , , , , , , , , , , , , , , , , , , , , , , , , , ,Cheyane,Hall
Worcester Swedish Charitable Association Scholarship 2023,Submitted; Complete; Complete; Complete; Complete; Complete,Denied, , , , , , , , , , , , , , , , , , , , , , , , , , , , , , , ,Adrianna,Hall
Worcester Swedish Charitable Association Scholarship 2023,Submitted; Complete; Complete,Denied, , , , , , , , , , , , , , , , , , , , , , , , , , , , , , , ,Daizha,Bonser
Worcester Swedish Charitable Association Scholarship 2023,Submitted; Complete; Complete,Denied, , , , , , , , , , , , , , , , , , , , , , , , , , , , , , , ,Russell,el-Sharifi
Worcester Swedish Charitable Association Scholarship 2023,Submitted; Complete; Complete,Denied, , , , , , , , , , , , , , , , , , , , , , , , , , , , , , , ,Sahel,Stryker
Worcester Swedish Charitable Association Scholarship 2023,Submitted; Complete; Complete,Denied, , , , , , , , , , , , , , , , , , , , , , , , , , , , , , , ,Burhaan,Stanley
Worcester Swedish Charitable Association Scholarship 2023,Submitted; Complete; Complete,Denied, , , , , , , , , , , , , , , , , , , , , , , , , , , , , , , ,Damione,Wauer
Worcester Swedish Charitable Association Scholarship 2023,Submitted; Complete; Complete,Denied, , , , , , , , , , , , , , , , , , , , , , , , , , , , , , , ,Subhi,Satterfield
Worcester Swedish Charitable Association Scholarship 2023,Submitted; Complete; Complete; Complete; Complete; Complete,Denied, , , , , , , , , , , , , , , , , , , , , , , , , , , , , , , ,Tediana,Zeigler
Worcester Swedish Charitable Association Scholarship 2023,Submitted; Complete; Complete,Denied, , , , , , , , , , , , , , , , , , , , , , , , , , , , , , , ,Shabeeba,Tarr
Worcester Swedish Charitable Association Scholarship 2023,Submitted; Complete; Complete,Denied, , , , , , , , , , , , , , , , , , , , , , , , , , , , , , , ,Abdul Noor,Stryker
Worcester Swedish Charitable Association Scholarship 2023,Submitted; Complete; Complete,Denied, , , , , , , , , , , , , , , , , , , , , , , , , , , , , , , ,Shayla,al-Sylla
Worcester Swedish Charitable Association Scholarship 2023,Submitted; Complete; Complete,Denied, , , , , , , , , , , , , , , , , , , , , , , , , , , , , , , ,Rahma,Khan
Worcester Swedish Charitable Association Scholarship 2023,Submitted; Complete; Complete,Denied, , , , , , , , , , , , , , , , , , , , , , , , , , , , , , , ,Russell,Peterson
Worcester Woman's Club Scholarship 2023,Submitted; Complete; Complete; Complete; Complete; Complete; Complete; Complete,Closed,1000, , , , , , , , , , , , , , , , , , , , , , , , , , ,University of Pennsylvania; University of Pennsylvania, , , ,Angela,al-Hariri
Worcester Woman's Club Scholarship 2023,Submitted; Complete; Complete; Complete,Denied, , , , , , , , , , , , , , , , , , , , , , , , , , , , , , , ,Muneefa,Ives
Worcester Woman's Club Scholarship 2023,Submitted; Complete; Complete,Denied, , , , , , , , , , , , , , , , , , , , , , , , , , , , , , , ,Shayla,Stepter
Worcester Woman's Club Scholarship 2023,Submitted; Complete; Complete; Complete; Complete; Assigned,Denied, , , , , , , , , , , , , , , , , , , , , , , , , , , ,Assumption University, , , ,Aliyya,Linear
Worcester Woman's Club Scholarship 2023,Submitted; Complete; Complete; Complete,Denied, , , , , , , , , , , , , , , , , , , , , , , , , , , , , , , ,Kortnee,al-Hariri
Worcester Woman's Club Scholarship 2023,Submitted; Complete; Complete; Complete,Denied, , , , , , , , , , , , , , , , , , , , , , , , , , , , , , , ,Miranda,Atolani
Worcester Woman's Club Scholarship 2023,Submitted; Complete; Complete; Complete; Complete,Denied, , , , , , , , , , , , , , , , , , , , , , , , , , , , , , , ,Jared,Gordon
Worcester Woman's Club Scholarship 2023,Submitted; Complete; Complete; Complete,Denied, , , , , , , , , , , , , , , , , , , , , , , , , , , , , , , ,Abdul Haleem,al-Huda
Worcester Woman's Club Scholarship 2023,Submitted; Complete; Complete; Complete,Denied, , , , , , , , , , , , , , , , , , , , , , , , , , , , , , , ,Shivani,Bliss
Worcester Woman's Club Scholarship 2023,Submitted; Complete; Complete; Complete; Complete,Denied, , , , , , , , , , , , , , , , , , , , , , , , , , , ,Worcester State University, , , ,Latasha,al-Guler
Worcester Woman's Club Scholarship 2023,Submitted; Complete; Complete; Complete,Denied, , , , , , , , , , , , , , , , , , , , , , , , , , , , , , , ,Wyleen,Macasinag
Worcester Woman's Club Scholarship 2023,Submitted; Complete; Complete; Complete; Complete; Complete; Complete; Complete,Denied, , , , , , , , , , , , , , , , , , , , , , , , , , , ,Massachusetts College of Art and Design; Massachusetts College of Art and Design, , , ,Dayshawn,Griffie
Worcester Woman's Club Scholarship 2023,Submitted; Complete; Complete; Complete,Denied, , , , , , , , , , , , , , , , , , , , , , , , , , , , , , , ,Leilani,Swimmer
Worcester Woman's Club Scholarship 2023,Submitted; Complete; Complete; Complete; Complete; Complete; Complete; Complete,Denied, , , , , , , , , , , , , , , , , , , , , , , , , , , ,Gordon College; Gordon College, , , ,Jayelin,Rad
Worcester Woman's Club Scholarship 2023,Submitted; Complete; Complete; Complete; Complete; Complete; Complete; Complete,Denied, , , , , , , , , , , , , , , , , , , , , , , , , , , ,Providence College; Providence College, , , ,Matias,Herrington
Worcester Woman's Club Scholarship 2023,Submitted; Complete; Complete; Complete,Denied, , , , , , , , , , , , , , , , , , , , , , , , , , , , , , , ,Faai Z,Nye
Worcester Woman's Club Scholarship 2023,Submitted; Complete; Complete; Complete,Denied, , , , , , , , , , , , , , , , , , , , , , , , , , , , , , , ,Brendon,Channel
Worcester Woman's Club Scholarship 2023,Submitted; Complete; Complete; Complete; Complete; Complete; Complete; Complete,Denied, , , , , , , , , , , , , , , , , , , , , , , , , , , ,Worcester Polytechnic Institute; Worcester Polytechnic Institute, , , ,Jathan,Kaiser
Worcester Woman's Club Scholarship 2023,Submitted; Complete; Complete; Complete,Denied, , , , , , , , , , , , , , , , , , , , , , , , , , , , , , , ,Kalleb,Balogh
Worcester Woman's Club Scholarship 2023,Submitted; Complete; Complete,Denied, , , , , , , , , , , , , , , , , , , , , , , , , , , , , , , ,Mahbooba,al-Shaikh
Worcester Woman's Club Scholarship 2023,Submitted; Complete; Complete; Complete; Complete; Complete; Complete; Complete,Denied, , , , , , , , , , , , , , , , , , , , , , , , , , , ,Boston University; Boston University, , , ,Xavia,Mccarty
Worcester Woman's Club Scholarship 2023,Submitted; Complete; Complete,Denied, , , , , , , , , , , , , , , , , , , , , , , , , , , , , , , ,Kristal,al-Ismael
Worcester Woman's Club Scholarship 2023,Submitted; Complete; Complete,Denied, , , , , , , , , , , , , , , , , , , , , , , , , , , , , , , ,Suhaa,Hillsmon
Worcester Woman's Club Scholarship 2023,Submitted; Complete; Complete; Complete; Complete; Complete; Complete; Complete,Denied, , , , , , , , , , , , , , , , , , , , , , , , , , , ,Bentley University; Bentley University, , , ,Konda,al-Hariri
Worcester Woman's Club Scholarship 2023,Submitted; Complete; Complete; Complete,Denied, , , , , , , , , , , , , , , , , , , , , , , , , , , , , , , ,Howard,Dickey
Worcester Woman's Club Scholarship 2023,Submitted; Complete; Complete; Complete,Denied, , , , , , , , , , , , , , , , , , , , , , , , , , , , , , , ,Akeem,Rodrukkwun
Worcester Woman's Club Scholarship 2023,Submitted; Complete; Complete; Complete; Complete; Complete; Complete; Complete,Denied, , , , , , , , , , , , , , , , , , , , , , , , , , , ,Other; Other,Columbia University ; Columbia University in the City of N.Y.C., , ,Dezmond,Michell
Worcester Woman's Club Scholarship 2023,Submitted; Complete; Complete; Complete,Denied, , , , , , , , , , , , , , , , , , , , , , , , , , , , , , , ,Jyotshal,al-Selim
Worcester Woman's Club Scholarship 2023,Submitted; Complete; Complete,Denied, , , , , , , , , , , , , , , , , , , , , , , , , , , , , , , ,Shirley,al-Hariri
Worcester Woman's Club Scholarship 2023,Submitted; Complete; Complete; Complete; Complete; Complete; Complete; Complete,Denied, , , , , , , , , , , , , , , , , , , , , , , , , , , ,Georgia State University; Georgia State University, , , ,Cesar,al-Ismael
Worcester Woman's Club Scholarship 2023,Submitted; Complete; Complete; Complete,Denied, , , , , , , , , , , , , , , , , , , , , , , , , , , , , , , ,Fernanda,Leamons
Worcester Woman's Club Scholarship 2023,Submitted; Complete; Complete; Complete; Complete; Complete; Complete; Complete,Denied, , , , , , , , , , , , , , , , , , , , , , , , , , , ,Other; Other,Fashion Institute of Technology ; FIT, , ,Karan,Gandarilla
Worcester Woman's Club Scholarship 2023,Submitted; Complete; Complete,Denied, , , , , , , , , , , , , , , , , , , , , , , , , , , , , , , ,Roderick,Chavira-Delgado
Worcester Woman's Club Scholarship 2023,Submitted; Complete; Complete; Complete; Complete; Complete,Follow Up(s) Assigned,2000, , , , , , , , , , , , , , , , , , , , , , , , , , ,Worcester State University; Worcester State University, , , ,Muhjar,Hart
